{"image": "07d88628-1ab0-11ef-86b1-bd5cfcf36af4.jpg", "bboxes": [0.22368794326241137, 0.14846335697399526, 0.572387706855792, 0.5503546099290779], "class": 2}