{"image": "07d88628-1ab0-11ef-86b1-bd5cfcf36af4.jpg", "bboxes": [0.31035460992907804, 0.17068557919621752, 0.6590543735224587, 0.5725768321513002], "class": 2}