{"image": "07d88628-1ab0-11ef-86b1-bd5cfcf36af4.jpg", "bboxes": [0.39257683215130024, 0.4674231678486998, 0.7412765957446809, 0.8693144208037825], "class": 2}