{"image": "07d88628-1ab0-11ef-86b1-bd5cfcf36af4.jpg", "bboxes": [0.43427895981087467, 0.42964539007092206, 0.7829787234042553, 0.8315366430260047], "class": 2}