{"image": "07d88628-1ab0-11ef-86b1-bd5cfcf36af4.jpg", "bboxes": [0.5453900709219858, 0.19068557919621754, 0.8940898345153664, 0.5925768321513002], "class": 2}