{"image": "07d88628-1ab0-11ef-86b1-bd5cfcf36af4.jpg", "bboxes": [0.4631678486997636, 0.18624113475177306, 0.8118676122931442, 0.5881323877068557], "class": 2}