{"image": "07d88628-1ab0-11ef-86b1-bd5cfcf36af4.jpg", "bboxes": [0.4453900709219858, 0.4340898345153665, 0.7940898345153664, 0.8359810874704491], "class": 2}