{"image": "07d88628-1ab0-11ef-86b1-bd5cfcf36af4.jpg", "bboxes": [0.25479905437352246, 0.4585342789598109, 0.6034988179669031, 0.8604255319148936], "class": 2}