{"image": "07d88628-1ab0-11ef-86b1-bd5cfcf36af4.jpg", "bboxes": [0.5787234042553191, 0.1573522458628842, 0.9274231678486997, 0.5592434988179669], "class": 2}