{"image": "07d88628-1ab0-11ef-86b1-bd5cfcf36af4.jpg", "bboxes": [0.3014657210401891, 0.4674231678486998, 0.6501654846335699, 0.8693144208037825], "class": 2}