{"image": "07d88628-1ab0-11ef-86b1-bd5cfcf36af4.jpg", "bboxes": [0.23479905437352244, 0.16401891252955092, 0.5834988179669031, 0.5659101654846335], "class": 2}