{"image": "07d88628-1ab0-11ef-86b1-bd5cfcf36af4.jpg", "bboxes": [0.11035460992907797, 0.16846335697399528, 0.4590543735224586, 0.5703546099290779], "class": 2}