{"image": "07d88628-1ab0-11ef-86b1-bd5cfcf36af4.jpg", "bboxes": [0.34094562647754134, 0.16401891252955092, 0.689645390070922, 0.5659101654846335], "class": 2}