{"image": "07d88628-1ab0-11ef-86b1-bd5cfcf36af4.jpg", "bboxes": [0.3587234042553191, 0.4629787234042554, 0.7074231678486997, 0.864869976359338], "class": 2}