{"image": "07d88628-1ab0-11ef-86b1-bd5cfcf36af4.jpg", "bboxes": [0.26146572104018917, 0.4074231678486998, 0.6101654846335698, 0.8093144208037825], "class": 2}