{"image": "07d88628-1ab0-11ef-86b1-bd5cfcf36af4.jpg", "bboxes": [0.09479905437352243, 0.18401891252955083, 0.44349881796690305, 0.5859101654846335], "class": 2}