{"image": "07d88628-1ab0-11ef-86b1-bd5cfcf36af4.jpg", "bboxes": [0.5520567375886525, 0.4674231678486998, 0.9007565011820331, 0.8693144208037825], "class": 2}