{"image": "07d88628-1ab0-11ef-86b1-bd5cfcf36af4.jpg", "bboxes": [0.4014657210401892, 0.4074231678486998, 0.7501654846335697, 0.8093144208037825], "class": 2}