{"image": "07d88628-1ab0-11ef-86b1-bd5cfcf36af4.jpg", "bboxes": [0.22761229314420803, 0.15513002364066197, 0.5763120567375887, 0.5570212765957446], "class": 2}