{"image": "07d88628-1ab0-11ef-86b1-bd5cfcf36af4.jpg", "bboxes": [0.1814657210401891, 0.46964539007092204, 0.5301654846335697, 0.8715366430260046], "class": 2}