{"image": "07d88628-1ab0-11ef-86b1-bd5cfcf36af4.jpg", "bboxes": [0.5520567375886525, 0.45186761229314426, 0.9007565011820331, 0.8537588652482269], "class": 2}