{"image": "07d88628-1ab0-11ef-86b1-bd5cfcf36af4.jpg", "bboxes": [0.27257683215130024, 0.43186761229314424, 0.6212765957446809, 0.833758865248227], "class": 2}