{"image": "07d88628-1ab0-11ef-86b1-bd5cfcf36af4.jpg", "bboxes": [0.41257683215130025, 0.41853427895981093, 0.7612765957446809, 0.8204255319148935], "class": 2}