{"image": "07d88628-1ab0-11ef-86b1-bd5cfcf36af4.jpg", "bboxes": [0.10146572104018914, 0.41408983451536646, 0.45016548463356976, 0.8159810874704492], "class": 2}