{"image": "07d88628-1ab0-11ef-86b1-bd5cfcf36af4.jpg", "bboxes": [0.34146572104018913, 0.15513002364066197, 0.6901654846335697, 0.5570212765957446], "class": 2}