{"image": "07d88628-1ab0-11ef-86b1-bd5cfcf36af4.jpg", "bboxes": [0.26983451536643027, 0.13290780141843972, 0.6185342789598108, 0.5347990543735224], "class": 2}