{"image": "07d88628-1ab0-11ef-86b1-bd5cfcf36af4.jpg", "bboxes": [0.3259101654846336, 0.17735224586288423, 0.6746099290780142, 0.5792434988179669], "class": 2}