{"image": "07d88628-1ab0-11ef-86b1-bd5cfcf36af4.jpg", "bboxes": [0.6209456264775414, 0.1573522458628842, 0.969645390070922, 0.5592434988179669], "class": 2}