{"image": "07d88628-1ab0-11ef-86b1-bd5cfcf36af4.jpg", "bboxes": [0.3659101654846336, 0.18624113475177306, 0.7146099290780141, 0.5881323877068557], "class": 2}