{"image": "07d88628-1ab0-11ef-86b1-bd5cfcf36af4.jpg", "bboxes": [0.5209456264775414, 0.4629787234042554, 0.869645390070922, 0.864869976359338], "class": 2}