{"image": "07d88628-1ab0-11ef-86b1-bd5cfcf36af4.jpg", "bboxes": [0.28094562647754134, 0.12624113475177312, 0.629645390070922, 0.5281323877068558], "class": 2}