{"image": "07d88628-1ab0-11ef-86b1-bd5cfcf36af4.jpg", "bboxes": [0.23872340425531913, 0.16179669030732868, 0.5874231678486997, 0.5636879432624113], "class": 2}