{"image": "07d88628-1ab0-11ef-86b1-bd5cfcf36af4.jpg", "bboxes": [0.2653900709219858, 0.4563120567375887, 0.6140898345153665, 0.8582033096926713], "class": 2}