{"image": "07d88628-1ab0-11ef-86b1-bd5cfcf36af4.jpg", "bboxes": [0.5142789598108747, 0.4252009456264776, 0.8629787234042553, 0.8270921985815602], "class": 2}