{"image": "07d88628-1ab0-11ef-86b1-bd5cfcf36af4.jpg", "bboxes": [0.5031678486997636, 0.42964539007092206, 0.8518676122931442, 0.8315366430260047], "class": 2}