{"image": "07d88628-1ab0-11ef-86b1-bd5cfcf36af4.jpg", "bboxes": [0.507612293144208, 0.45186761229314426, 0.8563120567375886, 0.8537588652482269], "class": 2}