{"image": "07d88628-1ab0-11ef-86b1-bd5cfcf36af4.jpg", "bboxes": [0.6342789598108747, 0.17068557919621752, 0.9829787234042553, 0.5725768321513002], "class": 2}