{"image": "07d88628-1ab0-11ef-86b1-bd5cfcf36af4.jpg", "bboxes": [0.12146572104018916, 0.17957446808510646, 0.4701654846335698, 0.581465721040189], "class": 2}