{"image": "07d88628-1ab0-11ef-86b1-bd5cfcf36af4.jpg", "bboxes": [0.5765011820330969, 0.4163120567375887, 0.9252009456264775, 0.8182033096926714], "class": 2}