{"image": "07d88628-1ab0-11ef-86b1-bd5cfcf36af4.jpg", "bboxes": [0.36983451536643025, 0.16846335697399528, 0.7185342789598108, 0.5703546099290779], "class": 2}