{"image": "07d88628-1ab0-11ef-86b1-bd5cfcf36af4.jpg", "bboxes": [0.427612293144208, 0.12624113475177312, 0.7763120567375886, 0.5281323877068558], "class": 2}