{"image": "07d88628-1ab0-11ef-86b1-bd5cfcf36af4.jpg", "bboxes": [0.287612293144208, 0.40520094562647757, 0.6363120567375886, 0.8070921985815602], "class": 2}