{"image": "07d88628-1ab0-11ef-86b1-bd5cfcf36af4.jpg", "bboxes": [0.09257683215130019, 0.4674231678486998, 0.4412765957446808, 0.8693144208037825], "class": 2}