{"image": "07d88628-1ab0-11ef-86b1-bd5cfcf36af4.jpg", "bboxes": [0.44983451536643027, 0.4629787234042554, 0.7985342789598109, 0.864869976359338], "class": 2}