{"image": "07d88628-1ab0-11ef-86b1-bd5cfcf36af4.jpg", "bboxes": [0.5520567375886525, 0.1506855791962175, 0.9007565011820331, 0.5525768321513002], "class": 2}