{"image": "07d88628-1ab0-11ef-86b1-bd5cfcf36af4.jpg", "bboxes": [0.13257683215130023, 0.4585342789598109, 0.48127659574468085, 0.8604255319148936], "class": 2}