{"image": "07d88628-1ab0-11ef-86b1-bd5cfcf36af4.jpg", "bboxes": [0.30983451536643025, 0.46075650118203315, 0.6585342789598109, 0.8626477541371158], "class": 2}