{"image": "07d88628-1ab0-11ef-86b1-bd5cfcf36af4.jpg", "bboxes": [0.20368794326241135, 0.17290780141843975, 0.552387706855792, 0.5747990543735225], "class": 2}