{"image": "07d88628-1ab0-11ef-86b1-bd5cfcf36af4.jpg", "bboxes": [0.4147990543735225, 0.43853427895981095, 0.7634988179669031, 0.8404255319148936], "class": 2}