{"image": "07d88628-1ab0-11ef-86b1-bd5cfcf36af4.jpg", "bboxes": [0.6142789598108747, 0.15957446808510645, 0.9629787234042553, 0.561465721040189], "class": 2}