{"image": "07d88628-1ab0-11ef-86b1-bd5cfcf36af4.jpg", "bboxes": [0.3253900709219858, 0.13513002364066196, 0.6740898345153664, 0.5370212765957446], "class": 2}