{"image": "07d88628-1ab0-11ef-86b1-bd5cfcf36af4.jpg", "bboxes": [0.12591016548463363, 0.4274231678486998, 0.47460992907801425, 0.8293144208037825], "class": 2}