{"image": "07d88628-1ab0-11ef-86b1-bd5cfcf36af4.jpg", "bboxes": [0.31872340425531914, 0.42075650118203317, 0.6674231678486997, 0.8226477541371158], "class": 2}