{"image": "07d88628-1ab0-11ef-86b1-bd5cfcf36af4.jpg", "bboxes": [0.527612293144208, 0.4452009456264776, 0.8763120567375886, 0.8470921985815603], "class": 2}