{"image": "07d88628-1ab0-11ef-86b1-bd5cfcf36af4.jpg", "bboxes": [0.6209456264775414, 0.44742316784869984, 0.969645390070922, 0.8493144208037825], "class": 2}