{"image": "07d88628-1ab0-11ef-86b1-bd5cfcf36af4.jpg", "bboxes": [0.29702127659574473, 0.45186761229314426, 0.6457210401891254, 0.8537588652482269], "class": 2}