{"image": "07d88628-1ab0-11ef-86b1-bd5cfcf36af4.jpg", "bboxes": [0.14146572104018917, 0.4718676122931443, 0.4901654846335698, 0.8737588652482269], "class": 2}