{"image": "086ea7c2-0853-11ef-9d21-64d2c4ecd148.jpg", "bboxes": [0.9284175084175084, 0.0, 0.9977777777777778, 0.4218181818181818], "class": 1}