{"image": "086ea7c2-0853-11ef-9d21-64d2c4ecd148.jpg", "bboxes": [0.1706397306397306, 0.07818181818181824, 0.8373063973063971, 1.0], "class": 1}