{"image": "086ea7c2-0853-11ef-9d21-64d2c4ecd148.jpg", "bboxes": [0.0022222222222222365, 0.5248484848484849, 0.2906397306397305, 0.9977777777777778], "class": 1}