{"image": "086ea7c2-0853-11ef-9d21-64d2c4ecd148.jpg", "bboxes": [0.2115824915824918, 0.17818181818181822, 0.8782491582491583, 0.9977777777777778], "class": 1}