{"image": "086ea7c2-0853-11ef-9d21-64d2c4ecd148.jpg", "bboxes": [0.12175084175084172, 0.0, 0.7884175084175082, 0.4107070707070707], "class": 1}