{"image": "086ea7c2-0853-11ef-9d21-64d2c4ecd148.jpg", "bboxes": [0.593804713804714, 0.0, 1.0, 0.8573737373737373], "class": 1}