{"image": "086ea7c2-0853-11ef-9d21-64d2c4ecd148.jpg", "bboxes": [0.0, 0.3292929292929293, 0.5915824915824917, 0.9977777777777778], "class": 1}