{"image": "086ea7c2-0853-11ef-9d21-64d2c4ecd148.jpg", "bboxes": [0.23158249158249178, 0.0, 0.8982491582491583, 0.5040404040404041], "class": 1}