{"image": "086ea7c2-0853-11ef-9d21-64d2c4ecd148.jpg", "bboxes": [0.38841750841750833, 0.0, 0.9977777777777778, 0.4951515151515151], "class": 1}