{"image": "086ea7c2-0853-11ef-9d21-64d2c4ecd148.jpg", "bboxes": [0.9395286195286194, 0.0, 1.0, 0.45959595959595956], "class": 1}