{"image": "086ea7c2-0853-11ef-9d21-64d2c4ecd148.jpg", "bboxes": [0.5049158249158251, 0.0, 1.0, 0.7084848484848485], "class": 1}