{"image": "086ea7c2-0853-11ef-9d21-64d2c4ecd148.jpg", "bboxes": [0.0, 0.23818181818181816, 0.39063973063973045, 1.0], "class": 1}