{"image": "086ea7c2-0853-11ef-9d21-64d2c4ecd148.jpg", "bboxes": [0.12491582491582512, 0.0, 0.7915824915824916, 0.40848484848484845], "class": 1}