{"image": "086ea7c2-0853-11ef-9d21-64d2c4ecd148.jpg", "bboxes": [0.7049158249158252, 0.02262626262626266, 0.9977777777777778, 0.9788552188552188], "class": 1}