{"image": "086ea7c2-0853-11ef-9d21-64d2c4ecd148.jpg", "bboxes": [0.40175084175084164, 0.3226262626262626, 0.9977777777777778, 0.9977777777777778], "class": 1}