{"image": "086ea7c2-0853-11ef-9d21-64d2c4ecd148.jpg", "bboxes": [0.42175084175084165, 0.0, 1.0, 0.5195959595959596], "class": 1}