{"image": "086ea7c2-0853-11ef-9d21-64d2c4ecd148.jpg", "bboxes": [0.0017508417508417251, 0.0, 0.6684175084175081, 0.6195959595959596], "class": 1}