{"image": "086ea7c2-0853-11ef-9d21-64d2c4ecd148.jpg", "bboxes": [0.0022222222222222365, 0.08040404040404037, 0.42175084175084154, 0.9977777777777778], "class": 1}