{"image": "086ea7c2-0853-11ef-9d21-64d2c4ecd148.jpg", "bboxes": [0.14936026936026955, 0.0, 0.8160269360269361, 0.5084848484848484], "class": 1}