{"image": "086ea7c2-0853-11ef-9d21-64d2c4ecd148.jpg", "bboxes": [0.029360269360269562, 0.0, 0.6960269360269361, 0.9084848484848485], "class": 1}