{"image": "086ea7c2-0853-11ef-9d21-64d2c4ecd148.jpg", "bboxes": [0.6360269360269363, 0.007811447811447884, 1.0, 0.964040404040404], "class": 1}