{"image": "086ea7c2-0853-11ef-9d21-64d2c4ecd148.jpg", "bboxes": [0.03158249158249179, 0.0, 0.6982491582491583, 0.42848484848484847], "class": 1}