{"image": "086ea7c2-0853-11ef-9d21-64d2c4ecd148.jpg", "bboxes": [0.0, 0.195959595959596, 0.24269360269360277, 1.0], "class": 1}