{"image": "086ea7c2-0853-11ef-9d21-64d2c4ecd148.jpg", "bboxes": [0.15824915824915844, 0.4937373737373737, 0.824915824915825, 1.0], "class": 1}