{"image": "086ea7c2-0853-11ef-9d21-64d2c4ecd148.jpg", "bboxes": [0.02397306397306387, 0.0, 0.6906397306397305, 0.9418181818181818], "class": 1}