{"image": "086ea7c2-0853-11ef-9d21-64d2c4ecd148.jpg", "bboxes": [0.8617508417508417, 0.5048484848484849, 0.9977777777777778, 0.9977777777777778], "class": 1}