{"image": "086ea7c2-0853-11ef-9d21-64d2c4ecd148.jpg", "bboxes": [0.08713804713804735, 0.5315151515151515, 0.7538047138047139, 1.0], "class": 1}