{"image": "086ea7c2-0853-11ef-9d21-64d2c4ecd148.jpg", "bboxes": [0.7439730639730638, 0.13595959595959595, 0.9977777777777778, 0.9977777777777778], "class": 1}