{"image": "086ea7c2-0853-11ef-9d21-64d2c4ecd148.jpg", "bboxes": [0.43952861952861944, 0.21595959595959602, 1.0, 1.0], "class": 1}