{"image": "086ea7c2-0853-11ef-9d21-64d2c4ecd148.jpg", "bboxes": [0.17952861952861943, 0.27595959595959596, 0.846195286195286, 1.0], "class": 1}