{"image": "086ea7c2-0853-11ef-9d21-64d2c4ecd148.jpg", "bboxes": [0.0, 0.044848484848484915, 0.020471380471380547, 1.0], "class": 1}