{"image": "086ea7c2-0853-11ef-9d21-64d2c4ecd148.jpg", "bboxes": [0.5293602693602696, 0.04707070707070704, 0.9977777777777778, 0.9977777777777778], "class": 1}