{"image": "086ea7c2-0853-11ef-9d21-64d2c4ecd148.jpg", "bboxes": [0.0, 0.5804040404040404, 0.4071380471380472, 0.9977777777777778], "class": 1}