{"image": "086ea7c2-0853-11ef-9d21-64d2c4ecd148.jpg", "bboxes": [0.7004713804713807, 0.0, 0.9977777777777778, 0.7173737373737373], "class": 1}