{"image": "086ea7c2-0853-11ef-9d21-64d2c4ecd148.jpg", "bboxes": [0.7795286195286194, 0.0, 0.9977777777777778, 0.8484848484848485], "class": 1}