{"image": "086ea7c2-0853-11ef-9d21-64d2c4ecd148.jpg", "bboxes": [0.273804713804714, 0.0, 0.9404713804713806, 0.4507070707070707], "class": 1}