{"image": "086ea7c2-0853-11ef-9d21-64d2c4ecd148.jpg", "bboxes": [0.0022222222222222365, 0.0, 0.3128619528619526, 0.5684848484848485], "class": 1}