{"image": "086ea7c2-0853-11ef-9d21-64d2c4ecd148.jpg", "bboxes": [0.8182491582491584, 0.0, 1.0, 0.4618181818181818], "class": 1}