{"image": "086ea7c2-0853-11ef-9d21-64d2c4ecd148.jpg", "bboxes": [0.11063973063973054, 0.0, 0.7773063973063973, 0.8107070707070707], "class": 1}