{"image": "086ea7c2-0853-11ef-9d21-64d2c4ecd148.jpg", "bboxes": [0.7773063973063972, 0.0, 1.0, 0.724040404040404], "class": 1}