{"image": "086ea7c2-0853-11ef-9d21-64d2c4ecd148.jpg", "bboxes": [0.16936026936026957, 0.195959595959596, 0.8360269360269361, 1.0], "class": 1}