{"image": "086ea7c2-0853-11ef-9d21-64d2c4ecd148.jpg", "bboxes": [0.8506397306397305, 0.0, 1.0, 0.41515151515151516], "class": 1}