{"image": "086ea7c2-0853-11ef-9d21-64d2c4ecd148.jpg", "bboxes": [0.0, 0.14929292929292926, 0.2960269360269361, 1.0], "class": 1}