{"image": "086ea7c2-0853-11ef-9d21-64d2c4ecd148.jpg", "bboxes": [0.6893602693602696, 0.2515151515151516, 1.0, 1.0], "class": 1}