{"image": "086ea7c2-0853-11ef-9d21-64d2c4ecd148.jpg", "bboxes": [0.0, 0.5870707070707071, 0.36047138047138055, 0.9977777777777778], "class": 1}