{"image": "086ea7c2-0853-11ef-9d21-64d2c4ecd148.jpg", "bboxes": [0.0, 0.0, 0.18047138047138056, 0.6084848484848485], "class": 1}