{"image": "086ea7c2-0853-11ef-9d21-64d2c4ecd148.jpg", "bboxes": [0.45824915824915846, 0.0, 0.9977777777777778, 0.572929292929293], "class": 1}