{"image": "086ea7c2-0853-11ef-9d21-64d2c4ecd148.jpg", "bboxes": [0.0, 0.3537373737373738, 0.6417508417508415, 1.0], "class": 1}