{"image": "086ea7c2-0853-11ef-9d21-64d2c4ecd148.jpg", "bboxes": [0.030639730639730578, 0.075959595959596, 0.6973063973063971, 0.9977777777777778], "class": 1}