{"image": "08cc4b71-1ab0-11ef-800e-bd5cfcf36af4.jpg", "bboxes": [0.707659574468085, 0.07054373522458635, 0.9977777777777778, 0.35895981087470435], "class": 2}