{"image": "08cc4b71-1ab0-11ef-800e-bd5cfcf36af4.jpg", "bboxes": [0.0, 0.6788179669030734, 0.263451536643026, 0.9672340425531915], "class": 2}