{"image": "08cc4b71-1ab0-11ef-800e-bd5cfcf36af4.jpg", "bboxes": [0.6121040189125295, 0.046099290780141855, 1.0, 0.33451536643026003], "class": 2}