{"image": "08cc4b71-1ab0-11ef-800e-bd5cfcf36af4.jpg", "bboxes": [0.7721040189125296, 0.039432624113475145, 1.0, 0.3278486997635933], "class": 2}