{"image": "08cc4b71-1ab0-11ef-800e-bd5cfcf36af4.jpg", "bboxes": [0.0022222222222222365, 0.04832151300236409, 0.30345153664302604, 0.33673758865248227], "class": 2}