{"image": "08cc4b71-1ab0-11ef-800e-bd5cfcf36af4.jpg", "bboxes": [0.02496453900709239, 0.07054373522458635, 0.4256737588652483, 0.35895981087470435], "class": 2}