{"image": "08cc4b71-1ab0-11ef-800e-bd5cfcf36af4.jpg", "bboxes": [0.8432151300236406, 0.021654846335697364, 0.9977777777777778, 0.31007092198581554], "class": 2}