{"image": "08cc4b71-1ab0-11ef-800e-bd5cfcf36af4.jpg", "bboxes": [0.0, 0.07498817966903071, 0.2612293144208039, 0.3634042553191489], "class": 2}