{"image": "08cc4b71-1ab0-11ef-800e-bd5cfcf36af4.jpg", "bboxes": [0.09385342789598128, 0.6543735224586289, 0.49456264775413716, 0.9427895981087471], "class": 2}