{"image": "08cc4b71-1ab0-11ef-800e-bd5cfcf36af4.jpg", "bboxes": [0.0022222222222222365, 0.6410401891252956, 0.23234042553191492, 0.9294562647754137], "class": 2}