{"image": "08cc4b71-1ab0-11ef-800e-bd5cfcf36af4.jpg", "bboxes": [0.8876595744680851, 0.05054373522458633, 1.0, 0.3389598108747044], "class": 2}