{"image": "08cc4b71-1ab0-11ef-800e-bd5cfcf36af4.jpg", "bboxes": [0.0, 0.68548463356974, 0.2190070921985816, 0.9739007092198582], "class": 2}