{"image": "08cc4b71-1ab0-11ef-800e-bd5cfcf36af4.jpg", "bboxes": [0.0, 0.6765957446808512, 0.22567375886524832, 0.9650118203309692], "class": 2}