{"image": "08cc4b71-1ab0-11ef-800e-bd5cfcf36af4.jpg", "bboxes": [0.07829787234042573, 0.68548463356974, 0.4790070921985816, 0.9739007092198582], "class": 2}