{"image": "08cc4b71-1ab0-11ef-800e-bd5cfcf36af4.jpg", "bboxes": [0.5432151300236406, 0.6765957446808512, 0.9439243498817965, 0.9650118203309692], "class": 2}