{"image": "08cc4b71-1ab0-11ef-800e-bd5cfcf36af4.jpg", "bboxes": [0.5898817966903073, 0.04165484633569738, 0.9905910165484632, 0.33007092198581556], "class": 2}