{"image": "08cc4b71-1ab0-11ef-800e-bd5cfcf36af4.jpg", "bboxes": [0.0, 0.03276595744680855, 0.22789598108747045, 0.3211820330969266], "class": 2}