{"image": "08cc4b71-1ab0-11ef-800e-bd5cfcf36af4.jpg", "bboxes": [0.0, 0.6632624113475177, 0.20789598108747054, 0.9516784869976359], "class": 2}