{"image": "08cc4b71-1ab0-11ef-800e-bd5cfcf36af4.jpg", "bboxes": [0.6587706855791962, 0.6765957446808512, 1.0, 0.9650118203309692], "class": 2}