{"image": "08cc4b71-1ab0-11ef-800e-bd5cfcf36af4.jpg", "bboxes": [0.7721040189125296, 0.06832151300236411, 1.0, 0.3567375886524822], "class": 2}