{"image": "08cc4b71-1ab0-11ef-800e-bd5cfcf36af4.jpg", "bboxes": [0.08718676122931457, 0.6988179669030733, 0.48789598108747045, 0.9872340425531915], "class": 2}