{"image": "08cc4b71-1ab0-11ef-800e-bd5cfcf36af4.jpg", "bboxes": [0.0, 0.6499290780141844, 0.2678959810874705, 0.9383451536643026], "class": 2}