{"image": "08cc4b71-1ab0-11ef-800e-bd5cfcf36af4.jpg", "bboxes": [0.8254373522458628, 0.07498817966903071, 0.9977777777777778, 0.3634042553191489], "class": 2}