{"image": "08cc4b71-1ab0-11ef-800e-bd5cfcf36af4.jpg", "bboxes": [0.7143262411347517, 0.6899290780141845, 1.0, 0.9783451536643026], "class": 2}