{"image": "08cc4b71-1ab0-11ef-800e-bd5cfcf36af4.jpg", "bboxes": [0.48765957446808506, 0.66548463356974, 0.8883687943262409, 0.9539007092198581], "class": 2}