{"image": "08cc4b71-1ab0-11ef-800e-bd5cfcf36af4.jpg", "bboxes": [0.5654373522458629, 0.014988179669030766, 0.9661465721040188, 0.30340425531914894], "class": 2}