{"image": "08cc4b71-1ab0-11ef-800e-bd5cfcf36af4.jpg", "bboxes": [0.8543262411347518, 0.03498817966903078, 1.0, 0.32340425531914885], "class": 2}