{"image": "08cc4b71-1ab0-11ef-800e-bd5cfcf36af4.jpg", "bboxes": [0.5298817966903073, 0.05943262411347516, 0.9305910165484632, 0.34784869976359334], "class": 2}