{"image": "08cc4b71-1ab0-11ef-800e-bd5cfcf36af4.jpg", "bboxes": [0.0, 0.6388179669030734, 0.2434515366430261, 0.9272340425531915], "class": 2}