{"image": "08cc4b71-1ab0-11ef-800e-bd5cfcf36af4.jpg", "bboxes": [0.0022222222222222365, 0.07721040189125294, 0.2123404255319149, 0.3656264775413711], "class": 2}