{"image": "08cc4b71-1ab0-11ef-800e-bd5cfcf36af4.jpg", "bboxes": [0.0, 0.6588179669030734, 0.2945626477541372, 0.9472340425531914], "class": 2}