{"image": "08cc4b71-1ab0-11ef-800e-bd5cfcf36af4.jpg", "bboxes": [0.8721040189125295, 0.6499290780141844, 0.9977777777777778, 0.9383451536643026], "class": 2}