{"image": "08cc4b71-1ab0-11ef-800e-bd5cfcf36af4.jpg", "bboxes": [0.06940898345153679, 0.6388179669030734, 0.4701182033096927, 0.9272340425531915], "class": 2}