{"image": "08cc4b71-1ab0-11ef-800e-bd5cfcf36af4.jpg", "bboxes": [0.0022222222222222365, 0.6988179669030733, 0.2812293144208038, 0.9872340425531915], "class": 2}