{"image": "08cc4b71-1ab0-11ef-800e-bd5cfcf36af4.jpg", "bboxes": [0.6854373522458629, 0.039432624113475145, 0.9977777777777778, 0.3278486997635933], "class": 2}