{"image": "08cc4b71-1ab0-11ef-800e-bd5cfcf36af4.jpg", "bboxes": [0.0, 0.046099290780141855, 0.39900709219858166, 0.33451536643026003], "class": 2}