{"image": "08cc4b71-1ab0-11ef-800e-bd5cfcf36af4.jpg", "bboxes": [0.0, 0.04387706855791962, 0.24567375886524823, 0.3322931442080378], "class": 2}