{"image": "08cc4b71-1ab0-11ef-800e-bd5cfcf36af4.jpg", "bboxes": [0.8321040189125295, 0.6943735224586289, 0.9977777777777778, 0.982789598108747], "class": 2}