{"image": "08cc4b71-1ab0-11ef-800e-bd5cfcf36af4.jpg", "bboxes": [0.8765484633569739, 0.6365957446808511, 1.0, 0.9250118203309693], "class": 2}