{"image": "08cc4b71-1ab0-11ef-800e-bd5cfcf36af4.jpg", "bboxes": [0.48321513002364064, 0.06609929078014187, 0.8839243498817966, 0.35451536643026005], "class": 2}