{"image": "08cc4b71-1ab0-11ef-800e-bd5cfcf36af4.jpg", "bboxes": [0.0022222222222222365, 0.6677068557919622, 0.3856737588652482, 0.9561229314420804], "class": 2}