{"image": "08cc4b71-1ab0-11ef-800e-bd5cfcf36af4.jpg", "bboxes": [0.0022222222222222365, 0.0238770685579196, 0.2767848699763594, 0.3122931442080378], "class": 2}