{"image": "08cc4b71-1ab0-11ef-800e-bd5cfcf36af4.jpg", "bboxes": [0.6787706855791962, 0.05721040189125293, 0.9977777777777778, 0.3456264775413711], "class": 2}