{"image": "08cc4b71-1ab0-11ef-800e-bd5cfcf36af4.jpg", "bboxes": [0.004964539007092373, 0.6832624113475178, 0.40567375886524826, 0.9716784869976359], "class": 2}