{"image": "08cc4b71-1ab0-11ef-800e-bd5cfcf36af4.jpg", "bboxes": [0.5276595744680851, 0.0238770685579196, 0.928368794326241, 0.3122931442080378], "class": 2}