{"image": "08cc4b71-1ab0-11ef-800e-bd5cfcf36af4.jpg", "bboxes": [0.0, 0.01943262411347524, 0.3145626477541371, 0.3078486997635933], "class": 2}