{"image": "08cc4b71-1ab0-11ef-800e-bd5cfcf36af4.jpg", "bboxes": [0.6898817966903072, 0.03276595744680855, 0.9977777777777778, 0.3211820330969266], "class": 2}