{"image": "08cc4b71-1ab0-11ef-800e-bd5cfcf36af4.jpg", "bboxes": [0.5921040189125295, 0.06387706855791964, 0.9928132387706854, 0.35229314420803787], "class": 2}