{"image": "08cc4b71-1ab0-11ef-800e-bd5cfcf36af4.jpg", "bboxes": [0.05385342789598124, 0.6943735224586289, 0.4545626477541371, 0.982789598108747], "class": 2}