{"image": "08cc4b71-1ab0-11ef-800e-bd5cfcf36af4.jpg", "bboxes": [0.0, 0.05498817966903069, 0.143451536643026, 0.34340425531914887], "class": 2}