{"image": "08cc4b71-1ab0-11ef-800e-bd5cfcf36af4.jpg", "bboxes": [0.5943262411347517, 0.6699290780141844, 0.9950354609929076, 0.9583451536643026], "class": 2}