{"image": "08cc4b71-1ab0-11ef-800e-bd5cfcf36af4.jpg", "bboxes": [0.0, 0.6877068557919622, 0.3501182033096927, 0.9761229314420804], "class": 2}