{"image": "08cc4b71-1ab0-11ef-800e-bd5cfcf36af4.jpg", "bboxes": [0.7209929078014184, 0.6543735224586289, 1.0, 0.9427895981087471], "class": 2}