{"image": "08cc4b71-1ab0-11ef-800e-bd5cfcf36af4.jpg", "bboxes": [0.0022222222222222365, 0.0616548463356974, 0.3634515366430261, 0.3500709219858156], "class": 2}