{"image": "08ce1702-0853-11ef-9d21-64d2c4ecd148.jpg", "bboxes": [0.0, 0.42255892255892247, 0.6695622895622895, 1.0], "class": 1}