{"image": "08ce1702-0853-11ef-9d21-64d2c4ecd148.jpg", "bboxes": [0.6459932659932661, 0.18922558922558919, 1.0, 1.0], "class": 1}