{"image": "08ce1702-0853-11ef-9d21-64d2c4ecd148.jpg", "bboxes": [0.8543434343434344, 0.487003367003367, 1.0, 1.0], "class": 1}