{"image": "08ce1702-0853-11ef-9d21-64d2c4ecd148.jpg", "bboxes": [0.5926599326599328, 0.0, 1.0, 0.5952188552188553], "class": 1}