{"image": "08ce1702-0853-11ef-9d21-64d2c4ecd148.jpg", "bboxes": [0.4882154882154883, 0.0, 0.9977777777777778, 0.9574410774410775], "class": 1}