{"image": "08ce1702-0853-11ef-9d21-64d2c4ecd148.jpg", "bboxes": [0.8082154882154884, 0.2225589225589225, 1.0, 1.0], "class": 1}