{"image": "08ce1702-0853-11ef-9d21-64d2c4ecd148.jpg", "bboxes": [0.0, 0.587003367003367, 0.06956228956228945, 1.0], "class": 1}