{"image": "08ce1702-0853-11ef-9d21-64d2c4ecd148.jpg", "bboxes": [0.5965656565656566, 0.0, 0.9977777777777778, 0.7285521885521886], "class": 1}