{"image": "08ce1702-0853-11ef-9d21-64d2c4ecd148.jpg", "bboxes": [0.6215488215488216, 0.0, 0.9977777777777778, 0.7707744107744108], "class": 1}