{"image": "08ce1702-0853-11ef-9d21-64d2c4ecd148.jpg", "bboxes": [0.0, 0.5536700336700335, 0.6323232323232322, 1.0], "class": 1}