{"image": "08ce1702-0853-11ef-9d21-64d2c4ecd148.jpg", "bboxes": [0.6726599326599327, 0.2158922558922558, 0.9977777777777778, 0.9977777777777778], "class": 1}