{"image": "08ce1702-0853-11ef-9d21-64d2c4ecd148.jpg", "bboxes": [0.7393265993265994, 0.11811447811447806, 1.0, 1.0], "class": 1}