{"image": "08ce1702-0853-11ef-9d21-64d2c4ecd148.jpg", "bboxes": [0.8015488215488217, 0.0, 0.9977777777777778, 0.43299663299663305], "class": 1}