{"image": "08ce1702-0853-11ef-9d21-64d2c4ecd148.jpg", "bboxes": [0.33878787878787886, 0.0, 0.9977777777777778, 0.7241077441077441], "class": 1}