{"image": "08ce1702-0853-11ef-9d21-64d2c4ecd148.jpg", "bboxes": [0.9059932659932661, 0.0, 1.0, 0.5396632996632997], "class": 1}