{"image": "08ce1702-0853-11ef-9d21-64d2c4ecd148.jpg", "bboxes": [0.2837710437710439, 0.0, 1.0, 0.41299663299663303], "class": 1}