{"image": "08ce1702-0853-11ef-9d21-64d2c4ecd148.jpg", "bboxes": [0.0, 0.4758922558922558, 0.3317845117845117, 1.0], "class": 1}