{"image": "08ce1702-0853-11ef-9d21-64d2c4ecd148.jpg", "bboxes": [0.35656565656565664, 0.0, 1.0, 0.9529966329966331], "class": 1}