{"image": "08ce1702-0853-11ef-9d21-64d2c4ecd148.jpg", "bboxes": [0.14989898989899, 0.0, 0.8940067340067339, 0.6596632996632997], "class": 1}