{"image": "08ce1702-0853-11ef-9d21-64d2c4ecd148.jpg", "bboxes": [0.0, 0.5492255892255892, 0.5606734006734005, 1.0], "class": 1}