{"image": "08ce1702-0853-11ef-9d21-64d2c4ecd148.jpg", "bboxes": [0.0, 0.21144781144781144, 0.5789898989898989, 1.0], "class": 1}