{"image": "08ce1702-0853-11ef-9d21-64d2c4ecd148.jpg", "bboxes": [0.7237710437710438, 0.0, 1.0, 0.39521885521885525], "class": 1}