{"image": "08ce1702-0853-11ef-9d21-64d2c4ecd148.jpg", "bboxes": [0.0022222222222222365, 0.23144781144781132, 0.24343434343434334, 0.9977777777777778], "class": 1}