{"image": "08ce1702-0853-11ef-9d21-64d2c4ecd148.jpg", "bboxes": [0.05265993265993274, 0.467003367003367, 0.7967676767676767, 0.9977777777777778], "class": 1}