{"image": "08ce1702-0853-11ef-9d21-64d2c4ecd148.jpg", "bboxes": [0.06989898989898999, 0.06255892255892248, 0.8140067340067338, 1.0], "class": 1}