{"image": "08ce1702-0853-11ef-9d21-64d2c4ecd148.jpg", "bboxes": [0.027676767676767768, 0.0, 0.7717845117845117, 0.9374410774410775], "class": 1}