{"image": "08ce1702-0853-11ef-9d21-64d2c4ecd148.jpg", "bboxes": [0.35710437710437726, 0.0, 0.9977777777777778, 0.5707744107744108], "class": 1}