{"image": "08ce1702-0853-11ef-9d21-64d2c4ecd148.jpg", "bboxes": [0.0, 0.2847811447811447, 0.6256565656565656, 1.0], "class": 1}