{"image": "08ce1702-0853-11ef-9d21-64d2c4ecd148.jpg", "bboxes": [0.4410101010101011, 0.0, 1.0, 0.5774410774410775], "class": 1}