{"image": "08ce1702-0853-11ef-9d21-64d2c4ecd148.jpg", "bboxes": [0.0, 0.04033670033670034, 0.10067340067340057, 1.0], "class": 1}