{"image": "08ce1702-0853-11ef-9d21-64d2c4ecd148.jpg", "bboxes": [0.47710437710437725, 0.0, 1.0, 0.9463299663299664], "class": 1}