{"image": "08ce1702-0853-11ef-9d21-64d2c4ecd148.jpg", "bboxes": [0.8476767676767678, 0.28255892255892245, 1.0, 1.0], "class": 1}