{"image": "08ce1702-0853-11ef-9d21-64d2c4ecd148.jpg", "bboxes": [0.5504377104377105, 0.0, 1.0, 0.9285521885521886], "class": 1}