{"image": "08ce1702-0853-11ef-9d21-64d2c4ecd148.jpg", "bboxes": [0.96989898989899, 0.4425589225589225, 0.9977777777777778, 0.9977777777777778], "class": 1}