{"image": "08ce1702-0853-11ef-9d21-64d2c4ecd148.jpg", "bboxes": [0.0, 0.5158922558922558, 0.2584511784511783, 0.9977777777777778], "class": 1}