{"image": "08ce1702-0853-11ef-9d21-64d2c4ecd148.jpg", "bboxes": [0.037104377104377195, 0.06922558922558919, 0.7812121212121211, 1.0], "class": 1}