{"image": "08ce1702-0853-11ef-9d21-64d2c4ecd148.jpg", "bboxes": [0.12989898989898999, 0.4314478114478114, 0.8740067340067339, 0.9977777777777778], "class": 1}