{"image": "08ce1702-0853-11ef-9d21-64d2c4ecd148.jpg", "bboxes": [0.0022222222222222365, 0.10700336700336698, 0.22565656565656556, 0.9977777777777778], "class": 1}