{"image": "0984f40e-0853-11ef-9d21-64d2c4ecd148.jpg", "bboxes": [0.9289562289562289, 0.31205387205387225, 1.0, 1.0], "class": 1}