{"image": "0984f40e-0853-11ef-9d21-64d2c4ecd148.jpg", "bboxes": [0.0, 0.2653872053872055, 0.5746127946127945, 0.9977777777777778], "class": 1}