{"image": "0984f40e-0853-11ef-9d21-64d2c4ecd148.jpg", "bboxes": [0.09205387205387217, 0.0, 0.7688215488215489, 0.6635016835016834], "class": 1}