{"image": "0984f40e-0853-11ef-9d21-64d2c4ecd148.jpg", "bboxes": [0.11872053872053889, 0.0, 0.7954882154882156, 0.89016835016835], "class": 1}