{"image": "0984f40e-0853-11ef-9d21-64d2c4ecd148.jpg", "bboxes": [0.37784511784511776, 0.0, 0.9977777777777778, 0.6923905723905722], "class": 1}