{"image": "0984f40e-0853-11ef-9d21-64d2c4ecd148.jpg", "bboxes": [0.9453872053872056, 0.0, 0.9977777777777778, 0.5657239057239055], "class": 1}