{"image": "0984f40e-0853-11ef-9d21-64d2c4ecd148.jpg", "bboxes": [0.82983164983165, 0.14760942760942775, 1.0, 1.0], "class": 1}