{"image": "0984f40e-0853-11ef-9d21-64d2c4ecd148.jpg", "bboxes": [0.0809427609427611, 0.0, 0.7577104377104378, 0.41239057239057225], "class": 1}