{"image": "0984f40e-0853-11ef-9d21-64d2c4ecd148.jpg", "bboxes": [0.2556228956228956, 0.15427609427609446, 0.9323905723905722, 1.0], "class": 1}