{"image": "0984f40e-0853-11ef-9d21-64d2c4ecd148.jpg", "bboxes": [0.64983164983165, 0.38983164983165, 0.9977777777777778, 0.9977777777777778], "class": 1}