{"image": "0984f40e-0853-11ef-9d21-64d2c4ecd148.jpg", "bboxes": [0.6578451178451178, 0.0, 1.0, 0.7168350168350167], "class": 1}