{"image": "0984f40e-0853-11ef-9d21-64d2c4ecd148.jpg", "bboxes": [0.8489562289562289, 0.0, 1.0, 0.4190572390572389], "class": 1}