{"image": "0984f40e-0853-11ef-9d21-64d2c4ecd148.jpg", "bboxes": [0.3022895622895622, 0.0, 0.979057239057239, 0.8946127946127944], "class": 1}