{"image": "0984f40e-0853-11ef-9d21-64d2c4ecd148.jpg", "bboxes": [0.09117845117845112, 0.0, 0.7679461279461278, 0.5457239057239056], "class": 1}