{"image": "0984f40e-0853-11ef-9d21-64d2c4ecd148.jpg", "bboxes": [0.9845117845117844, 0.2787205387205389, 1.0, 1.0], "class": 1}