{"image": "0984f40e-0853-11ef-9d21-64d2c4ecd148.jpg", "bboxes": [0.0022222222222222365, 0.6631649831649833, 0.26882154882154885, 0.9977777777777778], "class": 1}