{"image": "0984f40e-0853-11ef-9d21-64d2c4ecd148.jpg", "bboxes": [0.10983164983164995, 0.0, 0.7865993265993266, 0.7879461279461278], "class": 1}