{"image": "0984f40e-0853-11ef-9d21-64d2c4ecd148.jpg", "bboxes": [0.0022222222222222365, 0.09649831649831664, 0.07771043771043773, 0.9954882154882154], "class": 1}