{"image": "0984f40e-0853-11ef-9d21-64d2c4ecd148.jpg", "bboxes": [0.0, 0.14316498316498327, 0.6510437710437711, 1.0], "class": 1}