{"image": "0984f40e-0853-11ef-9d21-64d2c4ecd148.jpg", "bboxes": [0.46006734006734, 0.0, 1.0, 0.7546127946127945], "class": 1}