{"image": "0984f40e-0853-11ef-9d21-64d2c4ecd148.jpg", "bboxes": [0.0, 0.4564983164983166, 0.04572390572390557, 0.9977777777777778], "class": 1}