{"image": "0984f40e-0853-11ef-9d21-64d2c4ecd148.jpg", "bboxes": [0.72006734006734, 0.4920538720538722, 0.9977777777777778, 0.9977777777777778], "class": 1}