{"image": "0984f40e-0853-11ef-9d21-64d2c4ecd148.jpg", "bboxes": [0.7734006734006733, 0.0, 1.0, 0.42572390572390556], "class": 1}