{"image": "0984f40e-0853-11ef-9d21-64d2c4ecd148.jpg", "bboxes": [0.0022222222222222365, 0.5987205387205389, 0.18437710437710442, 0.9977777777777778], "class": 1}