{"image": "0984f40e-0853-11ef-9d21-64d2c4ecd148.jpg", "bboxes": [0.0, 0.11872053872053889, 0.5323905723905722, 1.0], "class": 1}