{"image": "0984f40e-0853-11ef-9d21-64d2c4ecd148.jpg", "bboxes": [0.2209427609427611, 0.0, 0.8977104377104378, 0.3768350168350167], "class": 1}