{"image": "0984f40e-0853-11ef-9d21-64d2c4ecd148.jpg", "bboxes": [0.0, 0.4742760942760944, 0.4732659932659933, 1.0], "class": 1}