{"image": "0984f40e-0853-11ef-9d21-64d2c4ecd148.jpg", "bboxes": [0.3520538720538722, 0.2964983164983167, 1.0, 1.0], "class": 1}