{"image": "0984f40e-0853-11ef-9d21-64d2c4ecd148.jpg", "bboxes": [0.0022222222222222365, 0.3676094276094277, 0.2865993265993267, 0.9977777777777778], "class": 1}