{"image": "0984f40e-0853-11ef-9d21-64d2c4ecd148.jpg", "bboxes": [0.9667340067340067, 0.5853872053872056, 1.0, 1.0], "class": 1}