{"image": "0984f40e-0853-11ef-9d21-64d2c4ecd148.jpg", "bboxes": [0.32538720538720556, 0.0, 1.0, 0.6479461279461278], "class": 1}