{"image": "0984f40e-0853-11ef-9d21-64d2c4ecd148.jpg", "bboxes": [0.0, 0.5853872053872056, 0.17239057239057223, 0.9977777777777778], "class": 1}