{"image": "0984f40e-0853-11ef-9d21-64d2c4ecd148.jpg", "bboxes": [0.4053872053872055, 0.0, 1.0, 0.39016835016835], "class": 1}