{"image": "0984f40e-0853-11ef-9d21-64d2c4ecd148.jpg", "bboxes": [0.2653872053872055, 0.0, 0.9421548821548822, 0.5301683501683501], "class": 1}