{"image": "0984f40e-0853-11ef-9d21-64d2c4ecd148.jpg", "bboxes": [0.42006734006734003, 0.1453872053872055, 1.0, 1.0], "class": 1}