{"image": "0984f40e-0853-11ef-9d21-64d2c4ecd148.jpg", "bboxes": [0.46538720538720557, 0.015622895622895696, 1.0, 0.9146127946127944], "class": 1}