{"image": "0984f40e-0853-11ef-9d21-64d2c4ecd148.jpg", "bboxes": [0.8831649831649833, 0.0, 1.0, 0.5035016835016833], "class": 1}