{"image": "0984f40e-0853-11ef-9d21-64d2c4ecd148.jpg", "bboxes": [0.35562289562289556, 0.24316498316498336, 1.0, 1.0], "class": 1}