{"image": "0984f40e-0853-11ef-9d21-64d2c4ecd148.jpg", "bboxes": [0.0, 0.4476094276094278, 0.3332659932659934, 1.0], "class": 1}