{"image": "0984f40e-0853-11ef-9d21-64d2c4ecd148.jpg", "bboxes": [0.7911784511784511, 0.0, 0.9977777777777778, 0.6546127946127944], "class": 1}