{"image": "0984f40e-0853-11ef-9d21-64d2c4ecd148.jpg", "bboxes": [0.0, 0.4187205387205388, 0.591043771043771, 1.0], "class": 1}