{"image": "0984f40e-0853-11ef-9d21-64d2c4ecd148.jpg", "bboxes": [0.0, 0.54983164983165, 0.5035016835016833, 1.0], "class": 1}