{"image": "0a3276e2-0853-11ef-9d21-64d2c4ecd148.jpg", "bboxes": [0.06552188552188555, 0.27535353535353524, 0.9948148148148149, 1.0], "class": 1}