{"image": "0a3276e2-0853-11ef-9d21-64d2c4ecd148.jpg", "bboxes": [0.0022222222222222365, 0.21979797979797977, 0.38781144781144783, 0.9977777777777778], "class": 1}