{"image": "0a3276e2-0853-11ef-9d21-64d2c4ecd148.jpg", "bboxes": [0.0022222222222222365, 0.06424242424242421, 0.21225589225589225, 0.9977777777777778], "class": 1}