{"image": "0a3276e2-0853-11ef-9d21-64d2c4ecd148.jpg", "bboxes": [0.0, 0.12424242424242415, 0.7903703703703705, 1.0], "class": 1}