{"image": "0a3276e2-0853-11ef-9d21-64d2c4ecd148.jpg", "bboxes": [0.16774410774410778, 0.0, 1.0, 0.9779797979797981], "class": 1}