{"image": "0a3276e2-0853-11ef-9d21-64d2c4ecd148.jpg", "bboxes": [0.0, 0.07535353535353528, 0.8878114478114478, 1.0], "class": 1}