{"image": "0a3276e2-0853-11ef-9d21-64d2c4ecd148.jpg", "bboxes": [0.0022222222222222365, 0.18202020202020197, 0.29447811447811445, 0.9977777777777778], "class": 1}