{"image": "0a3276e2-0853-11ef-9d21-64d2c4ecd148.jpg", "bboxes": [0.0022222222222222365, 0.0, 0.4567003367003367, 0.7090909090909091], "class": 1}