{"image": "0a3276e2-0853-11ef-9d21-64d2c4ecd148.jpg", "bboxes": [0.0, 0.30202020202020197, 0.91003367003367, 1.0], "class": 1}