{"image": "0a3276e2-0853-11ef-9d21-64d2c4ecd148.jpg", "bboxes": [0.17885521885521888, 0.11757575757575756, 0.9977777777777778, 0.9977777777777778], "class": 1}