{"image": "0a3276e2-0853-11ef-9d21-64d2c4ecd148.jpg", "bboxes": [0.2607407407407406, 0.2975757575757575, 0.9977777777777778, 0.9977777777777778], "class": 1}