{"image": "0a3276e2-0853-11ef-9d21-64d2c4ecd148.jpg", "bboxes": [0.2210774410774411, 0.0, 0.9977777777777778, 0.9602020202020203], "class": 1}