{"image": "0a3276e2-0853-11ef-9d21-64d2c4ecd148.jpg", "bboxes": [0.0, 0.12868686868686863, 0.7303703703703706, 0.9977777777777778], "class": 1}