{"image": "0a3276e2-0853-11ef-9d21-64d2c4ecd148.jpg", "bboxes": [0.2544107744107744, 0.0, 0.9977777777777778, 0.6713131313131314], "class": 1}