{"image": "0a3276e2-0853-11ef-9d21-64d2c4ecd148.jpg", "bboxes": [0.0, 0.015824915824915894, 0.8528619528619528, 0.9977777777777778], "class": 1}