{"image": "0a3276e2-0853-11ef-9d21-64d2c4ecd148.jpg", "bboxes": [0.0, 0.2664646464646464, 0.8503703703703706, 1.0], "class": 1}