{"image": "0a3276e2-0853-11ef-9d21-64d2c4ecd148.jpg", "bboxes": [0.22329966329966333, 0.14868686868686865, 1.0, 1.0], "class": 1}