{"image": "0a3276e2-0853-11ef-9d21-64d2c4ecd148.jpg", "bboxes": [0.1610774410774411, 0.16868686868686866, 1.0, 1.0], "class": 1}