{"image": "0a61255b-1ab0-11ef-88ae-bd5cfcf36af4.jpg", "bboxes": [0.0754137115839244, 0.3611820330969267, 0.4654846335697398, 0.8375413711583924], "class": 2}