{"image": "0a61255b-1ab0-11ef-88ae-bd5cfcf36af4.jpg", "bboxes": [0.8145153664302602, 0.40118203309692674, 1.0, 0.8775413711583925], "class": 2}