{"image": "0a61255b-1ab0-11ef-88ae-bd5cfcf36af4.jpg", "bboxes": [0.6878486997635935, 0.3700709219858156, 0.9977777777777778, 0.8464302600472814], "class": 2}