{"image": "0a61255b-1ab0-11ef-88ae-bd5cfcf36af4.jpg", "bboxes": [0.6234042553191491, 0.14245862884160754, 1.0, 0.6188179669030733], "class": 2}