{"image": "0a61255b-1ab0-11ef-88ae-bd5cfcf36af4.jpg", "bboxes": [0.7100709219858158, 0.1646808510638298, 0.9977777777777778, 0.6410401891252955], "class": 2}