{"image": "0a61255b-1ab0-11ef-88ae-bd5cfcf36af4.jpg", "bboxes": [0.7789598108747047, 0.1402364066193853, 1.0, 0.616595744680851], "class": 2}