{"image": "0a61255b-1ab0-11ef-88ae-bd5cfcf36af4.jpg", "bboxes": [0.7367375886524825, 0.10023640661938527, 1.0, 0.5765957446808511], "class": 2}