{"image": "0a61255b-1ab0-11ef-88ae-bd5cfcf36af4.jpg", "bboxes": [0.8767375886524825, 0.3811820330969267, 0.9977777777777778, 0.8575413711583925], "class": 2}