{"image": "0a61255b-1ab0-11ef-88ae-bd5cfcf36af4.jpg", "bboxes": [0.5856264775413713, 0.10023640661938527, 0.9756973995271867, 0.5765957446808511], "class": 2}