{"image": "0a61255b-1ab0-11ef-88ae-bd5cfcf36af4.jpg", "bboxes": [0.6700709219858159, 0.3767375886524823, 1.0, 0.853096926713948], "class": 2}