{"image": "0a61255b-1ab0-11ef-88ae-bd5cfcf36af4.jpg", "bboxes": [0.0022222222222222365, 0.12912529550827423, 0.2765957446808509, 0.6054846335697399], "class": 2}