{"image": "0a61255b-1ab0-11ef-88ae-bd5cfcf36af4.jpg", "bboxes": [0.037635933806146715, 0.39673758865248226, 0.427706855791962, 0.873096926713948], "class": 2}