{"image": "0a61255b-1ab0-11ef-88ae-bd5cfcf36af4.jpg", "bboxes": [0.0, 0.4189598108747045, 0.23437352245862864, 0.8953191489361703], "class": 2}