{"image": "0a61255b-1ab0-11ef-88ae-bd5cfcf36af4.jpg", "bboxes": [0.5700709219858158, 0.42118203309692676, 0.9601418439716312, 0.8975413711583925], "class": 2}