{"image": "0a61255b-1ab0-11ef-88ae-bd5cfcf36af4.jpg", "bboxes": [0.7345153664302603, 0.3989598108747045, 0.9977777777777778, 0.8753191489361702], "class": 2}