{"image": "0a61255b-1ab0-11ef-88ae-bd5cfcf36af4.jpg", "bboxes": [0.10430260047281337, 0.3700709219858156, 0.49437352245862864, 0.8464302600472814], "class": 2}