{"image": "0a61255b-1ab0-11ef-88ae-bd5cfcf36af4.jpg", "bboxes": [0.0, 0.13801418439716306, 0.20770685579196202, 0.6143735224586289], "class": 2}