{"image": "0a61255b-1ab0-11ef-88ae-bd5cfcf36af4.jpg", "bboxes": [0.0022222222222222365, 0.1335697399527186, 0.20770685579196205, 0.6099290780141845], "class": 2}