{"image": "0a61255b-1ab0-11ef-88ae-bd5cfcf36af4.jpg", "bboxes": [0.8345153664302603, 0.39229314420803785, 1.0, 0.8686524822695035], "class": 2}