{"image": "0a61255b-1ab0-11ef-88ae-bd5cfcf36af4.jpg", "bboxes": [0.0022222222222222365, 0.36340425531914894, 0.21659574468085085, 0.8397635933806147], "class": 2}