{"image": "0a61255b-1ab0-11ef-88ae-bd5cfcf36af4.jpg", "bboxes": [0.4900709219858158, 0.16245862884160756, 0.8801418439716311, 0.6388179669030734], "class": 2}