{"image": "0a61255b-1ab0-11ef-88ae-bd5cfcf36af4.jpg", "bboxes": [0.0022222222222222365, 0.11579196217494081, 0.3654846335697397, 0.5921513002364067], "class": 2}