{"image": "0a61255b-1ab0-11ef-88ae-bd5cfcf36af4.jpg", "bboxes": [0.6367375886524824, 0.12023640661938528, 1.0, 0.596595744680851], "class": 2}