{"image": "0a61255b-1ab0-11ef-88ae-bd5cfcf36af4.jpg", "bboxes": [0.11096926713947997, 0.3811820330969267, 0.5010401891252954, 0.8575413711583925], "class": 2}