{"image": "0a61255b-1ab0-11ef-88ae-bd5cfcf36af4.jpg", "bboxes": [0.8789598108747047, 0.3767375886524823, 0.9977777777777778, 0.853096926713948], "class": 2}