{"image": "0a61255b-1ab0-11ef-88ae-bd5cfcf36af4.jpg", "bboxes": [0.612293144208038, 0.126903073286052, 1.0, 0.6032624113475178], "class": 2}