{"image": "0a61255b-1ab0-11ef-88ae-bd5cfcf36af4.jpg", "bboxes": [0.0022222222222222365, 0.3856264775413712, 0.32326241134751754, 0.8619858156028369], "class": 2}