{"image": "0a61255b-1ab0-11ef-88ae-bd5cfcf36af4.jpg", "bboxes": [0.0, 0.41229314420803787, 0.287706855791962, 0.8886524822695036], "class": 2}