{"image": "0a61255b-1ab0-11ef-88ae-bd5cfcf36af4.jpg", "bboxes": [0.0022222222222222365, 0.1535697399527186, 0.22326241134751756, 0.6299290780141844], "class": 2}