{"image": "0a61255b-1ab0-11ef-88ae-bd5cfcf36af4.jpg", "bboxes": [0.5411820330969269, 0.4078486997635934, 0.9312529550827422, 0.8842080378250592], "class": 2}