{"image": "0a61255b-1ab0-11ef-88ae-bd5cfcf36af4.jpg", "bboxes": [0.0022222222222222365, 0.15801418439716308, 0.16548463356973975, 0.6343735224586289], "class": 2}