{"image": "0a61255b-1ab0-11ef-88ae-bd5cfcf36af4.jpg", "bboxes": [0.7634042553191491, 0.14912529550827425, 0.9977777777777778, 0.6254846335697398], "class": 2}