{"image": "0a61255b-1ab0-11ef-88ae-bd5cfcf36af4.jpg", "bboxes": [0.8078486997635936, 0.42118203309692676, 0.9977777777777778, 0.8975413711583925], "class": 2}