{"image": "0a61255b-1ab0-11ef-88ae-bd5cfcf36af4.jpg", "bboxes": [0.5100709219858158, 0.36340425531914894, 0.9001418439716311, 0.8397635933806147], "class": 2}