{"image": "0a61255b-1ab0-11ef-88ae-bd5cfcf36af4.jpg", "bboxes": [0.004302600472813389, 0.3856264775413712, 0.3943735224586286, 0.8619858156028369], "class": 2}