{"image": "0a61255b-1ab0-11ef-88ae-bd5cfcf36af4.jpg", "bboxes": [0.09096926713947995, 0.38340425531914896, 0.48104018912529534, 0.8597635933806147], "class": 2}