{"image": "0a61255b-1ab0-11ef-88ae-bd5cfcf36af4.jpg", "bboxes": [0.812293144208038, 0.40562647754137116, 1.0, 0.881985815602837], "class": 2}