{"image": "0a61255b-1ab0-11ef-88ae-bd5cfcf36af4.jpg", "bboxes": [0.5456264775413714, 0.13801418439716306, 0.9356973995271867, 0.6143735224586289], "class": 2}