{"image": "0a61255b-1ab0-11ef-88ae-bd5cfcf36af4.jpg", "bboxes": [0.0, 0.3567375886524823, 0.3254846335697398, 0.833096926713948], "class": 2}