{"image": "0a61255b-1ab0-11ef-88ae-bd5cfcf36af4.jpg", "bboxes": [0.0022222222222222365, 0.10690307328605198, 0.35437352245862863, 0.5832624113475178], "class": 2}