{"image": "0a61255b-1ab0-11ef-88ae-bd5cfcf36af4.jpg", "bboxes": [0.0, 0.3945153664302601, 0.3010401891252953, 0.8708747044917258], "class": 2}