{"image": "0a61255b-1ab0-11ef-88ae-bd5cfcf36af4.jpg", "bboxes": [0.0022222222222222365, 0.3567375886524823, 0.32992907801418414, 0.833096926713948], "class": 2}