{"image": "0a61255b-1ab0-11ef-88ae-bd5cfcf36af4.jpg", "bboxes": [0.7989598108747047, 0.11579196217494081, 1.0, 0.5921513002364066], "class": 2}