{"image": "0a61255b-1ab0-11ef-88ae-bd5cfcf36af4.jpg", "bboxes": [0.8478486997635936, 0.1024586288416075, 0.9977777777777778, 0.5788179669030733], "class": 2}