{"image": "0a61255b-1ab0-11ef-88ae-bd5cfcf36af4.jpg", "bboxes": [0.010969267139479988, 0.16690307328605203, 0.40104018912529527, 0.6432624113475177], "class": 2}