{"image": "0a61255b-1ab0-11ef-88ae-bd5cfcf36af4.jpg", "bboxes": [0.0, 0.1024586288416075, 0.3588179669030731, 0.5788179669030733], "class": 2}