{"image": "0a61255b-1ab0-11ef-88ae-bd5cfcf36af4.jpg", "bboxes": [0.5478486997635936, 0.39673758865248226, 0.9379196217494089, 0.873096926713948], "class": 2}