{"image": "0a61255b-1ab0-11ef-88ae-bd5cfcf36af4.jpg", "bboxes": [0.7900709219858159, 0.16023640661938532, 0.9977777777777778, 0.636595744680851], "class": 2}