{"image": "0a61255b-1ab0-11ef-88ae-bd5cfcf36af4.jpg", "bboxes": [0.0, 0.15134751773049637, 0.19215130023640636, 0.6277068557919622], "class": 2}