{"image": "0a88a8c8-0853-11ef-9d21-64d2c4ecd148.jpg", "bboxes": [0.0, 0.34377104377104384, 0.45299663299663284, 1.0], "class": 1}