{"image": "0a88a8c8-0853-11ef-9d21-64d2c4ecd148.jpg", "bboxes": [0.2931313131313128, 0.07932659932659947, 1.0, 1.0], "class": 1}