{"image": "0a88a8c8-0853-11ef-9d21-64d2c4ecd148.jpg", "bboxes": [0.0, 0.04821548821548838, 0.43131313131313165, 1.0], "class": 1}