{"image": "0a88a8c8-0853-11ef-9d21-64d2c4ecd148.jpg", "bboxes": [0.28478114478114497, 0.0, 1.0, 0.8940067340067339], "class": 1}