{"image": "0a88a8c8-0853-11ef-9d21-64d2c4ecd148.jpg", "bboxes": [0.0, 0.0, 0.504107744107744, 0.9762289562289561], "class": 1}