{"image": "0a88a8c8-0853-11ef-9d21-64d2c4ecd148.jpg", "bboxes": [0.11979797979797946, 0.0, 0.995218855218855, 0.785117845117845], "class": 1}