{"image": "0a88a8c8-0853-11ef-9d21-64d2c4ecd148.jpg", "bboxes": [0.3870033670033672, 0.1504377104377106, 1.0, 1.0], "class": 1}