{"image": "0a88a8c8-0853-11ef-9d21-64d2c4ecd148.jpg", "bboxes": [0.6314478114478117, 0.0, 1.0, 0.934006734006734], "class": 1}