{"image": "0a88a8c8-0853-11ef-9d21-64d2c4ecd148.jpg", "bboxes": [0.4181144781144783, 0.0, 0.9977777777777778, 0.9273400673400672], "class": 1}