{"image": "0a88a8c8-0853-11ef-9d21-64d2c4ecd148.jpg", "bboxes": [0.0, 0.11710437710437725, 0.6979797979797983, 0.9977777777777778], "class": 1}