{"image": "0a88a8c8-0853-11ef-9d21-64d2c4ecd148.jpg", "bboxes": [0.04255892255892276, 0.0, 0.9179797979797983, 0.7917845117845117], "class": 1}