{"image": "0a88a8c8-0853-11ef-9d21-64d2c4ecd148.jpg", "bboxes": [0.02188552188552173, 0.0, 0.8771043771043772, 0.8028956228956228], "class": 1}