{"image": "0a88a8c8-0853-11ef-9d21-64d2c4ecd148.jpg", "bboxes": [0.49144781144781163, 0.15932659932659943, 0.9977777777777778, 0.9977777777777778], "class": 1}