{"image": "0a88a8c8-0853-11ef-9d21-64d2c4ecd148.jpg", "bboxes": [0.35979797979797945, 0.0, 1.0, 0.8962289562289562], "class": 1}