{"image": "0a88a8c8-0853-11ef-9d21-64d2c4ecd148.jpg", "bboxes": [0.0, 0.2971043771043772, 0.7002020202020205, 1.0], "class": 1}