{"image": "0a88a8c8-0853-11ef-9d21-64d2c4ecd148.jpg", "bboxes": [0.0, 0.2904377104377105, 0.3663299663299662, 1.0], "class": 1}