{"image": "0a88a8c8-0853-11ef-9d21-64d2c4ecd148.jpg", "bboxes": [0.007003367003367202, 0.0, 0.8824242424242428, 0.785117845117845], "class": 1}