{"image": "0a88a8c8-0853-11ef-9d21-64d2c4ecd148.jpg", "bboxes": [0.4820202020202017, 0.0, 1.0, 0.7828956228956228], "class": 1}