{"image": "0a88a8c8-0853-11ef-9d21-64d2c4ecd148.jpg", "bboxes": [0.0, 0.3593265993265994, 0.019663299663299494, 1.0], "class": 1}