{"image": "0ab1da6e-1ab0-11ef-b511-bd5cfcf36af4.jpg", "bboxes": [0.49182033096926714, 0.15451536643025998, 0.8216075650118204, 0.5587706855791962], "class": 2}