{"image": "0ab1da6e-1ab0-11ef-b511-bd5cfcf36af4.jpg", "bboxes": [0.2761702127659574, 0.19007092198581554, 0.6059574468085106, 0.5943262411347517], "class": 2}