{"image": "0ab1da6e-1ab0-11ef-b511-bd5cfcf36af4.jpg", "bboxes": [0.14515366430260046, 0.4034515366430261, 0.4749408983451538, 0.8077068557919622], "class": 2}