{"image": "0ab1da6e-1ab0-11ef-b511-bd5cfcf36af4.jpg", "bboxes": [0.3428368794326241, 0.41456264775413715, 0.6726241134751773, 0.8188179669030733], "class": 2}