{"image": "0ab1da6e-1ab0-11ef-b511-bd5cfcf36af4.jpg", "bboxes": [0.4028368794326241, 0.14118203309692667, 0.7326241134751773, 0.5454373522458629], "class": 2}