{"image": "0ab1da6e-1ab0-11ef-b511-bd5cfcf36af4.jpg", "bboxes": [0.38515366430260045, 0.4456737588652483, 0.7149408983451537, 0.8499290780141845], "class": 2}