{"image": "0ab1da6e-1ab0-11ef-b511-bd5cfcf36af4.jpg", "bboxes": [0.5183924349881797, 0.4367848699763594, 0.8481796690307328, 0.8410401891252955], "class": 2}