{"image": "0ab1da6e-1ab0-11ef-b511-bd5cfcf36af4.jpg", "bboxes": [0.19626477541371157, 0.4390070921985816, 0.5260520094562648, 0.8432624113475178], "class": 2}