{"image": "0ab1da6e-1ab0-11ef-b511-bd5cfcf36af4.jpg", "bboxes": [0.522836879432624, 0.43456264775413717, 0.8526241134751773, 0.8388179669030733], "class": 2}