{"image": "0ab1da6e-1ab0-11ef-b511-bd5cfcf36af4.jpg", "bboxes": [0.25172576832151294, 0.13895981087470444, 0.5815130023640662, 0.5432151300236406], "class": 2}