{"image": "0ab1da6e-1ab0-11ef-b511-bd5cfcf36af4.jpg", "bboxes": [0.42283687943262405, 0.39678486997635937, 0.7526241134751773, 0.8010401891252955], "class": 2}