{"image": "0ab1da6e-1ab0-11ef-b511-bd5cfcf36af4.jpg", "bboxes": [0.36950354609929076, 0.1989598108747045, 0.699290780141844, 0.6032151300236406], "class": 2}