{"image": "0ab1da6e-1ab0-11ef-b511-bd5cfcf36af4.jpg", "bboxes": [0.17839243498817964, 0.1434042553191489, 0.5081796690307329, 0.547659574468085], "class": 2}