{"image": "0ab1da6e-1ab0-11ef-b511-bd5cfcf36af4.jpg", "bboxes": [0.2539479905437352, 0.13895981087470444, 0.5837352245862883, 0.5432151300236406], "class": 2}