{"image": "0ab1da6e-1ab0-11ef-b511-bd5cfcf36af4.jpg", "bboxes": [0.5161702127659574, 0.17229314420803776, 0.8459574468085106, 0.576548463356974], "class": 2}