{"image": "0ab1da6e-1ab0-11ef-b511-bd5cfcf36af4.jpg", "bboxes": [0.2739479905437352, 0.1500709219858155, 0.6037352245862884, 0.5543262411347517], "class": 2}