{"image": "0ab1da6e-1ab0-11ef-b511-bd5cfcf36af4.jpg", "bboxes": [0.3251536643026005, 0.1878486997635933, 0.6549408983451537, 0.5921040189125295], "class": 2}