{"image": "0ab1da6e-1ab0-11ef-b511-bd5cfcf36af4.jpg", "bboxes": [0.16061465721040186, 0.18340425531914883, 0.4904018912529551, 0.587659574468085], "class": 2}