{"image": "0ab1da6e-1ab0-11ef-b511-bd5cfcf36af4.jpg", "bboxes": [0.291725768321513, 0.15895981087470445, 0.6215130023640661, 0.5632151300236405], "class": 2}