{"image": "0ab1da6e-1ab0-11ef-b511-bd5cfcf36af4.jpg", "bboxes": [0.4739479905437352, 0.4278959810874705, 0.8037352245862884, 0.8321513002364067], "class": 2}