{"image": "0ab1da6e-1ab0-11ef-b511-bd5cfcf36af4.jpg", "bboxes": [0.34737588652482276, 0.4301182033096927, 0.6771631205673759, 0.8343735224586288], "class": 2}