{"image": "0ab1da6e-1ab0-11ef-b511-bd5cfcf36af4.jpg", "bboxes": [0.4872813238770685, 0.4367848699763594, 0.8170685579196217, 0.8410401891252955], "class": 2}