{"image": "0ab1da6e-1ab0-11ef-b511-bd5cfcf36af4.jpg", "bboxes": [0.4050591016548463, 0.14562647754137115, 0.7348463356973995, 0.5498817966903073], "class": 2}