{"image": "0ab1da6e-1ab0-11ef-b511-bd5cfcf36af4.jpg", "bboxes": [0.540709219858156, 0.17673758865248224, 0.8704964539007093, 0.5809929078014184], "class": 2}