{"image": "0ab1da6e-1ab0-11ef-b511-bd5cfcf36af4.jpg", "bboxes": [0.3761702127659574, 0.41011820330969273, 0.7059574468085106, 0.8143735224586289], "class": 2}