{"image": "0ab1da6e-1ab0-11ef-b511-bd5cfcf36af4.jpg", "bboxes": [0.24728132387706853, 0.3945626477541372, 0.5770685579196217, 0.7988179669030734], "class": 2}