{"image": "0ab1da6e-1ab0-11ef-b511-bd5cfcf36af4.jpg", "bboxes": [0.37172576832151294, 0.4545626477541372, 0.7015130023640662, 0.8588179669030733], "class": 2}