{"image": "0ab1da6e-1ab0-11ef-b511-bd5cfcf36af4.jpg", "bboxes": [0.2851536643026005, 0.19895981087470446, 0.6149408983451535, 0.6032151300236406], "class": 2}