{"image": "0ab1da6e-1ab0-11ef-b511-bd5cfcf36af4.jpg", "bboxes": [0.3362647754137116, 0.15451536643025998, 0.6660520094562647, 0.5587706855791962], "class": 2}