{"image": "0ab1da6e-1ab0-11ef-b511-bd5cfcf36af4.jpg", "bboxes": [0.1250591016548463, 0.43456264775413717, 0.4548463356973995, 0.8388179669030733], "class": 2}