{"image": "0ab1da6e-1ab0-11ef-b511-bd5cfcf36af4.jpg", "bboxes": [0.291725768321513, 0.17451536643026, 0.6215130023640661, 0.5787706855791962], "class": 2}