{"image": "0ab1da6e-1ab0-11ef-b511-bd5cfcf36af4.jpg", "bboxes": [0.38728132387706854, 0.20118203309692662, 0.7170685579196218, 0.6054373522458628], "class": 2}