{"image": "0ab1da6e-1ab0-11ef-b511-bd5cfcf36af4.jpg", "bboxes": [0.19172576832151297, 0.19007092198581554, 0.5215130023640662, 0.5943262411347517], "class": 2}