{"image": "0ab1da6e-1ab0-11ef-b511-bd5cfcf36af4.jpg", "bboxes": [0.5162647754137116, 0.45234042553191495, 0.8460520094562648, 0.8565957446808511], "class": 2}