{"image": "0ab1da6e-1ab0-11ef-b511-bd5cfcf36af4.jpg", "bboxes": [0.5139479905437352, 0.40567375886524826, 0.8437352245862884, 0.8099290780141845], "class": 2}