{"image": "0ab1da6e-1ab0-11ef-b511-bd5cfcf36af4.jpg", "bboxes": [0.3451536643026006, 0.44345153664302606, 0.6749408983451537, 0.8477068557919623], "class": 2}