{"image": "0ab1da6e-1ab0-11ef-b511-bd5cfcf36af4.jpg", "bboxes": [0.15848699763593388, 0.16562647754137116, 0.48827423167848705, 0.5698817966903074], "class": 2}