{"image": "0ab1da6e-1ab0-11ef-b511-bd5cfcf36af4.jpg", "bboxes": [0.39182033096926716, 0.4212293144208038, 0.7216075650118203, 0.82548463356974], "class": 2}