{"image": "0ab1da6e-1ab0-11ef-b511-bd5cfcf36af4.jpg", "bboxes": [0.39172576832151296, 0.4256737588652483, 0.7215130023640661, 0.8299290780141845], "class": 2}