{"image": "0ab1da6e-1ab0-11ef-b511-bd5cfcf36af4.jpg", "bboxes": [0.3139479905437352, 0.46122931442080384, 0.6437352245862884, 0.86548463356974], "class": 2}