{"image": "0ab1da6e-1ab0-11ef-b511-bd5cfcf36af4.jpg", "bboxes": [0.49839243498817964, 0.44345153664302606, 0.8281796690307328, 0.8477068557919623], "class": 2}