{"image": "0ab1da6e-1ab0-11ef-b511-bd5cfcf36af4.jpg", "bboxes": [0.5162647754137116, 0.15451536643025995, 0.8460520094562648, 0.5587706855791962], "class": 2}