{"image": "0ab1da6e-1ab0-11ef-b511-bd5cfcf36af4.jpg", "bboxes": [0.24728132387706853, 0.4212293144208038, 0.5770685579196217, 0.82548463356974], "class": 2}