{"image": "0ab1da6e-1ab0-11ef-b511-bd5cfcf36af4.jpg", "bboxes": [0.47404255319148936, 0.19007092198581554, 0.8038297872340425, 0.5943262411347517], "class": 2}