{"image": "0ab1da6e-1ab0-11ef-b511-bd5cfcf36af4.jpg", "bboxes": [0.37182033096926714, 0.4412293144208038, 0.7016075650118203, 0.84548463356974], "class": 2}