{"image": "0ab1da6e-1ab0-11ef-b511-bd5cfcf36af4.jpg", "bboxes": [0.3895981087470449, 0.18562647754137107, 0.7193853427895982, 0.5898817966903073], "class": 2}