{"image": "0ab1da6e-1ab0-11ef-b511-bd5cfcf36af4.jpg", "bboxes": [0.20959810874704501, 0.19229314420803778, 0.5393853427895982, 0.596548463356974], "class": 2}