{"image": "0ab1da6e-1ab0-11ef-b511-bd5cfcf36af4.jpg", "bboxes": [0.43848699763593374, 0.4278959810874705, 0.7682742316784871, 0.8321513002364067], "class": 2}