{"image": "0ab1da6e-1ab0-11ef-b511-bd5cfcf36af4.jpg", "bboxes": [0.20728132387706852, 0.46122931442080384, 0.5370685579196217, 0.86548463356974], "class": 2}