{"image": "0ab1da6e-1ab0-11ef-b511-bd5cfcf36af4.jpg", "bboxes": [0.20728132387706852, 0.45678486997635936, 0.5370685579196217, 0.8610401891252956], "class": 2}