{"image": "0ab1da6e-1ab0-11ef-b511-bd5cfcf36af4.jpg", "bboxes": [0.5562647754137116, 0.1434042553191489, 0.8860520094562648, 0.547659574468085], "class": 2}