{"image": "0ab1da6e-1ab0-11ef-b511-bd5cfcf36af4.jpg", "bboxes": [0.3829314420803783, 0.40567375886524826, 0.7127186761229315, 0.8099290780141845], "class": 2}