{"image": "0ab1da6e-1ab0-11ef-b511-bd5cfcf36af4.jpg", "bboxes": [0.4850591016548463, 0.19451536643026002, 0.8148463356973995, 0.598770685579196], "class": 2}