{"image": "0ab1da6e-1ab0-11ef-b511-bd5cfcf36af4.jpg", "bboxes": [0.20950354609929073, 0.4256737588652483, 0.539290780141844, 0.8299290780141845], "class": 2}