{"image": "0ab1da6e-1ab0-11ef-b511-bd5cfcf36af4.jpg", "bboxes": [0.2562647754137116, 0.42345153664302604, 0.5860520094562648, 0.8277068557919622], "class": 2}