{"image": "0ab1da6e-1ab0-11ef-b511-bd5cfcf36af4.jpg", "bboxes": [0.1561702127659574, 0.41456264775413715, 0.4859574468085106, 0.8188179669030733], "class": 2}