{"image": "0ab1da6e-1ab0-11ef-b511-bd5cfcf36af4.jpg", "bboxes": [0.3495981087470449, 0.4078959810874705, 0.6793853427895982, 0.8121513002364067], "class": 2}