{"image": "0ab1da6e-1ab0-11ef-b511-bd5cfcf36af4.jpg", "bboxes": [0.5118203309692672, 0.46122931442080384, 0.8416075650118205, 0.86548463356974], "class": 2}