{"image": "0ab1da6e-1ab0-11ef-b511-bd5cfcf36af4.jpg", "bboxes": [0.5384869976359339, 0.19229314420803778, 0.868274231678487, 0.596548463356974], "class": 2}