{"image": "0ab1da6e-1ab0-11ef-b511-bd5cfcf36af4.jpg", "bboxes": [0.329598108747045, 0.19451536643026002, 0.6593853427895982, 0.5987706855791961], "class": 2}