{"image": "0ab1da6e-1ab0-11ef-b511-bd5cfcf36af4.jpg", "bboxes": [0.1650591016548463, 0.13895981087470444, 0.4948463356973995, 0.5432151300236406], "class": 2}