{"image": "0adf8c42-0853-11ef-9d21-64d2c4ecd148.jpg", "bboxes": [0.35925925925925895, 0.0, 1.0, 0.6446464646464646], "class": 1}