{"image": "0adf8c42-0853-11ef-9d21-64d2c4ecd148.jpg", "bboxes": [0.5925925925925923, 0.07313131313131316, 0.9977777777777778, 0.9923232323232323], "class": 1}