{"image": "0adf8c42-0853-11ef-9d21-64d2c4ecd148.jpg", "bboxes": [0.3972390572390572, 0.0, 0.9977777777777778, 0.7868686868686868], "class": 1}