{"image": "0adf8c42-0853-11ef-9d21-64d2c4ecd148.jpg", "bboxes": [0.8772390572390573, 0.3553535353535354, 1.0, 1.0], "class": 1}