{"image": "0adf8c42-0853-11ef-9d21-64d2c4ecd148.jpg", "bboxes": [0.3772390572390572, 0.0, 1.0, 0.6402020202020201], "class": 1}