{"image": "0adf8c42-0853-11ef-9d21-64d2c4ecd148.jpg", "bboxes": [0.9527946127946127, 0.29535353535353537, 0.9977777777777778, 0.9977777777777778], "class": 1}