{"image": "0adf8c42-0853-11ef-9d21-64d2c4ecd148.jpg", "bboxes": [0.1527946127946128, 0.0, 0.9474074074074077, 0.3535353535353535], "class": 1}