{"image": "0adf8c42-0853-11ef-9d21-64d2c4ecd148.jpg", "bboxes": [0.4616835016835017, 0.09535353535353541, 0.9977777777777778, 0.9977777777777778], "class": 1}