{"image": "0adf8c42-0853-11ef-9d21-64d2c4ecd148.jpg", "bboxes": [0.34370370370370346, 0.0, 0.9977777777777778, 0.3579797979797979], "class": 1}