{"image": "0adf8c42-0853-11ef-9d21-64d2c4ecd148.jpg", "bboxes": [0.5861279461279462, 0.430909090909091, 1.0, 1.0], "class": 1}