{"image": "0adf8c42-0853-11ef-9d21-64d2c4ecd148.jpg", "bboxes": [0.1792592592592589, 0.0, 0.9738720538720539, 0.5424242424242424], "class": 1}