{"image": "0adf8c42-0853-11ef-9d21-64d2c4ecd148.jpg", "bboxes": [0.0, 0.37090909090909097, 0.673872053872054, 1.0], "class": 1}