{"image": "0adf8c42-0853-11ef-9d21-64d2c4ecd148.jpg", "bboxes": [0.46814814814814776, 0.0, 1.0, 0.737979797979798], "class": 1}