{"image": "0adf8c42-0853-11ef-9d21-64d2c4ecd148.jpg", "bboxes": [0.3461279461279461, 0.35090909090909095, 0.9977777777777778, 0.9977777777777778], "class": 1}