{"image": "0adf8c42-0853-11ef-9d21-64d2c4ecd148.jpg", "bboxes": [0.0022222222222222365, 0.24202020202020202, 0.2205387205387206, 0.9977777777777778], "class": 1}