{"image": "0adf8c42-0853-11ef-9d21-64d2c4ecd148.jpg", "bboxes": [0.6727946127946128, 0.0, 1.0, 0.749090909090909], "class": 1}