{"image": "0adf8c42-0853-11ef-9d21-64d2c4ecd148.jpg", "bboxes": [0.26390572390572387, 0.0, 1.0, 0.8824242424242423], "class": 1}