{"image": "0adf8c42-0853-11ef-9d21-64d2c4ecd148.jpg", "bboxes": [0.7059259259259256, 0.3597979797979799, 1.0, 1.0], "class": 1}