{"image": "0adf8c42-0853-11ef-9d21-64d2c4ecd148.jpg", "bboxes": [0.30424242424242387, 0.6235690235690237, 0.9977777777777778, 0.9977777777777778], "class": 1}