{"image": "0adf8c42-0853-11ef-9d21-64d2c4ecd148.jpg", "bboxes": [0.5527946127946127, 0.0, 0.9977777777777778, 0.5757575757575757], "class": 1}