{"image": "0adf8c42-0853-11ef-9d21-64d2c4ecd148.jpg", "bboxes": [0.18390572390572388, 0.27535353535353546, 0.9785185185185189, 0.9977777777777778], "class": 1}