{"image": "0adf8c42-0853-11ef-9d21-64d2c4ecd148.jpg", "bboxes": [0.0, 0.13535353535353545, 0.2916498316498317, 1.0], "class": 1}