{"image": "0adf8c42-0853-11ef-9d21-64d2c4ecd148.jpg", "bboxes": [0.0, 0.13090909090909097, 0.64962962962963, 0.9977777777777778], "class": 1}