{"image": "0adf8c42-0853-11ef-9d21-64d2c4ecd148.jpg", "bboxes": [0.0022222222222222365, 0.270909090909091, 0.05164983164983161, 0.9977777777777778], "class": 1}