{"image": "0b36b116-0853-11ef-9d21-64d2c4ecd148.jpg", "bboxes": [0.5639730639730639, 0.0, 1.0, 0.44626262626262636], "class": 1}