{"image": "0b36b116-0853-11ef-9d21-64d2c4ecd148.jpg", "bboxes": [0.0, 0.0, 0.41393939393939394, 0.612929292929293], "class": 1}