{"image": "0b36b116-0853-11ef-9d21-64d2c4ecd148.jpg", "bboxes": [0.0022222222222222365, 0.4892929292929292, 0.553939393939394, 0.9977777777777778], "class": 1}