{"image": "0b36b116-0853-11ef-9d21-64d2c4ecd148.jpg", "bboxes": [0.0, 0.4448484848484847, 0.43380471380471386, 1.0], "class": 1}