{"image": "0b36b116-0853-11ef-9d21-64d2c4ecd148.jpg", "bboxes": [0.0, 0.7248484848484847, 0.09616161616161611, 1.0], "class": 1}