{"image": "0b36b116-0853-11ef-9d21-64d2c4ecd148.jpg", "bboxes": [0.0, 0.1337373737373736, 0.3606060606060606, 0.9889562289562289], "class": 1}