{"image": "0b36b116-0853-11ef-9d21-64d2c4ecd148.jpg", "bboxes": [0.05939393939393944, 0.48707070707070693, 0.7226936026936027, 0.9977777777777778], "class": 1}