{"image": "0b36b116-0853-11ef-9d21-64d2c4ecd148.jpg", "bboxes": [0.0, 0.13818181818181807, 0.3626936026936028, 0.9934006734006733], "class": 1}