{"image": "0b36b116-0853-11ef-9d21-64d2c4ecd148.jpg", "bboxes": [0.7638383838383839, 0.6359595959595958, 1.0, 1.0], "class": 1}