{"image": "0b36b116-0853-11ef-9d21-64d2c4ecd148.jpg", "bboxes": [0.5414814814814817, 0.16814814814814816, 0.9977777777777778, 0.9829629629629629], "class": 1}