{"image": "0b36b116-0853-11ef-9d21-64d2c4ecd148.jpg", "bboxes": [0.11400673400673389, 0.2992592592592594, 0.7874074074074072, 0.9977777777777778], "class": 1}