{"image": "0b36b116-0853-11ef-9d21-64d2c4ecd148.jpg", "bboxes": [0.35939393939393943, 0.6092929292929292, 0.9977777777777778, 0.9977777777777778], "class": 1}