{"image": "0b36b116-0853-11ef-9d21-64d2c4ecd148.jpg", "bboxes": [0.22161616161616166, 0.0, 0.884915824915825, 0.7551515151515152], "class": 1}