{"image": "0b36b116-0853-11ef-9d21-64d2c4ecd148.jpg", "bboxes": [0.5017508417508416, 0.5426262626262626, 1.0, 1.0], "class": 1}