{"image": "0b36b116-0853-11ef-9d21-64d2c4ecd148.jpg", "bboxes": [0.974949494949495, 0.0, 0.9977777777777778, 0.6751515151515153], "class": 1}