{"image": "0b36b116-0853-11ef-9d21-64d2c4ecd148.jpg", "bboxes": [0.8327272727272728, 0.2670707070707069, 1.0, 1.0], "class": 1}