{"image": "0b36b116-0853-11ef-9d21-64d2c4ecd148.jpg", "bboxes": [0.09063973063973052, 0.0, 0.7539393939393939, 0.3151515151515153], "class": 1}