{"image": "0b36b116-0853-11ef-9d21-64d2c4ecd148.jpg", "bboxes": [0.0, 0.12929292929292913, 0.44936026936026946, 0.9845117845117844], "class": 1}