{"image": "0b36b116-0853-11ef-9d21-64d2c4ecd148.jpg", "bboxes": [0.0, 0.49151515151515135, 0.3183838383838383, 1.0], "class": 1}