{"image": "0b36b116-0853-11ef-9d21-64d2c4ecd148.jpg", "bboxes": [0.095084175084175, 0.6404040404040403, 0.7583838383838384, 0.9977777777777778], "class": 1}