{"image": "0b36b116-0853-11ef-9d21-64d2c4ecd148.jpg", "bboxes": [0.3482828282828283, 0.4448484848484847, 1.0, 1.0], "class": 1}