{"image": "0b36b116-0853-11ef-9d21-64d2c4ecd148.jpg", "bboxes": [0.9971717171717173, 0.0, 0.9977777777777778, 0.5773737373737375], "class": 1}