{"image": "0b36b116-0853-11ef-9d21-64d2c4ecd148.jpg", "bboxes": [0.16397306397306388, 0.0, 0.8272727272727272, 0.5640404040404041], "class": 1}