{"image": "0b36b116-0853-11ef-9d21-64d2c4ecd148.jpg", "bboxes": [0.6306397306397306, 0.0, 1.0, 0.5551515151515153], "class": 1}