{"image": "0b36b116-0853-11ef-9d21-64d2c4ecd148.jpg", "bboxes": [0.0, 0.6537373737373736, 0.5939393939393939, 1.0], "class": 1}