{"image": "0b36b116-0853-11ef-9d21-64d2c4ecd148.jpg", "bboxes": [0.7261952861952862, 0.0, 0.9977777777777778, 0.5195959595959597], "class": 1}