{"image": "0b36b116-0853-11ef-9d21-64d2c4ecd148.jpg", "bboxes": [0.33717171717171723, 0.7137373737373736, 1.0, 1.0], "class": 1}