{"image": "0b36b116-0853-11ef-9d21-64d2c4ecd148.jpg", "bboxes": [0.0022222222222222365, 0.0, 0.5139393939393939, 0.272929292929293], "class": 1}