{"image": "0b36b116-0853-11ef-9d21-64d2c4ecd148.jpg", "bboxes": [0.3527272727272728, 0.0, 1.0, 0.5195959595959597], "class": 1}