{"image": "0b36b116-0853-11ef-9d21-64d2c4ecd148.jpg", "bboxes": [0.0, 0.2159595959595958, 0.6382491582491583, 1.0], "class": 1}