{"image": "0b36b116-0853-11ef-9d21-64d2c4ecd148.jpg", "bboxes": [0.010370370370370538, 0.33259259259259266, 0.6837710437710439, 0.9977777777777778], "class": 1}