{"image": "0b36b116-0853-11ef-9d21-64d2c4ecd148.jpg", "bboxes": [0.06175084175084167, 0.4137373737373736, 0.725050505050505, 1.0], "class": 1}