{"image": "0b36b116-0853-11ef-9d21-64d2c4ecd148.jpg", "bboxes": [0.5928619528619528, 0.3048484848484847, 1.0, 1.0], "class": 1}