{"image": "0b36b116-0853-11ef-9d21-64d2c4ecd148.jpg", "bboxes": [0.0, 0.3492929292929292, 0.17602693602693611, 1.0], "class": 1}