{"image": "0b36b116-0853-11ef-9d21-64d2c4ecd148.jpg", "bboxes": [0.1895622895622895, 0.6837037037037037, 0.8629629629629628, 0.9977777777777778], "class": 1}