{"image": "0b36b116-0853-11ef-9d21-64d2c4ecd148.jpg", "bboxes": [0.6162289562289561, 0.0, 0.9977777777777778, 0.3829629629629629], "class": 1}