{"image": "0b36b116-0853-11ef-9d21-64d2c4ecd148.jpg", "bboxes": [0.0, 0.4037037037037038, 0.030437710437710545, 0.9977777777777778], "class": 1}