{"image": "0b36b116-0853-11ef-9d21-64d2c4ecd148.jpg", "bboxes": [0.8773063973063973, 0.6826262626262625, 1.0, 1.0], "class": 1}