{"image": "0b36b116-0853-11ef-9d21-64d2c4ecd148.jpg", "bboxes": [0.0, 0.19818181818181801, 0.31380471380471386, 1.0], "class": 1}