{"image": "0b36b116-0853-11ef-9d21-64d2c4ecd148.jpg", "bboxes": [0.0, 0.30040404040404034, 0.6293602693602695, 0.9977777777777778], "class": 1}