{"image": "0b36b116-0853-11ef-9d21-64d2c4ecd148.jpg", "bboxes": [0.06370370370370387, 0.030370370370370443, 0.7371043771043773, 0.8451851851851852], "class": 1}