{"image": "0b36b116-0853-11ef-9d21-64d2c4ecd148.jpg", "bboxes": [0.2681481481481483, 0.29481481481481486, 0.9415488215488217, 0.9977777777777778], "class": 1}