{"image": "0b36b116-0853-11ef-9d21-64d2c4ecd148.jpg", "bboxes": [0.0, 0.6604040404040403, 0.5071380471380472, 1.0], "class": 1}