{"image": "0b36b116-0853-11ef-9d21-64d2c4ecd148.jpg", "bboxes": [0.8239730639730639, 0.5048484848484847, 1.0, 1.0], "class": 1}