{"image": "0b36b116-0853-11ef-9d21-64d2c4ecd148.jpg", "bboxes": [0.11925925925925943, 0.0, 0.7926599326599327, 0.3474074074074074], "class": 1}