{"image": "0b36b116-0853-11ef-9d21-64d2c4ecd148.jpg", "bboxes": [0.025117845117844984, 0.0, 0.6985185185185183, 0.3807407407407407], "class": 1}