{"image": "0b36b116-0853-11ef-9d21-64d2c4ecd148.jpg", "bboxes": [0.0, 0.2670707070707069, 0.2161616161616161, 1.0], "class": 1}