{"image": "0b36b116-0853-11ef-9d21-64d2c4ecd148.jpg", "bboxes": [0.4706397306397305, 0.0, 0.9977777777777778, 0.5307070707070708], "class": 1}