{"image": "0b36b116-0853-11ef-9d21-64d2c4ecd148.jpg", "bboxes": [0.935084175084175, 0.6381818181818181, 1.0, 1.0], "class": 1}