{"image": "0b36b116-0853-11ef-9d21-64d2c4ecd148.jpg", "bboxes": [0.23925925925925942, 0.0, 0.9126599326599327, 0.5718518518518518], "class": 1}