{"image": "0b36b116-0853-11ef-9d21-64d2c4ecd148.jpg", "bboxes": [0.8705050505050506, 0.0, 1.0, 0.5995959595959597], "class": 1}