{"image": "0b36b116-0853-11ef-9d21-64d2c4ecd148.jpg", "bboxes": [0.0, 0.13151515151515136, 0.18936026936026942, 0.9867340067340067], "class": 1}