{"image": "0b36b116-0853-11ef-9d21-64d2c4ecd148.jpg", "bboxes": [0.3638383838383839, 0.21373737373737367, 1.0, 1.0], "class": 1}