{"image": "0b36b116-0853-11ef-9d21-64d2c4ecd148.jpg", "bboxes": [0.38175084175084173, 0.5004040404040403, 0.9977777777777778, 0.9977777777777778], "class": 1}