{"image": "0b8dbb6e-0853-11ef-9d21-64d2c4ecd148.jpg", "bboxes": [0.0, 0.6245791245791248, 0.6192592592592594, 1.0], "class": 1}