{"image": "0b8dbb6e-0853-11ef-9d21-64d2c4ecd148.jpg", "bboxes": [0.0, 0.5445791245791247, 0.6471380471380472, 0.9977777777777778], "class": 1}