{"image": "0b8dbb6e-0853-11ef-9d21-64d2c4ecd148.jpg", "bboxes": [0.6306397306397306, 0.0, 1.0, 0.5576430976430975], "class": 1}