{"image": "0b8dbb6e-0853-11ef-9d21-64d2c4ecd148.jpg", "bboxes": [0.7362962962962961, 0.4312457912457913, 0.9977777777777778, 0.9977777777777778], "class": 1}