{"image": "0b8dbb6e-0853-11ef-9d21-64d2c4ecd148.jpg", "bboxes": [0.0, 0.5134680134680136, 0.7014814814814816, 1.0], "class": 1}