{"image": "0b8dbb6e-0853-11ef-9d21-64d2c4ecd148.jpg", "bboxes": [0.0, 0.546801346801347, 0.6715824915824916, 1.0], "class": 1}