{"image": "0b8dbb6e-0853-11ef-9d21-64d2c4ecd148.jpg", "bboxes": [0.012861952861952797, 0.21791245791245803, 0.7637037037037039, 0.9977777777777778], "class": 1}