{"image": "0b8dbb6e-0853-11ef-9d21-64d2c4ecd148.jpg", "bboxes": [0.38175084175084173, 0.0, 1.0, 0.31097643097643085], "class": 1}