{"image": "0b8dbb6e-0853-11ef-9d21-64d2c4ecd148.jpg", "bboxes": [0.09851851851851835, 0.39346801346801363, 0.8493602693602694, 1.0], "class": 1}