{"image": "0b8dbb6e-0853-11ef-9d21-64d2c4ecd148.jpg", "bboxes": [0.6607407407407405, 0.0, 1.0, 0.33986531986531976], "class": 1}