{"image": "0b8dbb6e-0853-11ef-9d21-64d2c4ecd148.jpg", "bboxes": [0.0, 0.31346801346801356, 0.3538047138047139, 1.0], "class": 1}