{"image": "0b8dbb6e-0853-11ef-9d21-64d2c4ecd148.jpg", "bboxes": [0.0022222222222222365, 0.007878787878787952, 0.3037037037037039, 0.8731986531986531], "class": 1}