{"image": "0b8dbb6e-0853-11ef-9d21-64d2c4ecd148.jpg", "bboxes": [0.21952861952861946, 0.35791245791245807, 0.9703703703703705, 1.0], "class": 1}