{"image": "0b8dbb6e-0853-11ef-9d21-64d2c4ecd148.jpg", "bboxes": [0.5061952861952861, 0.0, 1.0, 0.4043097643097642], "class": 1}