{"image": "0b8dbb6e-0853-11ef-9d21-64d2c4ecd148.jpg", "bboxes": [0.7639730639730639, 0.0, 0.9977777777777778, 0.8309764309764308], "class": 1}