{"image": "0b8dbb6e-0853-11ef-9d21-64d2c4ecd148.jpg", "bboxes": [0.0, 0.11124579124579137, 0.6893602693602694, 0.9765656565656565], "class": 1}