{"image": "0b8dbb6e-0853-11ef-9d21-64d2c4ecd148.jpg", "bboxes": [0.0, 0.3868013468013469, 0.2871380471380472, 1.0], "class": 1}