{"image": "0b8dbb6e-0853-11ef-9d21-64d2c4ecd148.jpg", "bboxes": [0.0022222222222222365, 0.012323232323232397, 0.005925925925926112, 0.8776430976430976], "class": 1}