{"image": "0b8dbb6e-0853-11ef-9d21-64d2c4ecd148.jpg", "bboxes": [0.0, 0.6134680134680136, 0.27158249158249165, 0.9977777777777778], "class": 1}