{"image": "0b8dbb6e-0853-11ef-9d21-64d2c4ecd148.jpg", "bboxes": [0.40518518518518504, 0.6334680134680136, 0.9977777777777778, 0.9977777777777778], "class": 1}