{"image": "0b8dbb6e-0853-11ef-9d21-64d2c4ecd148.jpg", "bboxes": [0.15407407407407392, 0.46457912457912476, 0.904915824915825, 1.0], "class": 1}