{"image": "0b8dbb6e-0853-11ef-9d21-64d2c4ecd148.jpg", "bboxes": [0.04074074074074057, 0.00565656565656573, 0.7915824915824916, 0.8709764309764308], "class": 1}