{"image": "0b8dbb6e-0853-11ef-9d21-64d2c4ecd148.jpg", "bboxes": [0.7173063973063972, 0.12235690235690244, 0.9977777777777778, 0.9876767676767676], "class": 1}