{"image": "0b8dbb6e-0853-11ef-9d21-64d2c4ecd148.jpg", "bboxes": [0.2995286195286195, 0.0, 0.9977777777777778, 0.5976430976430975], "class": 1}