{"image": "0b8dbb6e-0853-11ef-9d21-64d2c4ecd148.jpg", "bboxes": [0.7585185185185184, 0.21569023569023582, 1.0, 1.0], "class": 1}