{"image": "0b8dbb6e-0853-11ef-9d21-64d2c4ecd148.jpg", "bboxes": [0.34518518518518504, 0.0, 0.9977777777777778, 0.35764309764309754], "class": 1}