{"image": "0b8dbb6e-0853-11ef-9d21-64d2c4ecd148.jpg", "bboxes": [0.0, 0.47569023569023583, 0.7037037037037039, 1.0], "class": 1}