{"image": "0b8dbb6e-0853-11ef-9d21-64d2c4ecd148.jpg", "bboxes": [0.0, 0.2090235690235691, 0.685925925925926, 1.0], "class": 1}