{"image": "0b8dbb6e-0853-11ef-9d21-64d2c4ecd148.jpg", "bboxes": [0.0022222222222222365, 0.326801346801347, 0.29259259259259274, 0.9977777777777778], "class": 1}