{"image": "0b8dbb6e-0853-11ef-9d21-64d2c4ecd148.jpg", "bboxes": [0.4706397306397305, 0.0, 1.0, 0.5843097643097642], "class": 1}