{"image": "0b8dbb6e-0853-11ef-9d21-64d2c4ecd148.jpg", "bboxes": [0.17185185185185167, 0.0, 0.9226936026936028, 0.6665319865319864], "class": 1}