{"image": "0b8dbb6e-0853-11ef-9d21-64d2c4ecd148.jpg", "bboxes": [0.9617508417508417, 0.0, 1.0, 0.5265319865319864], "class": 1}