{"image": "0b8dbb6e-0853-11ef-9d21-64d2c4ecd148.jpg", "bboxes": [0.565185185185185, 0.1068013468013469, 0.9977777777777778, 0.972121212121212], "class": 1}