{"image": "0b8dbb6e-0853-11ef-9d21-64d2c4ecd148.jpg", "bboxes": [0.7007407407407406, 0.6890235690235691, 1.0, 1.0], "class": 1}