{"image": "0b8dbb6e-0853-11ef-9d21-64d2c4ecd148.jpg", "bboxes": [0.5084175084175083, 0.6956902356902358, 1.0, 1.0], "class": 1}