{"image": "0b8dbb6e-0853-11ef-9d21-64d2c4ecd148.jpg", "bboxes": [0.014074074074073906, 0.0, 0.764915824915825, 0.3354208754208753], "class": 1}