{"image": "0b8dbb6e-0853-11ef-9d21-64d2c4ecd148.jpg", "bboxes": [0.5118518518518517, 0.45791245791245805, 1.0, 1.0], "class": 1}