{"image": "0b8dbb6e-0853-11ef-9d21-64d2c4ecd148.jpg", "bboxes": [0.325185185185185, 0.41346801346801365, 1.0, 1.0], "class": 1}