{"image": "0b8dbb6e-0853-11ef-9d21-64d2c4ecd148.jpg", "bboxes": [0.5928619528619528, 0.02565656565656573, 0.9977777777777778, 0.8909764309764309], "class": 1}