{"image": "0b8dbb6e-0853-11ef-9d21-64d2c4ecd148.jpg", "bboxes": [0.19629629629629614, 0.3668013468013469, 0.9471380471380472, 1.0], "class": 1}