{"image": "0b8dbb6e-0853-11ef-9d21-64d2c4ecd148.jpg", "bboxes": [0.0, 0.6490235690235692, 0.2560269360269361, 0.9977777777777778], "class": 1}