{"image": "0b8dbb6e-0853-11ef-9d21-64d2c4ecd148.jpg", "bboxes": [0.46619528619528616, 0.030101010101010173, 0.9977777777777778, 0.8954208754208753], "class": 1}