{"image": "0b8dbb6e-0853-11ef-9d21-64d2c4ecd148.jpg", "bboxes": [0.0, 0.14013468013468022, 0.08269360269360276, 0.9977777777777778], "class": 1}