{"image": "0b8dbb6e-0853-11ef-9d21-64d2c4ecd148.jpg", "bboxes": [0.08074074074074057, 0.0, 0.8315824915824916, 0.4798653198653197], "class": 1}