{"image": "0c4213a8-1ab0-11ef-91a5-bd5cfcf36af4.jpg", "bboxes": [0.29820330969267134, 0.09669030732860517, 0.7060047281323877, 0.47494089834515363], "class": 2}