{"image": "0c4213a8-1ab0-11ef-91a5-bd5cfcf36af4.jpg", "bboxes": [0.27598108747044914, 0.48505910165484634, 0.6837825059101654, 0.8633096926713948], "class": 2}