{"image": "0c4213a8-1ab0-11ef-91a5-bd5cfcf36af4.jpg", "bboxes": [0.2162174940898346, 0.5183924349881797, 0.6240189125295509, 0.8966430260047281], "class": 2}