{"image": "0c4213a8-1ab0-11ef-91a5-bd5cfcf36af4.jpg", "bboxes": [0.2426477541371158, 0.12113475177304966, 0.6504491725768321, 0.4993853427895981], "class": 2}