{"image": "0c4213a8-1ab0-11ef-91a5-bd5cfcf36af4.jpg", "bboxes": [0.26709219858156025, 0.11446808510638296, 0.6748936170212766, 0.4927186761229314], "class": 2}