{"image": "0c4213a8-1ab0-11ef-91a5-bd5cfcf36af4.jpg", "bboxes": [0.1539952718676123, 0.10335697399527188, 0.5617966903073286, 0.4816075650118203], "class": 2}