{"image": "0c4213a8-1ab0-11ef-91a5-bd5cfcf36af4.jpg", "bboxes": [0.22709219858156024, 0.154468085106383, 0.6348936170212766, 0.5327186761229314], "class": 2}