{"image": "0c4213a8-1ab0-11ef-91a5-bd5cfcf36af4.jpg", "bboxes": [0.22510638297872343, 0.48283687943262416, 0.6329078014184397, 0.8610874704491726], "class": 2}