{"image": "0c4213a8-1ab0-11ef-91a5-bd5cfcf36af4.jpg", "bboxes": [0.12931442080378247, 0.15002364066193852, 0.5371158392434988, 0.528274231678487], "class": 2}