{"image": "0c4213a8-1ab0-11ef-91a5-bd5cfcf36af4.jpg", "bboxes": [0.2984397163120568, 0.15224586288416075, 0.7062411347517731, 0.5304964539007092], "class": 2}