{"image": "0c4213a8-1ab0-11ef-91a5-bd5cfcf36af4.jpg", "bboxes": [0.1984397163120568, 0.14113475177304968, 0.6062411347517731, 0.519385342789598], "class": 2}