{"image": "0c4213a8-1ab0-11ef-91a5-bd5cfcf36af4.jpg", "bboxes": [0.42486997635933804, 0.1478014184397163, 0.8326713947990543, 0.5260520094562647], "class": 2}