{"image": "0c4213a8-1ab0-11ef-91a5-bd5cfcf36af4.jpg", "bboxes": [0.4562174940898346, 0.13224586288416074, 0.8640189125295509, 0.5104964539007092], "class": 2}