{"image": "0c4213a8-1ab0-11ef-91a5-bd5cfcf36af4.jpg", "bboxes": [0.49177304964539015, 0.49617021276595746, 0.8995744680851064, 0.874420803782506], "class": 2}