{"image": "0c4213a8-1ab0-11ef-91a5-bd5cfcf36af4.jpg", "bboxes": [0.5717730496453901, 0.5095035460992908, 0.9795744680851064, 0.8877541371158393], "class": 2}