{"image": "0c4213a8-1ab0-11ef-91a5-bd5cfcf36af4.jpg", "bboxes": [0.3428841607565012, 0.5117257683215131, 0.7506855791962175, 0.8899763593380615], "class": 2}