{"image": "0c4213a8-1ab0-11ef-91a5-bd5cfcf36af4.jpg", "bboxes": [0.2226477541371158, 0.15891252955082735, 0.6304491725768321, 0.5371631205673759], "class": 2}