{"image": "0c4213a8-1ab0-11ef-91a5-bd5cfcf36af4.jpg", "bboxes": [0.43820330969267135, 0.11446808510638296, 0.8460047281323877, 0.4927186761229314], "class": 2}