{"image": "0c4213a8-1ab0-11ef-91a5-bd5cfcf36af4.jpg", "bboxes": [0.380661938534279, 0.47394799054373526, 0.7884633569739953, 0.8521985815602837], "class": 2}