{"image": "0c4213a8-1ab0-11ef-91a5-bd5cfcf36af4.jpg", "bboxes": [0.40288416075650124, 0.10113475177304965, 0.8106855791962175, 0.4793853427895981], "class": 2}