{"image": "0c4213a8-1ab0-11ef-91a5-bd5cfcf36af4.jpg", "bboxes": [0.39820330969267137, 0.11891252955082743, 0.8060047281323877, 0.4971631205673759], "class": 2}