{"image": "0c4213a8-1ab0-11ef-91a5-bd5cfcf36af4.jpg", "bboxes": [0.42931442080378246, 0.154468085106383, 0.8371158392434987, 0.5327186761229314], "class": 2}