{"image": "0c4213a8-1ab0-11ef-91a5-bd5cfcf36af4.jpg", "bboxes": [0.5028841607565012, 0.14780141843971628, 0.9106855791962175, 0.5260520094562647], "class": 2}