{"image": "0c4213a8-1ab0-11ef-91a5-bd5cfcf36af4.jpg", "bboxes": [0.2626477541371158, 0.11891252955082743, 0.6704491725768321, 0.4971631205673759], "class": 2}