{"image": "0c4213a8-1ab0-11ef-91a5-bd5cfcf36af4.jpg", "bboxes": [0.027092198581560246, 0.10780141843971625, 0.43489361702127655, 0.4860520094562647], "class": 2}