{"image": "0c4213a8-1ab0-11ef-91a5-bd5cfcf36af4.jpg", "bboxes": [0.4251063829787235, 0.1433569739952718, 0.8329078014184398, 0.5216075650118204], "class": 2}