{"image": "0c4213a8-1ab0-11ef-91a5-bd5cfcf36af4.jpg", "bboxes": [0.28931442080378245, 0.4939479905437352, 0.6971158392434987, 0.8721985815602837], "class": 2}