{"image": "0c4213a8-1ab0-11ef-91a5-bd5cfcf36af4.jpg", "bboxes": [0.2915366430260047, 0.48505910165484634, 0.699338061465721, 0.8633096926713948], "class": 2}