{"image": "0c4213a8-1ab0-11ef-91a5-bd5cfcf36af4.jpg", "bboxes": [0.35843971631205684, 0.5250591016548464, 0.766241134751773, 0.9033096926713948], "class": 2}