{"image": "0c4213a8-1ab0-11ef-91a5-bd5cfcf36af4.jpg", "bboxes": [0.46066193853427906, 0.4695035460992908, 0.8684633569739953, 0.8477541371158392], "class": 2}