{"image": "0c4213a8-1ab0-11ef-91a5-bd5cfcf36af4.jpg", "bboxes": [0.17399527186761232, 0.11002364066193848, 0.5817966903073286, 0.48827423167848694], "class": 2}