{"image": "0c4213a8-1ab0-11ef-91a5-bd5cfcf36af4.jpg", "bboxes": [0.3826477541371158, 0.47172576832151303, 0.7904491725768321, 0.8499763593380615], "class": 2}