{"image": "0c4213a8-1ab0-11ef-91a5-bd5cfcf36af4.jpg", "bboxes": [0.09153664302600469, 0.5228368794326241, 0.49933806146572096, 0.9010874704491726], "class": 2}