{"image": "0c4213a8-1ab0-11ef-91a5-bd5cfcf36af4.jpg", "bboxes": [0.024869976359338023, 0.15669030732860523, 0.4326713947990543, 0.5349408983451536], "class": 2}