{"image": "0c4213a8-1ab0-11ef-91a5-bd5cfcf36af4.jpg", "bboxes": [0.3939952718676123, 0.15891252955082735, 0.8017966903073287, 0.5371631205673759], "class": 2}