{"image": "0c4213a8-1ab0-11ef-91a5-bd5cfcf36af4.jpg", "bboxes": [0.260661938534279, 0.45839243498817966, 0.6684633569739953, 0.8366430260047282], "class": 2}