{"image": "0c4213a8-1ab0-11ef-91a5-bd5cfcf36af4.jpg", "bboxes": [0.2873286052009457, 0.14113475177304968, 0.6951300236406619, 0.519385342789598], "class": 2}