{"image": "0c4213a8-1ab0-11ef-91a5-bd5cfcf36af4.jpg", "bboxes": [0.2626477541371158, 0.5117257683215131, 0.6704491725768321, 0.8899763593380615], "class": 2}