{"image": "0c4213a8-1ab0-11ef-91a5-bd5cfcf36af4.jpg", "bboxes": [0.16709219858156024, 0.5072813238770686, 0.5748936170212765, 0.885531914893617], "class": 2}