{"image": "0c4213a8-1ab0-11ef-91a5-bd5cfcf36af4.jpg", "bboxes": [0.15843971631205678, 0.1300236406619385, 0.5662411347517731, 0.508274231678487], "class": 2}