{"image": "0c4213a8-1ab0-11ef-91a5-bd5cfcf36af4.jpg", "bboxes": [0.07375886524822692, 0.11446808510638296, 0.48156028368794324, 0.4927186761229314], "class": 2}