{"image": "0c4213a8-1ab0-11ef-91a5-bd5cfcf36af4.jpg", "bboxes": [0.40931442080378244, 0.10557919621749412, 0.8171158392434987, 0.4838297872340426], "class": 2}