{"image": "0c4213a8-1ab0-11ef-91a5-bd5cfcf36af4.jpg", "bboxes": [0.400661938534279, 0.5095035460992908, 0.8084633569739953, 0.8877541371158393], "class": 2}