{"image": "0c4213a8-1ab0-11ef-91a5-bd5cfcf36af4.jpg", "bboxes": [0.39843971631205677, 0.1611347517730496, 0.8062411347517731, 0.539385342789598], "class": 2}