{"image": "0c4213a8-1ab0-11ef-91a5-bd5cfcf36af4.jpg", "bboxes": [0.4004255319148936, 0.11891252955082743, 0.8082269503546099, 0.4971631205673759], "class": 2}