{"image": "0c4213a8-1ab0-11ef-91a5-bd5cfcf36af4.jpg", "bboxes": [0.24732860520094568, 0.4606146572104019, 0.655130023640662, 0.8388652482269504], "class": 2}