{"image": "0c4213a8-1ab0-11ef-91a5-bd5cfcf36af4.jpg", "bboxes": [0.29621749408983455, 0.4806146572104019, 0.7040189125295508, 0.8588652482269503], "class": 2}