{"image": "0c4213a8-1ab0-11ef-91a5-bd5cfcf36af4.jpg", "bboxes": [0.024869976359338023, 0.12780141843971626, 0.4326713947990543, 0.5060520094562648], "class": 2}