{"image": "0c4213a8-1ab0-11ef-91a5-bd5cfcf36af4.jpg", "bboxes": [0.3739952718676124, 0.4783924349881797, 0.7817966903073287, 0.8566430260047282], "class": 2}