{"image": "0c4213a8-1ab0-11ef-91a5-bd5cfcf36af4.jpg", "bboxes": [0.20066193853427905, 0.49172576832151305, 0.6084633569739952, 0.8699763593380615], "class": 2}