{"image": "0c4213a8-1ab0-11ef-91a5-bd5cfcf36af4.jpg", "bboxes": [0.40709219858156026, 0.1611347517730496, 0.8148936170212765, 0.539385342789598], "class": 2}