{"image": "0c4213a8-1ab0-11ef-91a5-bd5cfcf36af4.jpg", "bboxes": [0.18931442080378247, 0.5050591016548464, 0.5971158392434988, 0.8833096926713948], "class": 2}