{"image": "0c4213a8-1ab0-11ef-91a5-bd5cfcf36af4.jpg", "bboxes": [0.3226477541371158, 0.46728132387706856, 0.7304491725768321, 0.845531914893617], "class": 2}