{"image": "0c4213a8-1ab0-11ef-91a5-bd5cfcf36af4.jpg", "bboxes": [0.38510638297872346, 0.12780141843971626, 0.7929078014184398, 0.5060520094562648], "class": 2}