{"image": "0c4213a8-1ab0-11ef-91a5-bd5cfcf36af4.jpg", "bboxes": [0.4428841607565013, 0.10113475177304965, 0.8506855791962176, 0.4793853427895981], "class": 2}