{"image": "0c4213a8-1ab0-11ef-91a5-bd5cfcf36af4.jpg", "bboxes": [0.324869976359338, 0.4783924349881797, 0.7326713947990543, 0.8566430260047282], "class": 2}