{"image": "0c4213a8-1ab0-11ef-91a5-bd5cfcf36af4.jpg", "bboxes": [0.09820330969267135, 0.12113475177304966, 0.5060047281323876, 0.4993853427895982], "class": 2}