{"image": "0c4213a8-1ab0-11ef-91a5-bd5cfcf36af4.jpg", "bboxes": [0.5451063829787235, 0.5183924349881797, 0.9529078014184398, 0.8966430260047281], "class": 2}