{"image": "0c4213a8-1ab0-11ef-91a5-bd5cfcf36af4.jpg", "bboxes": [0.43399527186761233, 0.4983924349881797, 0.8417966903073286, 0.8766430260047281], "class": 2}