{"image": "0c4213a8-1ab0-11ef-91a5-bd5cfcf36af4.jpg", "bboxes": [0.0626477541371158, 0.14557919621749404, 0.4704491725768321, 0.5238297872340425], "class": 2}