{"image": "0c4213a8-1ab0-11ef-91a5-bd5cfcf36af4.jpg", "bboxes": [0.384869976359338, 0.10335697399527188, 0.7926713947990544, 0.4816075650118203], "class": 2}