{"image": "0c4213a8-1ab0-11ef-91a5-bd5cfcf36af4.jpg", "bboxes": [0.380661938534279, 0.15891252955082735, 0.7884633569739953, 0.5371631205673759], "class": 2}