{"image": "0c4213a8-1ab0-11ef-91a5-bd5cfcf36af4.jpg", "bboxes": [0.34042553191489355, 0.09669030732860517, 0.7482269503546098, 0.47494089834515363], "class": 2}