{"image": "0c4213a8-1ab0-11ef-91a5-bd5cfcf36af4.jpg", "bboxes": [0.549550827423168, 0.49172576832151305, 0.9573522458628843, 0.8699763593380615], "class": 2}