{"image": "0c4213a8-1ab0-11ef-91a5-bd5cfcf36af4.jpg", "bboxes": [0.31399527186761234, 0.11224586288416072, 0.7217966903073286, 0.4904964539007092], "class": 2}