{"image": "0c4213a8-1ab0-11ef-91a5-bd5cfcf36af4.jpg", "bboxes": [0.3028841607565012, 0.10335697399527188, 0.7106855791962176, 0.4816075650118203], "class": 2}