{"image": "0c4213a8-1ab0-11ef-91a5-bd5cfcf36af4.jpg", "bboxes": [0.0626477541371158, 0.46283687943262414, 0.4704491725768321, 0.8410874704491726], "class": 2}