{"image": "0c4213a8-1ab0-11ef-91a5-bd5cfcf36af4.jpg", "bboxes": [0.5162174940898345, 0.11446808510638297, 0.9240189125295508, 0.4927186761229314], "class": 2}