{"image": "0c4213a8-1ab0-11ef-91a5-bd5cfcf36af4.jpg", "bboxes": [0.47177304964539013, 0.4939479905437352, 0.8795744680851064, 0.8721985815602837], "class": 2}