{"image": "0c4213a8-1ab0-11ef-91a5-bd5cfcf36af4.jpg", "bboxes": [0.3070921985815602, 0.4806146572104019, 0.7148936170212765, 0.8588652482269503], "class": 2}