{"image": "0c4213a8-1ab0-11ef-91a5-bd5cfcf36af4.jpg", "bboxes": [0.4184397163120568, 0.45839243498817966, 0.8262411347517731, 0.8366430260047282], "class": 2}