{"image": "0c918d77-1ab0-11ef-b7ee-bd5cfcf36af4.jpg", "bboxes": [0.19550827423167838, 0.46912529550827425, 0.6044917257683216, 0.8804728132387707], "class": 2}