{"image": "0c918d77-1ab0-11ef-b7ee-bd5cfcf36af4.jpg", "bboxes": [0.23550827423167853, 0.46468085106382984, 0.6444917257683216, 0.8760283687943263], "class": 2}