{"image": "0c918d77-1ab0-11ef-b7ee-bd5cfcf36af4.jpg", "bboxes": [0.3221749408983451, 0.09063829787234035, 0.7311583924349881, 0.5019858156028368], "class": 2}