{"image": "0c918d77-1ab0-11ef-b7ee-bd5cfcf36af4.jpg", "bboxes": [0.3555082742316784, 0.4513475177304965, 0.7644917257683215, 0.8626950354609929], "class": 2}