{"image": "0c918d77-1ab0-11ef-b7ee-bd5cfcf36af4.jpg", "bboxes": [0.17995271867612297, 0.12174940898345143, 0.588936170212766, 0.533096926713948], "class": 2}