{"image": "0c918d77-1ab0-11ef-b7ee-bd5cfcf36af4.jpg", "bboxes": [0.5066193853427896, 0.09508274231678482, 0.9156028368794327, 0.5064302600472813], "class": 2}