{"image": "0c918d77-1ab0-11ef-b7ee-bd5cfcf36af4.jpg", "bboxes": [0.14884160756501186, 0.4824586288416076, 0.5578250591016549, 0.8938061465721041], "class": 2}