{"image": "0c918d77-1ab0-11ef-b7ee-bd5cfcf36af4.jpg", "bboxes": [0.1732860520094563, 0.44023640661938535, 0.5822695035460994, 0.8515839243498818], "class": 2}