{"image": "0c918d77-1ab0-11ef-b7ee-bd5cfcf36af4.jpg", "bboxes": [0.3243971631205673, 0.10174940898345153, 0.7333806146572104, 0.513096926713948], "class": 2}