{"image": "0c918d77-1ab0-11ef-b7ee-bd5cfcf36af4.jpg", "bboxes": [0.4510638297872339, 0.15286052009456264, 0.8600472813238771, 0.5642080378250591], "class": 2}