{"image": "0c918d77-1ab0-11ef-b7ee-bd5cfcf36af4.jpg", "bboxes": [0.1910638297872339, 0.12841607565011814, 0.6000472813238771, 0.5397635933806146], "class": 2}