{"image": "0c918d77-1ab0-11ef-b7ee-bd5cfcf36af4.jpg", "bboxes": [0.24217494089834501, 0.09286052009456258, 0.6511583924349882, 0.5042080378250591], "class": 2}