{"image": "0c918d77-1ab0-11ef-b7ee-bd5cfcf36af4.jpg", "bboxes": [0.4977304964539007, 0.09063829787234033, 0.9067139479905438, 0.5019858156028368], "class": 2}