{"image": "0c918d77-1ab0-11ef-b7ee-bd5cfcf36af4.jpg", "bboxes": [0.3110638297872339, 0.4846808510638298, 0.720047281323877, 0.8960283687943263], "class": 2}