{"image": "0c918d77-1ab0-11ef-b7ee-bd5cfcf36af4.jpg", "bboxes": [0.399952718676123, 0.48690307328605203, 0.8089361702127661, 0.8982505910165485], "class": 2}