{"image": "0c918d77-1ab0-11ef-b7ee-bd5cfcf36af4.jpg", "bboxes": [0.17995271867612297, 0.14174940898345145, 0.588936170212766, 0.553096926713948], "class": 2}