{"image": "0c918d77-1ab0-11ef-b7ee-bd5cfcf36af4.jpg", "bboxes": [0.22661938534278947, 0.1261938534278959, 0.6356028368794326, 0.5375413711583924], "class": 2}