{"image": "0c918d77-1ab0-11ef-b7ee-bd5cfcf36af4.jpg", "bboxes": [0.4932860520094562, 0.12397163120567367, 0.9022695035460992, 0.5353191489361702], "class": 2}