{"image": "0c918d77-1ab0-11ef-b7ee-bd5cfcf36af4.jpg", "bboxes": [0.4932860520094563, 0.14174940898345145, 0.9022695035460994, 0.553096926713948], "class": 2}