{"image": "0c918d77-1ab0-11ef-b7ee-bd5cfcf36af4.jpg", "bboxes": [0.4488416075650117, 0.11730496453900707, 0.8578250591016549, 0.5286524822695036], "class": 2}