{"image": "0c918d77-1ab0-11ef-b7ee-bd5cfcf36af4.jpg", "bboxes": [0.4177304964539006, 0.4802364066193854, 0.8267139479905437, 0.8915839243498819], "class": 2}