{"image": "0c918d77-1ab0-11ef-b7ee-bd5cfcf36af4.jpg", "bboxes": [0.2932860520094561, 0.1439716312056737, 0.7022695035460993, 0.5553191489361702], "class": 2}