{"image": "0c918d77-1ab0-11ef-b7ee-bd5cfcf36af4.jpg", "bboxes": [0.2888416075650118, 0.48690307328605203, 0.6978250591016548, 0.8982505910165485], "class": 2}