{"image": "0c918d77-1ab0-11ef-b7ee-bd5cfcf36af4.jpg", "bboxes": [0.37550827423167854, 0.4424586288416076, 0.7844917257683216, 0.8538061465721041], "class": 2}