{"image": "0c918d77-1ab0-11ef-b7ee-bd5cfcf36af4.jpg", "bboxes": [0.08439716312056741, 0.44023640661938535, 0.4933806146572105, 0.8515839243498818], "class": 2}