{"image": "0c918d77-1ab0-11ef-b7ee-bd5cfcf36af4.jpg", "bboxes": [0.15773049645390075, 0.10174940898345153, 0.5667139479905439, 0.513096926713948], "class": 2}