{"image": "0c918d77-1ab0-11ef-b7ee-bd5cfcf36af4.jpg", "bboxes": [0.2732860520094562, 0.12174940898345143, 0.6822695035460993, 0.533096926713948], "class": 2}