{"image": "0c918d77-1ab0-11ef-b7ee-bd5cfcf36af4.jpg", "bboxes": [0.11550827423167852, 0.14619385342789593, 0.5244917257683216, 0.5575413711583924], "class": 2}