{"image": "0c918d77-1ab0-11ef-b7ee-bd5cfcf36af4.jpg", "bboxes": [0.4532860520094563, 0.13286052009456262, 0.8622695035460994, 0.5442080378250591], "class": 2}