{"image": "0c918d77-1ab0-11ef-b7ee-bd5cfcf36af4.jpg", "bboxes": [0.4332860520094563, 0.14841607565011813, 0.8422695035460994, 0.5597635933806147], "class": 2}