{"image": "0c918d77-1ab0-11ef-b7ee-bd5cfcf36af4.jpg", "bboxes": [0.49550827423167854, 0.44023640661938535, 0.9044917257683216, 0.8515839243498818], "class": 2}