{"image": "0c918d77-1ab0-11ef-b7ee-bd5cfcf36af4.jpg", "bboxes": [0.3443971631205674, 0.4935697399527187, 0.7533806146572105, 0.9049172576832152], "class": 2}