{"image": "0c918d77-1ab0-11ef-b7ee-bd5cfcf36af4.jpg", "bboxes": [0.38884160756501174, 0.13286052009456262, 0.7978250591016548, 0.5442080378250591], "class": 2}