{"image": "0c918d77-1ab0-11ef-b7ee-bd5cfcf36af4.jpg", "bboxes": [0.31995271867612285, 0.4713475177304965, 0.7289361702127659, 0.8826950354609929], "class": 2}