{"image": "0c918d77-1ab0-11ef-b7ee-bd5cfcf36af4.jpg", "bboxes": [0.09328605200945629, 0.13286052009456262, 0.5022695035460993, 0.5442080378250591], "class": 2}