{"image": "0c918d77-1ab0-11ef-b7ee-bd5cfcf36af4.jpg", "bboxes": [0.4243971631205674, 0.4957919621749409, 0.8333806146572105, 0.9071394799054374], "class": 2}