{"image": "0c918d77-1ab0-11ef-b7ee-bd5cfcf36af4.jpg", "bboxes": [0.09773049645390064, 0.14619385342789593, 0.5067139479905437, 0.5575413711583924], "class": 2}