{"image": "0c918d77-1ab0-11ef-b7ee-bd5cfcf36af4.jpg", "bboxes": [0.21106382978723406, 0.4580141843971631, 0.6200472813238772, 0.8693617021276596], "class": 2}