{"image": "0c918d77-1ab0-11ef-b7ee-bd5cfcf36af4.jpg", "bboxes": [0.43995271867612296, 0.4735697399527187, 0.848936170212766, 0.8849172576832152], "class": 2}