{"image": "0c918d77-1ab0-11ef-b7ee-bd5cfcf36af4.jpg", "bboxes": [0.4021749408983452, 0.15508274231678476, 0.8111583924349883, 0.5664302600472813], "class": 2}