{"image": "0c918d77-1ab0-11ef-b7ee-bd5cfcf36af4.jpg", "bboxes": [0.27328605200945627, 0.09286052009456258, 0.6822695035460994, 0.5042080378250591], "class": 2}