{"image": "0c918d77-1ab0-11ef-b7ee-bd5cfcf36af4.jpg", "bboxes": [0.46661938534278946, 0.46468085106382984, 0.8756028368794326, 0.8760283687943263], "class": 2}