{"image": "0c918d77-1ab0-11ef-b7ee-bd5cfcf36af4.jpg", "bboxes": [0.4710638297872341, 0.09063829787234035, 0.8800472813238772, 0.5019858156028368], "class": 2}