{"image": "0c918d77-1ab0-11ef-b7ee-bd5cfcf36af4.jpg", "bboxes": [0.21106382978723406, 0.4802364066193854, 0.6200472813238772, 0.8915839243498819], "class": 2}