{"image": "0c918d77-1ab0-11ef-b7ee-bd5cfcf36af4.jpg", "bboxes": [0.31106382978723407, 0.12174940898345143, 0.7200472813238772, 0.533096926713948], "class": 2}