{"image": "0c918d77-1ab0-11ef-b7ee-bd5cfcf36af4.jpg", "bboxes": [0.20217494089834517, 0.11508274231678484, 0.6111583924349883, 0.5264302600472812], "class": 2}