{"image": "0c918d77-1ab0-11ef-b7ee-bd5cfcf36af4.jpg", "bboxes": [0.3132860520094563, 0.11286052009456261, 0.7222695035460994, 0.5242080378250591], "class": 2}