{"image": "0c918d77-1ab0-11ef-b7ee-bd5cfcf36af4.jpg", "bboxes": [0.19328605200945614, 0.466903073286052, 0.6022695035460992, 0.8782505910165486], "class": 2}