{"image": "0c918d77-1ab0-11ef-b7ee-bd5cfcf36af4.jpg", "bboxes": [0.4555082742316785, 0.09730496453900706, 0.8644917257683216, 0.5086524822695035], "class": 2}