{"image": "0c918d77-1ab0-11ef-b7ee-bd5cfcf36af4.jpg", "bboxes": [0.19106382978723407, 0.466903073286052, 0.6000472813238772, 0.8782505910165486], "class": 2}