{"image": "0c918d77-1ab0-11ef-b7ee-bd5cfcf36af4.jpg", "bboxes": [0.35773049645390076, 0.11508274231678484, 0.7667139479905438, 0.5264302600472812], "class": 2}