{"image": "0c918d77-1ab0-11ef-b7ee-bd5cfcf36af4.jpg", "bboxes": [0.24884160756501172, 0.4757919621749409, 0.6578250591016548, 0.8871394799054374], "class": 2}