{"image": "0c918d77-1ab0-11ef-b7ee-bd5cfcf36af4.jpg", "bboxes": [0.34884160756501187, 0.13508274231678485, 0.757825059101655, 0.5464302600472812], "class": 2}