{"image": "0c918d77-1ab0-11ef-b7ee-bd5cfcf36af4.jpg", "bboxes": [0.2666193853427895, 0.1261938534278959, 0.6756028368794326, 0.5375413711583924], "class": 2}