{"image": "0c918d77-1ab0-11ef-b7ee-bd5cfcf36af4.jpg", "bboxes": [0.2043971631205674, 0.11063829787234036, 0.6133806146572105, 0.5219858156028369], "class": 2}