{"image": "0c918d77-1ab0-11ef-b7ee-bd5cfcf36af4.jpg", "bboxes": [0.15995271867612296, 0.45579196217494095, 0.5689361702127661, 0.8671394799054374], "class": 2}