{"image": "0c918d77-1ab0-11ef-b7ee-bd5cfcf36af4.jpg", "bboxes": [0.23995271867612297, 0.09952718676122929, 0.6489361702127661, 0.5108747044917257], "class": 2}