{"image": "0c918d77-1ab0-11ef-b7ee-bd5cfcf36af4.jpg", "bboxes": [0.20884160756501186, 0.1261938534278959, 0.617825059101655, 0.5375413711583924], "class": 2}