{"image": "0c918d77-1ab0-11ef-b7ee-bd5cfcf36af4.jpg", "bboxes": [0.33995271867612287, 0.13063829787234038, 0.7489361702127659, 0.5419858156028369], "class": 2}