{"image": "0c918d77-1ab0-11ef-b7ee-bd5cfcf36af4.jpg", "bboxes": [0.4932860520094563, 0.09286052009456258, 0.9022695035460994, 0.5042080378250591], "class": 2}