{"image": "0c918d77-1ab0-11ef-b7ee-bd5cfcf36af4.jpg", "bboxes": [0.4221749408983452, 0.1261938534278959, 0.8311583924349882, 0.5375413711583924], "class": 2}