{"image": "0c918d77-1ab0-11ef-b7ee-bd5cfcf36af4.jpg", "bboxes": [0.33328605200945616, 0.14619385342789593, 0.7422695035460993, 0.5575413711583924], "class": 2}