{"image": "0c918d77-1ab0-11ef-b7ee-bd5cfcf36af4.jpg", "bboxes": [0.25995271867612296, 0.12174940898345143, 0.6689361702127661, 0.533096926713948], "class": 2}