{"image": "0c918d77-1ab0-11ef-b7ee-bd5cfcf36af4.jpg", "bboxes": [0.4621749408983451, 0.47801418439716314, 0.8711583924349882, 0.8893617021276596], "class": 2}