{"image": "0c918d77-1ab0-11ef-b7ee-bd5cfcf36af4.jpg", "bboxes": [0.40661938534278963, 0.4335697399527187, 0.8156028368794327, 0.8449172576832152], "class": 2}