{"image": "0c918d77-1ab0-11ef-b7ee-bd5cfcf36af4.jpg", "bboxes": [0.35106382978723405, 0.14174940898345145, 0.7600472813238771, 0.553096926713948], "class": 2}