{"image": "0c918d77-1ab0-11ef-b7ee-bd5cfcf36af4.jpg", "bboxes": [0.3355082742316784, 0.10619385342789589, 0.7444917257683215, 0.5175413711583924], "class": 2}