{"image": "0cbb1e52-07fc-11ef-b27b-64d2c4ecd148.jpg", "bboxes": [0.9127946127946128, 0.2515824915824917, 0.9977777777777778, 0.9977777777777778], "class": 1}