{"image": "0cbb1e52-07fc-11ef-b27b-64d2c4ecd148.jpg", "bboxes": [0.06720538720538727, 0.0, 0.8281481481481483, 0.9895622895622894], "class": 1}