{"image": "0cbb1e52-07fc-11ef-b27b-64d2c4ecd148.jpg", "bboxes": [0.0022222222222222365, 0.2637710437710439, 0.012592592592592709, 0.9977777777777778], "class": 1}