{"image": "0cbb1e52-07fc-11ef-b27b-64d2c4ecd148.jpg", "bboxes": [0.39609427609427605, 0.0, 1.0, 0.9606734006734006], "class": 1}