{"image": "0cbb1e52-07fc-11ef-b27b-64d2c4ecd148.jpg", "bboxes": [0.5162962962962961, 0.0, 1.0, 0.7873400673400672], "class": 1}