{"image": "0cbb1e52-07fc-11ef-b27b-64d2c4ecd148.jpg", "bboxes": [0.48942760942760943, 0.13454545454545463, 1.0, 1.0], "class": 1}