{"image": "0cbb1e52-07fc-11ef-b27b-64d2c4ecd148.jpg", "bboxes": [0.8683501683501683, 0.07481481481481489, 0.9977777777777778, 0.9977777777777778], "class": 1}