{"image": "0cbb1e52-07fc-11ef-b27b-64d2c4ecd148.jpg", "bboxes": [0.17831649831649832, 0.0, 0.9392592592592595, 0.9854545454545454], "class": 1}