{"image": "0cbb1e52-07fc-11ef-b27b-64d2c4ecd148.jpg", "bboxes": [0.13629629629629614, 0.0022222222222222365, 0.8972390572390572, 0.941010101010101], "class": 1}