{"image": "0cbb1e52-07fc-11ef-b27b-64d2c4ecd148.jpg", "bboxes": [0.0, 0.0022222222222222365, 0.7127946127946128, 0.9898989898989898], "class": 1}