{"image": "0cbb1e52-07fc-11ef-b27b-64d2c4ecd148.jpg", "bboxes": [0.0829629629629628, 0.0, 0.8439057239057239, 0.8673400673400672], "class": 1}