{"image": "0cbb1e52-07fc-11ef-b27b-64d2c4ecd148.jpg", "bboxes": [0.7940740740740739, 0.0, 0.9977777777777778, 0.9295622895622895], "class": 1}