{"image": "0cbb1e52-07fc-11ef-b27b-64d2c4ecd148.jpg", "bboxes": [0.07912457912457893, 0.0, 0.8872053872053872, 0.8528619528619528], "class": 1}