{"image": "0cbb1e52-07fc-11ef-b27b-64d2c4ecd148.jpg", "bboxes": [0.9407407407407405, 0.025993265993266124, 1.0, 1.0], "class": 1}