{"image": "0cbb1e52-07fc-11ef-b27b-64d2c4ecd148.jpg", "bboxes": [0.0, 0.2837710437710439, 0.5261279461279461, 0.9977777777777778], "class": 1}