{"image": "0cbb1e52-07fc-11ef-b27b-64d2c4ecd148.jpg", "bboxes": [0.6138720538720539, 0.23676767676767688, 0.9977777777777778, 0.9977777777777778], "class": 1}