{"image": "0cbb1e52-07fc-11ef-b27b-64d2c4ecd148.jpg", "bboxes": [0.0, 0.20787878787878797, 0.5281481481481483, 1.0], "class": 1}