{"image": "0cbb1e52-07fc-11ef-b27b-64d2c4ecd148.jpg", "bboxes": [0.7005387205387206, 0.04121212121212131, 1.0, 1.0], "class": 1}