{"image": "0cbb1e52-07fc-11ef-b27b-64d2c4ecd148.jpg", "bboxes": [0.0, 0.1101010101010102, 0.454814814814815, 1.0], "class": 1}