{"image": "0cbb1e52-07fc-11ef-b27b-64d2c4ecd148.jpg", "bboxes": [0.0, 0.016767676767676865, 0.052592592592592746, 1.0], "class": 1}