{"image": "0cbb1e52-07fc-11ef-b27b-64d2c4ecd148.jpg", "bboxes": [0.8540740740740739, 0.043771043771043905, 1.0, 1.0], "class": 1}