{"image": "0cbb1e52-07fc-11ef-b27b-64d2c4ecd148.jpg", "bboxes": [0.8518518518518516, 0.2501010101010102, 1.0, 1.0], "class": 1}