{"image": "0cbb1e52-07fc-11ef-b27b-64d2c4ecd148.jpg", "bboxes": [0.7474074074074072, 0.27488215488215495, 0.9977777777777778, 0.9977777777777778], "class": 1}