{"image": "0cbb1e52-07fc-11ef-b27b-64d2c4ecd148.jpg", "bboxes": [0.4872053872053872, 0.06599326599326605, 1.0, 1.0], "class": 1}