{"image": "0cbb1e52-07fc-11ef-b27b-64d2c4ecd148.jpg", "bboxes": [0.0, 0.0, 0.5261279461279461, 0.7495622895622894], "class": 1}