{"image": "0cbb1e52-07fc-11ef-b27b-64d2c4ecd148.jpg", "bboxes": [0.0, 0.0882154882154883, 0.1259259259259261, 1.0], "class": 1}