{"image": "0cbb1e52-07fc-11ef-b27b-64d2c4ecd148.jpg", "bboxes": [0.6427609427609428, 0.09676767676767686, 1.0, 1.0], "class": 1}