{"image": "0cbb1e52-07fc-11ef-b27b-64d2c4ecd148.jpg", "bboxes": [0.6983164983164983, 0.0, 0.9977777777777778, 0.7717845117845117], "class": 1}