{"image": "0cbb1e52-07fc-11ef-b27b-64d2c4ecd148.jpg", "bboxes": [0.0, 0.11932659932659939, 0.09481481481481502, 1.0], "class": 1}