{"image": "0cbb1e52-07fc-11ef-b27b-64d2c4ecd148.jpg", "bboxes": [0.1583164983164983, 0.0, 0.9192592592592594, 0.9940067340067339], "class": 1}