{"image": "0cbb1e52-07fc-11ef-b27b-64d2c4ecd148.jpg", "bboxes": [0.8340740740740739, 0.2215488215488216, 0.9977777777777778, 0.9977777777777778], "class": 1}