{"image": "0cbb1e52-07fc-11ef-b27b-64d2c4ecd148.jpg", "bboxes": [0.5074074074074072, 0.14154882154882165, 1.0, 1.0], "class": 1}