{"image": "0cbb1e52-07fc-11ef-b27b-64d2c4ecd148.jpg", "bboxes": [0.9427609427609428, 0.07710437710437723, 0.9977777777777778, 0.9977777777777778], "class": 1}