{"image": "0cbb1e52-07fc-11ef-b27b-64d2c4ecd148.jpg", "bboxes": [0.0, 0.03454545454545464, 0.1527946127946128, 1.0], "class": 1}