{"image": "0cbb1e52-07fc-11ef-b27b-64d2c4ecd148.jpg", "bboxes": [0.45946127946127946, 0.0022222222222222365, 0.9977777777777778, 0.8807407407407407], "class": 1}