{"image": "0cbb1e52-07fc-11ef-b27b-64d2c4ecd148.jpg", "bboxes": [0.0, 0.12377104377104386, 0.13279461279461277, 0.9977777777777778], "class": 1}