{"image": "0cbb1e52-07fc-11ef-b27b-64d2c4ecd148.jpg", "bboxes": [0.0, 0.10821548821548832, 0.09057239057239055, 0.9977777777777778], "class": 1}