{"image": "0cbb1e52-07fc-11ef-b27b-64d2c4ecd148.jpg", "bboxes": [0.16962962962962946, 0.2015488215488217, 0.9305723905723906, 1.0], "class": 1}