{"image": "0ce12c1d-1ab0-11ef-98b2-bd5cfcf36af4.jpg", "bboxes": [0.47640661938534284, 0.14808510638297878, 0.7506382978723405, 0.4152245862884161], "class": 2}