{"image": "0ce12c1d-1ab0-11ef-98b2-bd5cfcf36af4.jpg", "bboxes": [0.4138061465721039, 0.5758865248226951, 0.6880378250591016, 0.8430260047281324], "class": 2}