{"image": "0ce12c1d-1ab0-11ef-98b2-bd5cfcf36af4.jpg", "bboxes": [0.11380614657210397, 0.6069976359338062, 0.38803782505910156, 0.8741371158392435], "class": 2}