{"image": "0ce12c1d-1ab0-11ef-98b2-bd5cfcf36af4.jpg", "bboxes": [0.37380614657210404, 0.5958865248226951, 0.6480378250591017, 0.8630260047281323], "class": 2}