{"image": "0ce12c1d-1ab0-11ef-98b2-bd5cfcf36af4.jpg", "bboxes": [0.30269503546099286, 0.6269976359338062, 0.5769267139479906, 0.8941371158392435], "class": 2}