{"image": "0ce12c1d-1ab0-11ef-98b2-bd5cfcf36af4.jpg", "bboxes": [0.5208510638297873, 0.10141843971631215, 0.7950827423167849, 0.36855791962174933], "class": 2}