{"image": "0ce12c1d-1ab0-11ef-98b2-bd5cfcf36af4.jpg", "bboxes": [0.47380614657210396, 0.15697399527186762, 0.7480378250591015, 0.4241134751773049], "class": 2}