{"image": "0ce12c1d-1ab0-11ef-98b2-bd5cfcf36af4.jpg", "bboxes": [0.15825059101654837, 0.6292198581560284, 0.43248226950354607, 0.8963593380614657], "class": 2}