{"image": "0ce12c1d-1ab0-11ef-98b2-bd5cfcf36af4.jpg", "bboxes": [0.3030732860520095, 0.5847754137115839, 0.5773049645390071, 0.8519148936170212], "class": 2}