{"image": "0ce12c1d-1ab0-11ef-98b2-bd5cfcf36af4.jpg", "bboxes": [0.37418439716312063, 0.5669976359338061, 0.6484160756501183, 0.8341371158392434], "class": 2}