{"image": "0ce12c1d-1ab0-11ef-98b2-bd5cfcf36af4.jpg", "bboxes": [0.3760283687943262, 0.15030732860520102, 0.6502600472813238, 0.4174468085106383], "class": 2}