{"image": "0ce12c1d-1ab0-11ef-98b2-bd5cfcf36af4.jpg", "bboxes": [0.4760283687943262, 0.6292198581560284, 0.7502600472813239, 0.8963593380614657], "class": 2}