{"image": "0ce12c1d-1ab0-11ef-98b2-bd5cfcf36af4.jpg", "bboxes": [0.527517730496454, 0.14141843971631207, 0.8017494089834516, 0.40855791962174937], "class": 2}