{"image": "0ce12c1d-1ab0-11ef-98b2-bd5cfcf36af4.jpg", "bboxes": [0.2030732860520095, 0.5936643026004729, 0.47730496453900717, 0.8608037825059102], "class": 2}