{"image": "0ce12c1d-1ab0-11ef-98b2-bd5cfcf36af4.jpg", "bboxes": [0.3941843971631206, 0.1680851063829788, 0.6684160756501183, 0.4352245862884161], "class": 2}