{"image": "0ce12c1d-1ab0-11ef-98b2-bd5cfcf36af4.jpg", "bboxes": [0.37825059101654834, 0.5869976359338062, 0.652482269503546, 0.8541371158392435], "class": 2}