{"image": "0ce12c1d-1ab0-11ef-98b2-bd5cfcf36af4.jpg", "bboxes": [0.5297399527186761, 0.6181087470449173, 0.8039716312056738, 0.8852482269503545], "class": 2}