{"image": "0ce12c1d-1ab0-11ef-98b2-bd5cfcf36af4.jpg", "bboxes": [0.30973995271867616, 0.12364066193853429, 0.5839716312056739, 0.3907801418439716], "class": 2}