{"image": "0ce12c1d-1ab0-11ef-98b2-bd5cfcf36af4.jpg", "bboxes": [0.3004728132387706, 0.6314420803782507, 0.5747044917257681, 0.8985815602836879], "class": 2}