{"image": "0ce12c1d-1ab0-11ef-98b2-bd5cfcf36af4.jpg", "bboxes": [0.22269503546099279, 0.615886524822695, 0.4969267139479905, 0.8830260047281323], "class": 2}