{"image": "0ce12c1d-1ab0-11ef-98b2-bd5cfcf36af4.jpg", "bboxes": [0.4119621749408984, 0.14586288416075655, 0.6861938534278961, 0.41300236406619384], "class": 2}