{"image": "0ce12c1d-1ab0-11ef-98b2-bd5cfcf36af4.jpg", "bboxes": [0.3693617021276595, 0.5981087470449172, 0.6435933806146572, 0.8652482269503545], "class": 2}