{"image": "0ce12c1d-1ab0-11ef-98b2-bd5cfcf36af4.jpg", "bboxes": [0.5386288416075651, 0.15475177304964538, 0.8128605200945627, 0.4218912529550827], "class": 2}