{"image": "0ce12c1d-1ab0-11ef-98b2-bd5cfcf36af4.jpg", "bboxes": [0.4338061465721039, 0.5669976359338061, 0.7080378250591016, 0.8341371158392434], "class": 2}