{"image": "0ce12c1d-1ab0-11ef-98b2-bd5cfcf36af4.jpg", "bboxes": [0.4004728132387706, 0.13475177304964547, 0.6747044917257683, 0.40189125295508277], "class": 2}