{"image": "0ce12c1d-1ab0-11ef-98b2-bd5cfcf36af4.jpg", "bboxes": [0.527517730496454, 0.11475177304964546, 0.8017494089834516, 0.38189125295508275], "class": 2}