{"image": "0ce12c1d-1ab0-11ef-98b2-bd5cfcf36af4.jpg", "bboxes": [0.18936170212765946, 0.11030732860520098, 0.46359338061465716, 0.3774468085106383], "class": 2}