{"image": "0ce12c1d-1ab0-11ef-98b2-bd5cfcf36af4.jpg", "bboxes": [0.4230732860520095, 0.624775413711584, 0.6973049645390071, 0.8919148936170213], "class": 2}