{"image": "0ce12c1d-1ab0-11ef-98b2-bd5cfcf36af4.jpg", "bboxes": [0.4319621749408984, 0.10808510638297875, 0.7061938534278961, 0.37522458628841604], "class": 2}