{"image": "0ce12c1d-1ab0-11ef-98b2-bd5cfcf36af4.jpg", "bboxes": [0.1604728132387706, 0.15919621749408985, 0.4347044917257683, 0.42633569739952715], "class": 2}