{"image": "0ce12c1d-1ab0-11ef-98b2-bd5cfcf36af4.jpg", "bboxes": [0.6141843971631206, 0.6203309692671395, 0.8884160756501183, 0.8874704491725768], "class": 2}