{"image": "0ce12c1d-1ab0-11ef-98b2-bd5cfcf36af4.jpg", "bboxes": [0.32047281323877064, 0.6025531914893617, 0.5947044917257682, 0.869692671394799], "class": 2}