{"image": "0ce12c1d-1ab0-11ef-98b2-bd5cfcf36af4.jpg", "bboxes": [0.3297399527186762, 0.6003309692671395, 0.6039716312056739, 0.8674704491725768], "class": 2}