{"image": "0ce12c1d-1ab0-11ef-98b2-bd5cfcf36af4.jpg", "bboxes": [0.3297399527186762, 0.10808510638297875, 0.6039716312056739, 0.37522458628841604], "class": 2}