{"image": "0ce12c1d-1ab0-11ef-98b2-bd5cfcf36af4.jpg", "bboxes": [0.5115839243498816, 0.5825531914893617, 0.7858156028368793, 0.849692671394799], "class": 2}