{"image": "0ce12c1d-1ab0-11ef-98b2-bd5cfcf36af4.jpg", "bboxes": [0.23825059101654847, 0.6181087470449173, 0.512482269503546, 0.8852482269503545], "class": 2}