{"image": "0ce12c1d-1ab0-11ef-98b2-bd5cfcf36af4.jpg", "bboxes": [0.12047281323877057, 0.16586288416075656, 0.39470449172576827, 0.43300236406619386], "class": 2}