{"image": "0ce12c1d-1ab0-11ef-98b2-bd5cfcf36af4.jpg", "bboxes": [0.4497399527186762, 0.6069976359338062, 0.7239716312056739, 0.8741371158392435], "class": 2}