{"image": "0ce12c1d-1ab0-11ef-98b2-bd5cfcf36af4.jpg", "bboxes": [0.23380614657210397, 0.1614184397163121, 0.5080378250591016, 0.4285579196217494], "class": 2}