{"image": "0ce12c1d-1ab0-11ef-98b2-bd5cfcf36af4.jpg", "bboxes": [0.4715839243498817, 0.6025531914893617, 0.7458156028368794, 0.869692671394799], "class": 2}