{"image": "0ce12c1d-1ab0-11ef-98b2-bd5cfcf36af4.jpg", "bboxes": [0.31418439716312063, 0.11252955082742322, 0.5884160756501182, 0.3796690307328605], "class": 2}