{"image": "0ce12c1d-1ab0-11ef-98b2-bd5cfcf36af4.jpg", "bboxes": [0.4182505910165484, 0.11030732860520098, 0.692482269503546, 0.3774468085106383], "class": 2}