{"image": "0ce12c1d-1ab0-11ef-98b2-bd5cfcf36af4.jpg", "bboxes": [0.5452955082742317, 0.12808510638297876, 0.8195271867612294, 0.39522458628841606], "class": 2}