{"image": "0ce12c1d-1ab0-11ef-98b2-bd5cfcf36af4.jpg", "bboxes": [0.3297399527186762, 0.130307328605201, 0.6039716312056739, 0.3974468085106383], "class": 2}