{"image": "0ce12c1d-1ab0-11ef-98b2-bd5cfcf36af4.jpg", "bboxes": [0.15825059101654837, 0.6047754137115839, 0.43248226950354607, 0.8719148936170212], "class": 2}