{"image": "0ce12c1d-1ab0-11ef-98b2-bd5cfcf36af4.jpg", "bboxes": [0.6052955082742317, 0.6114420803782507, 0.8795271867612294, 0.878581560283688], "class": 2}