{"image": "0ce12c1d-1ab0-11ef-98b2-bd5cfcf36af4.jpg", "bboxes": [0.6119621749408984, 0.16586288416075656, 0.886193853427896, 0.4330023640661938], "class": 2}