{"image": "0ce12c1d-1ab0-11ef-98b2-bd5cfcf36af4.jpg", "bboxes": [0.28751773049645396, 0.10364066193853427, 0.5617494089834516, 0.37078014184397157], "class": 2}