{"image": "0ce12c1d-1ab0-11ef-98b2-bd5cfcf36af4.jpg", "bboxes": [0.22751773049645396, 0.11697399527186769, 0.5017494089834517, 0.384113475177305], "class": 2}