{"image": "0ce12c1d-1ab0-11ef-98b2-bd5cfcf36af4.jpg", "bboxes": [0.5786288416075651, 0.15697399527186762, 0.8528605200945627, 0.4241134751773049], "class": 2}