{"image": "0ce12c1d-1ab0-11ef-98b2-bd5cfcf36af4.jpg", "bboxes": [0.3293617021276594, 0.5781087470449173, 0.6035933806146572, 0.8452482269503546], "class": 2}