{"image": "0ce12c1d-1ab0-11ef-98b2-bd5cfcf36af4.jpg", "bboxes": [0.39158392434988176, 0.6136643026004729, 0.6658156028368793, 0.8808037825059101], "class": 2}