{"image": "0ce12c1d-1ab0-11ef-98b2-bd5cfcf36af4.jpg", "bboxes": [0.5008510638297873, 0.10586288416075651, 0.775082742316785, 0.3730023640661938], "class": 2}