{"image": "0ce12c1d-1ab0-11ef-98b2-bd5cfcf36af4.jpg", "bboxes": [0.30973995271867616, 0.615886524822695, 0.5839716312056739, 0.8830260047281323], "class": 2}