{"image": "0ce65822-0853-11ef-9d21-64d2c4ecd148.jpg", "bboxes": [0.7816835016835016, 0.0, 0.9977777777777778, 0.3566329966329967], "class": 1}