{"image": "0ce65822-0853-11ef-9d21-64d2c4ecd148.jpg", "bboxes": [0.0, 0.6678114478114479, 0.5010101010101011, 0.9977777777777778], "class": 1}