{"image": "0ce65822-0853-11ef-9d21-64d2c4ecd148.jpg", "bboxes": [0.06168350168350167, 0.59003367003367, 0.7721212121212122, 1.0], "class": 1}