{"image": "0ce65822-0853-11ef-9d21-64d2c4ecd148.jpg", "bboxes": [0.49010101010101004, 0.5455892255892256, 1.0, 1.0], "class": 1}