{"image": "0ce65822-0853-11ef-9d21-64d2c4ecd148.jpg", "bboxes": [0.1723232323232322, 0.0, 0.8827609427609427, 0.30774410774410776], "class": 1}