{"image": "0ce65822-0853-11ef-9d21-64d2c4ecd148.jpg", "bboxes": [0.8767676767676766, 0.19225589225589224, 1.0, 1.0], "class": 1}