{"image": "0ce65822-0853-11ef-9d21-64d2c4ecd148.jpg", "bboxes": [0.603905723905724, 0.0, 0.9977777777777778, 0.6277441077441078], "class": 1}