{"image": "0ce65822-0853-11ef-9d21-64d2c4ecd148.jpg", "bboxes": [0.12343434343434334, 0.0, 0.8338720538720539, 0.6944107744107745], "class": 1}