{"image": "0ce65822-0853-11ef-9d21-64d2c4ecd148.jpg", "bboxes": [0.5967676767676766, 0.0, 1.0, 0.6321885521885522], "class": 1}