{"image": "0ce65822-0853-11ef-9d21-64d2c4ecd148.jpg", "bboxes": [0.0, 0.5411447811447812, 0.0410101010101011, 1.0], "class": 1}