{"image": "0ce65822-0853-11ef-9d21-64d2c4ecd148.jpg", "bboxes": [0.4927946127946128, 0.5478114478114477, 1.0, 1.0], "class": 1}