{"image": "0ce65822-0853-11ef-9d21-64d2c4ecd148.jpg", "bboxes": [0.0022222222222222365, 0.1389225589225589, 0.5760942760942761, 0.9977777777777778], "class": 1}