{"image": "0ce65822-0853-11ef-9d21-64d2c4ecd148.jpg", "bboxes": [0.9239057239057239, 0.12781144781144782, 1.0, 1.0], "class": 1}