{"image": "0ce65822-0853-11ef-9d21-64d2c4ecd148.jpg", "bboxes": [0.0, 0.6455892255892255, 0.5521212121212122, 1.0], "class": 1}