{"image": "0ce65822-0853-11ef-9d21-64d2c4ecd148.jpg", "bboxes": [0.0, 0.3989225589225589, 0.5538720538720538, 1.0], "class": 1}