{"image": "0ce65822-0853-11ef-9d21-64d2c4ecd148.jpg", "bboxes": [0.4839057239057239, 0.0, 1.0, 0.7521885521885522], "class": 1}