{"image": "0ce65822-0853-11ef-9d21-64d2c4ecd148.jpg", "bboxes": [0.17279461279461278, 0.0, 0.8832323232323234, 0.4388552188552189], "class": 1}