{"image": "0ce65822-0853-11ef-9d21-64d2c4ecd148.jpg", "bboxes": [0.0, 0.0, 0.6876767676767678, 0.7055218855218856], "class": 1}