{"image": "0ce65822-0853-11ef-9d21-64d2c4ecd148.jpg", "bboxes": [0.6878787878787878, 0.0944781144781145, 0.9977777777777778, 0.9968350168350166], "class": 1}