{"image": "0ce65822-0853-11ef-9d21-64d2c4ecd148.jpg", "bboxes": [0.03676767676767667, 0.0, 0.7472053872053872, 0.32107744107744113], "class": 1}