{"image": "0ce65822-0853-11ef-9d21-64d2c4ecd148.jpg", "bboxes": [0.4416835016835017, 0.2144781144781145, 1.0, 1.0], "class": 1}