{"image": "0ce65822-0853-11ef-9d21-64d2c4ecd148.jpg", "bboxes": [0.9394612794612794, 0.3433670033670033, 0.9977777777777778, 0.9977777777777778], "class": 1}