{"image": "0ce65822-0853-11ef-9d21-64d2c4ecd148.jpg", "bboxes": [0.26390572390572387, 0.0, 0.9743434343434344, 0.37218855218855224], "class": 1}