{"image": "0ce65822-0853-11ef-9d21-64d2c4ecd148.jpg", "bboxes": [0.0, 0.5278114478114477, 0.08989898989898999, 1.0], "class": 1}