{"image": "0ce65822-0853-11ef-9d21-64d2c4ecd148.jpg", "bboxes": [0.43454545454545446, 0.0, 0.9977777777777778, 0.5677441077441078], "class": 1}