{"image": "0ce65822-0853-11ef-9d21-64d2c4ecd148.jpg", "bboxes": [0.3678787878787878, 0.37670033670033665, 1.0, 1.0], "class": 1}