{"image": "0ce65822-0853-11ef-9d21-64d2c4ecd148.jpg", "bboxes": [0.0, 0.65003367003367, 0.0210101010101011, 0.9977777777777778], "class": 1}