{"image": "0ce65822-0853-11ef-9d21-64d2c4ecd148.jpg", "bboxes": [0.052794612794612776, 0.14781144781144773, 0.7632323232323234, 1.0], "class": 1}