{"image": "0ce65822-0853-11ef-9d21-64d2c4ecd148.jpg", "bboxes": [0.0, 0.5389225589225589, 0.24942760942760944, 1.0], "class": 1}