{"image": "0ce65822-0853-11ef-9d21-64d2c4ecd148.jpg", "bboxes": [0.12835016835016833, 0.3033670033670033, 0.8387878787878789, 1.0], "class": 1}