{"image": "0ce65822-0853-11ef-9d21-64d2c4ecd148.jpg", "bboxes": [0.3639057239057239, 0.32114478114478107, 1.0, 1.0], "class": 1}