{"image": "0ce65822-0853-11ef-9d21-64d2c4ecd148.jpg", "bboxes": [0.0022222222222222365, 0.5233670033670033, 0.384983164983165, 0.9977777777777778], "class": 1}