{"image": "0ce65822-0853-11ef-9d21-64d2c4ecd148.jpg", "bboxes": [0.5323232323232323, 0.11892255892255887, 1.0, 1.0], "class": 1}