{"image": "0ce65822-0853-11ef-9d21-64d2c4ecd148.jpg", "bboxes": [0.0, 0.5167003367003367, 0.2121212121212122, 0.9977777777777778], "class": 1}