{"image": "0ce65822-0853-11ef-9d21-64d2c4ecd148.jpg", "bboxes": [0.0, 0.5789225589225588, 0.5454545454545455, 0.9977777777777778], "class": 1}