{"image": "0ce65822-0853-11ef-9d21-64d2c4ecd148.jpg", "bboxes": [0.47057239057239053, 0.18781144781144776, 0.9977777777777778, 0.9977777777777778], "class": 1}