{"image": "0ce65822-0853-11ef-9d21-64d2c4ecd148.jpg", "bboxes": [0.2723232323232322, 0.0, 0.9827609427609427, 0.5188552188552189], "class": 1}