{"image": "0ce65822-0853-11ef-9d21-64d2c4ecd148.jpg", "bboxes": [0.0016835016835016682, 0.0, 0.7121212121212123, 0.6232996632996634], "class": 1}