{"image": "0ce65822-0853-11ef-9d21-64d2c4ecd148.jpg", "bboxes": [0.3594612794612794, 0.40781144781144774, 1.0, 1.0], "class": 1}