{"image": "0ce65822-0853-11ef-9d21-64d2c4ecd148.jpg", "bboxes": [0.17279461279461278, 0.1455892255892256, 0.8832323232323234, 1.0], "class": 1}