{"image": "0ce65822-0853-11ef-9d21-64d2c4ecd148.jpg", "bboxes": [0.561212121212121, 0.2211447811447811, 1.0, 1.0], "class": 1}