{"image": "0ce65822-0853-11ef-9d21-64d2c4ecd148.jpg", "bboxes": [0.0, 0.0009427609427610189, 0.5832323232323233, 0.9032996632996634], "class": 1}