{"image": "0d2b5b04-07fc-11ef-b27b-64d2c4ecd148.jpg", "bboxes": [0.0, 0.0, 0.7434343434343439, 0.92006734006734], "class": 1}