{"image": "0d2b5b04-07fc-11ef-b27b-64d2c4ecd148.jpg", "bboxes": [0.40545454545454507, 0.0, 0.9977777777777778, 0.9289562289562289], "class": 1}