{"image": "0d2b5b04-07fc-11ef-b27b-64d2c4ecd148.jpg", "bboxes": [0.005454545454545045, 0.04659932659932664, 0.9650505050505048, 0.9977777777777778], "class": 1}