{"image": "0d2b5b04-07fc-11ef-b27b-64d2c4ecd148.jpg", "bboxes": [0.0, 0.15326599326599333, 0.6434343434343438, 0.9977777777777778], "class": 1}