{"image": "0d2b5b04-07fc-11ef-b27b-64d2c4ecd148.jpg", "bboxes": [0.43656565656565616, 0.0, 0.9977777777777778, 0.9977777777777778], "class": 1}