{"image": "0d2b5b04-07fc-11ef-b27b-64d2c4ecd148.jpg", "bboxes": [0.3927272727272729, 0.0, 0.9977777777777778, 0.8867340067340067], "class": 1}