{"image": "0d31af8b-1ab0-11ef-b39c-bd5cfcf36af4.jpg", "bboxes": [0.03640661938534295, 0.03702127659574472, 0.5198581560283688, 0.38808510638297866], "class": 2}