{"image": "0d31af8b-1ab0-11ef-b39c-bd5cfcf36af4.jpg", "bboxes": [0.0022222222222222365, 0.5808037825059102, 0.482080378250591, 0.9318676122931442], "class": 2}