{"image": "0d31af8b-1ab0-11ef-b39c-bd5cfcf36af4.jpg", "bboxes": [0.018628841607565172, 0.6096926713947991, 0.5020803782505909, 0.960756501182033], "class": 2}