{"image": "0d31af8b-1ab0-11ef-b39c-bd5cfcf36af4.jpg", "bboxes": [0.43125295508274236, 0.07702127659574465, 0.9147044917257682, 0.4280851063829786], "class": 2}