{"image": "0d31af8b-1ab0-11ef-b39c-bd5cfcf36af4.jpg", "bboxes": [0.13125295508274235, 0.0614657210401891, 0.6147044917257681, 0.41252955082742304], "class": 2}