{"image": "0d31af8b-1ab0-11ef-b39c-bd5cfcf36af4.jpg", "bboxes": [0.37347517730496455, 0.598581560283688, 0.8569267139479904, 0.949645390070922], "class": 2}