{"image": "0d31af8b-1ab0-11ef-b39c-bd5cfcf36af4.jpg", "bboxes": [0.24973995271867633, 0.04591016548463356, 0.7331914893617021, 0.39697399527186744], "class": 2}