{"image": "0d31af8b-1ab0-11ef-b39c-bd5cfcf36af4.jpg", "bboxes": [0.0022222222222222365, 0.5852482269503547, 0.4709692671394798, 0.9363120567375887], "class": 2}