{"image": "0d31af8b-1ab0-11ef-b39c-bd5cfcf36af4.jpg", "bboxes": [0.4556973995271868, 0.054799054373522504, 0.9391489361702126, 0.40586288416075644], "class": 2}