{"image": "0d31af8b-1ab0-11ef-b39c-bd5cfcf36af4.jpg", "bboxes": [0.2852955082742319, 0.6208037825059103, 0.7687470449172576, 0.9718676122931442], "class": 2}