{"image": "0d31af8b-1ab0-11ef-b39c-bd5cfcf36af4.jpg", "bboxes": [0.3297399527186763, 0.041465721040189085, 0.813191489361702, 0.39252955082742313], "class": 2}