{"image": "0d31af8b-1ab0-11ef-b39c-bd5cfcf36af4.jpg", "bboxes": [0.3230732860520096, 0.5919148936170213, 0.8065248226950354, 0.9429787234042553], "class": 2}