{"image": "0d31af8b-1ab0-11ef-b39c-bd5cfcf36af4.jpg", "bboxes": [0.12307328605200962, 0.04368794326241132, 0.6065248226950354, 0.39475177304964526], "class": 2}