{"image": "0d31af8b-1ab0-11ef-b39c-bd5cfcf36af4.jpg", "bboxes": [0.2801418439716312, 0.6052482269503547, 0.763593380614657, 0.9563120567375887], "class": 2}