{"image": "0d31af8b-1ab0-11ef-b39c-bd5cfcf36af4.jpg", "bboxes": [0.016406619385342935, 0.03257683215130025, 0.4998581560283688, 0.3836406619385342], "class": 2}