{"image": "0d31af8b-1ab0-11ef-b39c-bd5cfcf36af4.jpg", "bboxes": [0.3919621749408986, 0.558581560283688, 0.8754137115839243, 0.9096453900709219], "class": 2}