{"image": "0d31af8b-1ab0-11ef-b39c-bd5cfcf36af4.jpg", "bboxes": [0.1868085106382979, 0.5696926713947992, 0.6702600472813237, 0.9207565011820331], "class": 2}