{"image": "0d31af8b-1ab0-11ef-b39c-bd5cfcf36af4.jpg", "bboxes": [0.2756973995271868, 0.03479905437352249, 0.7591489361702126, 0.3858628841607564], "class": 2}