{"image": "0d31af8b-1ab0-11ef-b39c-bd5cfcf36af4.jpg", "bboxes": [0.5423640661938535, 0.06813238770685581, 0.9977777777777778, 0.41919621749408975], "class": 2}