{"image": "0d31af8b-1ab0-11ef-b39c-bd5cfcf36af4.jpg", "bboxes": [0.09418439716312077, 0.07257683215130029, 0.5776359338061465, 0.4236406619385342], "class": 2}