{"image": "0d31af8b-1ab0-11ef-b39c-bd5cfcf36af4.jpg", "bboxes": [0.025295508274231878, 0.059243498817966866, 0.5087470449172576, 0.4103073286052009], "class": 2}