{"image": "0d31af8b-1ab0-11ef-b39c-bd5cfcf36af4.jpg", "bboxes": [0.48236406619385347, 0.05035460992907803, 0.9658156028368793, 0.40141843971631197], "class": 2}