{"image": "0d31af8b-1ab0-11ef-b39c-bd5cfcf36af4.jpg", "bboxes": [0.38014184397163125, 0.587470449172577, 0.8635933806146571, 0.9385342789598109], "class": 2}