{"image": "0d31af8b-1ab0-11ef-b39c-bd5cfcf36af4.jpg", "bboxes": [0.20529550827423182, 0.03257683215130025, 0.6887470449172577, 0.3836406619385342], "class": 2}