{"image": "0d31af8b-1ab0-11ef-b39c-bd5cfcf36af4.jpg", "bboxes": [0.5023640661938534, 0.03479905437352249, 0.9858156028368793, 0.3858628841607564], "class": 2}