{"image": "0d31af8b-1ab0-11ef-b39c-bd5cfcf36af4.jpg", "bboxes": [0.216406619385343, 0.5919148936170213, 0.6998581560283688, 0.9429787234042553], "class": 2}