{"image": "0d31af8b-1ab0-11ef-b39c-bd5cfcf36af4.jpg", "bboxes": [0.10973995271867631, 0.07924349881796688, 0.5931914893617021, 0.4303073286052008], "class": 2}