{"image": "0d31af8b-1ab0-11ef-b39c-bd5cfcf36af4.jpg", "bboxes": [0.16751773049645413, 0.5830260047281325, 0.6509692671394799, 0.9340898345153664], "class": 2}