{"image": "0d31af8b-1ab0-11ef-b39c-bd5cfcf36af4.jpg", "bboxes": [0.5268085106382979, 0.5652482269503547, 0.9977777777777778, 0.9163120567375886], "class": 2}