{"image": "0d31af8b-1ab0-11ef-b39c-bd5cfcf36af4.jpg", "bboxes": [0.12529550827423186, 0.5719148936170214, 0.6087470449172576, 0.9229787234042554], "class": 2}