{"image": "0d31af8b-1ab0-11ef-b39c-bd5cfcf36af4.jpg", "bboxes": [0.33862884160756523, 0.5674704491725769, 0.822080378250591, 0.9185342789598109], "class": 2}