{"image": "0d31af8b-1ab0-11ef-b39c-bd5cfcf36af4.jpg", "bboxes": [0.1475177304964541, 0.07924349881796688, 0.6309692671394799, 0.4303073286052008], "class": 2}