{"image": "0d31af8b-1ab0-11ef-b39c-bd5cfcf36af4.jpg", "bboxes": [0.2941843971631207, 0.5808037825059102, 0.7776359338061465, 0.9318676122931442], "class": 2}