{"image": "0d31af8b-1ab0-11ef-b39c-bd5cfcf36af4.jpg", "bboxes": [0.3245862884160757, 0.5941371158392436, 0.8080378250591015, 0.9452009456264775], "class": 2}