{"image": "0d31af8b-1ab0-11ef-b39c-bd5cfcf36af4.jpg", "bboxes": [0.07418439716312075, 0.6163593380614658, 0.5576359338061465, 0.9674231678486997], "class": 2}