{"image": "0d31af8b-1ab0-11ef-b39c-bd5cfcf36af4.jpg", "bboxes": [0.0075177304964541, 0.08368794326241136, 0.49096926713947986, 0.4347517730496453], "class": 2}