{"image": "0d31af8b-1ab0-11ef-b39c-bd5cfcf36af4.jpg", "bboxes": [0.34236406619385346, 0.03702127659574472, 0.8258156028368793, 0.38808510638297866], "class": 2}