{"image": "0d31af8b-1ab0-11ef-b39c-bd5cfcf36af4.jpg", "bboxes": [0.3401418439716312, 0.5696926713947992, 0.823593380614657, 0.9207565011820331], "class": 2}