{"image": "0d31af8b-1ab0-11ef-b39c-bd5cfcf36af4.jpg", "bboxes": [0.15347517730496457, 0.07702127659574465, 0.6369267139479904, 0.4280851063829786], "class": 2}