{"image": "0d31af8b-1ab0-11ef-b39c-bd5cfcf36af4.jpg", "bboxes": [0.13640661938534293, 0.05702127659574474, 0.6198581560283687, 0.4080851063829787], "class": 2}