{"image": "0d31af8b-1ab0-11ef-b39c-bd5cfcf36af4.jpg", "bboxes": [0.0022222222222222365, 0.5941371158392436, 0.4798581560283688, 0.9452009456264775], "class": 2}