{"image": "0d31af8b-1ab0-11ef-b39c-bd5cfcf36af4.jpg", "bboxes": [0.22085106382978734, 0.06591016548463358, 0.7043026004728132, 0.4169739952718675], "class": 2}