{"image": "0d31af8b-1ab0-11ef-b39c-bd5cfcf36af4.jpg", "bboxes": [0.36014184397163124, 0.03924349881796696, 0.843593380614657, 0.3903073286052009], "class": 2}