{"image": "0d31af8b-1ab0-11ef-b39c-bd5cfcf36af4.jpg", "bboxes": [0.005295508274231864, 0.5941371158392436, 0.4887470449172577, 0.9452009456264775], "class": 2}