{"image": "0d31af8b-1ab0-11ef-b39c-bd5cfcf36af4.jpg", "bboxes": [0.4601418439716312, 0.06368794326241134, 0.943593380614657, 0.4147517730496453], "class": 2}