{"image": "0d31af8b-1ab0-11ef-b39c-bd5cfcf36af4.jpg", "bboxes": [0.040851063829787426, 0.5763593380614658, 0.5243026004728132, 0.9274231678486997], "class": 2}