{"image": "0d31af8b-1ab0-11ef-b39c-bd5cfcf36af4.jpg", "bboxes": [0.2564066193853429, 0.05035460992907803, 0.7398581560283688, 0.40141843971631197], "class": 2}