{"image": "0d31af8b-1ab0-11ef-b39c-bd5cfcf36af4.jpg", "bboxes": [0.14903073286052013, 0.6074704491725769, 0.6324822695035459, 0.9585342789598109], "class": 2}