{"image": "0d31af8b-1ab0-11ef-b39c-bd5cfcf36af4.jpg", "bboxes": [0.3497399527186763, 0.09479905437352243, 0.8331914893617021, 0.44586288416075637], "class": 2}