{"image": "0d31af8b-1ab0-11ef-b39c-bd5cfcf36af4.jpg", "bboxes": [0.11418439716312079, 0.0859101654846336, 0.5976359338061465, 0.43697399527186753], "class": 2}