{"image": "0d31af8b-1ab0-11ef-b39c-bd5cfcf36af4.jpg", "bboxes": [0.08529550827423182, 0.6119148936170213, 0.5687470449172576, 0.9629787234042553], "class": 2}