{"image": "0d31af8b-1ab0-11ef-b39c-bd5cfcf36af4.jpg", "bboxes": [0.22458628841607567, 0.6096926713947991, 0.7080378250591015, 0.960756501182033], "class": 2}