{"image": "0d31af8b-1ab0-11ef-b39c-bd5cfcf36af4.jpg", "bboxes": [0.17418439716312073, 0.0614657210401891, 0.6576359338061466, 0.41252955082742304], "class": 2}