{"image": "0d31af8b-1ab0-11ef-b39c-bd5cfcf36af4.jpg", "bboxes": [0.14236406619385344, 0.5630260047281325, 0.6258156028368792, 0.9140898345153664], "class": 2}