{"image": "0d31af8b-1ab0-11ef-b39c-bd5cfcf36af4.jpg", "bboxes": [0.33125295508274233, 0.618581560283688, 0.8147044917257682, 0.969645390070922], "class": 2}