{"image": "0d31af8b-1ab0-11ef-b39c-bd5cfcf36af4.jpg", "bboxes": [0.3764066193853429, 0.08368794326241136, 0.8598581560283688, 0.4347517730496453], "class": 2}