{"image": "0d31af8b-1ab0-11ef-b39c-bd5cfcf36af4.jpg", "bboxes": [0.30458628841607566, 0.07035460992907805, 0.7880378250591015, 0.421418439716312], "class": 2}