{"image": "0d31af8b-1ab0-11ef-b39c-bd5cfcf36af4.jpg", "bboxes": [0.4156973995271868, 0.5808037825059102, 0.8991489361702126, 0.9318676122931442], "class": 2}