{"image": "0d31af8b-1ab0-11ef-b39c-bd5cfcf36af4.jpg", "bboxes": [0.37862884160756516, 0.07924349881796688, 0.862080378250591, 0.4303073286052008], "class": 2}