{"image": "0d3d32dc-0853-11ef-9d21-64d2c4ecd148.jpg", "bboxes": [0.2680808080808082, 0.48303030303030303, 1.0, 1.0], "class": 1}