{"image": "0d3d32dc-0853-11ef-9d21-64d2c4ecd148.jpg", "bboxes": [0.0022222222222222365, 0.33191919191919195, 0.643030303030303, 0.9977777777777778], "class": 1}