{"image": "0d3d32dc-0853-11ef-9d21-64d2c4ecd148.jpg", "bboxes": [0.8036363636363637, 0.0, 1.0, 0.7591919191919192], "class": 1}