{"image": "0d3d32dc-0853-11ef-9d21-64d2c4ecd148.jpg", "bboxes": [0.6930639730639728, 0.0, 0.9977777777777778, 0.9036363636363636], "class": 1}