{"image": "0d3d32dc-0853-11ef-9d21-64d2c4ecd148.jpg", "bboxes": [0.0, 0.5274747474747474, 0.32080808080808065, 1.0], "class": 1}