{"image": "0d3d32dc-0853-11ef-9d21-64d2c4ecd148.jpg", "bboxes": [0.0, 0.41414141414141414, 0.7602693602693605, 0.9977777777777778], "class": 1}