{"image": "0d3d32dc-0853-11ef-9d21-64d2c4ecd148.jpg", "bboxes": [0.7108417508417506, 0.2963636363636364, 0.9977777777777778, 0.9977777777777778], "class": 1}