{"image": "0d3d32dc-0853-11ef-9d21-64d2c4ecd148.jpg", "bboxes": [0.6191919191919193, 0.5741414141414142, 1.0, 1.0], "class": 1}