{"image": "0d3d32dc-0853-11ef-9d21-64d2c4ecd148.jpg", "bboxes": [0.0022222222222222365, 0.05858585858585863, 0.5785858585858585, 0.9643097643097642], "class": 1}