{"image": "0d3d32dc-0853-11ef-9d21-64d2c4ecd148.jpg", "bboxes": [0.0, 0.3296969696969697, 0.2624915824915828, 1.0], "class": 1}