{"image": "0d3d32dc-0853-11ef-9d21-64d2c4ecd148.jpg", "bboxes": [0.0022222222222222365, 0.38969696969696976, 0.44080808080808076, 0.9977777777777778], "class": 1}