{"image": "0d3d32dc-0853-11ef-9d21-64d2c4ecd148.jpg", "bboxes": [0.39474747474747485, 0.0, 0.9977777777777778, 0.3880808080808081], "class": 1}