{"image": "0d3d32dc-0853-11ef-9d21-64d2c4ecd148.jpg", "bboxes": [0.7303030303030305, 0.0, 0.9977777777777778, 0.8325252525252526], "class": 1}