{"image": "0d3d32dc-0853-11ef-9d21-64d2c4ecd148.jpg", "bboxes": [0.0022222222222222365, 0.5763636363636364, 0.2719191919191918, 0.9977777777777778], "class": 1}