{"image": "0d3d32dc-0853-11ef-9d21-64d2c4ecd148.jpg", "bboxes": [0.0, 0.48969696969696974, 0.27360269360269385, 0.9977777777777778], "class": 1}