{"image": "0d3d32dc-0853-11ef-9d21-64d2c4ecd148.jpg", "bboxes": [0.09030303030303041, 0.0, 0.864713804713805, 0.7836363636363636], "class": 1}