{"image": "0d3d32dc-0853-11ef-9d21-64d2c4ecd148.jpg", "bboxes": [0.8441750841750839, 0.22969696969696973, 0.9977777777777778, 0.9977777777777778], "class": 1}