{"image": "0d3d32dc-0853-11ef-9d21-64d2c4ecd148.jpg", "bboxes": [0.1614141414141415, 0.0, 0.9358249158249161, 0.896969696969697], "class": 1}