{"image": "0d3d32dc-0853-11ef-9d21-64d2c4ecd148.jpg", "bboxes": [0.0, 0.1763636363636364, 0.6602693602693606, 1.0], "class": 1}