{"image": "0d3d32dc-0853-11ef-9d21-64d2c4ecd148.jpg", "bboxes": [0.7125252525252527, 0.2274747474747475, 0.9977777777777778, 0.9977777777777778], "class": 1}