{"image": "0d3d32dc-0853-11ef-9d21-64d2c4ecd148.jpg", "bboxes": [0.05252525252525263, 0.5741414141414142, 0.8269360269360272, 1.0], "class": 1}