{"image": "0d3d32dc-0853-11ef-9d21-64d2c4ecd148.jpg", "bboxes": [0.07973063973063943, 0.0, 0.8541414141414141, 0.6147474747474747], "class": 1}