{"image": "0d3d32dc-0853-11ef-9d21-64d2c4ecd148.jpg", "bboxes": [0.4347474747474748, 0.0, 0.9977777777777778, 0.7725252525252525], "class": 1}