{"image": "0d3d32dc-0853-11ef-9d21-64d2c4ecd148.jpg", "bboxes": [0.8930639730639728, 0.0, 1.0, 0.6969696969696969], "class": 1}