{"image": "0d3d32dc-0853-11ef-9d21-64d2c4ecd148.jpg", "bboxes": [0.0, 0.40969696969696967, 0.5624915824915827, 1.0], "class": 1}