{"image": "0d3d32dc-0853-11ef-9d21-64d2c4ecd148.jpg", "bboxes": [0.15528619528619503, 0.0, 0.9296969696969696, 0.43696969696969695], "class": 1}