{"image": "0d3d32dc-0853-11ef-9d21-64d2c4ecd148.jpg", "bboxes": [0.05750841750841729, 0.0, 0.8319191919191918, 0.6836363636363636], "class": 1}