{"image": "0d3d32dc-0853-11ef-9d21-64d2c4ecd148.jpg", "bboxes": [0.036969696969697076, 0.6496969696969697, 0.8113804713804716, 1.0], "class": 1}