{"image": "0d3d32dc-0853-11ef-9d21-64d2c4ecd148.jpg", "bboxes": [0.7841750841750839, 0.24525252525252528, 1.0, 1.0], "class": 1}