{"image": "0d3d32dc-0853-11ef-9d21-64d2c4ecd148.jpg", "bboxes": [0.5419528619528617, 0.4319191919191919, 1.0, 1.0], "class": 1}