{"image": "0d3d32dc-0853-11ef-9d21-64d2c4ecd148.jpg", "bboxes": [0.0022222222222222365, 0.4608080808080808, 0.06525252525252512, 0.9977777777777778], "class": 1}