{"image": "0d3d32dc-0853-11ef-9d21-64d2c4ecd148.jpg", "bboxes": [0.0, 0.0, 0.4469360269360272, 0.3658585858585858], "class": 1}