{"image": "0d3d32dc-0853-11ef-9d21-64d2c4ecd148.jpg", "bboxes": [0.5641750841750839, 0.0, 1.0, 0.4836363636363636], "class": 1}