{"image": "0d3d32dc-0853-11ef-9d21-64d2c4ecd148.jpg", "bboxes": [0.7725252525252526, 0.0, 1.0, 0.4147474747474747], "class": 1}