{"image": "0d3d32dc-0853-11ef-9d21-64d2c4ecd148.jpg", "bboxes": [0.7147474747474748, 0.42080808080808085, 1.0, 1.0], "class": 1}