{"image": "0d3d32dc-0853-11ef-9d21-64d2c4ecd148.jpg", "bboxes": [0.9908417508417506, 0.41414141414141414, 1.0, 1.0], "class": 1}