{"image": "0d3d32dc-0853-11ef-9d21-64d2c4ecd148.jpg", "bboxes": [0.3352861952861951, 0.0, 1.0, 0.6747474747474748], "class": 1}