{"image": "0d3d32dc-0853-11ef-9d21-64d2c4ecd148.jpg", "bboxes": [0.19474747474747486, 0.4185858585858586, 0.9691582491582494, 0.9977777777777778], "class": 1}