{"image": "0d3d32dc-0853-11ef-9d21-64d2c4ecd148.jpg", "bboxes": [0.8241750841750839, 0.6341414141414141, 1.0, 1.0], "class": 1}