{"image": "0d3d32dc-0853-11ef-9d21-64d2c4ecd148.jpg", "bboxes": [0.0, 0.463030303030303, 0.6802693602693606, 1.0], "class": 1}