{"image": "0d811d56-1ab0-11ef-b6c6-bd5cfcf36af4.jpg", "bboxes": [0.22874704491725772, 0.18898345153664295, 0.5218912529550828, 0.5577777777777777], "class": 2}