{"image": "0d811d56-1ab0-11ef-b6c6-bd5cfcf36af4.jpg", "bboxes": [0.5603309692671395, 0.19342789598108745, 0.8534751773049645, 0.5622222222222222], "class": 2}