{"image": "0d811d56-1ab0-11ef-b6c6-bd5cfcf36af4.jpg", "bboxes": [0.05985815602836886, 0.43555555555555564, 0.3530023640661938, 0.8043498817966904], "class": 2}