{"image": "0d811d56-1ab0-11ef-b6c6-bd5cfcf36af4.jpg", "bboxes": [0.19096926713948004, 0.1778723404255319, 0.48411347517730496, 0.5466666666666666], "class": 2}