{"image": "0d811d56-1ab0-11ef-b6c6-bd5cfcf36af4.jpg", "bboxes": [0.5492198581560284, 0.42000000000000004, 0.8423640661938533, 0.7887943262411348], "class": 2}