{"image": "0d811d56-1ab0-11ef-b6c6-bd5cfcf36af4.jpg", "bboxes": [0.40255319148936175, 0.4222222222222223, 0.6956973995271867, 0.791016548463357], "class": 2}