{"image": "0d811d56-1ab0-11ef-b6c6-bd5cfcf36af4.jpg", "bboxes": [0.41096926713948, 0.43111111111111117, 0.7041134751773049, 0.799905437352246], "class": 2}