{"image": "0d811d56-1ab0-11ef-b6c6-bd5cfcf36af4.jpg", "bboxes": [0.3865248226950355, 0.4377777777777778, 0.6796690307328606, 0.8065721040189126], "class": 2}