{"image": "0d811d56-1ab0-11ef-b6c6-bd5cfcf36af4.jpg", "bboxes": [0.2887470449172578, 0.42888888888888893, 0.5818912529550827, 0.7976832151300237], "class": 2}