{"image": "0d811d56-1ab0-11ef-b6c6-bd5cfcf36af4.jpg", "bboxes": [0.05096926713948002, 0.22009456264775407, 0.34411347517730495, 0.5888888888888888], "class": 2}