{"image": "0d811d56-1ab0-11ef-b6c6-bd5cfcf36af4.jpg", "bboxes": [0.6892198581560284, 0.1912056737588652, 0.9823640661938533, 0.5599999999999999], "class": 2}