{"image": "0d811d56-1ab0-11ef-b6c6-bd5cfcf36af4.jpg", "bboxes": [0.27319148936170223, 0.17342789598108743, 0.5663356973995272, 0.5422222222222222], "class": 2}