{"image": "0d811d56-1ab0-11ef-b6c6-bd5cfcf36af4.jpg", "bboxes": [0.2981087470449173, 0.4511111111111112, 0.5912529550827422, 0.819905437352246], "class": 2}