{"image": "0d811d56-1ab0-11ef-b6c6-bd5cfcf36af4.jpg", "bboxes": [0.5558865248226951, 0.18676122931442074, 0.84903073286052, 0.5555555555555555], "class": 2}