{"image": "0d811d56-1ab0-11ef-b6c6-bd5cfcf36af4.jpg", "bboxes": [0.2020803782505911, 0.41777777777777786, 0.49522458628841604, 0.7865721040189126], "class": 2}