{"image": "0d811d56-1ab0-11ef-b6c6-bd5cfcf36af4.jpg", "bboxes": [0.41985815602836885, 0.46888888888888897, 0.7130023640661938, 0.8376832151300238], "class": 2}