{"image": "0d811d56-1ab0-11ef-b6c6-bd5cfcf36af4.jpg", "bboxes": [0.3314420803782506, 0.4422222222222223, 0.6245862884160756, 0.811016548463357], "class": 2}