{"image": "0d811d56-1ab0-11ef-b6c6-bd5cfcf36af4.jpg", "bboxes": [0.39541371158392447, 0.20453900709219852, 0.6885579196217494, 0.5733333333333333], "class": 2}