{"image": "0d811d56-1ab0-11ef-b6c6-bd5cfcf36af4.jpg", "bboxes": [0.4403309692671395, 0.4155555555555556, 0.7334751773049645, 0.7843498817966904], "class": 2}