{"image": "0d811d56-1ab0-11ef-b6c6-bd5cfcf36af4.jpg", "bboxes": [0.6025531914893617, 0.16453900709219849, 0.8956973995271866, 0.5333333333333332], "class": 2}