{"image": "0d811d56-1ab0-11ef-b6c6-bd5cfcf36af4.jpg", "bboxes": [0.3714420803782506, 0.1667612293144207, 0.6645862884160756, 0.5355555555555556], "class": 2}