{"image": "0d811d56-1ab0-11ef-b6c6-bd5cfcf36af4.jpg", "bboxes": [0.2887470449172578, 0.20009456264775405, 0.5818912529550827, 0.5688888888888888], "class": 2}