{"image": "0d811d56-1ab0-11ef-b6c6-bd5cfcf36af4.jpg", "bboxes": [0.34477541371158393, 0.21342789598108736, 0.6379196217494089, 0.5822222222222222], "class": 2}