{"image": "0d811d56-1ab0-11ef-b6c6-bd5cfcf36af4.jpg", "bboxes": [0.07763593380614664, 0.16898345153664296, 0.37078014184397157, 0.5377777777777777], "class": 2}