{"image": "0d811d56-1ab0-11ef-b6c6-bd5cfcf36af4.jpg", "bboxes": [0.062080378250591095, 0.4755555555555556, 0.355224586288416, 0.8443498817966903], "class": 2}