{"image": "0d811d56-1ab0-11ef-b6c6-bd5cfcf36af4.jpg", "bboxes": [0.4287470449172578, 0.4244444444444445, 0.7218912529550827, 0.7932387706855792], "class": 2}