{"image": "0d811d56-1ab0-11ef-b6c6-bd5cfcf36af4.jpg", "bboxes": [0.5092198581560284, 0.41777777777777786, 0.8023640661938534, 0.7865721040189126], "class": 2}