{"image": "0d811d56-1ab0-11ef-b6c6-bd5cfcf36af4.jpg", "bboxes": [0.6581087470449173, 0.1578723404255319, 0.9512529550827422, 0.5266666666666666], "class": 2}