{"image": "0d811d56-1ab0-11ef-b6c6-bd5cfcf36af4.jpg", "bboxes": [0.06652482269503557, 0.17565011820330967, 0.3596690307328605, 0.5444444444444444], "class": 2}