{"image": "0d811d56-1ab0-11ef-b6c6-bd5cfcf36af4.jpg", "bboxes": [0.05096926713948002, 0.4155555555555556, 0.34411347517730495, 0.7843498817966904], "class": 2}