{"image": "0d811d56-1ab0-11ef-b6c6-bd5cfcf36af4.jpg", "bboxes": [0.1376359338061467, 0.41111111111111115, 0.4307801418439716, 0.7799054373522459], "class": 2}