{"image": "0d811d56-1ab0-11ef-b6c6-bd5cfcf36af4.jpg", "bboxes": [0.02874704491725777, 0.4222222222222223, 0.3218912529550827, 0.791016548463357], "class": 2}