{"image": "0d811d56-1ab0-11ef-b6c6-bd5cfcf36af4.jpg", "bboxes": [0.3731914893617022, 0.19342789598108745, 0.6663356973995271, 0.5622222222222222], "class": 2}