{"image": "0d811d56-1ab0-11ef-b6c6-bd5cfcf36af4.jpg", "bboxes": [0.5203309692671395, 0.42888888888888893, 0.8134751773049644, 0.7976832151300237], "class": 2}