{"image": "0d811d56-1ab0-11ef-b6c6-bd5cfcf36af4.jpg", "bboxes": [0.37096926713948, 0.4555555555555556, 0.664113475177305, 0.8243498817966903], "class": 2}