{"image": "0d811d56-1ab0-11ef-b6c6-bd5cfcf36af4.jpg", "bboxes": [0.29985815602836885, 0.21342789598108736, 0.5930023640661938, 0.5822222222222222], "class": 2}