{"image": "0d811d56-1ab0-11ef-b6c6-bd5cfcf36af4.jpg", "bboxes": [0.4514420803782506, 0.41777777777777786, 0.7445862884160755, 0.7865721040189126], "class": 2}