{"image": "0d811d56-1ab0-11ef-b6c6-bd5cfcf36af4.jpg", "bboxes": [0.13096926713947998, 0.22009456264775407, 0.4241134751773049, 0.5888888888888888], "class": 2}