{"image": "0d811d56-1ab0-11ef-b6c6-bd5cfcf36af4.jpg", "bboxes": [0.5092198581560284, 0.208983451536643, 0.8023640661938534, 0.5777777777777777], "class": 2}