{"image": "0d811d56-1ab0-11ef-b6c6-bd5cfcf36af4.jpg", "bboxes": [0.20652482269503558, 0.1778723404255319, 0.4996690307328605, 0.5466666666666666], "class": 2}