{"image": "0d811d56-1ab0-11ef-b6c6-bd5cfcf36af4.jpg", "bboxes": [0.36477541371158395, 0.1845390070921985, 0.6579196217494089, 0.5533333333333332], "class": 2}