{"image": "0d811d56-1ab0-11ef-b6c6-bd5cfcf36af4.jpg", "bboxes": [0.47588652482269506, 0.42000000000000004, 0.76903073286052, 0.7887943262411348], "class": 2}