{"image": "0d811d56-1ab0-11ef-b6c6-bd5cfcf36af4.jpg", "bboxes": [0.6069976359338062, 0.4422222222222223, 0.9001418439716311, 0.811016548463357], "class": 2}