{"image": "0d811d56-1ab0-11ef-b6c6-bd5cfcf36af4.jpg", "bboxes": [0.4892198581560284, 0.21787234042553183, 0.7823640661938533, 0.5866666666666667], "class": 2}