{"image": "0d811d56-1ab0-11ef-b6c6-bd5cfcf36af4.jpg", "bboxes": [0.3665248226950356, 0.4333333333333334, 0.6596690307328605, 0.8021276595744682], "class": 2}