{"image": "0d811d56-1ab0-11ef-b6c6-bd5cfcf36af4.jpg", "bboxes": [0.05985815602836886, 0.4466666666666667, 0.3530023640661938, 0.8154609929078015], "class": 2}