{"image": "0d811d56-1ab0-11ef-b6c6-bd5cfcf36af4.jpg", "bboxes": [0.055413711583924496, 0.42666666666666675, 0.3485579196217494, 0.7954609929078015], "class": 2}