{"image": "0d811d56-1ab0-11ef-b6c6-bd5cfcf36af4.jpg", "bboxes": [0.5603309692671395, 0.18231678486997627, 0.8534751773049645, 0.5511111111111111], "class": 2}