{"image": "0d811d56-1ab0-11ef-b6c6-bd5cfcf36af4.jpg", "bboxes": [0.6269976359338062, 0.1712056737588652, 0.9201418439716311, 0.5399999999999999], "class": 2}