{"image": "0d811d56-1ab0-11ef-b6c6-bd5cfcf36af4.jpg", "bboxes": [0.1820803782505911, 0.4244444444444445, 0.475224586288416, 0.7932387706855792], "class": 2}