{"image": "0d811d56-1ab0-11ef-b6c6-bd5cfcf36af4.jpg", "bboxes": [0.11985815602836891, 0.42000000000000004, 0.41300236406619384, 0.7887943262411348], "class": 2}