{"image": "0d811d56-1ab0-11ef-b6c6-bd5cfcf36af4.jpg", "bboxes": [0.2198581560283689, 0.18676122931442074, 0.5130023640661938, 0.5555555555555555], "class": 2}