{"image": "0d811d56-1ab0-11ef-b6c6-bd5cfcf36af4.jpg", "bboxes": [0.664775413711584, 0.47111111111111115, 0.9579196217494089, 0.8399054373522459], "class": 2}