{"image": "0d811d56-1ab0-11ef-b6c6-bd5cfcf36af4.jpg", "bboxes": [0.2398581560283689, 0.20009456264775405, 0.5330023640661938, 0.5688888888888888], "class": 2}