{"image": "0d811d56-1ab0-11ef-b6c6-bd5cfcf36af4.jpg", "bboxes": [0.5936643026004729, 0.17342789598108743, 0.8868085106382978, 0.5422222222222222], "class": 2}