{"image": "0d811d56-1ab0-11ef-b6c6-bd5cfcf36af4.jpg", "bboxes": [0.3758865248226951, 0.21787234042553183, 0.66903073286052, 0.5866666666666667], "class": 2}