{"image": "0d811d56-1ab0-11ef-b6c6-bd5cfcf36af4.jpg", "bboxes": [0.10874704491725773, 0.4333333333333334, 0.40189125295508277, 0.8021276595744682], "class": 2}