{"image": "0d811d56-1ab0-11ef-b6c6-bd5cfcf36af4.jpg", "bboxes": [0.32477541371158397, 0.4244444444444445, 0.6179196217494088, 0.7932387706855792], "class": 2}