{"image": "0d811d56-1ab0-11ef-b6c6-bd5cfcf36af4.jpg", "bboxes": [0.6758865248226951, 0.4533333333333334, 0.96903073286052, 0.8221276595744681], "class": 2}