{"image": "0d811d56-1ab0-11ef-b6c6-bd5cfcf36af4.jpg", "bboxes": [0.2776359338061467, 0.1912056737588652, 0.5707801418439715, 0.5599999999999999], "class": 2}