{"image": "0d811d56-1ab0-11ef-b6c6-bd5cfcf36af4.jpg", "bboxes": [0.6536643026004728, 0.1978723404255318, 0.9468085106382977, 0.5666666666666667], "class": 2}