{"image": "0d865e3c-07fc-11ef-b27b-64d2c4ecd148.jpg", "bboxes": [0.0, 0.04006734006734003, 0.48457912457912494, 0.9977777777777778], "class": 1}