{"image": "0d865e3c-07fc-11ef-b27b-64d2c4ecd148.jpg", "bboxes": [0.0022222222222222365, 0.13562289562289553, 0.04511784511784511, 0.9977777777777778], "class": 1}