{"image": "0d865e3c-07fc-11ef-b27b-64d2c4ecd148.jpg", "bboxes": [0.0, 0.042289562289562266, 0.6001346801346805, 0.9977777777777778], "class": 1}