{"image": "0d865e3c-07fc-11ef-b27b-64d2c4ecd148.jpg", "bboxes": [0.7148821548821549, 0.0, 0.9977777777777778, 0.8888215488215488], "class": 1}