{"image": "0d865e3c-07fc-11ef-b27b-64d2c4ecd148.jpg", "bboxes": [0.0, 0.0, 0.7756902356902361, 0.9977777777777778], "class": 1}