{"image": "0d865e3c-07fc-11ef-b27b-64d2c4ecd148.jpg", "bboxes": [0.795420875420875, 0.0, 0.9977777777777778, 0.8110437710437711], "class": 1}