{"image": "0d865e3c-07fc-11ef-b27b-64d2c4ecd148.jpg", "bboxes": [0.0, 0.0, 0.1979124579124583, 0.8977104377104378], "class": 1}