{"image": "0d865e3c-07fc-11ef-b27b-64d2c4ecd148.jpg", "bboxes": [0.9415488215488216, 0.0, 0.9977777777777778, 0.9977777777777778], "class": 1}