{"image": "0d865e3c-07fc-11ef-b27b-64d2c4ecd148.jpg", "bboxes": [0.013198653198652764, 0.0022222222222222365, 0.9828956228956229, 0.9977777777777778], "class": 1}