{"image": "0d9413f4-0853-11ef-9d21-64d2c4ecd148.jpg", "bboxes": [0.0, 0.40303030303030307, 0.5047811447811446, 1.0], "class": 1}