{"image": "0d9413f4-0853-11ef-9d21-64d2c4ecd148.jpg", "bboxes": [0.9574410774410776, 0.3341414141414142, 1.0, 1.0], "class": 1}