{"image": "0d9413f4-0853-11ef-9d21-64d2c4ecd148.jpg", "bboxes": [0.7862626262626261, 0.3808080808080808, 0.9977777777777778, 0.9977777777777778], "class": 1}