{"image": "0d9413f4-0853-11ef-9d21-64d2c4ecd148.jpg", "bboxes": [0.0, 0.5852525252525254, 0.39151515151515165, 0.9977777777777778], "class": 1}