{"image": "0d9413f4-0853-11ef-9d21-64d2c4ecd148.jpg", "bboxes": [0.7662626262626261, 0.583030303030303, 1.0, 1.0], "class": 1}