{"image": "0d9413f4-0853-11ef-9d21-64d2c4ecd148.jpg", "bboxes": [0.3062626262626261, 0.5052525252525253, 1.0, 1.0], "class": 1}