{"image": "0d9413f4-0853-11ef-9d21-64d2c4ecd148.jpg", "bboxes": [0.24855218855218872, 0.0, 0.9892929292929294, 0.7325252525252525], "class": 1}