{"image": "0d9413f4-0853-11ef-9d21-64d2c4ecd148.jpg", "bboxes": [0.11959595959595948, 0.0, 0.8603367003367002, 0.8058585858585858], "class": 1}