{"image": "0d9413f4-0853-11ef-9d21-64d2c4ecd148.jpg", "bboxes": [0.0022222222222222365, 0.3363636363636365, 0.5736700336700334, 0.9977777777777778], "class": 1}