{"image": "0d9413f4-0853-11ef-9d21-64d2c4ecd148.jpg", "bboxes": [0.0022222222222222365, 0.35858585858585856, 0.12922558922558902, 0.9977777777777778], "class": 1}