{"image": "0d9413f4-0853-11ef-9d21-64d2c4ecd148.jpg", "bboxes": [0.40181818181818163, 0.0, 0.9977777777777778, 0.5947474747474747], "class": 1}