{"image": "0d9413f4-0853-11ef-9d21-64d2c4ecd148.jpg", "bboxes": [0.9574410774410776, 0.0, 1.0, 0.8058585858585858], "class": 1}