{"image": "0d9413f4-0853-11ef-9d21-64d2c4ecd148.jpg", "bboxes": [0.0, 0.5385858585858586, 0.4247811447811446, 1.0], "class": 1}