{"image": "0d9413f4-0853-11ef-9d21-64d2c4ecd148.jpg", "bboxes": [0.0, 0.6363636363636365, 0.4915151515151516, 1.0], "class": 1}