{"image": "0d9413f4-0853-11ef-9d21-64d2c4ecd148.jpg", "bboxes": [0.0022222222222222365, 0.42969696969696974, 0.6936700336700334, 0.9977777777777778], "class": 1}