{"image": "0d9413f4-0853-11ef-9d21-64d2c4ecd148.jpg", "bboxes": [0.6863299663299665, 0.26303030303030306, 1.0, 1.0], "class": 1}