{"image": "0d9413f4-0853-11ef-9d21-64d2c4ecd148.jpg", "bboxes": [0.5196632996632998, 0.6296969696969696, 1.0, 1.0], "class": 1}