{"image": "0d9413f4-0853-11ef-9d21-64d2c4ecd148.jpg", "bboxes": [0.017373737373737264, 0.6096969696969697, 0.758114478114478, 1.0], "class": 1}