{"image": "0d9413f4-0853-11ef-9d21-64d2c4ecd148.jpg", "bboxes": [0.9418181818181817, 0.08080808080808088, 1.0, 0.9764309764309763], "class": 1}