{"image": "0d9413f4-0853-11ef-9d21-64d2c4ecd148.jpg", "bboxes": [0.0022222222222222365, 0.0, 0.649225589225589, 0.7303030303030302], "class": 1}