{"image": "0d9413f4-0853-11ef-9d21-64d2c4ecd148.jpg", "bboxes": [0.5307070707070706, 0.0, 1.0, 0.6125252525252525], "class": 1}