{"image": "0d9413f4-0853-11ef-9d21-64d2c4ecd148.jpg", "bboxes": [0.6107070707070705, 0.0, 0.9977777777777778, 0.4325252525252525], "class": 1}