{"image": "0d9413f4-0853-11ef-9d21-64d2c4ecd148.jpg", "bboxes": [0.7085521885521887, 0.010235690235690313, 0.9977777777777778, 0.9058585858585858], "class": 1}