{"image": "0d9413f4-0853-11ef-9d21-64d2c4ecd148.jpg", "bboxes": [0.850774410774411, 0.0, 0.9977777777777778, 0.8191919191919191], "class": 1}