{"image": "0d9413f4-0853-11ef-9d21-64d2c4ecd148.jpg", "bboxes": [0.0, 0.0013468013468014245, 0.5558922558922557, 0.896969696969697], "class": 1}