{"image": "0d9413f4-0853-11ef-9d21-64d2c4ecd148.jpg", "bboxes": [0.0022222222222222365, 0.08747474747474748, 0.25811447811447796, 0.983097643097643], "class": 1}