{"image": "0d9413f4-0853-11ef-9d21-64d2c4ecd148.jpg", "bboxes": [0.0, 0.6496969696969697, 0.5626262626262628, 1.0], "class": 1}