{"image": "0d9413f4-0853-11ef-9d21-64d2c4ecd148.jpg", "bboxes": [0.14188552188552206, 0.19414141414141417, 0.8826262626262628, 1.0], "class": 1}