{"image": "0d9413f4-0853-11ef-9d21-64d2c4ecd148.jpg", "bboxes": [0.0, 0.5763636363636364, 0.015892255892255736, 1.0], "class": 1}