{"image": "0d9413f4-0853-11ef-9d21-64d2c4ecd148.jpg", "bboxes": [0.3196632996632998, 0.0, 1.0, 0.41696969696969693], "class": 1}