{"image": "0d9413f4-0853-11ef-9d21-64d2c4ecd148.jpg", "bboxes": [0.0, 0.0, 0.164848484848485, 0.5747474747474747], "class": 1}