{"image": "0d9413f4-0853-11ef-9d21-64d2c4ecd148.jpg", "bboxes": [0.4863299663299665, 0.0, 0.9977777777777778, 0.5547474747474748], "class": 1}