{"image": "0d9413f4-0853-11ef-9d21-64d2c4ecd148.jpg", "bboxes": [0.9195959595959594, 0.0, 0.9977777777777778, 0.5347474747474747], "class": 1}