{"image": "0d9413f4-0853-11ef-9d21-64d2c4ecd148.jpg", "bboxes": [0.41966329966329985, 0.26747474747474753, 0.9977777777777778, 0.9977777777777778], "class": 1}