{"image": "0d9413f4-0853-11ef-9d21-64d2c4ecd148.jpg", "bboxes": [0.4062626262626261, 0.18080808080808086, 1.0, 1.0], "class": 1}