{"image": "0d9413f4-0853-11ef-9d21-64d2c4ecd148.jpg", "bboxes": [0.0022222222222222365, 0.5074747474747475, 0.109225589225589, 0.9977777777777778], "class": 1}