{"image": "0d9413f4-0853-11ef-9d21-64d2c4ecd148.jpg", "bboxes": [0.0022222222222222365, 0.04579124579124587, 0.46700336700336686, 0.9414141414141414], "class": 1}