{"image": "0d9413f4-0853-11ef-9d21-64d2c4ecd148.jpg", "bboxes": [0.8329292929292927, 0.0, 0.9977777777777778, 0.6303030303030303], "class": 1}