{"image": "0d9413f4-0853-11ef-9d21-64d2c4ecd148.jpg", "bboxes": [0.235151515151515, 0.0, 0.9758922558922557, 0.8836363636363637], "class": 1}