{"image": "0dd0814c-1ab0-11ef-b01f-bd5cfcf36af4.jpg", "bboxes": [0.7431678486997636, 0.4684633569739953, 0.9977777777777778, 0.8443498817966903], "class": 2}