{"image": "0dd0814c-1ab0-11ef-b01f-bd5cfcf36af4.jpg", "bboxes": [0.0, 0.5062411347517731, 0.23905437352245862, 0.8821276595744681], "class": 2}