{"image": "0dd0814c-1ab0-11ef-b01f-bd5cfcf36af4.jpg", "bboxes": [0.5631678486997636, 0.16231678486997625, 0.878770685579196, 0.5382033096926714], "class": 2}