{"image": "0dd0814c-1ab0-11ef-b01f-bd5cfcf36af4.jpg", "bboxes": [0.7898345153664302, 0.475130023640662, 0.9977777777777778, 0.8510165484633571], "class": 2}