{"image": "0dd0814c-1ab0-11ef-b01f-bd5cfcf36af4.jpg", "bboxes": [0.6698345153664302, 0.45957446808510644, 0.9854373522458627, 0.8354609929078015], "class": 2}