{"image": "0dd0814c-1ab0-11ef-b01f-bd5cfcf36af4.jpg", "bboxes": [0.24789598108747057, 0.16009456264775412, 0.5634988179669032, 0.5359810874704491], "class": 2}