{"image": "0dd0814c-1ab0-11ef-b01f-bd5cfcf36af4.jpg", "bboxes": [0.44761229314420803, 0.4884633569739953, 0.7632151300236405, 0.8643498817966904], "class": 2}