{"image": "0dd0814c-1ab0-11ef-b01f-bd5cfcf36af4.jpg", "bboxes": [0.6320567375886524, 0.495130023640662, 0.9476595744680849, 0.8710165484633571], "class": 2}