{"image": "0dd0814c-1ab0-11ef-b01f-bd5cfcf36af4.jpg", "bboxes": [0.09456264775413725, 0.14231678486997634, 0.4101654846335697, 0.5182033096926714], "class": 2}