{"image": "0dd0814c-1ab0-11ef-b01f-bd5cfcf36af4.jpg", "bboxes": [0.6453900709219857, 0.526241134751773, 0.9609929078014182, 0.9021276595744682], "class": 2}