{"image": "0dd0814c-1ab0-11ef-b01f-bd5cfcf36af4.jpg", "bboxes": [0.7165011820330969, 0.4617966903073286, 0.9977777777777778, 0.8376832151300238], "class": 2}