{"image": "0dd0814c-1ab0-11ef-b01f-bd5cfcf36af4.jpg", "bboxes": [0.0, 0.5040189125295509, 0.1679432624113475, 0.8799054373522459], "class": 2}