{"image": "0dd0814c-1ab0-11ef-b01f-bd5cfcf36af4.jpg", "bboxes": [0.0022222222222222365, 0.1334278959810874, 0.3079432624113475, 0.5093144208037825], "class": 2}