{"image": "0dd0814c-1ab0-11ef-b01f-bd5cfcf36af4.jpg", "bboxes": [0.20122931442080394, 0.14898345153664294, 0.5168321513002364, 0.5248699763593381], "class": 2}