{"image": "0dd0814c-1ab0-11ef-b01f-bd5cfcf36af4.jpg", "bboxes": [0.0022222222222222365, 0.13787234042553187, 0.16572104018912526, 0.5137588652482269], "class": 2}