{"image": "0dd0814c-1ab0-11ef-b01f-bd5cfcf36af4.jpg", "bboxes": [0.7920567375886525, 0.16231678486997625, 0.9977777777777778, 0.5382033096926714], "class": 2}