{"image": "0dd0814c-1ab0-11ef-b01f-bd5cfcf36af4.jpg", "bboxes": [0.0022222222222222365, 0.1578723404255319, 0.21683215130023648, 0.5337588652482269], "class": 2}