{"image": "0dd0814c-1ab0-11ef-b01f-bd5cfcf36af4.jpg", "bboxes": [0.7342789598108747, 0.515130023640662, 0.9977777777777778, 0.891016548463357], "class": 2}