{"image": "0dd0814c-1ab0-11ef-b01f-bd5cfcf36af4.jpg", "bboxes": [0.0022222222222222365, 0.09787234042553183, 0.2990543735224586, 0.47375886524822697], "class": 2}