{"image": "0dd0814c-1ab0-11ef-b01f-bd5cfcf36af4.jpg", "bboxes": [0.17678486997635956, 0.10231678486997631, 0.49238770685579203, 0.47820330969267133], "class": 2}