{"image": "0dd0814c-1ab0-11ef-b01f-bd5cfcf36af4.jpg", "bboxes": [0.6431678486997636, 0.13565011820330963, 0.9587706855791961, 0.5115366430260047], "class": 2}