{"image": "0dd0814c-1ab0-11ef-b01f-bd5cfcf36af4.jpg", "bboxes": [0.8209456264775413, 0.15565011820330965, 0.9977777777777778, 0.5315366430260047], "class": 2}