{"image": "0dd0814c-1ab0-11ef-b01f-bd5cfcf36af4.jpg", "bboxes": [0.6098345153664303, 0.526241134751773, 0.9254373522458628, 0.9021276595744682], "class": 2}