{"image": "0dd0814c-1ab0-11ef-b01f-bd5cfcf36af4.jpg", "bboxes": [0.0, 0.4684633569739953, 0.2746099290780142, 0.8443498817966903], "class": 2}