{"image": "0dd0814c-1ab0-11ef-b01f-bd5cfcf36af4.jpg", "bboxes": [0.7253900709219858, 0.5173522458628842, 1.0, 0.8932387706855792], "class": 2}