{"image": "0dd0814c-1ab0-11ef-b01f-bd5cfcf36af4.jpg", "bboxes": [0.6409456264775414, 0.10453900709219854, 0.9565484633569739, 0.48042553191489357], "class": 2}