{"image": "0dd0814c-1ab0-11ef-b01f-bd5cfcf36af4.jpg", "bboxes": [0.1167848699763595, 0.13787234042553187, 0.432387706855792, 0.5137588652482269], "class": 2}