{"image": "0dd0814c-1ab0-11ef-b01f-bd5cfcf36af4.jpg", "bboxes": [0.08567375886524842, 0.4706855791962175, 0.4012765957446809, 0.8465721040189126], "class": 2}