{"image": "0dd0814c-1ab0-11ef-b01f-bd5cfcf36af4.jpg", "bboxes": [0.20122931442080394, 0.15342789598108741, 0.5168321513002364, 0.5293144208037825], "class": 2}