{"image": "0dd0814c-1ab0-11ef-b01f-bd5cfcf36af4.jpg", "bboxes": [0.5165011820330969, 0.1400945626477541, 0.8321040189125294, 0.5159810874704491], "class": 2}