{"image": "0dd0814c-1ab0-11ef-b01f-bd5cfcf36af4.jpg", "bboxes": [0.15234042553191507, 0.47290780141843974, 0.46794326241134754, 0.8487943262411348], "class": 2}