{"image": "0dd0814c-1ab0-11ef-b01f-bd5cfcf36af4.jpg", "bboxes": [0.687612293144208, 0.4973522458628842, 0.9977777777777778, 0.8732387706855793], "class": 2}