{"image": "0dd0814c-1ab0-11ef-b01f-bd5cfcf36af4.jpg", "bboxes": [0.1545626477541373, 0.475130023640662, 0.4701654846335698, 0.8510165484633571], "class": 2}