{"image": "0dd0814c-1ab0-11ef-b01f-bd5cfcf36af4.jpg", "bboxes": [0.0022222222222222365, 0.11565011820330962, 0.19016548463356975, 0.49153664302600464], "class": 2}