{"image": "0dd0814c-1ab0-11ef-b01f-bd5cfcf36af4.jpg", "bboxes": [0.5965011820330969, 0.4773522458628842, 0.9121040189125293, 0.8532387706855793], "class": 2}