{"image": "0dd0814c-1ab0-11ef-b01f-bd5cfcf36af4.jpg", "bboxes": [0.5098345153664302, 0.5173522458628842, 0.8254373522458627, 0.8932387706855792], "class": 2}