{"image": "0dd0814c-1ab0-11ef-b01f-bd5cfcf36af4.jpg", "bboxes": [0.15900709219858175, 0.1578723404255319, 0.47460992907801425, 0.5337588652482269], "class": 2}