{"image": "0dd0814c-1ab0-11ef-b01f-bd5cfcf36af4.jpg", "bboxes": [0.21678486997635948, 0.11342789598108738, 0.532387706855792, 0.4893144208037825], "class": 2}