{"image": "0dd0814c-1ab0-11ef-b01f-bd5cfcf36af4.jpg", "bboxes": [0.5720567375886525, 0.13787234042553187, 0.887659574468085, 0.5137588652482269], "class": 2}