{"image": "0dd0814c-1ab0-11ef-b01f-bd5cfcf36af4.jpg", "bboxes": [0.09456264775413725, 0.13787234042553187, 0.41016548463356967, 0.5137588652482269], "class": 2}