{"image": "0dd0814c-1ab0-11ef-b01f-bd5cfcf36af4.jpg", "bboxes": [0.6498345153664302, 0.1267612293144207, 0.9654373522458627, 0.5026477541371158], "class": 2}