{"image": "0dd0814c-1ab0-11ef-b01f-bd5cfcf36af4.jpg", "bboxes": [0.0, 0.4995744680851064, 0.23460992907801415, 0.8754609929078014], "class": 2}