{"image": "0dd0814c-1ab0-11ef-b01f-bd5cfcf36af4.jpg", "bboxes": [0.8009456264775413, 0.15342789598108741, 0.9977777777777778, 0.5293144208037825], "class": 2}