{"image": "0dd0814c-1ab0-11ef-b01f-bd5cfcf36af4.jpg", "bboxes": [0.6920567375886525, 0.5084633569739954, 1.0, 0.8843498817966904], "class": 2}