{"image": "0dd0814c-1ab0-11ef-b01f-bd5cfcf36af4.jpg", "bboxes": [0.44761229314420803, 0.16453900709219849, 0.7632151300236405, 0.5404255319148936], "class": 2}