{"image": "0dd0814c-1ab0-11ef-b01f-bd5cfcf36af4.jpg", "bboxes": [0.01678486997635953, 0.11342789598108738, 0.332387706855792, 0.4893144208037825], "class": 2}