{"image": "0dd0814c-1ab0-11ef-b01f-bd5cfcf36af4.jpg", "bboxes": [0.0, 0.11342789598108738, 0.2879432624113475, 0.4893144208037825], "class": 2}