{"image": "0dd0814c-1ab0-11ef-b01f-bd5cfcf36af4.jpg", "bboxes": [0.5587234042553192, 0.47290780141843974, 0.8743262411347515, 0.8487943262411348], "class": 2}