{"image": "0dd0814c-1ab0-11ef-b01f-bd5cfcf36af4.jpg", "bboxes": [0.0, 0.515130023640662, 0.28572104018912536, 0.891016548463357], "class": 2}