{"image": "0dd0814c-1ab0-11ef-b01f-bd5cfcf36af4.jpg", "bboxes": [0.050118203309692855, 0.5084633569739954, 0.3657210401891253, 0.8843498817966904], "class": 2}