{"image": "0dd0814c-1ab0-11ef-b01f-bd5cfcf36af4.jpg", "bboxes": [0.8453900709219858, 0.12231678486997632, 1.0, 0.49820330969267135], "class": 2}