{"image": "0dd0814c-1ab0-11ef-b01f-bd5cfcf36af4.jpg", "bboxes": [0.4698345153664302, 0.1400945626477541, 0.7854373522458628, 0.5159810874704491], "class": 2}