{"image": "0dd0814c-1ab0-11ef-b01f-bd5cfcf36af4.jpg", "bboxes": [0.0022222222222222365, 0.4862411347517731, 0.1746099290780142, 0.8621276595744681], "class": 2}