{"image": "0dd0814c-1ab0-11ef-b01f-bd5cfcf36af4.jpg", "bboxes": [0.7387234042553191, 0.16453900709219849, 0.9977777777777778, 0.5404255319148936], "class": 2}