{"image": "0dd0814c-1ab0-11ef-b01f-bd5cfcf36af4.jpg", "bboxes": [0.4453900709219858, 0.475130023640662, 0.7609929078014183, 0.8510165484633571], "class": 2}