{"image": "0dd0814c-1ab0-11ef-b01f-bd5cfcf36af4.jpg", "bboxes": [0.4453900709219858, 0.5040189125295509, 0.7609929078014183, 0.8799054373522459], "class": 2}