{"image": "0dd0814c-1ab0-11ef-b01f-bd5cfcf36af4.jpg", "bboxes": [0.0, 0.11120567375886514, 0.1746099290780142, 0.4870921985815603], "class": 2}