{"image": "0dd0814c-1ab0-11ef-b01f-bd5cfcf36af4.jpg", "bboxes": [0.696501182033097, 0.5195744680851064, 0.9977777777777778, 0.8954609929078015], "class": 2}