{"image": "0dd0814c-1ab0-11ef-b01f-bd5cfcf36af4.jpg", "bboxes": [0.07900709219858171, 0.5217966903073287, 0.3946099290780142, 0.8976832151300237], "class": 2}