{"image": "0dd0814c-1ab0-11ef-b01f-bd5cfcf36af4.jpg", "bboxes": [0.667612293144208, 0.14231678486997634, 0.9832151300236405, 0.5182033096926714], "class": 2}