{"image": "0de1f60c-07fc-11ef-b27b-64d2c4ecd148.jpg", "bboxes": [0.06673400673400665, 0.15010101010100996, 0.9977777777777778, 0.9977777777777778], "class": 1}