{"image": "0de1f60c-07fc-11ef-b27b-64d2c4ecd148.jpg", "bboxes": [0.7110437710437711, 0.0, 0.9977777777777778, 0.8144781144781145], "class": 1}