{"image": "0de1f60c-07fc-11ef-b27b-64d2c4ecd148.jpg", "bboxes": [0.0, 0.0527272727272728, 0.7272053872053872, 1.0], "class": 1}