{"image": "0de1f60c-07fc-11ef-b27b-64d2c4ecd148.jpg", "bboxes": [0.0, 0.06606060606060614, 0.644983164983165, 1.0], "class": 1}