{"image": "0de1f60c-07fc-11ef-b27b-64d2c4ecd148.jpg", "bboxes": [0.3703703703703705, 0.0, 0.9977777777777778, 0.9122558922558922], "class": 1}