{"image": "0de1f60c-07fc-11ef-b27b-64d2c4ecd148.jpg", "bboxes": [0.12006734006733999, 0.0, 1.0, 0.9783838383838384], "class": 1}