{"image": "0de1f60c-07fc-11ef-b27b-64d2c4ecd148.jpg", "bboxes": [0.7134006734006733, 0.0, 0.9977777777777778, 0.7654545454545455], "class": 1}