{"image": "0de1f60c-07fc-11ef-b27b-64d2c4ecd148.jpg", "bboxes": [0.2461279461279461, 0.0527272727272728, 1.0, 1.0], "class": 1}