{"image": "0de1f60c-07fc-11ef-b27b-64d2c4ecd148.jpg", "bboxes": [0.0, 0.2478787878787878, 0.21326599326599333, 0.9977777777777778], "class": 1}