{"image": "0de1f60c-07fc-11ef-b27b-64d2c4ecd148.jpg", "bboxes": [0.9772390572390572, 0.18565656565656552, 1.0, 1.0], "class": 1}