{"image": "0de1f60c-07fc-11ef-b27b-64d2c4ecd148.jpg", "bboxes": [0.0, 0.0, 0.7932659932659933, 0.9894949494949494], "class": 1}