{"image": "0de1f60c-07fc-11ef-b27b-64d2c4ecd148.jpg", "bboxes": [0.0, 0.08996632996633003, 0.3378451178451178, 0.9977777777777778], "class": 1}