{"image": "0de1f60c-07fc-11ef-b27b-64d2c4ecd148.jpg", "bboxes": [0.4370370370370372, 0.20552188552188555, 0.9977777777777778, 0.9977777777777778], "class": 1}