{"image": "0de1f60c-07fc-11ef-b27b-64d2c4ecd148.jpg", "bboxes": [0.0, 0.06565656565656552, 0.13164983164983168, 1.0], "class": 1}