{"image": "0de1f60c-07fc-11ef-b27b-64d2c4ecd148.jpg", "bboxes": [0.2439057239057239, 0.03898989898989891, 1.0, 1.0], "class": 1}