{"image": "0de1f60c-07fc-11ef-b27b-64d2c4ecd148.jpg", "bboxes": [0.0, 0.0256565656565656, 0.764983164983165, 1.0], "class": 1}