{"image": "0de1f60c-07fc-11ef-b27b-64d2c4ecd148.jpg", "bboxes": [0.0, 0.23676767676767663, 0.6177104377104378, 1.0], "class": 1}