{"image": "0de1f60c-07fc-11ef-b27b-64d2c4ecd148.jpg", "bboxes": [0.2705723905723906, 0.0, 0.9977777777777778, 0.9787878787878789], "class": 1}