{"image": "0de1f60c-07fc-11ef-b27b-64d2c4ecd148.jpg", "bboxes": [0.7683501683501683, 0.04343434343434338, 1.0, 1.0], "class": 1}