{"image": "0de1f60c-07fc-11ef-b27b-64d2c4ecd148.jpg", "bboxes": [0.055622895622895574, 0.0022222222222222365, 0.9916498316498317, 0.9977777777777778], "class": 1}