{"image": "0de1f60c-07fc-11ef-b27b-64d2c4ecd148.jpg", "bboxes": [0.0022222222222222365, 0.0, 0.884983164983165, 0.8921212121212122], "class": 1}