{"image": "0de1f60c-07fc-11ef-b27b-64d2c4ecd148.jpg", "bboxes": [0.0022895622895622303, 0.0, 0.9383164983164983, 1.0], "class": 1}