{"image": "0de1f60c-07fc-11ef-b27b-64d2c4ecd148.jpg", "bboxes": [0.7043771043771044, 0.1255218855218856, 0.9977777777777778, 0.9977777777777778], "class": 1}