{"image": "0deac7c6-0853-11ef-9d21-64d2c4ecd148.jpg", "bboxes": [0.41468013468013487, 0.18484848484848482, 1.0, 1.0], "class": 1}