{"image": "0deac7c6-0853-11ef-9d21-64d2c4ecd148.jpg", "bboxes": [0.8287542087542089, 0.0, 0.9977777777777778, 0.5218181818181818], "class": 1}