{"image": "0deac7c6-0853-11ef-9d21-64d2c4ecd148.jpg", "bboxes": [0.0, 0.013265993265993342, 0.19124579124579114, 0.9795959595959596], "class": 1}