{"image": "0deac7c6-0853-11ef-9d21-64d2c4ecd148.jpg", "bboxes": [0.0, 0.1826262626262627, 0.7045791245791244, 0.9977777777777778], "class": 1}