{"image": "0deac7c6-0853-11ef-9d21-64d2c4ecd148.jpg", "bboxes": [0.46801346801346816, 0.0, 1.0, 0.41737373737373734], "class": 1}