{"image": "0deac7c6-0853-11ef-9d21-64d2c4ecd148.jpg", "bboxes": [0.47245791245791263, 0.3492929292929293, 1.0, 1.0], "class": 1}