{"image": "0deac7c6-0853-11ef-9d21-64d2c4ecd148.jpg", "bboxes": [0.0302356902356904, 0.0, 0.7979124579124578, 0.9195959595959596], "class": 1}