{"image": "0deac7c6-0853-11ef-9d21-64d2c4ecd148.jpg", "bboxes": [0.0022222222222222365, 0.004377104377104454, 0.14754208754208742, 0.9707070707070707], "class": 1}