{"image": "0deac7c6-0853-11ef-9d21-64d2c4ecd148.jpg", "bboxes": [0.0, 0.3915151515151515, 0.5623569023569023, 0.9977777777777778], "class": 1}