{"image": "0deac7c6-0853-11ef-9d21-64d2c4ecd148.jpg", "bboxes": [0.2791245791245793, 0.0, 1.0, 0.384040404040404], "class": 1}