{"image": "0deac7c6-0853-11ef-9d21-64d2c4ecd148.jpg", "bboxes": [0.8020875420875422, 0.5670707070707071, 1.0, 1.0], "class": 1}