{"image": "0deac7c6-0853-11ef-9d21-64d2c4ecd148.jpg", "bboxes": [0.01912457912457929, 0.19818181818181824, 0.7868013468013467, 0.9977777777777778], "class": 1}