{"image": "0deac7c6-0853-11ef-9d21-64d2c4ecd148.jpg", "bboxes": [0.6287542087542088, 0.0, 0.9977777777777778, 0.6195959595959596], "class": 1}