{"image": "0deac7c6-0853-11ef-9d21-64d2c4ecd148.jpg", "bboxes": [0.0, 0.17818181818181822, 0.3756902356902356, 0.9977777777777778], "class": 1}