{"image": "0deac7c6-0853-11ef-9d21-64d2c4ecd148.jpg", "bboxes": [0.0, 0.02929292929292926, 0.26235690235690223, 0.9956228956228955], "class": 1}