{"image": "0deac7c6-0853-11ef-9d21-64d2c4ecd148.jpg", "bboxes": [0.39542087542087556, 0.5248484848484849, 0.9977777777777778, 0.9977777777777778], "class": 1}