{"image": "0deac7c6-0853-11ef-9d21-64d2c4ecd148.jpg", "bboxes": [0.0, 0.6137373737373737, 0.6890235690235689, 1.0], "class": 1}