{"image": "0deac7c6-0853-11ef-9d21-64d2c4ecd148.jpg", "bboxes": [0.3176430976430977, 0.1448484848484849, 1.0, 1.0], "class": 1}