{"image": "0deac7c6-0853-11ef-9d21-64d2c4ecd148.jpg", "bboxes": [0.02134680134680151, 0.4181818181818182, 0.7890235690235688, 1.0], "class": 1}