{"image": "0deac7c6-0853-11ef-9d21-64d2c4ecd148.jpg", "bboxes": [0.39764309764309785, 0.29373737373737374, 0.9977777777777778, 0.9977777777777778], "class": 1}