{"image": "0deac7c6-0853-11ef-9d21-64d2c4ecd148.jpg", "bboxes": [0.13986531986532003, 0.0, 0.9075420875420874, 0.5973737373737373], "class": 1}