{"image": "0deac7c6-0853-11ef-9d21-64d2c4ecd148.jpg", "bboxes": [0.47986531986532, 0.0, 1.0, 0.9507070707070707], "class": 1}