{"image": "0deac7c6-0853-11ef-9d21-64d2c4ecd148.jpg", "bboxes": [0.10430976430976446, 0.0, 0.8719865319865319, 0.9084848484848485], "class": 1}