{"image": "0deac7c6-0853-11ef-9d21-64d2c4ecd148.jpg", "bboxes": [0.9057912457912459, 0.515959595959596, 0.9977777777777778, 0.9977777777777778], "class": 1}