{"image": "0deac7c6-0853-11ef-9d21-64d2c4ecd148.jpg", "bboxes": [0.0022222222222222365, 0.595959595959596, 0.7253198653198651, 0.9977777777777778], "class": 1}