{"image": "0deac7c6-0853-11ef-9d21-64d2c4ecd148.jpg", "bboxes": [0.9309764309764311, 0.0, 0.9977777777777778, 0.4484848484848485], "class": 1}