{"image": "0deac7c6-0853-11ef-9d21-64d2c4ecd148.jpg", "bboxes": [0.0, 0.006599326599326676, 0.48531986531986515, 0.9729292929292929], "class": 1}