{"image": "0deac7c6-0853-11ef-9d21-64d2c4ecd148.jpg", "bboxes": [0.028013468013468178, 0.0, 0.7956902356902356, 0.9218181818181818], "class": 1}