{"image": "0deac7c6-0853-11ef-9d21-64d2c4ecd148.jpg", "bboxes": [0.5820875420875422, 0.0, 1.0, 0.46404040404040403], "class": 1}