{"image": "0deac7c6-0853-11ef-9d21-64d2c4ecd148.jpg", "bboxes": [0.07986531986531997, 0.0, 0.8475420875420874, 0.9329292929292929], "class": 1}