{"image": "0deac7c6-0853-11ef-9d21-64d2c4ecd148.jpg", "bboxes": [0.09468013468013485, 0.0, 0.8623569023569022, 0.6307070707070707], "class": 1}