{"image": "0deac7c6-0853-11ef-9d21-64d2c4ecd148.jpg", "bboxes": [0.0, 0.4292929292929293, 0.5645791245791244, 1.0], "class": 1}