{"image": "0deac7c6-0853-11ef-9d21-64d2c4ecd148.jpg", "bboxes": [0.57986531986532, 0.3470707070707071, 0.9977777777777778, 0.9977777777777778], "class": 1}