{"image": "0deac7c6-0853-11ef-9d21-64d2c4ecd148.jpg", "bboxes": [0.21764309764309772, 0.4826262626262626, 0.9853198653198652, 0.9977777777777778], "class": 1}