{"image": "0deac7c6-0853-11ef-9d21-64d2c4ecd148.jpg", "bboxes": [0.9235690235690237, 0.13818181818181818, 1.0, 1.0], "class": 1}