{"image": "0e38ba96-07fc-11ef-b27b-64d2c4ecd148.jpg", "bboxes": [0.48377104377104374, 0.18336700336700332, 0.9977777777777778, 0.9977777777777778], "class": 1}