{"image": "0e38ba96-07fc-11ef-b27b-64d2c4ecd148.jpg", "bboxes": [0.0022222222222222365, 0.0022222222222222365, 0.9540067340067341, 0.9932659932659932], "class": 1}