{"image": "0e38ba96-07fc-11ef-b27b-64d2c4ecd148.jpg", "bboxes": [0.019326599326599306, 0.0, 0.9721885521885523, 0.9921885521885522], "class": 1}