{"image": "0e38ba96-07fc-11ef-b27b-64d2c4ecd148.jpg", "bboxes": [0.0, 0.21892255892255885, 0.10329966329966334, 0.9977777777777778], "class": 1}