{"image": "0e38ba96-07fc-11ef-b27b-64d2c4ecd148.jpg", "bboxes": [0.49003367003367004, 0.0, 0.9977777777777778, 0.8210774410774411], "class": 1}