{"image": "0e38ba96-07fc-11ef-b27b-64d2c4ecd148.jpg", "bboxes": [0.0, 0.0, 0.9255218855218855, 0.801077441077441], "class": 1}