{"image": "0e38ba96-07fc-11ef-b27b-64d2c4ecd148.jpg", "bboxes": [0.023771043771043752, 0.0, 0.9766329966329966, 0.9232996632996633], "class": 1}