{"image": "0e8f3d4e-07fc-11ef-b27b-64d2c4ecd148.jpg", "bboxes": [0.6745454545454544, 0.08518518518518525, 0.9977777777777778, 0.9977777777777778], "class": 1}