{"image": "0e8f3d4e-07fc-11ef-b27b-64d2c4ecd148.jpg", "bboxes": [0.0022222222222222365, 0.034074074074074145, 0.08814814814814832, 0.9977777777777778], "class": 1}