{"image": "0e8f3d4e-07fc-11ef-b27b-64d2c4ecd148.jpg", "bboxes": [0.0, 0.05185185185185193, 0.5832323232323233, 0.9977777777777778], "class": 1}