{"image": "0e8f3d4e-07fc-11ef-b27b-64d2c4ecd148.jpg", "bboxes": [0.3678787878787878, 0.0, 0.9977777777777778, 0.7992592592592592], "class": 1}