{"image": "0e8f3d4e-07fc-11ef-b27b-64d2c4ecd148.jpg", "bboxes": [0.305185185185185, 0.18740740740740747, 0.9977777777777778, 0.9977777777777778], "class": 1}