{"image": "0e96f69a-0853-11ef-9d21-64d2c4ecd148.jpg", "bboxes": [0.0072727272727272085, 0.07575757575757569, 0.6975084175084172, 1.0], "class": 1}