{"image": "0e96f69a-0853-11ef-9d21-64d2c4ecd148.jpg", "bboxes": [0.0, 0.42686868686868684, 0.11939393939393944, 1.0], "class": 1}