{"image": "0e96f69a-0853-11ef-9d21-64d2c4ecd148.jpg", "bboxes": [0.22949494949494942, 0.23353535353535348, 0.9197306397306395, 1.0], "class": 1}