{"image": "0e96f69a-0853-11ef-9d21-64d2c4ecd148.jpg", "bboxes": [0.28026936026936056, 0.2535353535353535, 0.9705050505050505, 0.9977777777777778], "class": 1}