{"image": "0e96f69a-0853-11ef-9d21-64d2c4ecd148.jpg", "bboxes": [0.2072727272727273, 0.5890909090909091, 0.8975084175084173, 0.9977777777777778], "class": 1}