{"image": "0e96f69a-0853-11ef-9d21-64d2c4ecd148.jpg", "bboxes": [0.884713804713805, 0.022424242424242347, 0.9977777777777778, 0.9977777777777778], "class": 1}