{"image": "0e96f69a-0853-11ef-9d21-64d2c4ecd148.jpg", "bboxes": [0.0, 0.48464646464646455, 0.07717171717171722, 1.0], "class": 1}