{"image": "0e96f69a-0853-11ef-9d21-64d2c4ecd148.jpg", "bboxes": [0.13138047138047165, 0.41575757575757566, 0.8216161616161617, 0.9977777777777778], "class": 1}