{"image": "0e96f69a-0853-11ef-9d21-64d2c4ecd148.jpg", "bboxes": [0.9828282828282828, 0.37131313131313126, 1.0, 1.0], "class": 1}