{"image": "0e96f69a-0853-11ef-9d21-64d2c4ecd148.jpg", "bboxes": [0.0, 0.16020202020202012, 0.17939393939393944, 0.9977777777777778], "class": 1}