{"image": "0e96f69a-0853-11ef-9d21-64d2c4ecd148.jpg", "bboxes": [0.46471380471380497, 0.0, 1.0, 0.4886868686868687], "class": 1}