{"image": "0e96f69a-0853-11ef-9d21-64d2c4ecd148.jpg", "bboxes": [0.37582491582491606, 0.0, 0.9977777777777778, 0.9197979797979798], "class": 1}