{"image": "0e96f69a-0853-11ef-9d21-64d2c4ecd148.jpg", "bboxes": [0.03616161616161606, 0.0, 0.7263973063973062, 0.6020202020202021], "class": 1}