{"image": "0e96f69a-0853-11ef-9d21-64d2c4ecd148.jpg", "bboxes": [0.0022222222222222365, 0.12242424242424232, 0.684175084175084, 0.9977777777777778], "class": 1}