{"image": "0e96f69a-0853-11ef-9d21-64d2c4ecd148.jpg", "bboxes": [0.0, 0.017979797979797874, 0.18828282828282833, 1.0], "class": 1}