{"image": "0e96f69a-0853-11ef-9d21-64d2c4ecd148.jpg", "bboxes": [0.12915824915824942, 0.0, 0.8193939393939395, 0.5864646464646466], "class": 1}