{"image": "0e96f69a-0853-11ef-9d21-64d2c4ecd148.jpg", "bboxes": [0.21138047138047164, 0.0, 0.9016161616161616, 0.9886868686868687], "class": 1}