{"image": "0e96f69a-0853-11ef-9d21-64d2c4ecd148.jpg", "bboxes": [0.4936026936026939, 0.1646464646464646, 0.9977777777777778, 0.9977777777777778], "class": 1}