{"image": "0e96f69a-0853-11ef-9d21-64d2c4ecd148.jpg", "bboxes": [0.6891582491582494, 0.0, 1.0, 0.5709090909090909], "class": 1}