{"image": "0e96f69a-0853-11ef-9d21-64d2c4ecd148.jpg", "bboxes": [0.8269360269360272, 0.11575757575757573, 1.0, 1.0], "class": 1}