{"image": "0e96f69a-0853-11ef-9d21-64d2c4ecd148.jpg", "bboxes": [0.19138047138047165, 0.40242424242424235, 0.8816161616161616, 0.9977777777777778], "class": 1}