{"image": "0e96f69a-0853-11ef-9d21-64d2c4ecd148.jpg", "bboxes": [0.0, 0.24464646464646456, 0.6082828282828283, 1.0], "class": 1}