{"image": "0e96f69a-0853-11ef-9d21-64d2c4ecd148.jpg", "bboxes": [0.0, 0.0, 0.45717171717171723, 0.49979797979797985], "class": 1}