{"image": "0e96f69a-0853-11ef-9d21-64d2c4ecd148.jpg", "bboxes": [0.2072727272727273, 0.0, 0.8975084175084173, 0.6842424242424243], "class": 1}