{"image": "0e96f69a-0853-11ef-9d21-64d2c4ecd148.jpg", "bboxes": [0.22249158249158274, 0.5935353535353535, 0.9127272727272727, 1.0], "class": 1}