{"image": "0e96f69a-0853-11ef-9d21-64d2c4ecd148.jpg", "bboxes": [0.3539393939393939, 0.0, 0.9977777777777778, 0.6775757575757576], "class": 1}