{"image": "0e96f69a-0853-11ef-9d21-64d2c4ecd148.jpg", "bboxes": [0.0, 0.02020202020202011, 0.13272727272727278, 0.9977777777777778], "class": 1}