{"image": "0e96f69a-0853-11ef-9d21-64d2c4ecd148.jpg", "bboxes": [0.6872727272727273, 0.37797979797979797, 1.0, 1.0], "class": 1}