{"image": "0e96f69a-0853-11ef-9d21-64d2c4ecd148.jpg", "bboxes": [0.5872727272727273, 0.47131313131313124, 0.9977777777777778, 0.9977777777777778], "class": 1}