{"image": "0e96f69a-0853-11ef-9d21-64d2c4ecd148.jpg", "bboxes": [0.0022222222222222365, 0.07797979797979793, 0.5819528619528617, 0.9977777777777778], "class": 1}