{"image": "0e96f69a-0853-11ef-9d21-64d2c4ecd148.jpg", "bboxes": [0.22949494949494942, 0.0, 0.9197306397306395, 0.6886868686868688], "class": 1}