{"image": "0e96f69a-0853-11ef-9d21-64d2c4ecd148.jpg", "bboxes": [0.22693602693602719, 0.3068686868686869, 0.9171717171717172, 0.9977777777777778], "class": 1}