{"image": "0e96f69a-0853-11ef-9d21-64d2c4ecd148.jpg", "bboxes": [0.0, 0.5602020202020201, 0.29050505050505054, 1.0], "class": 1}