{"image": "0e96f69a-0853-11ef-9d21-64d2c4ecd148.jpg", "bboxes": [0.0, 0.09797979797979794, 0.3993939393939394, 0.9977777777777778], "class": 1}