{"image": "0ee58bd6-07fc-11ef-b27b-64d2c4ecd148.jpg", "bboxes": [0.20861952861952837, 0.0, 0.9977777777777778, 0.6924579124579125], "class": 1}