{"image": "0ee58bd6-07fc-11ef-b27b-64d2c4ecd148.jpg", "bboxes": [0.23084175084175063, 0.06754208754208746, 0.9977777777777778, 0.9977777777777778], "class": 1}