{"image": "0ee58bd6-07fc-11ef-b27b-64d2c4ecd148.jpg", "bboxes": [0.0022222222222222365, 0.0, 0.3993265993265993, 0.8946801346801347], "class": 1}