{"image": "0ee58bd6-07fc-11ef-b27b-64d2c4ecd148.jpg", "bboxes": [0.762895622895623, 0.0, 0.9977777777777778, 0.9746801346801347], "class": 1}