{"image": "0ee58bd6-07fc-11ef-b27b-64d2c4ecd148.jpg", "bboxes": [0.314006734006734, 0.0, 0.9977777777777778, 0.8324579124579125], "class": 1}