{"image": "0ee58bd6-07fc-11ef-b27b-64d2c4ecd148.jpg", "bboxes": [0.03084175084175056, 0.0, 0.9904377104377105, 0.9680134680134681], "class": 1}