{"image": "0ee58bd6-07fc-11ef-b27b-64d2c4ecd148.jpg", "bboxes": [0.0022222222222222365, 0.09865319865319866, 0.8237710437710437, 0.9977777777777778], "class": 1}