{"image": "0ee58bd6-07fc-11ef-b27b-64d2c4ecd148.jpg", "bboxes": [0.6406734006734007, 0.0, 0.9977777777777778, 0.9791245791245792], "class": 1}