{"image": "0ee58bd6-07fc-11ef-b27b-64d2c4ecd148.jpg", "bboxes": [0.20195286195286166, 0.0, 0.9977777777777778, 0.6702356902356903], "class": 1}