{"image": "0ee58bd6-07fc-11ef-b27b-64d2c4ecd148.jpg", "bboxes": [0.5219528619528617, 0.0, 0.9977777777777778, 0.9235690235690236], "class": 1}