{"image": "0ee58bd6-07fc-11ef-b27b-64d2c4ecd148.jpg", "bboxes": [0.2895622895622896, 0.0, 0.9977777777777778, 0.9977777777777778], "class": 1}