{"image": "0ee58bd6-07fc-11ef-b27b-64d2c4ecd148.jpg", "bboxes": [0.8641750841750839, 0.0, 0.9977777777777778, 0.6857912457912458], "class": 1}