{"image": "0ee58bd6-07fc-11ef-b27b-64d2c4ecd148.jpg", "bboxes": [0.6486195286195285, 0.20531986531986526, 0.9977777777777778, 0.9977777777777778], "class": 1}