{"image": "0ee58bd6-07fc-11ef-b27b-64d2c4ecd148.jpg", "bboxes": [0.6073400673400674, 0.0, 0.9977777777777778, 0.7102356902356902], "class": 1}