{"image": "0f3c1e24-07fc-11ef-b27b-64d2c4ecd148.jpg", "bboxes": [0.0, 0.14976430976430977, 0.85010101010101, 1.0], "class": 1}