{"image": "0f3c1e24-07fc-11ef-b27b-64d2c4ecd148.jpg", "bboxes": [0.6122558922558923, 0.0, 0.9977777777777778, 0.6813468013468014], "class": 1}