{"image": "0f3c1e24-07fc-11ef-b27b-64d2c4ecd148.jpg", "bboxes": [0.03212121212121221, 0.0, 0.9277441077441078, 1.0], "class": 1}