{"image": "0f3c1e24-07fc-11ef-b27b-64d2c4ecd148.jpg", "bboxes": [0.0810101010101011, 0.02309764309764306, 0.9766329966329966, 1.0], "class": 1}