{"image": "0f3c1e24-07fc-11ef-b27b-64d2c4ecd148.jpg", "bboxes": [0.47656565656565664, 0.04976430976430968, 1.0, 1.0], "class": 1}