{"image": "0f3c1e24-07fc-11ef-b27b-64d2c4ecd148.jpg", "bboxes": [0.0, 0.18181818181818188, 0.7490235690235694, 0.9977777777777778], "class": 1}