{"image": "0f3c1e24-07fc-11ef-b27b-64d2c4ecd148.jpg", "bboxes": [0.44875420875420835, 0.05292929292929304, 0.9977777777777778, 0.9977777777777778], "class": 1}