{"image": "0f3c1e24-07fc-11ef-b27b-64d2c4ecd148.jpg", "bboxes": [0.0, 0.04754208754208755, 0.23885521885521888, 1.0], "class": 1}