{"image": "0f3c1e24-07fc-11ef-b27b-64d2c4ecd148.jpg", "bboxes": [0.0, 0.23865319865319856, 0.5967676767676766, 1.0], "class": 1}