{"image": "0f3c1e24-07fc-11ef-b27b-64d2c4ecd148.jpg", "bboxes": [0.6629629629629628, 0.0022222222222222365, 0.9977777777777778, 0.9977777777777778], "class": 1}