{"image": "0f3c1e24-07fc-11ef-b27b-64d2c4ecd148.jpg", "bboxes": [0.8109764309764306, 0.0, 0.9977777777777778, 0.8781818181818181], "class": 1}