{"image": "0f3c1e24-07fc-11ef-b27b-64d2c4ecd148.jpg", "bboxes": [0.10208754208754167, 0.0, 0.9977777777777778, 0.8070707070707069], "class": 1}