{"image": "0f3c1e24-07fc-11ef-b27b-64d2c4ecd148.jpg", "bboxes": [0.28767676767676775, 0.01198653198653199, 0.9977777777777778, 0.9977777777777778], "class": 1}