{"image": "0f3c1e24-07fc-11ef-b27b-64d2c4ecd148.jpg", "bboxes": [0.0, 0.32754208754208747, 0.21663299663299668, 1.0], "class": 1}