{"image": "0f3c1e24-07fc-11ef-b27b-64d2c4ecd148.jpg", "bboxes": [0.15851851851851834, 0.12181818181818194, 0.9977777777777778, 0.9977777777777778], "class": 1}