{"image": "0f3c1e24-07fc-11ef-b27b-64d2c4ecd148.jpg", "bboxes": [0.9143434343434345, 0.017912457912457987, 1.0, 1.0], "class": 1}