{"image": "0f3c1e24-07fc-11ef-b27b-64d2c4ecd148.jpg", "bboxes": [0.7255892255892256, 0.0, 0.9977777777777778, 0.7857912457912458], "class": 1}