{"image": "0f3c1e24-07fc-11ef-b27b-64d2c4ecd148.jpg", "bboxes": [0.03185185185185169, 0.0, 0.9712457912457916, 0.9977777777777778], "class": 1}