{"image": "0f3c1e24-07fc-11ef-b27b-64d2c4ecd148.jpg", "bboxes": [0.012121212121212213, 0.22309764309764302, 0.9077441077441077, 1.0], "class": 1}