{"image": "0f3c1e24-07fc-11ef-b27b-64d2c4ecd148.jpg", "bboxes": [0.08323232323232332, 0.0, 0.9788552188552189, 0.908013468013468], "class": 1}