{"image": "0f3c1e24-07fc-11ef-b27b-64d2c4ecd148.jpg", "bboxes": [0.3265319865319862, 0.19070707070707082, 0.9977777777777778, 0.9977777777777778], "class": 1}