{"image": "0f3c1e24-07fc-11ef-b27b-64d2c4ecd148.jpg", "bboxes": [0.0, 0.0, 0.3232996632996633, 0.9591245791245792], "class": 1}