{"image": "0f3c1e24-07fc-11ef-b27b-64d2c4ecd148.jpg", "bboxes": [0.19892255892255895, 0.09643097643097642, 0.9977777777777778, 0.9977777777777778], "class": 1}