{"image": "0f3c1e24-07fc-11ef-b27b-64d2c4ecd148.jpg", "bboxes": [0.0, 0.29292929292929304, 0.7179124579124583, 0.9977777777777778], "class": 1}