{"image": "0f3c1e24-07fc-11ef-b27b-64d2c4ecd148.jpg", "bboxes": [0.5029629629629628, 0.0, 0.9977777777777778, 0.9159595959595959], "class": 1}