{"image": "0f3c1e24-07fc-11ef-b27b-64d2c4ecd148.jpg", "bboxes": [0.6407407407407406, 0.0, 0.9977777777777778, 0.8648484848484848], "class": 1}