{"image": "0f3c1e24-07fc-11ef-b27b-64d2c4ecd148.jpg", "bboxes": [0.0, 0.31865319865319863, 0.8121885521885522, 1.0], "class": 1}