{"image": "0f3c1e24-07fc-11ef-b27b-64d2c4ecd148.jpg", "bboxes": [0.0, 0.08087542087542088, 0.0256565656565656, 1.0], "class": 1}