{"image": "0f3c1e24-07fc-11ef-b27b-64d2c4ecd148.jpg", "bboxes": [0.0, 0.1586531986531986, 0.16329966329966333, 1.0], "class": 1}