{"image": "0f3c1e24-07fc-11ef-b27b-64d2c4ecd148.jpg", "bboxes": [0.0, 0.02976430976430977, 0.8412121212121211, 1.0], "class": 1}