{"image": "0f3c1e24-07fc-11ef-b27b-64d2c4ecd148.jpg", "bboxes": [0.09542087542087507, 0.0, 0.9977777777777778, 0.9977777777777778], "class": 1}