{"image": "0f3c1e24-07fc-11ef-b27b-64d2c4ecd148.jpg", "bboxes": [0.732255892255892, 0.0, 0.9977777777777778, 0.9591245791245792], "class": 1}