{"image": "0f3c1e24-07fc-11ef-b27b-64d2c4ecd148.jpg", "bboxes": [0.0022222222222222365, 0.09198653198653195, 0.8123232323232322, 0.9977777777777778], "class": 1}