{"image": "0f924c04-07fc-11ef-b27b-64d2c4ecd148.jpg", "bboxes": [0.1189898989898989, 0.08875420875420892, 0.9843097643097645, 0.9977777777777778], "class": 1}