{"image": "0f924c04-07fc-11ef-b27b-64d2c4ecd148.jpg", "bboxes": [0.8634343434343433, 0.10430976430976446, 0.9977777777777778, 0.9977777777777778], "class": 1}