{"image": "0f924c04-07fc-11ef-b27b-64d2c4ecd148.jpg", "bboxes": [0.0022222222222222365, 0.07764309764309774, 0.14101010101010114, 0.9977777777777778], "class": 1}