{"image": "0f924c04-07fc-11ef-b27b-64d2c4ecd148.jpg", "bboxes": [0.8278787878787878, 0.053198653198653356, 0.9977777777777778, 0.9977777777777778], "class": 1}