{"image": "0f924c04-07fc-11ef-b27b-64d2c4ecd148.jpg", "bboxes": [0.0022222222222222365, 0.0, 0.8187878787878788, 0.68013468013468], "class": 1}