{"image": "0f924c04-07fc-11ef-b27b-64d2c4ecd148.jpg", "bboxes": [0.33232323232323224, 0.16653198653198664, 0.9977777777777778, 0.9977777777777778], "class": 1}