{"image": "0f924c04-07fc-11ef-b27b-64d2c4ecd148.jpg", "bboxes": [0.7278787878787878, 0.0, 0.9977777777777778, 0.9179124579124578], "class": 1}