{"image": "0f924c04-07fc-11ef-b27b-64d2c4ecd148.jpg", "bboxes": [0.13010101010101002, 0.11097643097643106, 0.9954208754208755, 0.9977777777777778], "class": 1}