{"image": "0f924c04-07fc-11ef-b27b-64d2c4ecd148.jpg", "bboxes": [0.4556902356902356, 0.1487542087542089, 0.9977777777777778, 0.9977777777777778], "class": 1}