{"image": "0f924c04-07fc-11ef-b27b-64d2c4ecd148.jpg", "bboxes": [0.7012121212121212, 0.0, 0.9977777777777778, 0.88013468013468], "class": 1}