{"image": "0f924c04-07fc-11ef-b27b-64d2c4ecd148.jpg", "bboxes": [0.21676767676767666, 0.0, 0.9977777777777778, 0.9977777777777778], "class": 1}