{"image": "0f924c04-07fc-11ef-b27b-64d2c4ecd148.jpg", "bboxes": [0.69010101010101, 0.1376430976430978, 0.9977777777777778, 0.9977777777777778], "class": 1}