{"image": "0f924c04-07fc-11ef-b27b-64d2c4ecd148.jpg", "bboxes": [0.0, 0.006531986531986611, 0.17986531986531998, 0.9977777777777778], "class": 1}