{"image": "0fe94f04-07fc-11ef-b27b-64d2c4ecd148.jpg", "bboxes": [0.005319865319865408, 0.25144781144781136, 0.900942760942761, 1.0], "class": 1}