{"image": "0fe94f04-07fc-11ef-b27b-64d2c4ecd148.jpg", "bboxes": [0.025791245791245587, 0.0, 0.8507070707070707, 0.8940067340067339], "class": 1}