{"image": "0fe94f04-07fc-11ef-b27b-64d2c4ecd148.jpg", "bboxes": [0.0, 0.19811447811447802, 0.23912457912457907, 1.0], "class": 1}