{"image": "0fe94f04-07fc-11ef-b27b-64d2c4ecd148.jpg", "bboxes": [0.6479461279461278, 0.0, 0.9977777777777778, 0.7218855218855219], "class": 1}