{"image": "0fe94f04-07fc-11ef-b27b-64d2c4ecd148.jpg", "bboxes": [0.8523905723905723, 0.0447811447811447, 1.0, 1.0], "class": 1}