{"image": "0fe94f04-07fc-11ef-b27b-64d2c4ecd148.jpg", "bboxes": [0.2030976430976432, 0.0, 1.0, 0.7463299663299664], "class": 1}