{"image": "0fe94f04-07fc-11ef-b27b-64d2c4ecd148.jpg", "bboxes": [0.0022222222222222365, 0.0958922558922558, 0.32134680134680127, 0.9977777777777778], "class": 1}