{"image": "0fe94f04-07fc-11ef-b27b-64d2c4ecd148.jpg", "bboxes": [0.0, 0.18700336700336695, 0.46760942760942775, 0.9977777777777778], "class": 1}