{"image": "0fe94f04-07fc-11ef-b27b-64d2c4ecd148.jpg", "bboxes": [0.0, 0.247003367003367, 0.5476094276094278, 0.9977777777777778], "class": 1}