{"image": "0fe94f04-07fc-11ef-b27b-64d2c4ecd148.jpg", "bboxes": [0.0, 0.10922558922558923, 0.8324579124579123, 1.0], "class": 1}