{"image": "0fe94f04-07fc-11ef-b27b-64d2c4ecd148.jpg", "bboxes": [0.8719865319865321, 0.0, 0.9977777777777778, 0.7085521885521886], "class": 1}