{"image": "0fe94f04-07fc-11ef-b27b-64d2c4ecd148.jpg", "bboxes": [0.9097643097643099, 0.047003367003366936, 1.0, 1.0], "class": 1}