{"image": "0fe94f04-07fc-11ef-b27b-64d2c4ecd148.jpg", "bboxes": [0.8542087542087543, 0.3625589225589225, 0.9977777777777778, 0.9977777777777778], "class": 1}