{"image": "0fe94f04-07fc-11ef-b27b-64d2c4ecd148.jpg", "bboxes": [0.6830976430976432, 0.23367003367003358, 1.0, 1.0], "class": 1}