{"image": "0fe94f04-07fc-11ef-b27b-64d2c4ecd148.jpg", "bboxes": [0.9057239057239056, 0.11589225589225582, 0.9977777777777778, 0.9977777777777778], "class": 1}