{"image": "0fe94f04-07fc-11ef-b27b-64d2c4ecd148.jpg", "bboxes": [0.5879461279461278, 0.0, 1.0, 0.8396632996632997], "class": 1}