{"image": "0fe94f04-07fc-11ef-b27b-64d2c4ecd148.jpg", "bboxes": [0.05239057239057221, 0.0, 0.948013468013468, 1.0], "class": 1}