{"image": "0fe94f04-07fc-11ef-b27b-64d2c4ecd148.jpg", "bboxes": [0.0, 0.09144781144781144, 0.2720538720538722, 1.0], "class": 1}