{"image": "0fe94f04-07fc-11ef-b27b-64d2c4ecd148.jpg", "bboxes": [0.5546127946127944, 0.15589225589225586, 0.9977777777777778, 0.9977777777777778], "class": 1}