{"image": "0fe94f04-07fc-11ef-b27b-64d2c4ecd148.jpg", "bboxes": [0.0022222222222222365, 0.0, 0.3546801346801346, 0.7152188552188553], "class": 1}