{"image": "0fe94f04-07fc-11ef-b27b-64d2c4ecd148.jpg", "bboxes": [0.8657239057239056, 0.2581144781144781, 1.0, 1.0], "class": 1}