{"image": "0fe94f04-07fc-11ef-b27b-64d2c4ecd148.jpg", "bboxes": [0.0022222222222222365, 0.0, 0.21245791245791235, 0.8663299663299664], "class": 1}