{"image": "0fe94f04-07fc-11ef-b27b-64d2c4ecd148.jpg", "bboxes": [0.6857912457912456, 0.0022222222222222365, 0.9977777777777778, 0.9552861952861952], "class": 1}