{"image": "0fe94f04-07fc-11ef-b27b-64d2c4ecd148.jpg", "bboxes": [0.0022222222222222365, 0.2215488215488216, 0.5951515151515153, 0.9977777777777778], "class": 1}