{"image": "0fe94f04-07fc-11ef-b27b-64d2c4ecd148.jpg", "bboxes": [0.15865319865319874, 0.0, 1.0, 0.8352188552188553], "class": 1}