{"image": "0fe94f04-07fc-11ef-b27b-64d2c4ecd148.jpg", "bboxes": [0.5479461279461277, 0.1270033670033669, 1.0, 1.0], "class": 1}