{"image": "0fe94f04-07fc-11ef-b27b-64d2c4ecd148.jpg", "bboxes": [0.0768350168350167, 0.0, 0.9724579124579124, 0.641885521885522], "class": 1}