{"image": "0fe94f04-07fc-11ef-b27b-64d2c4ecd148.jpg", "bboxes": [0.1364309764309765, 0.3047811447811447, 0.9977777777777778, 0.9977777777777778], "class": 1}