{"image": "0fe94f04-07fc-11ef-b27b-64d2c4ecd148.jpg", "bboxes": [0.0, 0.035757575757575835, 0.06760942760942776, 1.0], "class": 1}