{"image": "0fe94f04-07fc-11ef-b27b-64d2c4ecd148.jpg", "bboxes": [0.0, 0.19144781144781142, 0.5987205387205389, 1.0], "class": 1}