{"image": "0fe94f04-07fc-11ef-b27b-64d2c4ecd148.jpg", "bboxes": [0.4746127946127945, 0.0, 1.0, 0.8241077441077441], "class": 1}