{"image": "0fe94f04-07fc-11ef-b27b-64d2c4ecd148.jpg", "bboxes": [0.2412794612794611, 0.03797979797979806, 0.9977777777777778, 0.9977777777777778], "class": 1}