{"image": "0fe94f04-07fc-11ef-b27b-64d2c4ecd148.jpg", "bboxes": [0.45198653198653205, 0.009090909090909169, 0.9977777777777778, 0.9977777777777778], "class": 1}