{"image": "0fe94f04-07fc-11ef-b27b-64d2c4ecd148.jpg", "bboxes": [0.0022222222222222365, 0.11043771043771056, 0.21292929292929297, 0.9977777777777778], "class": 1}