{"image": "0fe94f04-07fc-11ef-b27b-64d2c4ecd148.jpg", "bboxes": [0.8475420875420876, 0.0, 1.0, 0.7041077441077441], "class": 1}