{"image": "0fe94f04-07fc-11ef-b27b-64d2c4ecd148.jpg", "bboxes": [0.0, 0.14821548821548836, 0.45643097643097663, 0.9977777777777778], "class": 1}