{"image": "0fe94f04-07fc-11ef-b27b-64d2c4ecd148.jpg", "bboxes": [0.6986531986531987, 0.2781144781144781, 1.0, 1.0], "class": 1}