{"image": "0fe94f04-07fc-11ef-b27b-64d2c4ecd148.jpg", "bboxes": [0.04754208754208763, 0.35144781144781134, 0.9431649831649833, 1.0], "class": 1}