{"image": "0fe94f04-07fc-11ef-b27b-64d2c4ecd148.jpg", "bboxes": [0.811986531986532, 0.00033670033670030186, 1.0, 1.0], "class": 1}