{"image": "0fe94f04-07fc-11ef-b27b-64d2c4ecd148.jpg", "bboxes": [0.0, 0.2659932659932661, 0.5342087542087545, 0.9977777777777778], "class": 1}