{"image": "0fe94f04-07fc-11ef-b27b-64d2c4ecd148.jpg", "bboxes": [0.7768350168350167, 0.0825589225589225, 0.9977777777777778, 0.9977777777777778], "class": 1}