{"image": "0fe94f04-07fc-11ef-b27b-64d2c4ecd148.jpg", "bboxes": [0.06976430976430985, 0.0, 0.9653872053872056, 0.9997979797979797], "class": 1}