{"image": "0fe94f04-07fc-11ef-b27b-64d2c4ecd148.jpg", "bboxes": [0.0, 0.24255892255892253, 0.34579124579124565, 1.0], "class": 1}