{"image": "103f724e-07fc-11ef-b27b-64d2c4ecd148.jpg", "bboxes": [0.7171043771043771, 0.3235690235690236, 0.9977777777777778, 0.9977777777777778], "class": 1}