{"image": "103f724e-07fc-11ef-b27b-64d2c4ecd148.jpg", "bboxes": [0.9503703703703701, 0.0, 0.9977777777777778, 0.9786531986531987], "class": 1}