{"image": "103f724e-07fc-11ef-b27b-64d2c4ecd148.jpg", "bboxes": [0.17488215488215486, 0.028013468013468042, 0.9829629629629633, 0.9977777777777778], "class": 1}