{"image": "103f724e-07fc-11ef-b27b-64d2c4ecd148.jpg", "bboxes": [0.0, 0.08356902356902363, 0.740740740740741, 0.9977777777777778], "class": 1}