{"image": "103f724e-07fc-11ef-b27b-64d2c4ecd148.jpg", "bboxes": [0.27488215488215484, 0.0022222222222222365, 0.9977777777777778, 0.9977777777777778], "class": 1}