{"image": "103f724e-07fc-11ef-b27b-64d2c4ecd148.jpg", "bboxes": [0.0, 0.0, 0.06962962962962997, 0.9675420875420875], "class": 1}