{"image": "103f724e-07fc-11ef-b27b-64d2c4ecd148.jpg", "bboxes": [0.0, 0.21912457912457917, 0.5696296296296299, 0.9977777777777778], "class": 1}