{"image": "103f724e-07fc-11ef-b27b-64d2c4ecd148.jpg", "bboxes": [0.8081481481481478, 0.0, 0.9977777777777778, 0.7964309764309764], "class": 1}