{"image": "103f724e-07fc-11ef-b27b-64d2c4ecd148.jpg", "bboxes": [0.06814814814814785, 0.04579124579124587, 0.8762289562289562, 0.9977777777777778], "class": 1}