{"image": "103f724e-07fc-11ef-b27b-64d2c4ecd148.jpg", "bboxes": [0.0970370370370367, 0.0022222222222222365, 0.9051178451178451, 0.9977777777777778], "class": 1}