{"image": "103f724e-07fc-11ef-b27b-64d2c4ecd148.jpg", "bboxes": [0.33488215488215484, 0.2524579124579125, 0.9977777777777778, 0.9977777777777778], "class": 1}