{"image": "103f724e-07fc-11ef-b27b-64d2c4ecd148.jpg", "bboxes": [0.41043771043771043, 0.0124579124579125, 0.9977777777777778, 0.9977777777777778], "class": 1}