{"image": "1095ec28-07fc-11ef-b27b-64d2c4ecd148.jpg", "bboxes": [0.9391245791245789, 0.19259259259259254, 0.9977777777777778, 0.9977777777777778], "class": 1}