{"image": "1095ec28-07fc-11ef-b27b-64d2c4ecd148.jpg", "bboxes": [0.6179124579124581, 0.0, 0.9977777777777778, 0.6740740740740742], "class": 1}