{"image": "1095ec28-07fc-11ef-b27b-64d2c4ecd148.jpg", "bboxes": [0.3934680134680136, 0.0, 0.9977777777777778, 0.7762962962962964], "class": 1}