{"image": "10ecde98-07fc-11ef-b27b-64d2c4ecd148.jpg", "bboxes": [0.4992592592592594, 0.0, 1.0, 0.9864646464646464], "class": 1}