{"image": "10ecde98-07fc-11ef-b27b-64d2c4ecd148.jpg", "bboxes": [0.8971043771043771, 0.0, 0.9977777777777778, 0.9808080808080808], "class": 1}