{"image": "10ecde98-07fc-11ef-b27b-64d2c4ecd148.jpg", "bboxes": [0.9525925925925928, 0.3603367003367003, 0.9977777777777778, 0.9977777777777778], "class": 1}