{"image": "10ecde98-07fc-11ef-b27b-64d2c4ecd148.jpg", "bboxes": [0.7393265993265993, 0.3169696969696969, 0.9977777777777778, 0.9977777777777778], "class": 1}