{"image": "10ecde98-07fc-11ef-b27b-64d2c4ecd148.jpg", "bboxes": [0.8578451178451177, 0.0, 0.9977777777777778, 0.7796632996632997], "class": 1}