{"image": "10ecde98-07fc-11ef-b27b-64d2c4ecd148.jpg", "bboxes": [0.2170370370370372, 0.0, 0.9510437710437711, 0.7196632996632997], "class": 1}