{"image": "10ecde98-07fc-11ef-b27b-64d2c4ecd148.jpg", "bboxes": [0.8592592592592594, 0.05811447811447801, 1.0, 1.0], "class": 1}