{"image": "10ecde98-07fc-11ef-b27b-64d2c4ecd148.jpg", "bboxes": [0.5770370370370372, 0.0, 0.9977777777777778, 0.8663299663299664], "class": 1}