{"image": "10ecde98-07fc-11ef-b27b-64d2c4ecd148.jpg", "bboxes": [0.5125925925925927, 0.3692255892255891, 1.0, 1.0], "class": 1}