{"image": "10ecde98-07fc-11ef-b27b-64d2c4ecd148.jpg", "bboxes": [0.0, 0.2225589225589225, 0.09407407407407387, 1.0], "class": 1}