{"image": "10ecde98-07fc-11ef-b27b-64d2c4ecd148.jpg", "bboxes": [0.17481481481481498, 0.0, 0.9088215488215489, 0.7885521885521886], "class": 1}