{"image": "10ecde98-07fc-11ef-b27b-64d2c4ecd148.jpg", "bboxes": [0.0022222222222222365, 0.29367003367003364, 0.3629629629629628, 0.9977777777777778], "class": 1}