{"image": "10ecde98-07fc-11ef-b27b-64d2c4ecd148.jpg", "bboxes": [0.0022222222222222365, 0.0, 0.21407407407407386, 0.9752188552188553], "class": 1}