{"image": "10ecde98-07fc-11ef-b27b-64d2c4ecd148.jpg", "bboxes": [0.6067340067340067, 0.2603367003367003, 1.0, 1.0], "class": 1}