{"image": "10ecde98-07fc-11ef-b27b-64d2c4ecd148.jpg", "bboxes": [0.611178451178451, 0.0, 1.0, 0.7396632996632997], "class": 1}