{"image": "10ecde98-07fc-11ef-b27b-64d2c4ecd148.jpg", "bboxes": [0.3156228956228956, 0.08700336700336697, 1.0, 1.0], "class": 1}