{"image": "10ecde98-07fc-11ef-b27b-64d2c4ecd148.jpg", "bboxes": [0.0, 0.3425589225589225, 0.29629629629629617, 1.0], "class": 1}