{"image": "10ecde98-07fc-11ef-b27b-64d2c4ecd148.jpg", "bboxes": [0.6725925925925927, 0.0, 0.9977777777777778, 0.781885521885522], "class": 1}