{"image": "10ecde98-07fc-11ef-b27b-64d2c4ecd148.jpg", "bboxes": [0.2081481481481483, 0.0, 0.9421548821548822, 0.6796632996632997], "class": 1}