{"image": "10ecde98-07fc-11ef-b27b-64d2c4ecd148.jpg", "bboxes": [0.0, 0.013535353535353612, 0.5332659932659933, 0.9977777777777778], "class": 1}