{"image": "10ecde98-07fc-11ef-b27b-64d2c4ecd148.jpg", "bboxes": [0.07340067340067336, 0.0, 0.8074074074074072, 0.7018855218855219], "class": 1}