{"image": "10ecde98-07fc-11ef-b27b-64d2c4ecd148.jpg", "bboxes": [0.0, 0.10255892255892252, 0.16740740740740723, 1.0], "class": 1}