{"image": "10ecde98-07fc-11ef-b27b-64d2c4ecd148.jpg", "bboxes": [0.10451178451178444, 0.0, 0.8385185185185183, 0.7441077441077442], "class": 1}