{"image": "10ecde98-07fc-11ef-b27b-64d2c4ecd148.jpg", "bboxes": [0.7267340067340067, 0.0, 1.0, 0.8285521885521886], "class": 1}