{"image": "10ecde98-07fc-11ef-b27b-64d2c4ecd148.jpg", "bboxes": [0.01043771043771042, 0.02006734006734014, 0.8319865319865322, 0.9977777777777778], "class": 1}