{"image": "10ecde98-07fc-11ef-b27b-64d2c4ecd148.jpg", "bboxes": [0.2413468013468011, 0.0, 0.9977777777777778, 0.7452525252525253], "class": 1}