{"image": "10ecde98-07fc-11ef-b27b-64d2c4ecd148.jpg", "bboxes": [0.5704377104377104, 0.2214141414141414, 0.9977777777777778, 0.9977777777777778], "class": 1}