{"image": "10ecde98-07fc-11ef-b27b-64d2c4ecd148.jpg", "bboxes": [0.31340067340067335, 0.0, 1.0, 0.9820202020202019], "class": 1}