{"image": "10ecde98-07fc-11ef-b27b-64d2c4ecd148.jpg", "bboxes": [0.07784511784511783, 0.347003367003367, 0.8118518518518517, 1.0], "class": 1}