{"image": "10ecde98-07fc-11ef-b27b-64d2c4ecd148.jpg", "bboxes": [0.4459259259259261, 0.02478114478114468, 0.9977777777777778, 0.9977777777777778], "class": 1}