{"image": "10ecde98-07fc-11ef-b27b-64d2c4ecd148.jpg", "bboxes": [0.37023569023569003, 0.0, 0.9977777777777778, 0.6252525252525253], "class": 1}