{"image": "10ecde98-07fc-11ef-b27b-64d2c4ecd148.jpg", "bboxes": [0.004511784511784466, 0.009090909090909169, 0.7385185185185184, 0.9977777777777778], "class": 1}