{"image": "10ecde98-07fc-11ef-b27b-64d2c4ecd148.jpg", "bboxes": [0.14673400673400672, 0.0, 0.8807407407407406, 0.7329966329966331], "class": 1}