{"image": "10ecde98-07fc-11ef-b27b-64d2c4ecd148.jpg", "bboxes": [0.12006734006733999, 0.0, 0.8540740740740739, 0.9285521885521886], "class": 1}