{"image": "10ecde98-07fc-11ef-b27b-64d2c4ecd148.jpg", "bboxes": [0.5111784511784512, 0.0002020202020202788, 0.9977777777777778, 0.9977777777777778], "class": 1}