{"image": "10ecde98-07fc-11ef-b27b-64d2c4ecd148.jpg", "bboxes": [0.9378451178451178, 0.06922558922558919, 0.9977777777777778, 0.9977777777777778], "class": 1}