{"image": "119a28c8-07fc-11ef-b27b-64d2c4ecd148.jpg", "bboxes": [0.40518518518518504, 0.07023569023569032, 0.9977777777777778, 0.9977777777777778], "class": 1}