{"image": "119a28c8-07fc-11ef-b27b-64d2c4ecd148.jpg", "bboxes": [0.5962962962962961, 0.0, 0.9977777777777778, 0.8808754208754208], "class": 1}