{"image": "119a28c8-07fc-11ef-b27b-64d2c4ecd148.jpg", "bboxes": [0.9686868686868687, 0.0, 1.0, 0.7999326599326599], "class": 1}