{"image": "119a28c8-07fc-11ef-b27b-64d2c4ecd148.jpg", "bboxes": [0.3574410774410772, 0.0, 0.9977777777777778, 0.8865993265993266], "class": 1}