{"image": "119a28c8-07fc-11ef-b27b-64d2c4ecd148.jpg", "bboxes": [0.34868686868686877, 0.03131313131313139, 0.9977777777777778, 0.9977777777777778], "class": 1}