{"image": "119a28c8-07fc-11ef-b27b-64d2c4ecd148.jpg", "bboxes": [0.35979797979797984, 0.0, 1.0, 0.8021548821548822], "class": 1}