{"image": "119a28c8-07fc-11ef-b27b-64d2c4ecd148.jpg", "bboxes": [0.4553535353535354, 0.25784511784511777, 0.9977777777777778, 0.9977777777777778], "class": 1}