{"image": "119a28c8-07fc-11ef-b27b-64d2c4ecd148.jpg", "bboxes": [0.26478114478114445, 0.0, 0.9977777777777778, 0.6786531986531986], "class": 1}