{"image": "119a28c8-07fc-11ef-b27b-64d2c4ecd148.jpg", "bboxes": [0.0018855218855217126, 0.0, 0.8335353535353535, 0.8865993265993266], "class": 1}