{"image": "119a28c8-07fc-11ef-b27b-64d2c4ecd148.jpg", "bboxes": [0.7531313131313132, 0.0, 1.0, 0.6421548821548823], "class": 1}