{"image": "119a28c8-07fc-11ef-b27b-64d2c4ecd148.jpg", "bboxes": [0.18700336700336673, 0.18134680134680137, 0.9977777777777778, 0.9977777777777778], "class": 1}