{"image": "119a28c8-07fc-11ef-b27b-64d2c4ecd148.jpg", "bboxes": [0.0022222222222222365, 0.17562289562289557, 0.8313131313131312, 0.9977777777777778], "class": 1}