{"image": "119a28c8-07fc-11ef-b27b-64d2c4ecd148.jpg", "bboxes": [0.0, 0.28006734006734, 0.7514478114478117, 1.0], "class": 1}