{"image": "119a28c8-07fc-11ef-b27b-64d2c4ecd148.jpg", "bboxes": [0.4918518518518517, 0.0022222222222222365, 0.9977777777777778, 0.9977777777777778], "class": 1}