{"image": "119a28c8-07fc-11ef-b27b-64d2c4ecd148.jpg", "bboxes": [0.9003367003367, 0.0, 0.9977777777777778, 0.6964309764309764], "class": 1}