{"image": "119a28c8-07fc-11ef-b27b-64d2c4ecd148.jpg", "bboxes": [0.8264646464646466, 0.36006734006734, 1.0, 1.0], "class": 1}