{"image": "119a28c8-07fc-11ef-b27b-64d2c4ecd148.jpg", "bboxes": [0.3318518518518517, 0.21690235690235693, 0.9977777777777778, 0.9977777777777778], "class": 1}