{"image": "119a28c8-07fc-11ef-b27b-64d2c4ecd148.jpg", "bboxes": [0.47966329966329946, 0.3289562289562289, 0.9977777777777778, 0.9977777777777778], "class": 1}