{"image": "119a28c8-07fc-11ef-b27b-64d2c4ecd148.jpg", "bboxes": [0.024107744107743856, 0.0, 0.8557575757575757, 1.0], "class": 1}