{"image": "119a28c8-07fc-11ef-b27b-64d2c4ecd148.jpg", "bboxes": [0.26740740740740726, 0.19912457912457918, 0.9977777777777778, 0.9977777777777778], "class": 1}