{"image": "119a28c8-07fc-11ef-b27b-64d2c4ecd148.jpg", "bboxes": [0.0, 0.0, 0.3868686868686868, 0.7577104377104378], "class": 1}