{"image": "119a28c8-07fc-11ef-b27b-64d2c4ecd148.jpg", "bboxes": [0.0, 0.35117845117845115, 0.6736700336700339, 1.0], "class": 1}