{"image": "119a28c8-07fc-11ef-b27b-64d2c4ecd148.jpg", "bboxes": [0.008552188552188311, 0.0, 0.8402020202020202, 0.97993265993266], "class": 1}