{"image": "119a28c8-07fc-11ef-b27b-64d2c4ecd148.jpg", "bboxes": [0.7807407407407406, 0.0022222222222222365, 0.9977777777777778, 0.9977104377104377], "class": 1}