{"image": "119a28c8-07fc-11ef-b27b-64d2c4ecd148.jpg", "bboxes": [0.09535353535353541, 0.0, 0.9270033670033672, 0.6377104377104378], "class": 1}