{"image": "119a28c8-07fc-11ef-b27b-64d2c4ecd148.jpg", "bboxes": [0.6574410774410773, 0.006868686868686946, 1.0, 1.0], "class": 1}