{"image": "119a28c8-07fc-11ef-b27b-64d2c4ecd148.jpg", "bboxes": [0.8975757575757576, 0.13117845117845117, 1.0, 1.0], "class": 1}