{"image": "119a28c8-07fc-11ef-b27b-64d2c4ecd148.jpg", "bboxes": [0.24740740740740724, 0.0, 0.9977777777777778, 0.7542087542087542], "class": 1}