{"image": "119a28c8-07fc-11ef-b27b-64d2c4ecd148.jpg", "bboxes": [0.23629629629629612, 6.73400673401403e-05, 0.9977777777777778, 0.9977777777777778], "class": 1}