{"image": "119a28c8-07fc-11ef-b27b-64d2c4ecd148.jpg", "bboxes": [0.5940740740740739, 0.2835690235690236, 0.9977777777777778, 0.9977777777777778], "class": 1}