{"image": "119a28c8-07fc-11ef-b27b-64d2c4ecd148.jpg", "bboxes": [0.0, 6.73400673401403e-05, 0.5752188552188555, 0.9977777777777778], "class": 1}