{"image": "119a28c8-07fc-11ef-b27b-64d2c4ecd148.jpg", "bboxes": [0.08962962962962946, 0.07245791245791244, 0.9818855218855221, 0.9977777777777778], "class": 1}