{"image": "119a28c8-07fc-11ef-b27b-64d2c4ecd148.jpg", "bboxes": [0.0, 0.01131313131313139, 0.7046464646464645, 1.0], "class": 1}