{"image": "119a28c8-07fc-11ef-b27b-64d2c4ecd148.jpg", "bboxes": [0.0, 0.2711784511784511, 0.5092255892255895, 1.0], "class": 1}