{"image": "119a28c8-07fc-11ef-b27b-64d2c4ecd148.jpg", "bboxes": [0.0022222222222222365, 0.0, 0.20464646464646463, 0.9643771043771044], "class": 1}