{"image": "119a28c8-07fc-11ef-b27b-64d2c4ecd148.jpg", "bboxes": [0.12188552188552171, 0.0, 0.9535353535353535, 0.6577104377104378], "class": 1}