{"image": "119a28c8-07fc-11ef-b27b-64d2c4ecd148.jpg", "bboxes": [0.0, 0.15468013468013475, 0.6329966329966333, 0.9977777777777778], "class": 1}