{"image": "119a28c8-07fc-11ef-b27b-64d2c4ecd148.jpg", "bboxes": [0.8953535353535355, 0.20451178451178442, 1.0, 1.0], "class": 1}