{"image": "119a28c8-07fc-11ef-b27b-64d2c4ecd148.jpg", "bboxes": [0.04188552188552164, 0.1334006734006733, 0.8735353535353535, 1.0], "class": 1}