{"image": "119a28c8-07fc-11ef-b27b-64d2c4ecd148.jpg", "bboxes": [0.04855218855218835, 0.3045117845117844, 0.8802020202020201, 0.9977777777777778], "class": 1}