{"image": "11f01b34-07fc-11ef-b27b-64d2c4ecd148.jpg", "bboxes": [0.8811447811447812, 0.0022222222222222365, 0.9977777777777778, 0.9929292929292929], "class": 1}