{"image": "11f01b34-07fc-11ef-b27b-64d2c4ecd148.jpg", "bboxes": [0.5647138047138045, 0.0022222222222222365, 0.9977777777777778, 0.9973737373737374], "class": 1}