{"image": "11f01b34-07fc-11ef-b27b-64d2c4ecd148.jpg", "bboxes": [0.3358249158249156, 0.00242424242424244, 0.9977777777777778, 0.9977777777777778], "class": 1}