{"image": "11f01b34-07fc-11ef-b27b-64d2c4ecd148.jpg", "bboxes": [0.0022222222222222365, 0.0, 0.1588552188552188, 0.9020202020202019], "class": 1}