{"image": "11f01b34-07fc-11ef-b27b-64d2c4ecd148.jpg", "bboxes": [0.0, 0.19131313131313143, 0.1419528619528622, 0.9977777777777778], "class": 1}