{"image": "1246b6e2-07fc-11ef-b27b-64d2c4ecd148.jpg", "bboxes": [0.0, 0.35111111111111115, 0.6638383838383839, 0.9977777777777778], "class": 1}