{"image": "1246b6e2-07fc-11ef-b27b-64d2c4ecd148.jpg", "bboxes": [0.5351515151515149, 0.0, 1.0, 0.953131313131313], "class": 1}