{"image": "1246b6e2-07fc-11ef-b27b-64d2c4ecd148.jpg", "bboxes": [0.1529292929292928, 0.0, 0.9778451178451177, 0.9977777777777778], "class": 1}