{"image": "1246b6e2-07fc-11ef-b27b-64d2c4ecd148.jpg", "bboxes": [0.0195959595959595, 0.0, 0.8445117845117844, 0.8842424242424242], "class": 1}