{"image": "1246b6e2-07fc-11ef-b27b-64d2c4ecd148.jpg", "bboxes": [0.5465993265993266, 0.0, 1.0, 0.9819528619528619], "class": 1}