{"image": "1246b6e2-07fc-11ef-b27b-64d2c4ecd148.jpg", "bboxes": [0.0, 0.0, 0.24707070707070722, 0.9953535353535353], "class": 1}