{"image": "1246b6e2-07fc-11ef-b27b-64d2c4ecd148.jpg", "bboxes": [0.6795959595959595, 0.0, 1.0, 0.7709090909090909], "class": 1}