{"image": "1246b6e2-07fc-11ef-b27b-64d2c4ecd148.jpg", "bboxes": [0.0, 0.19131313131313143, 0.18673400673400664, 1.0], "class": 1}