{"image": "1246b6e2-07fc-11ef-b27b-64d2c4ecd148.jpg", "bboxes": [0.48612794612794613, 0.0, 0.9977777777777778, 0.9244444444444444], "class": 1}