{"image": "1246b6e2-07fc-11ef-b27b-64d2c4ecd148.jpg", "bboxes": [0.09771043771043778, 0.0, 0.9226262626262628, 0.7109090909090908], "class": 1}