{"image": "1246b6e2-07fc-11ef-b27b-64d2c4ecd148.jpg", "bboxes": [0.0, 0.031313131313131404, 0.6826262626262628, 0.9977777777777778], "class": 1}