{"image": "1246b6e2-07fc-11ef-b27b-64d2c4ecd148.jpg", "bboxes": [0.0022222222222222365, 0.04686868686868695, 0.76006734006734, 0.9977777777777778], "class": 1}