{"image": "1246b6e2-07fc-11ef-b27b-64d2c4ecd148.jpg", "bboxes": [0.010572390572390558, 0.08444444444444443, 0.8927272727272728, 0.9977777777777778], "class": 1}