{"image": "1246b6e2-07fc-11ef-b27b-64d2c4ecd148.jpg", "bboxes": [0.8977104377104378, 0.0, 1.0, 0.9709090909090908], "class": 1}