{"image": "1246b6e2-07fc-11ef-b27b-64d2c4ecd148.jpg", "bboxes": [0.06181818181818166, 0.0, 0.8867340067340067, 0.6975757575757575], "class": 1}