{"image": "1246b6e2-07fc-11ef-b27b-64d2c4ecd148.jpg", "bboxes": [0.006262626262626082, 0.22909090909090912, 0.8311784511784511, 0.9977777777777778], "class": 1}