{"image": "1246b6e2-07fc-11ef-b27b-64d2c4ecd148.jpg", "bboxes": [0.7932659932659933, 0.20686868686868698, 0.9977777777777778, 0.9977777777777778], "class": 1}