{"image": "1246b6e2-07fc-11ef-b27b-64d2c4ecd148.jpg", "bboxes": [0.5806060606060606, 0.1644444444444444, 0.9977777777777778, 0.9977777777777778], "class": 1}