{"image": "1246b6e2-07fc-11ef-b27b-64d2c4ecd148.jpg", "bboxes": [0.24437710437710444, 0.0, 0.9977777777777778, 0.6842424242424242], "class": 1}