{"image": "1246b6e2-07fc-11ef-b27b-64d2c4ecd148.jpg", "bboxes": [0.7840404040404039, 0.3713131313131314, 1.0, 1.0], "class": 1}