{"image": "1246b6e2-07fc-11ef-b27b-64d2c4ecd148.jpg", "bboxes": [0.13548821548821555, 0.0, 0.9604040404040406, 0.6420202020202019], "class": 1}