{"image": "1246b6e2-07fc-11ef-b27b-64d2c4ecd148.jpg", "bboxes": [0.7084848484848483, 0.11131313131313136, 0.9977777777777778, 0.9977777777777778], "class": 1}