{"image": "1246b6e2-07fc-11ef-b27b-64d2c4ecd148.jpg", "bboxes": [0.05070707070707059, 0.1379797979797981, 0.8756228956228955, 0.9977777777777778], "class": 1}