{"image": "1246b6e2-07fc-11ef-b27b-64d2c4ecd148.jpg", "bboxes": [0.47057239057239053, 0.0, 0.9977777777777778, 0.7111111111111111], "class": 1}