{"image": "1246b6e2-07fc-11ef-b27b-64d2c4ecd148.jpg", "bboxes": [0.28848484848484834, 0.0, 0.9977777777777778, 0.6775757575757575], "class": 1}