{"image": "1246b6e2-07fc-11ef-b27b-64d2c4ecd148.jpg", "bboxes": [0.2910437710437711, 0.0, 0.9977777777777778, 0.7864646464646464], "class": 1}