{"image": "1246b6e2-07fc-11ef-b27b-64d2c4ecd148.jpg", "bboxes": [0.18659932659932665, 0.23131313131313136, 1.0, 1.0], "class": 1}