{"image": "129db33e-07fc-11ef-b27b-64d2c4ecd148.jpg", "bboxes": [0.4030976430976432, 0.1887542087542089, 1.0, 1.0], "class": 1}