{"image": "129db33e-07fc-11ef-b27b-64d2c4ecd148.jpg", "bboxes": [0.0, 0.28208754208754216, 0.3816161616161617, 0.9977777777777778], "class": 1}