{"image": "129db33e-07fc-11ef-b27b-64d2c4ecd148.jpg", "bboxes": [0.013939393939393918, 0.0, 0.8657912457912457, 1.0], "class": 1}