{"image": "129db33e-07fc-11ef-b27b-64d2c4ecd148.jpg", "bboxes": [0.0022222222222222365, 0.21319865319865328, 0.6769023569023569, 0.9977777777777778], "class": 1}