{"image": "129db33e-07fc-11ef-b27b-64d2c4ecd148.jpg", "bboxes": [0.9364309764309765, 0.08208754208754221, 0.9977777777777778, 0.9977777777777778], "class": 1}