{"image": "129db33e-07fc-11ef-b27b-64d2c4ecd148.jpg", "bboxes": [0.4665319865319864, 0.0, 0.9977777777777778, 0.6954208754208753], "class": 1}