{"image": "129db33e-07fc-11ef-b27b-64d2c4ecd148.jpg", "bboxes": [0.6853198653198654, 0.0, 0.9977777777777778, 0.7979124579124578], "class": 1}