{"image": "129db33e-07fc-11ef-b27b-64d2c4ecd148.jpg", "bboxes": [0.014208754208754297, 0.0, 0.8660606060606061, 1.0], "class": 1}