{"image": "129db33e-07fc-11ef-b27b-64d2c4ecd148.jpg", "bboxes": [0.5659932659932656, 0.15569023569023577, 0.9977777777777778, 0.9977777777777778], "class": 1}