{"image": "129db33e-07fc-11ef-b27b-64d2c4ecd148.jpg", "bboxes": [0.0022222222222222365, 0.12235690235690244, 0.2912457912457914, 0.9977777777777778], "class": 1}