{"image": "129db33e-07fc-11ef-b27b-64d2c4ecd148.jpg", "bboxes": [0.0, 0.12208754208754224, 0.8438383838383838, 0.9977777777777778], "class": 1}