{"image": "129db33e-07fc-11ef-b27b-64d2c4ecd148.jpg", "bboxes": [0.7094949494949494, 0.0, 0.9977777777777778, 0.9977777777777778], "class": 1}