{"image": "129db33e-07fc-11ef-b27b-64d2c4ecd148.jpg", "bboxes": [0.0, 0.2531986531986533, 0.034680134680134644, 1.0], "class": 1}