{"image": "129db33e-07fc-11ef-b27b-64d2c4ecd148.jpg", "bboxes": [0.0, 0.10208754208754223, 0.10828282828282833, 1.0], "class": 1}