{"image": "129db33e-07fc-11ef-b27b-64d2c4ecd148.jpg", "bboxes": [0.4342087542087543, 0.1643097643097644, 1.0, 1.0], "class": 1}