{"image": "129db33e-07fc-11ef-b27b-64d2c4ecd148.jpg", "bboxes": [0.0, 0.006531986531986611, 0.154949494949495, 1.0], "class": 1}