{"image": "129db33e-07fc-11ef-b27b-64d2c4ecd148.jpg", "bboxes": [0.580875420875421, 0.022491582491582562, 0.9977777777777778, 0.9977777777777778], "class": 1}