{"image": "129db33e-07fc-11ef-b27b-64d2c4ecd148.jpg", "bboxes": [0.0, 0.23764309764309777, 0.45272727272727276, 0.9977777777777778], "class": 1}