{"image": "129db33e-07fc-11ef-b27b-64d2c4ecd148.jpg", "bboxes": [0.0, 0.3090235690235692, 0.23845117845117886, 0.9977777777777778], "class": 1}