{"image": "129db33e-07fc-11ef-b27b-64d2c4ecd148.jpg", "bboxes": [0.9297643097643099, 0.0, 0.9977777777777778, 0.9601346801346801], "class": 1}