{"image": "129db33e-07fc-11ef-b27b-64d2c4ecd148.jpg", "bboxes": [0.0, 0.21319865319865328, 0.32579124579124574, 1.0], "class": 1}