{"image": "129db33e-07fc-11ef-b27b-64d2c4ecd148.jpg", "bboxes": [0.7742087542087543, 0.0, 0.9977777777777778, 0.6823569023569023], "class": 1}