{"image": "129db33e-07fc-11ef-b27b-64d2c4ecd148.jpg", "bboxes": [0.2072727272727273, 0.0, 0.9977777777777778, 0.9623569023569022], "class": 1}