{"image": "129db33e-07fc-11ef-b27b-64d2c4ecd148.jpg", "bboxes": [0.7428282828282828, 0.0022222222222222365, 0.9977777777777778, 0.9641750841750841], "class": 1}