{"image": "129db33e-07fc-11ef-b27b-64d2c4ecd148.jpg", "bboxes": [0.01542087542087529, 0.22457912457912466, 0.8740067340067345, 0.9977777777777778], "class": 1}