{"image": "129db33e-07fc-11ef-b27b-64d2c4ecd148.jpg", "bboxes": [0.9687542087542086, 0.0, 0.9977777777777778, 0.953198653198653], "class": 1}