{"image": "129db33e-07fc-11ef-b27b-64d2c4ecd148.jpg", "bboxes": [0.8697643097643099, 0.0, 0.9977777777777778, 0.8134680134680133], "class": 1}