{"image": "129db33e-07fc-11ef-b27b-64d2c4ecd148.jpg", "bboxes": [0.9259932659932656, 0.3223569023569025, 0.9977777777777778, 0.9977777777777778], "class": 1}