{"image": "129db33e-07fc-11ef-b27b-64d2c4ecd148.jpg", "bboxes": [0.8006060606060605, 0.0022222222222222365, 0.9977777777777778, 0.9886195286195285], "class": 1}