{"image": "129db33e-07fc-11ef-b27b-64d2c4ecd148.jpg", "bboxes": [0.3942087542087543, 0.0, 0.9977777777777778, 0.8156902356902356], "class": 1}