{"image": "129db33e-07fc-11ef-b27b-64d2c4ecd148.jpg", "bboxes": [0.47838383838383836, 0.07319865319865337, 1.0, 1.0], "class": 1}