{"image": "129db33e-07fc-11ef-b27b-64d2c4ecd148.jpg", "bboxes": [0.0, 0.0358249158249159, 0.4771717171717172, 1.0], "class": 1}