{"image": "129db33e-07fc-11ef-b27b-64d2c4ecd148.jpg", "bboxes": [0.8830976430976432, 0.0, 1.0, 0.7756902356902355], "class": 1}