{"image": "129db33e-07fc-11ef-b27b-64d2c4ecd148.jpg", "bboxes": [0.6675420875420877, 0.0, 1.0, 0.9379124579124578], "class": 1}