{"image": "12f3a4e2-07fc-11ef-b27b-64d2c4ecd148.jpg", "bboxes": [0.17131313131313164, 0.0, 0.9154208754208756, 1.0], "class": 1}