{"image": "12f3a4e2-07fc-11ef-b27b-64d2c4ecd148.jpg", "bboxes": [0.0022222222222222365, 0.06875420875420882, 0.6397979797979795, 0.9977777777777778], "class": 1}