{"image": "12f3a4e2-07fc-11ef-b27b-64d2c4ecd148.jpg", "bboxes": [0.31575757575757607, 0.0, 0.9977777777777778, 0.8742760942760942], "class": 1}