{"image": "12f3a4e2-07fc-11ef-b27b-64d2c4ecd148.jpg", "bboxes": [0.0, 0.3612794612794614, 0.5020875420875422, 0.9977777777777778], "class": 1}