{"image": "12f3a4e2-07fc-11ef-b27b-64d2c4ecd148.jpg", "bboxes": [0.08242424242424275, 0.31905723905723915, 0.8265319865319867, 0.9977777777777778], "class": 1}