{"image": "12f3a4e2-07fc-11ef-b27b-64d2c4ecd148.jpg", "bboxes": [0.0022222222222222365, 0.17905723905723914, 0.13979797979797948, 0.9977777777777778], "class": 1}