{"image": "12f3a4e2-07fc-11ef-b27b-64d2c4ecd148.jpg", "bboxes": [0.028148148148148318, 0.0022222222222222365, 0.7756228956228955, 0.8845791245791246], "class": 1}