{"image": "12f3a4e2-07fc-11ef-b27b-64d2c4ecd148.jpg", "bboxes": [0.024646464646464968, 0.0, 0.7687542087542089, 0.8853872053872053], "class": 1}