{"image": "12f3a4e2-07fc-11ef-b27b-64d2c4ecd148.jpg", "bboxes": [0.1845791245791245, 0.0, 0.9286868686868683, 0.9564983164983164], "class": 1}