{"image": "12f3a4e2-07fc-11ef-b27b-64d2c4ecd148.jpg", "bboxes": [0.28902356902356885, 0.3590572390572392, 1.0, 1.0], "class": 1}