{"image": "12f3a4e2-07fc-11ef-b27b-64d2c4ecd148.jpg", "bboxes": [0.7179124579124578, 0.0, 1.0, 0.9587205387205386], "class": 1}