{"image": "12f3a4e2-07fc-11ef-b27b-64d2c4ecd148.jpg", "bboxes": [0.11353535353535385, 0.0, 0.8576430976430978, 1.0], "class": 1}