{"image": "12f3a4e2-07fc-11ef-b27b-64d2c4ecd148.jpg", "bboxes": [0.0022222222222222365, 0.1768350168350169, 0.24646464646464616, 0.9977777777777778], "class": 1}