{"image": "12f3a4e2-07fc-11ef-b27b-64d2c4ecd148.jpg", "bboxes": [0.44909090909090943, 0.0, 1.0, 0.9134680134680134], "class": 1}