{"image": "12f3a4e2-07fc-11ef-b27b-64d2c4ecd148.jpg", "bboxes": [0.4379124579124578, 0.0022222222222222365, 0.9977777777777778, 0.9423569023569023], "class": 1}