{"image": "12f3a4e2-07fc-11ef-b27b-64d2c4ecd148.jpg", "bboxes": [0.0, 0.25683501683501697, 0.17535353535353504, 1.0], "class": 1}