{"image": "12f3a4e2-07fc-11ef-b27b-64d2c4ecd148.jpg", "bboxes": [0.9488215488215489, 0.0, 0.9977777777777778, 0.7330639730639731], "class": 1}