{"image": "12f3a4e2-07fc-11ef-b27b-64d2c4ecd148.jpg", "bboxes": [0.5645791245791245, 0.3279461279461281, 1.0, 1.0], "class": 1}