{"image": "12f3a4e2-07fc-11ef-b27b-64d2c4ecd148.jpg", "bboxes": [0.32020202020202054, 0.0376430976430977, 1.0, 1.0], "class": 1}