{"image": "12f3a4e2-07fc-11ef-b27b-64d2c4ecd148.jpg", "bboxes": [0.7624242424242428, 0.050168350168350306, 1.0, 1.0], "class": 1}