{"image": "12f3a4e2-07fc-11ef-b27b-64d2c4ecd148.jpg", "bboxes": [0.7979797979797983, 0.0, 1.0, 0.6987205387205386], "class": 1}