{"image": "12f3a4e2-07fc-11ef-b27b-64d2c4ecd148.jpg", "bboxes": [0.7224242424242427, 0.0, 0.9977777777777778, 0.892053872053872], "class": 1}