{"image": "12f3a4e2-07fc-11ef-b27b-64d2c4ecd148.jpg", "bboxes": [0.36457912457912445, 0.2079461279461281, 0.9977777777777778, 0.9977777777777778], "class": 1}