{"image": "12f3a4e2-07fc-11ef-b27b-64d2c4ecd148.jpg", "bboxes": [0.06464646464646497, 0.0, 0.8087542087542089, 0.6987205387205386], "class": 1}