{"image": "12f3a4e2-07fc-11ef-b27b-64d2c4ecd148.jpg", "bboxes": [0.0, 0.04794612794612807, 0.15764309764309778, 1.0], "class": 1}