{"image": "12f3a4e2-07fc-11ef-b27b-64d2c4ecd148.jpg", "bboxes": [0.10592592592592609, 0.0, 0.8534006734006734, 0.9977777777777778], "class": 1}