{"image": "12f3a4e2-07fc-11ef-b27b-64d2c4ecd148.jpg", "bboxes": [0.0, 0.2390572390572392, 0.38424242424242394, 1.0], "class": 1}