{"image": "12f3a4e2-07fc-11ef-b27b-64d2c4ecd148.jpg", "bboxes": [0.9045791245791245, 0.11239057239057249, 1.0, 1.0], "class": 1}