{"image": "12f3a4e2-07fc-11ef-b27b-64d2c4ecd148.jpg", "bboxes": [0.05346801346801333, 0.26350168350168357, 0.7975757575757573, 0.9977777777777778], "class": 1}