{"image": "12f3a4e2-07fc-11ef-b27b-64d2c4ecd148.jpg", "bboxes": [0.0, 0.008754208754208813, 0.1509764309764311, 1.0], "class": 1}