{"image": "12f3a4e2-07fc-11ef-b27b-64d2c4ecd148.jpg", "bboxes": [0.6512457912457912, 0.18794612794612808, 1.0, 1.0], "class": 1}