{"image": "12f3a4e2-07fc-11ef-b27b-64d2c4ecd148.jpg", "bboxes": [0.0022222222222222365, 0.06127946127946138, 0.6886868686868683, 0.9977777777777778], "class": 1}