{"image": "12f3a4e2-07fc-11ef-b27b-64d2c4ecd148.jpg", "bboxes": [0.40242424242424274, 0.004309764309764369, 0.9977777777777778, 0.9977777777777778], "class": 1}