{"image": "12f3a4e2-07fc-11ef-b27b-64d2c4ecd148.jpg", "bboxes": [0.07791245791245782, 0.0, 0.8220202020202017, 0.7009427609427609], "class": 1}