{"image": "12f3a4e2-07fc-11ef-b27b-64d2c4ecd148.jpg", "bboxes": [0.0, 0.03016835016835029, 0.4931986531986533, 0.9977777777777778], "class": 1}