{"image": "12f3a4e2-07fc-11ef-b27b-64d2c4ecd148.jpg", "bboxes": [0.1779797979797983, 0.05542087542087548, 0.9220875420875422, 0.9977777777777778], "class": 1}