{"image": "12f3a4e2-07fc-11ef-b27b-64d2c4ecd148.jpg", "bboxes": [0.2534680134680134, 0.17905723905723914, 0.9975757575757572, 1.0], "class": 1}