{"image": "12f3a4e2-07fc-11ef-b27b-64d2c4ecd148.jpg", "bboxes": [0.03993265993266004, 0.0, 0.7874074074074072, 0.7263973063973064], "class": 1}