{"image": "12f3a4e2-07fc-11ef-b27b-64d2c4ecd148.jpg", "bboxes": [0.5112457912457911, 0.0, 1.0, 0.7298316498316497], "class": 1}