{"image": "12f3a4e2-07fc-11ef-b27b-64d2c4ecd148.jpg", "bboxes": [0.33791245791245783, 0.23016835016835024, 0.9977777777777778, 0.9977777777777778], "class": 1}