{"image": "12f3a4e2-07fc-11ef-b27b-64d2c4ecd148.jpg", "bboxes": [0.0, 0.11542087542087548, 0.039865319865319986, 0.9977777777777778], "class": 1}