{"image": "12f3a4e2-07fc-11ef-b27b-64d2c4ecd148.jpg", "bboxes": [0.4579124579124578, 0.0, 0.9977777777777778, 0.8387205387205386], "class": 1}