{"image": "12f3a4e2-07fc-11ef-b27b-64d2c4ecd148.jpg", "bboxes": [0.04680134680134673, 0.0, 0.7909090909090906, 0.9653872053872052], "class": 1}