{"image": "12f3a4e2-07fc-11ef-b27b-64d2c4ecd148.jpg", "bboxes": [0.3979797979797983, 0.3346127946127947, 1.0, 1.0], "class": 1}