{"image": "12f3a4e2-07fc-11ef-b27b-64d2c4ecd148.jpg", "bboxes": [0.04659932659932664, 0.033602693602693634, 0.7940740740740739, 0.9977777777777778], "class": 1}