{"image": "134af9cc-07fc-11ef-b27b-64d2c4ecd148.jpg", "bboxes": [0.35771043771043776, 0.1004713804713806, 1.0, 1.0], "class": 1}