{"image": "134af9cc-07fc-11ef-b27b-64d2c4ecd148.jpg", "bboxes": [0.0, 0.24491582491582498, 0.16828282828282834, 1.0], "class": 1}