{"image": "134af9cc-07fc-11ef-b27b-64d2c4ecd148.jpg", "bboxes": [0.33838383838383834, 0.0022222222222222365, 0.9977777777777778, 0.9643771043771043], "class": 1}