{"image": "134af9cc-07fc-11ef-b27b-64d2c4ecd148.jpg", "bboxes": [0.30215488215488223, 0.03784511784511791, 1.0, 1.0], "class": 1}