{"image": "134af9cc-07fc-11ef-b27b-64d2c4ecd148.jpg", "bboxes": [0.0, 0.1960269360269361, 0.09050505050505055, 0.9977777777777778], "class": 1}