{"image": "134af9cc-07fc-11ef-b27b-64d2c4ecd148.jpg", "bboxes": [0.0022222222222222365, 0.0, 0.5067340067340067, 0.675084175084175], "class": 1}