{"image": "134af9cc-07fc-11ef-b27b-64d2c4ecd148.jpg", "bboxes": [0.0022222222222222365, 0.1315824915824917, 0.11117845117845115, 0.9977777777777778], "class": 1}