{"image": "134af9cc-07fc-11ef-b27b-64d2c4ecd148.jpg", "bboxes": [0.0, 0.3426936026936027, 0.5238383838383839, 1.0], "class": 1}