{"image": "134af9cc-07fc-11ef-b27b-64d2c4ecd148.jpg", "bboxes": [0.5206060606060605, 0.38936026936026946, 1.0, 1.0], "class": 1}