{"image": "134af9cc-07fc-11ef-b27b-64d2c4ecd148.jpg", "bboxes": [0.0, 0.0022222222222222365, 0.03609427609427611, 0.8952188552188551], "class": 1}