{"image": "134af9cc-07fc-11ef-b27b-64d2c4ecd148.jpg", "bboxes": [0.06882154882154888, 0.0, 0.7927272727272727, 0.9217508417508417], "class": 1}