{"image": "134af9cc-07fc-11ef-b27b-64d2c4ecd148.jpg", "bboxes": [0.0, 0.036026936026936074, 0.2971717171717172, 1.0], "class": 1}