{"image": "134af9cc-07fc-11ef-b27b-64d2c4ecd148.jpg", "bboxes": [0.26437710437710443, 0.0022222222222222365, 0.9882828282828283, 0.9688215488215488], "class": 1}