{"image": "134af9cc-07fc-11ef-b27b-64d2c4ecd148.jpg", "bboxes": [0.5094949494949494, 0.0, 1.0, 0.9665993265993266], "class": 1}