{"image": "134af9cc-07fc-11ef-b27b-64d2c4ecd148.jpg", "bboxes": [0.28437710437710445, 0.048956228956229024, 1.0, 1.0], "class": 1}