{"image": "134af9cc-07fc-11ef-b27b-64d2c4ecd148.jpg", "bboxes": [0.22282828282828282, 0.04713804713804726, 0.9467340067340067, 0.9977777777777778], "class": 1}