{"image": "134af9cc-07fc-11ef-b27b-64d2c4ecd148.jpg", "bboxes": [0.0, 0.264915824915825, 0.26828282828282835, 0.9977777777777778], "class": 1}