{"image": "134af9cc-07fc-11ef-b27b-64d2c4ecd148.jpg", "bboxes": [0.6421548821548823, 0.009360269360269456, 0.9977777777777778, 0.9977777777777778], "class": 1}