{"image": "134af9cc-07fc-11ef-b27b-64d2c4ecd148.jpg", "bboxes": [0.019932659932659993, 0.08713804713804718, 0.7438383838383839, 1.0], "class": 1}