{"image": "134af9cc-07fc-11ef-b27b-64d2c4ecd148.jpg", "bboxes": [0.13548821548821555, 0.0, 0.8593939393939395, 0.7661952861952861], "class": 1}