{"image": "134af9cc-07fc-11ef-b27b-64d2c4ecd148.jpg", "bboxes": [0.731043771043771, 0.0, 0.9977777777777778, 0.9239730639730639], "class": 1}