{"image": "134af9cc-07fc-11ef-b27b-64d2c4ecd148.jpg", "bboxes": [0.8354882154882155, 0.0, 1.0, 0.7728619528619528], "class": 1}