{"image": "134af9cc-07fc-11ef-b27b-64d2c4ecd148.jpg", "bboxes": [0.43393939393939385, 0.09602693602693613, 1.0, 1.0], "class": 1}