{"image": "134af9cc-07fc-11ef-b27b-64d2c4ecd148.jpg", "bboxes": [0.15771043771043777, 0.29380471380471385, 0.8816161616161616, 1.0], "class": 1}