{"image": "134af9cc-07fc-11ef-b27b-64d2c4ecd148.jpg", "bboxes": [0.22060606060606058, 0.15602693602693607, 0.9445117845117844, 1.0], "class": 1}