{"image": "134af9cc-07fc-11ef-b27b-64d2c4ecd148.jpg", "bboxes": [0.0022222222222222365, 0.0693602693602694, 0.08673400673400666, 0.9977777777777778], "class": 1}