{"image": "134af9cc-07fc-11ef-b27b-64d2c4ecd148.jpg", "bboxes": [0.0, 0.048956228956229024, 0.3082828282828283, 0.9977777777777778], "class": 1}