{"image": "134af9cc-07fc-11ef-b27b-64d2c4ecd148.jpg", "bboxes": [0.0, 0.007138047138047221, 0.08383838383838388, 1.0], "class": 1}