{"image": "134af9cc-07fc-11ef-b27b-64d2c4ecd148.jpg", "bboxes": [0.0, 0.20491582491582494, 0.16161616161616166, 0.9977777777777778], "class": 1}