{"image": "134af9cc-07fc-11ef-b27b-64d2c4ecd148.jpg", "bboxes": [0.6110437710437711, 0.12269360269360274, 0.9977777777777778, 0.9977777777777778], "class": 1}