{"image": "134af9cc-07fc-11ef-b27b-64d2c4ecd148.jpg", "bboxes": [0.36437710437710447, 0.0022222222222222365, 0.9977777777777778, 0.9243771043771043], "class": 1}