{"image": "134af9cc-07fc-11ef-b27b-64d2c4ecd148.jpg", "bboxes": [0.43548821548821554, 0.0022222222222222365, 0.9977777777777778, 0.9221548821548821], "class": 1}