{"image": "134af9cc-07fc-11ef-b27b-64d2c4ecd148.jpg", "bboxes": [0.23616161616161613, 0.0, 0.96006734006734, 0.9977777777777778], "class": 1}