{"image": "134af9cc-07fc-11ef-b27b-64d2c4ecd148.jpg", "bboxes": [0.8033670033670035, 0.16255892255892262, 0.9977777777777778, 0.9977777777777778], "class": 1}