{"image": "134af9cc-07fc-11ef-b27b-64d2c4ecd148.jpg", "bboxes": [0.44060606060606056, 0.06491582491582504, 1.0, 1.0], "class": 1}