{"image": "134af9cc-07fc-11ef-b27b-64d2c4ecd148.jpg", "bboxes": [0.07171717171717162, 0.16269360269360278, 0.7956228956228956, 1.0], "class": 1}