{"image": "134af9cc-07fc-11ef-b27b-64d2c4ecd148.jpg", "bboxes": [0.4110437710437711, 0.0, 1.0, 0.6461952861952861], "class": 1}