{"image": "134af9cc-07fc-11ef-b27b-64d2c4ecd148.jpg", "bboxes": [0.8932659932659933, 0.0, 1.0, 0.6795286195286194], "class": 1}