{"image": "134af9cc-07fc-11ef-b27b-64d2c4ecd148.jpg", "bboxes": [0.0, 0.0, 0.5738720538720539, 0.9616835016835017], "class": 1}