{"image": "134af9cc-07fc-11ef-b27b-64d2c4ecd148.jpg", "bboxes": [0.4894949494949494, 0.13602693602693605, 1.0, 1.0], "class": 1}