{"image": "134af9cc-07fc-11ef-b27b-64d2c4ecd148.jpg", "bboxes": [0.0, 0.07824915824915835, 0.3978451178451178, 1.0], "class": 1}