{"image": "134af9cc-07fc-11ef-b27b-64d2c4ecd148.jpg", "bboxes": [0.9088215488215489, 0.384915824915825, 1.0, 1.0], "class": 1}