{"image": "134af9cc-07fc-11ef-b27b-64d2c4ecd148.jpg", "bboxes": [0.8783838383838384, 0.01784511784511791, 1.0, 1.0], "class": 1}