{"image": "134af9cc-07fc-11ef-b27b-64d2c4ecd148.jpg", "bboxes": [0.6177104377104378, 0.3471380471380472, 0.9977777777777778, 0.9977777777777778], "class": 1}