{"image": "134af9cc-07fc-11ef-b27b-64d2c4ecd148.jpg", "bboxes": [0.031043771043771106, 0.0, 0.754949494949495, 0.9977777777777778], "class": 1}