{"image": "134af9cc-07fc-11ef-b27b-64d2c4ecd148.jpg", "bboxes": [0.0, 0.03824915824915831, 0.17050505050505055, 1.0], "class": 1}