{"image": "134af9cc-07fc-11ef-b27b-64d2c4ecd148.jpg", "bboxes": [0.4694949494949494, 0.04451178451178458, 0.9977777777777778, 0.9977777777777778], "class": 1}