{"image": "134af9cc-07fc-11ef-b27b-64d2c4ecd148.jpg", "bboxes": [0.305050505050505, 0.0, 0.9977777777777778, 0.8461952861952862], "class": 1}