{"image": "134af9cc-07fc-11ef-b27b-64d2c4ecd148.jpg", "bboxes": [0.0, 0.002693602693602748, 0.27562289562289555, 1.0], "class": 1}