{"image": "134af9cc-07fc-11ef-b27b-64d2c4ecd148.jpg", "bboxes": [0.0, 0.07117845117845124, 0.08673400673400666, 1.0], "class": 1}