{"image": "134af9cc-07fc-11ef-b27b-64d2c4ecd148.jpg", "bboxes": [0.0, 0.13602693602693605, 0.4445117845117844, 1.0], "class": 1}