{"image": "134af9cc-07fc-11ef-b27b-64d2c4ecd148.jpg", "bboxes": [0.0, 0.36936026936026944, 0.3260606060606061, 1.0], "class": 1}