{"image": "134af9cc-07fc-11ef-b27b-64d2c4ecd148.jpg", "bboxes": [0.23003367003367012, 0.0022222222222222365, 0.9472053872053873, 0.8396632996632996], "class": 1}