{"image": "134af9cc-07fc-11ef-b27b-64d2c4ecd148.jpg", "bboxes": [0.2710437710437711, 0.0693602693602694, 0.994949494949495, 0.9977777777777778], "class": 1}