{"image": "134af9cc-07fc-11ef-b27b-64d2c4ecd148.jpg", "bboxes": [0.26390572390572387, 0.0, 0.981077441077441, 0.7705723905723906], "class": 1}