{"image": "134af9cc-07fc-11ef-b27b-64d2c4ecd148.jpg", "bboxes": [0.35993265993266, 0.0, 1.0, 0.9732659932659932], "class": 1}