{"image": "134af9cc-07fc-11ef-b27b-64d2c4ecd148.jpg", "bboxes": [0.0, 0.25602693602693616, 0.5993939393939395, 0.9977777777777778], "class": 1}