{"image": "134af9cc-07fc-11ef-b27b-64d2c4ecd148.jpg", "bboxes": [0.0, 0.0, 0.32828282828282834, 0.9928619528619528], "class": 1}