{"image": "134af9cc-07fc-11ef-b27b-64d2c4ecd148.jpg", "bboxes": [0.77993265993266, 0.16713804713804725, 0.9977777777777778, 0.9977777777777778], "class": 1}