{"image": "134af9cc-07fc-11ef-b27b-64d2c4ecd148.jpg", "bboxes": [0.0, 0.21824915824915836, 0.45784511784511783, 1.0], "class": 1}