{"image": "134af9cc-07fc-11ef-b27b-64d2c4ecd148.jpg", "bboxes": [0.6510437710437711, 0.0, 1.0, 0.7795286195286194], "class": 1}