{"image": "134af9cc-07fc-11ef-b27b-64d2c4ecd148.jpg", "bboxes": [0.0, 0.0022222222222222365, 0.2260606060606061, 0.931043771043771], "class": 1}