{"image": "19f1c658-07fb-11ef-849f-64d2c4ecd148.jpg", "bboxes": [0.6863299663299661, 0.07508417508417517, 1.0, 1.0], "class": 1}