{"image": "19f1c658-07fb-11ef-849f-64d2c4ecd148.jpg", "bboxes": [0.0022222222222222365, 0.24457912457912467, 0.8065993265993266, 0.9977777777777778], "class": 1}