{"image": "19f1c658-07fb-11ef-849f-64d2c4ecd148.jpg", "bboxes": [0.061885521885521655, 0.0, 0.8665993265993266, 0.8509764309764308], "class": 1}