{"image": "19f1c658-07fb-11ef-849f-64d2c4ecd148.jpg", "bboxes": [0.4689562289562289, 0.017306397306397388, 0.9977777777777778, 0.9977777777777778], "class": 1}