{"image": "19f1c658-07fb-11ef-849f-64d2c4ecd148.jpg", "bboxes": [0.0, 0.0, 0.3670033670033672, 0.8287542087542086], "class": 1}