{"image": "19f1c658-07fb-11ef-849f-64d2c4ecd148.jpg", "bboxes": [0.0, 0.17124579124579145, 0.32255892255892277, 0.9977777777777778], "class": 1}