{"image": "19f1c658-07fb-11ef-849f-64d2c4ecd148.jpg", "bboxes": [0.8889562289562289, 0.0, 1.0, 0.9515824915824915], "class": 1}