{"image": "19f1c658-07fb-11ef-849f-64d2c4ecd148.jpg", "bboxes": [0.09966329966329945, 0.0, 0.9043771043771044, 0.8443097643097642], "class": 1}