{"image": "19f1c658-07fb-11ef-849f-64d2c4ecd148.jpg", "bboxes": [0.3978451178451178, 0.0684175084175085, 1.0, 1.0], "class": 1}