{"image": "19f1c658-07fb-11ef-849f-64d2c4ecd148.jpg", "bboxes": [0.004107744107743949, 0.0, 0.8088215488215489, 0.9977777777777778], "class": 1}