{"image": "19f1c658-07fb-11ef-849f-64d2c4ecd148.jpg", "bboxes": [0.0, 0.023973063973064056, 0.5314478114478116, 1.0], "class": 1}