{"image": "19f1c658-07fb-11ef-849f-64d2c4ecd148.jpg", "bboxes": [0.0, 0.021750841750841833, 0.7158922558922561, 1.0], "class": 1}