{"image": "19f1c658-07fb-11ef-849f-64d2c4ecd148.jpg", "bboxes": [0.0, 0.13569023569023586, 0.6510437710437711, 1.0], "class": 1}