{"image": "19f1c658-07fb-11ef-849f-64d2c4ecd148.jpg", "bboxes": [0.11784511784511778, 0.011245791245791392, 0.9225589225589228, 1.0], "class": 1}