{"image": "19f1c658-07fb-11ef-849f-64d2c4ecd148.jpg", "bboxes": [0.0, 0.1884175084175085, 0.03548821548821557, 1.0], "class": 1}