{"image": "19f1c658-07fb-11ef-849f-64d2c4ecd148.jpg", "bboxes": [0.8778451178451178, 0.09508417508417516, 0.9977777777777778, 0.9977777777777778], "class": 1}