{"image": "19f1c658-07fb-11ef-849f-64d2c4ecd148.jpg", "bboxes": [0.5222895622895622, 0.0, 1.0, 0.9287542087542087], "class": 1}