{"image": "19f1c658-07fb-11ef-849f-64d2c4ecd148.jpg", "bboxes": [0.3063299663299661, 0.17569023569023579, 0.9977777777777778, 0.9977777777777778], "class": 1}