{"image": "19f1c658-07fb-11ef-849f-64d2c4ecd148.jpg", "bboxes": [0.0022222222222222365, 0.021750841750841833, 0.13548821548821555, 0.9977777777777778], "class": 1}