{"image": "19f1c658-07fb-11ef-849f-64d2c4ecd148.jpg", "bboxes": [0.47299663299663275, 0.0, 0.9977777777777778, 0.8109764309764308], "class": 1}