{"image": "19f1c658-07fb-11ef-849f-64d2c4ecd148.jpg", "bboxes": [0.06855218855218836, 0.0, 0.8732659932659933, 0.8043097643097642], "class": 1}