{"image": "19f1c658-07fb-11ef-849f-64d2c4ecd148.jpg", "bboxes": [0.5845117845117844, 0.0245791245791247, 0.9977777777777778, 0.9977777777777778], "class": 1}