{"image": "19f1c658-07fb-11ef-849f-64d2c4ecd148.jpg", "bboxes": [0.615218855218855, 0.0022222222222222365, 0.9977777777777778, 0.9138047138047137], "class": 1}