{"image": "19f1c658-07fb-11ef-849f-64d2c4ecd148.jpg", "bboxes": [0.02855218855218833, 0.0, 0.8332659932659934, 0.9977777777777778], "class": 1}