{"image": "19f1c658-07fb-11ef-849f-64d2c4ecd148.jpg", "bboxes": [0.0022222222222222365, 0.1084175084175085, 0.25104377104377107, 0.9977777777777778], "class": 1}