{"image": "19f1c658-07fb-11ef-849f-64d2c4ecd148.jpg", "bboxes": [0.8152188552188551, 0.0, 1.0, 0.8893602693602692], "class": 1}