{"image": "19f1c658-07fb-11ef-849f-64d2c4ecd148.jpg", "bboxes": [0.017845117845117785, 0.24235690235690244, 0.8225589225589227, 0.9977777777777778], "class": 1}