{"image": "19f1c658-07fb-11ef-849f-64d2c4ecd148.jpg", "bboxes": [0.6707744107744106, 0.0, 1.0, 0.8243097643097642], "class": 1}