{"image": "19f1c658-07fb-11ef-849f-64d2c4ecd148.jpg", "bboxes": [0.0022222222222222365, 0.19730639730639737, 0.47104377104377115, 0.9977777777777778], "class": 1}