{"image": "19f1c658-07fb-11ef-849f-64d2c4ecd148.jpg", "bboxes": [0.0, 0.16175084175084184, 0.09993265993265998, 1.0], "class": 1}