{"image": "19f1c658-07fb-11ef-849f-64d2c4ecd148.jpg", "bboxes": [0.6085521885521883, 0.0, 1.0, 0.8709764309764308], "class": 1}