{"image": "1a83d8fe-07fb-11ef-849f-64d2c4ecd148.jpg", "bboxes": [0.025454545454545063, 0.09340067340067337, 0.857104377104377, 0.9977777777777778], "class": 1}