{"image": "1a83d8fe-07fb-11ef-849f-64d2c4ecd148.jpg", "bboxes": [0.0, 0.2289562289562289, 0.394545454545455, 0.9977777777777778], "class": 1}