{"image": "1a83d8fe-07fb-11ef-849f-64d2c4ecd148.jpg", "bboxes": [0.6184511784511785, 0.1578451178451178, 0.9977777777777778, 0.9977777777777778], "class": 1}