{"image": "1a83d8fe-07fb-11ef-849f-64d2c4ecd148.jpg", "bboxes": [0.0, 0.0022222222222222365, 0.2167676767676772, 0.9977777777777778], "class": 1}