{"image": "1a83d8fe-07fb-11ef-849f-64d2c4ecd148.jpg", "bboxes": [0.0022222222222222365, 0.0, 0.2793265993265993, 0.8865993265993266], "class": 1}