{"image": "1adf9220-07fb-11ef-849f-64d2c4ecd148.jpg", "bboxes": [0.3298316498316495, 0.2035690235690236, 0.9977777777777778, 0.9977777777777778], "class": 1}