{"image": "1adf9220-07fb-11ef-849f-64d2c4ecd148.jpg", "bboxes": [0.549023569023569, 0.0, 0.9977777777777778, 0.6824915824915825], "class": 1}