{"image": "1adf9220-07fb-11ef-849f-64d2c4ecd148.jpg", "bboxes": [0.0022222222222222365, 0.09912457912457916, 0.7917171717171716, 0.9977777777777778], "class": 1}