{"image": "1adf9220-07fb-11ef-849f-64d2c4ecd148.jpg", "bboxes": [0.2327272727272729, 0.0022222222222222365, 0.9977777777777778, 0.9588552188552188], "class": 1}