{"image": "1adf9220-07fb-11ef-849f-64d2c4ecd148.jpg", "bboxes": [0.43649831649831616, 0.0, 1.0, 0.9253198653198653], "class": 1}