{"image": "1adf9220-07fb-11ef-849f-64d2c4ecd148.jpg", "bboxes": [0.8072727272727275, 0.18861952861952858, 0.9977777777777778, 0.9977777777777778], "class": 1}