{"image": "1adf9220-07fb-11ef-849f-64d2c4ecd148.jpg", "bboxes": [0.0, 0.0057912457912457915, 0.7428282828282826, 1.0], "class": 1}