{"image": "1adf9220-07fb-11ef-849f-64d2c4ecd148.jpg", "bboxes": [0.0, 0.19750841750841752, 0.28430976430976446, 0.9977777777777778], "class": 1}