{"image": "1adf9220-07fb-11ef-849f-64d2c4ecd148.jpg", "bboxes": [0.6038383838383841, 0.16579124579124582, 1.0, 1.0], "class": 1}