{"image": "1adf9220-07fb-11ef-849f-64d2c4ecd148.jpg", "bboxes": [0.5076094276094272, 0.0, 1.0, 0.8855218855218855], "class": 1}