{"image": "1adf9220-07fb-11ef-849f-64d2c4ecd148.jpg", "bboxes": [0.0, 0.16356902356902359, 0.43239057239057277, 0.9977777777777778], "class": 1}