{"image": "1adf9220-07fb-11ef-849f-64d2c4ecd148.jpg", "bboxes": [0.30828282828282844, 0.007811447811447876, 1.0, 1.0], "class": 1}