{"image": "1adf9220-07fb-11ef-849f-64d2c4ecd148.jpg", "bboxes": [0.863838383838384, 0.07447811447811455, 1.0, 1.0], "class": 1}