{"image": "1adf9220-07fb-11ef-849f-64d2c4ecd148.jpg", "bboxes": [0.0, 0.10356902356902364, 0.6183838383838383, 1.0], "class": 1}