{"image": "1adf9220-07fb-11ef-849f-64d2c4ecd148.jpg", "bboxes": [0.5971717171717174, 0.0, 1.0, 0.9208754208754208], "class": 1}