{"image": "1adf9220-07fb-11ef-849f-64d2c4ecd148.jpg", "bboxes": [0.09717171717171734, 0.0, 0.9523905723905728, 0.771986531986532], "class": 1}