{"image": "1adf9220-07fb-11ef-849f-64d2c4ecd148.jpg", "bboxes": [0.0, 0.07670033670033677, 0.665723905723906, 0.9977777777777778], "class": 1}