{"image": "1adf9220-07fb-11ef-849f-64d2c4ecd148.jpg", "bboxes": [0.0, 0.23023569023569024, 0.794612794612795, 1.0], "class": 1}