{"image": "1adf9220-07fb-11ef-849f-64d2c4ecd148.jpg", "bboxes": [0.0022222222222222365, 0.0, 0.5361616161616161, 0.9875420875420875], "class": 1}