{"image": "1adf9220-07fb-11ef-849f-64d2c4ecd148.jpg", "bboxes": [0.09939393939393956, 0.0, 0.9546127946127949, 0.8877441077441077], "class": 1}