{"image": "1adf9220-07fb-11ef-849f-64d2c4ecd148.jpg", "bboxes": [0.49494949494949514, 0.07912457912457915, 0.9977777777777778, 0.9977777777777778], "class": 1}