{"image": "1adf9220-07fb-11ef-849f-64d2c4ecd148.jpg", "bboxes": [0.2149494949494951, 0.0, 1.0, 0.9677441077441077], "class": 1}