{"image": "1adf9220-07fb-11ef-849f-64d2c4ecd148.jpg", "bboxes": [0.32094276094276064, 0.0, 0.9977777777777778, 0.731986531986532], "class": 1}