{"image": "1adf9220-07fb-11ef-849f-64d2c4ecd148.jpg", "bboxes": [0.5090235690235689, 0.04289562289562298, 0.9977777777777778, 0.9977777777777778], "class": 1}