{"image": "1adf9220-07fb-11ef-849f-64d2c4ecd148.jpg", "bboxes": [0.04606060606060623, 0.0, 0.9012794612794617, 1.0], "class": 1}