{"image": "1adf9220-07fb-11ef-849f-64d2c4ecd148.jpg", "bboxes": [0.6831649831649829, 0.005589225589225653, 0.9977777777777778, 0.9977777777777778], "class": 1}