{"image": "1adf9220-07fb-11ef-849f-64d2c4ecd148.jpg", "bboxes": [0.0, 0.22579124579124588, 0.40282828282828265, 1.0], "class": 1}