{"image": "1adf9220-07fb-11ef-849f-64d2c4ecd148.jpg", "bboxes": [0.3009427609427606, 0.008013468013468028, 1.0, 1.0], "class": 1}