{"image": "1adf9220-07fb-11ef-849f-64d2c4ecd148.jpg", "bboxes": [0.40983164983164944, 0.0, 0.9977777777777778, 0.8275420875420875], "class": 1}