{"image": "1adf9220-07fb-11ef-849f-64d2c4ecd148.jpg", "bboxes": [0.08983164983164948, 0.08579124579124586, 0.9450505050505049, 0.9977777777777778], "class": 1}