{"image": "1adf9220-07fb-11ef-849f-64d2c4ecd148.jpg", "bboxes": [0.0, 0.07225589225589232, 0.13616161616161604, 1.0], "class": 1}