{"image": "1adf9220-07fb-11ef-849f-64d2c4ecd148.jpg", "bboxes": [0.0, 0.059124579124579135, 0.8168350168350171, 1.0], "class": 1}