{"image": "1adf9220-07fb-11ef-849f-64d2c4ecd148.jpg", "bboxes": [0.8705050505050507, 0.0, 1.0, 0.9875420875420875], "class": 1}