{"image": "1adf9220-07fb-11ef-849f-64d2c4ecd148.jpg", "bboxes": [0.8142760942760939, 0.12558922558922567, 0.9977777777777778, 0.9977777777777778], "class": 1}