{"image": "1b3ba36c-07fb-11ef-849f-64d2c4ecd148.jpg", "bboxes": [0.02505050505050499, 0.0022222222222222365, 0.785993265993266, 0.9124579124579124], "class": 1}