{"image": "1b3ba36c-07fb-11ef-849f-64d2c4ecd148.jpg", "bboxes": [0.7073400673400674, 0.34323232323232333, 1.0, 1.0], "class": 1}