{"image": "1b3ba36c-07fb-11ef-849f-64d2c4ecd148.jpg", "bboxes": [0.16282828282828277, 0.00976430976430982, 0.9237710437710438, 1.0], "class": 1}