{"image": "1b3ba36c-07fb-11ef-849f-64d2c4ecd148.jpg", "bboxes": [0.0022222222222222365, 0.0, 0.1326599326599326, 0.7145454545454545], "class": 1}