{"image": "1b3ba36c-07fb-11ef-849f-64d2c4ecd148.jpg", "bboxes": [0.0761616161616161, 0.39878787878787897, 0.8371043771043771, 0.9977777777777778], "class": 1}