{"image": "1b3ba36c-07fb-11ef-849f-64d2c4ecd148.jpg", "bboxes": [0.9072727272727272, 0.0, 0.9977777777777778, 0.7701010101010101], "class": 1}