{"image": "1b3ba36c-07fb-11ef-849f-64d2c4ecd148.jpg", "bboxes": [0.845050505050505, 0.0, 1.0, 0.9767676767676767], "class": 1}