{"image": "1b3ba36c-07fb-11ef-849f-64d2c4ecd148.jpg", "bboxes": [0.17622895622895624, 0.0, 0.9371717171717172, 0.79010101010101], "class": 1}