{"image": "1b3ba36c-07fb-11ef-849f-64d2c4ecd148.jpg", "bboxes": [0.0, 0.42101010101010106, 0.03939393939393944, 0.9977777777777778], "class": 1}