{"image": "1b3ba36c-07fb-11ef-849f-64d2c4ecd148.jpg", "bboxes": [0.09616161616161611, 0.20545454545454556, 0.857104377104377, 0.9977777777777778], "class": 1}