{"image": "1b3ba36c-07fb-11ef-849f-64d2c4ecd148.jpg", "bboxes": [0.28727272727272724, 0.020875420875420932, 1.0, 1.0], "class": 1}