{"image": "1b3ba36c-07fb-11ef-849f-64d2c4ecd148.jpg", "bboxes": [0.0, 0.08087542087542093, 0.5527272727272727, 1.0], "class": 1}