{"image": "1b3ba36c-07fb-11ef-849f-64d2c4ecd148.jpg", "bboxes": [0.6739393939393938, 0.0, 0.9977777777777778, 0.6767676767676767], "class": 1}