{"image": "1b3ba36c-07fb-11ef-849f-64d2c4ecd148.jpg", "bboxes": [0.0, 0.3965656565656567, 0.12377104377104375, 1.0], "class": 1}