{"image": "1b3ba36c-07fb-11ef-849f-64d2c4ecd148.jpg", "bboxes": [0.0, 0.034343434343434454, 0.17488215488215486, 1.0], "class": 1}