{"image": "1b3ba36c-07fb-11ef-849f-64d2c4ecd148.jpg", "bboxes": [0.5162289562289563, 0.22323232323232334, 1.0, 1.0], "class": 1}