{"image": "1b3ba36c-07fb-11ef-849f-64d2c4ecd148.jpg", "bboxes": [0.0022222222222222365, 0.16101010101010105, 0.23488215488215491, 0.9977777777777778], "class": 1}