{"image": "1b3ba36c-07fb-11ef-849f-64d2c4ecd148.jpg", "bboxes": [0.26511784511784514, 0.023097643097643155, 0.9977777777777778, 0.9977777777777778], "class": 1}