{"image": "1b3ba36c-07fb-11ef-849f-64d2c4ecd148.jpg", "bboxes": [0.0, 0.10989898989898994, 0.6616161616161617, 1.0], "class": 1}