{"image": "1b3ba36c-07fb-11ef-849f-64d2c4ecd148.jpg", "bboxes": [0.002895622895622915, 0.0, 0.7638383838383839, 1.0], "class": 1}