{"image": "1b3ba36c-07fb-11ef-849f-64d2c4ecd148.jpg", "bboxes": [0.0, 0.0, 0.3082828282828283, 0.7589898989898989], "class": 1}