{"image": "1b3ba36c-07fb-11ef-849f-64d2c4ecd148.jpg", "bboxes": [0.0022222222222222365, 0.2787878787878789, 0.4126599326599326, 0.9977777777777778], "class": 1}