{"image": "1b3ba36c-07fb-11ef-849f-64d2c4ecd148.jpg", "bboxes": [0.502895622895623, 0.1254545454545456, 1.0, 1.0], "class": 1}