{"image": "1b3ba36c-07fb-11ef-849f-64d2c4ecd148.jpg", "bboxes": [0.7472727272727272, 0.20323232323232332, 1.0, 1.0], "class": 1}