{"image": "1b3ba36c-07fb-11ef-849f-64d2c4ecd148.jpg", "bboxes": [0.0, 0.1010101010101011, 0.1260606060606061, 0.9977777777777778], "class": 1}