{"image": "1b3ba36c-07fb-11ef-849f-64d2c4ecd148.jpg", "bboxes": [0.8406734006734007, 0.0022222222222222365, 0.9977777777777778, 0.9977777777777778], "class": 1}