{"image": "1b3ba36c-07fb-11ef-849f-64d2c4ecd148.jpg", "bboxes": [0.22060606060606058, 0.0, 0.9815488215488215, 1.0], "class": 1}