{"image": "1b3ba36c-07fb-11ef-849f-64d2c4ecd148.jpg", "bboxes": [0.405050505050505, 0.0, 1.0, 0.5434343434343434], "class": 1}