{"image": "1b3ba36c-07fb-11ef-849f-64d2c4ecd148.jpg", "bboxes": [0.2406060606060606, 0.1075420875420876, 1.0, 1.0], "class": 1}