{"image": "1b3ba36c-07fb-11ef-849f-64d2c4ecd148.jpg", "bboxes": [0.06734006734006735, 0.3343434343434344, 0.8282828282828283, 0.9977777777777778], "class": 1}