{"image": "1b3ba36c-07fb-11ef-849f-64d2c4ecd148.jpg", "bboxes": [0.8117171717171716, 0.3654545454545456, 1.0, 1.0], "class": 1}