{"image": "1b3ba36c-07fb-11ef-849f-64d2c4ecd148.jpg", "bboxes": [0.13622895622895626, 0.0, 0.8971717171717172, 0.6367676767676766], "class": 1}