{"image": "1b3ba36c-07fb-11ef-849f-64d2c4ecd148.jpg", "bboxes": [0.5251178451178451, 0.0, 1.0, 0.9302356902356902], "class": 1}