{"image": "1b3ba36c-07fb-11ef-849f-64d2c4ecd148.jpg", "bboxes": [0.8583838383838384, 0.04976430976430982, 1.0, 1.0], "class": 1}