{"image": "1b3ba36c-07fb-11ef-849f-64d2c4ecd148.jpg", "bboxes": [0.9272727272727272, 0.31878787878787884, 1.0, 1.0], "class": 1}