{"image": "1b3ba36c-07fb-11ef-849f-64d2c4ecd148.jpg", "bboxes": [0.0, 0.11656565656565665, 0.27488215488215484, 1.0], "class": 1}