{"image": "1b3ba36c-07fb-11ef-849f-64d2c4ecd148.jpg", "bboxes": [0.21838383838383835, 0.2654545454545455, 0.9793265993265993, 0.9977777777777778], "class": 1}