{"image": "1b924bd6-07fb-11ef-849f-64d2c4ecd148.jpg", "bboxes": [0.8718518518518517, 0.0, 0.9977777777777778, 0.7513804713804714], "class": 1}