{"image": "1b924bd6-07fb-11ef-849f-64d2c4ecd148.jpg", "bboxes": [0.44962962962962943, 0.35084175084175084, 0.9977777777777778, 0.9977777777777778], "class": 1}