{"image": "1b924bd6-07fb-11ef-849f-64d2c4ecd148.jpg", "bboxes": [0.0, 0.18861952861952858, 0.534814814814815, 0.9977777777777778], "class": 1}