{"image": "1b924bd6-07fb-11ef-849f-64d2c4ecd148.jpg", "bboxes": [0.0, 0.05797979797979805, 0.5725925925925928, 0.9536026936026936], "class": 1}