{"image": "1b924bd6-07fb-11ef-849f-64d2c4ecd148.jpg", "bboxes": [0.47851851851851834, 0.0, 0.9977777777777778, 0.6047138047138048], "class": 1}