{"image": "1b924bd6-07fb-11ef-849f-64d2c4ecd148.jpg", "bboxes": [0.03629629629629616, 0.273063973063973, 0.6659259259259261, 0.9977777777777778], "class": 1}