{"image": "1be89c3e-07fb-11ef-849f-64d2c4ecd148.jpg", "bboxes": [0.046262626262626116, 0.0, 0.659057239057239, 0.8097643097643097], "class": 1}