{"image": "1be89c3e-07fb-11ef-849f-64d2c4ecd148.jpg", "bboxes": [0.0022222222222222365, 0.0, 0.519057239057239, 0.7141414141414142], "class": 1}