{"image": "1be89c3e-07fb-11ef-849f-64d2c4ecd148.jpg", "bboxes": [0.0, 0.0924579124579125, 0.24794612794612791, 0.9274747474747475], "class": 1}