{"image": "1be89c3e-07fb-11ef-849f-64d2c4ecd148.jpg", "bboxes": [0.8631649831649832, 0.0, 1.0, 0.6608080808080808], "class": 1}