{"image": "1be89c3e-07fb-11ef-849f-64d2c4ecd148.jpg", "bboxes": [0.8653872053872054, 0.0, 0.9977777777777778, 0.7585858585858586], "class": 1}