{"image": "1be89c3e-07fb-11ef-849f-64d2c4ecd148.jpg", "bboxes": [0.0022222222222222365, 0.34356902356902363, 0.539057239057239, 0.9977777777777778], "class": 1}