{"image": "1be89c3e-07fb-11ef-849f-64d2c4ecd148.jpg", "bboxes": [0.31959595959595943, 0.0022222222222222365, 0.9323905723905723, 0.8297643097643097], "class": 1}