{"image": "1be89c3e-07fb-11ef-849f-64d2c4ecd148.jpg", "bboxes": [0.7307070707070706, 0.0, 1.0, 0.8274747474747475], "class": 1}