{"image": "1be89c3e-07fb-11ef-849f-64d2c4ecd148.jpg", "bboxes": [0.04983164983164986, 0.010235690235690273, 0.6626262626262628, 0.8452525252525253], "class": 1}