{"image": "1be89c3e-07fb-11ef-849f-64d2c4ecd148.jpg", "bboxes": [0.20983164983164987, 0.0, 0.8226262626262628, 0.6785858585858586], "class": 1}