{"image": "1be89c3e-07fb-11ef-849f-64d2c4ecd148.jpg", "bboxes": [0.2364983164983165, 0.2924579124579125, 0.8492929292929294, 0.9977777777777778], "class": 1}