{"image": "1be89c3e-07fb-11ef-849f-64d2c4ecd148.jpg", "bboxes": [0.6520538720538721, 0.19919191919191914, 1.0, 1.0], "class": 1}