{"image": "1be89c3e-07fb-11ef-849f-64d2c4ecd148.jpg", "bboxes": [0.0022222222222222365, 0.1524579124579125, 0.44572390572390574, 0.9874747474747475], "class": 1}