{"image": "1be89c3e-07fb-11ef-849f-64d2c4ecd148.jpg", "bboxes": [0.08181818181818168, 0.0, 0.6946127946127946, 0.623030303030303], "class": 1}