{"image": "1be89c3e-07fb-11ef-849f-64d2c4ecd148.jpg", "bboxes": [0.6542760942760943, 0.0, 1.0, 0.6319865319865319], "class": 1}