{"image": "1be89c3e-07fb-11ef-849f-64d2c4ecd148.jpg", "bboxes": [0.4320538720538721, 0.03474747474747475, 1.0, 0.8697643097643097], "class": 1}