{"image": "1be89c3e-07fb-11ef-849f-64d2c4ecd148.jpg", "bboxes": [0.3964983164983165, 0.0022222222222222365, 0.9977777777777778, 0.6608754208754208], "class": 1}