{"image": "1be89c3e-07fb-11ef-849f-64d2c4ecd148.jpg", "bboxes": [0.375151515151515, 0.13690235690235694, 0.9879461279461279, 0.971919191919192], "class": 1}