{"image": "1be89c3e-07fb-11ef-849f-64d2c4ecd148.jpg", "bboxes": [0.9640404040404039, 0.0, 1.0, 0.7408754208754209], "class": 1}