{"image": "1be89c3e-07fb-11ef-849f-64d2c4ecd148.jpg", "bboxes": [0.3240404040404039, 0.0022222222222222365, 0.9368350168350168, 0.7364309764309764], "class": 1}