{"image": "1be89c3e-07fb-11ef-849f-64d2c4ecd148.jpg", "bboxes": [0.4674074074074073, 0.3804040404040403, 0.9977777777777778, 0.9977777777777778], "class": 1}