{"image": "1be89c3e-07fb-11ef-849f-64d2c4ecd148.jpg", "bboxes": [0.9698316498316498, 0.16134680134680138, 0.9977777777777778, 0.9963636363636363], "class": 1}