{"image": "1be89c3e-07fb-11ef-849f-64d2c4ecd148.jpg", "bboxes": [0.41333333333333344, 0.0, 0.9977777777777778, 0.6262626262626264], "class": 1}