{"image": "1be89c3e-07fb-11ef-849f-64d2c4ecd148.jpg", "bboxes": [0.6164983164983165, 0.0, 0.9977777777777778, 0.6652525252525253], "class": 1}