{"image": "1be89c3e-07fb-11ef-849f-64d2c4ecd148.jpg", "bboxes": [0.0, 0.04808080808080806, 0.29373737373737385, 0.883097643097643], "class": 1}