{"image": "1be89c3e-07fb-11ef-849f-64d2c4ecd148.jpg", "bboxes": [0.0, 0.04134680134680138, 0.6012794612794612, 0.8763636363636363], "class": 1}