{"image": "1be89c3e-07fb-11ef-849f-64d2c4ecd148.jpg", "bboxes": [0.11737373737373724, 0.09696969696969693, 0.7301683501683501, 0.9319865319865319], "class": 1}