{"image": "1be89c3e-07fb-11ef-849f-64d2c4ecd148.jpg", "bboxes": [0.0022222222222222365, 0.2746801346801347, 0.6079461279461279, 0.9977777777777778], "class": 1}