{"image": "1be89c3e-07fb-11ef-849f-64d2c4ecd148.jpg", "bboxes": [0.2898316498316499, 0.0022222222222222365, 0.9026262626262628, 0.6608754208754208], "class": 1}