{"image": "1be89c3e-07fb-11ef-849f-64d2c4ecd148.jpg", "bboxes": [0.2542760942760943, 0.3725252525252525, 0.8670707070707072, 0.9977777777777778], "class": 1}