{"image": "1be89c3e-07fb-11ef-849f-64d2c4ecd148.jpg", "bboxes": [0.9107070707070706, 0.0, 1.0, 0.6496969696969698], "class": 1}