{"image": "1be89c3e-07fb-11ef-849f-64d2c4ecd148.jpg", "bboxes": [0.0, 0.0014141414141414232, 0.6004040404040405, 0.8364309764309764], "class": 1}