{"image": "1be89c3e-07fb-11ef-849f-64d2c4ecd148.jpg", "bboxes": [0.3431649831649832, 0.0, 0.9559595959595961, 0.8119191919191919], "class": 1}