{"image": "1be89c3e-07fb-11ef-849f-64d2c4ecd148.jpg", "bboxes": [0.44181818181818167, 0.25468013468013473, 1.0, 1.0], "class": 1}