{"image": "1be89c3e-07fb-11ef-849f-64d2c4ecd148.jpg", "bboxes": [0.17737373737373718, 0.25912457912457915, 0.7901683501683501, 1.0], "class": 1}