{"image": "1be89c3e-07fb-11ef-849f-64d2c4ecd148.jpg", "bboxes": [0.0022222222222222365, 0.11252525252525247, 0.26794612794612793, 0.9475420875420875], "class": 1}