{"image": "1be89c3e-07fb-11ef-849f-64d2c4ecd148.jpg", "bboxes": [0.0022222222222222365, 0.0, 0.4368350168350168, 0.6608080808080808], "class": 1}