{"image": "1be89c3e-07fb-11ef-849f-64d2c4ecd148.jpg", "bboxes": [0.0, 0.36363636363636365, 0.16262626262626276, 1.0], "class": 1}