{"image": "1be89c3e-07fb-11ef-849f-64d2c4ecd148.jpg", "bboxes": [0.0022222222222222365, 0.12363636363636366, 0.07239057239057234, 0.9586531986531986], "class": 1}