{"image": "1be89c3e-07fb-11ef-849f-64d2c4ecd148.jpg", "bboxes": [0.692053872053872, 0.31252525252525254, 1.0, 1.0], "class": 1}