{"image": "1be89c3e-07fb-11ef-849f-64d2c4ecd148.jpg", "bboxes": [0.0, 0.0022222222222222365, 0.1070707070707072, 0.6430976430976431], "class": 1}