{"image": "1be89c3e-07fb-11ef-849f-64d2c4ecd148.jpg", "bboxes": [0.8395959595959595, 0.296969696969697, 1.0, 1.0], "class": 1}