{"image": "1be89c3e-07fb-11ef-849f-64d2c4ecd148.jpg", "bboxes": [0.5840404040404039, 0.34585858585858587, 1.0, 1.0], "class": 1}