{"image": "1be89c3e-07fb-11ef-849f-64d2c4ecd148.jpg", "bboxes": [0.39515151515151503, 0.36134680134680136, 1.0, 1.0], "class": 1}