{"image": "1be89c3e-07fb-11ef-849f-64d2c4ecd148.jpg", "bboxes": [0.0, 0.23919191919191918, 0.2612794612794612, 1.0], "class": 1}