{"image": "1be89c3e-07fb-11ef-849f-64d2c4ecd148.jpg", "bboxes": [0.3729292929292928, 0.0022222222222222365, 0.9857239057239057, 0.6764309764309764], "class": 1}