{"image": "1be89c3e-07fb-11ef-849f-64d2c4ecd148.jpg", "bboxes": [0.0, 0.22585858585858587, 0.4159595959595961, 1.0], "class": 1}