{"image": "1c3ee10c-07fb-11ef-849f-64d2c4ecd148.jpg", "bboxes": [0.9897643097643095, 0.0022222222222222365, 0.9977777777777778, 0.6269360269360269], "class": 1}