{"image": "1c3ee10c-07fb-11ef-849f-64d2c4ecd148.jpg", "bboxes": [0.0, 0.3663973063973064, 0.49245791245791276, 0.9977777777777778], "class": 1}