{"image": "1c3ee10c-07fb-11ef-849f-64d2c4ecd148.jpg", "bboxes": [0.20989898989899, 0.24397306397306384, 0.7991245791245795, 0.9847138047138048], "class": 1}