{"image": "1c3ee10c-07fb-11ef-849f-64d2c4ecd148.jpg", "bboxes": [0.3977777777777778, 0.0022222222222222365, 0.9331313131313128, 0.585925925925926], "class": 1}