{"image": "1c3ee10c-07fb-11ef-849f-64d2c4ecd148.jpg", "bboxes": [0.6943434343434345, 0.0, 1.0, 0.5024915824915825], "class": 1}