{"image": "1c3ee10c-07fb-11ef-849f-64d2c4ecd148.jpg", "bboxes": [0.6810101010101011, 0.38417508417508417, 0.9977777777777778, 0.9977777777777778], "class": 1}