{"image": "1c3ee10c-07fb-11ef-849f-64d2c4ecd148.jpg", "bboxes": [0.6430976430976427, 0.21528619528619528, 1.0, 0.9560269360269361], "class": 1}