{"image": "1c3ee10c-07fb-11ef-849f-64d2c4ecd148.jpg", "bboxes": [0.2364309764309761, 0.0022222222222222365, 0.8256565656565655, 0.47138047138047134], "class": 1}