{"image": "1c3ee10c-07fb-11ef-849f-64d2c4ecd148.jpg", "bboxes": [0.0, 0.0022222222222222365, 0.4057912457912461, 0.5136026936026936], "class": 1}