{"image": "1c3ee10c-07fb-11ef-849f-64d2c4ecd148.jpg", "bboxes": [0.2765656565656567, 0.40195286195286195, 0.8657912457912461, 1.0], "class": 1}