{"image": "1c3ee10c-07fb-11ef-849f-64d2c4ecd148.jpg", "bboxes": [0.014208754208753893, 0.0775084175084175, 0.6034343434343433, 0.8182491582491583], "class": 1}