{"image": "1c3ee10c-07fb-11ef-849f-64d2c4ecd148.jpg", "bboxes": [0.0022222222222222365, 0.21730639730639723, 0.19454545454545447, 0.958047138047138], "class": 1}