{"image": "1c3ee10c-07fb-11ef-849f-64d2c4ecd148.jpg", "bboxes": [0.42545454545454553, 0.11306397306397306, 1.0, 0.8538047138047139], "class": 1}