{"image": "1c3ee10c-07fb-11ef-849f-64d2c4ecd148.jpg", "bboxes": [0.2986531986531984, 0.20195286195286194, 0.8878787878787878, 0.9426936026936028], "class": 1}