{"image": "1c3ee10c-07fb-11ef-849f-64d2c4ecd148.jpg", "bboxes": [0.0, 0.07306397306397305, 0.25023569023569053, 0.8138047138047139], "class": 1}