{"image": "1c3ee10c-07fb-11ef-849f-64d2c4ecd148.jpg", "bboxes": [0.3408754208754206, 0.25063973063973055, 0.93010101010101, 0.9913804713804714], "class": 1}