{"image": "1c3ee10c-07fb-11ef-849f-64d2c4ecd148.jpg", "bboxes": [0.7876767676767678, 0.07528619528619528, 0.9977777777777778, 0.8160269360269361], "class": 1}