{"image": "1c3ee10c-07fb-11ef-849f-64d2c4ecd148.jpg", "bboxes": [0.031986531986531674, 0.33306397306397306, 0.6212121212121211, 0.9977777777777778], "class": 1}