{"image": "1c3ee10c-07fb-11ef-849f-64d2c4ecd148.jpg", "bboxes": [0.40323232323232333, 0.0, 0.9924579124579127, 0.7202693602693603], "class": 1}