{"image": "1c3ee10c-07fb-11ef-849f-64d2c4ecd148.jpg", "bboxes": [0.0, 0.006195286195286087, 0.06356902356902386, 0.746936026936027], "class": 1}