{"image": "1c3ee10c-07fb-11ef-849f-64d2c4ecd148.jpg", "bboxes": [0.20545454545454556, 0.0022222222222222365, 0.794680134680135, 0.4624915824915825], "class": 1}