{"image": "1c3ee10c-07fb-11ef-849f-64d2c4ecd148.jpg", "bboxes": [0.3764309764309761, 0.235084175084175, 0.9656565656565655, 0.9758249158249158], "class": 1}