{"image": "1c3ee10c-07fb-11ef-849f-64d2c4ecd148.jpg", "bboxes": [0.00976430976430942, 0.06619528619528614, 0.5989898989898989, 0.806936026936027], "class": 1}