{"image": "1c3ee10c-07fb-11ef-849f-64d2c4ecd148.jpg", "bboxes": [0.4319865319865317, 0.0, 1.0, 0.7136026936026936], "class": 1}