{"image": "1c3ee10c-07fb-11ef-849f-64d2c4ecd148.jpg", "bboxes": [0.4786531986531984, 0.17306397306397306, 0.9977777777777778, 0.9138047138047138], "class": 1}