{"image": "1c3ee10c-07fb-11ef-849f-64d2c4ecd148.jpg", "bboxes": [0.36531986531986504, 0.3952861952861953, 0.9545454545454545, 1.0], "class": 1}