{"image": "1c3ee10c-07fb-11ef-849f-64d2c4ecd148.jpg", "bboxes": [0.46767676767676775, 0.2728619528619528, 1.0, 1.0], "class": 1}