{"image": "1c3ee10c-07fb-11ef-849f-64d2c4ecd148.jpg", "bboxes": [0.0, 0.008417508417508324, 0.3924579124579127, 0.7491582491582491], "class": 1}