{"image": "1c3ee10c-07fb-11ef-849f-64d2c4ecd148.jpg", "bboxes": [0.0, 0.08861952861952861, 0.3369023569023572, 0.8293602693602694], "class": 1}