{"image": "1c3ee10c-07fb-11ef-849f-64d2c4ecd148.jpg", "bboxes": [0.0, 0.15306397306397307, 0.005656565656565582, 0.8938047138047139], "class": 1}