{"image": "1c3ee10c-07fb-11ef-849f-64d2c4ecd148.jpg", "bboxes": [0.2942087542087539, 0.21973063973063972, 0.8834343434343433, 0.9604713804713806], "class": 1}