{"image": "1c3ee10c-07fb-11ef-849f-64d2c4ecd148.jpg", "bboxes": [0.19656565656565667, 0.17508417508417495, 0.785791245791246, 0.9158249158249159], "class": 1}