{"image": "1c3ee10c-07fb-11ef-849f-64d2c4ecd148.jpg", "bboxes": [0.5032323232323234, 0.19973063973063973, 0.9977777777777778, 0.9404713804713806], "class": 1}