{"image": "1c3ee10c-07fb-11ef-849f-64d2c4ecd148.jpg", "bboxes": [0.725319865319865, 0.48195286195286197, 1.0, 1.0], "class": 1}