{"image": "1c3ee10c-07fb-11ef-849f-64d2c4ecd148.jpg", "bboxes": [0.4942087542087539, 0.14195286195286194, 0.9977777777777778, 0.8826936026936028], "class": 1}