{"image": "1c3ee10c-07fb-11ef-849f-64d2c4ecd148.jpg", "bboxes": [0.07865319865319831, 0.0375084175084175, 0.6678787878787877, 0.7782491582491583], "class": 1}