{"image": "1c3ee10c-07fb-11ef-849f-64d2c4ecd148.jpg", "bboxes": [0.0, 0.09306397306397306, 0.0256565656565656, 0.8338047138047139], "class": 1}