{"image": "1c3ee10c-07fb-11ef-849f-64d2c4ecd148.jpg", "bboxes": [0.1919865319865317, 0.15528619528619528, 0.7812121212121211, 0.8960269360269361], "class": 1}