{"image": "1c3ee10c-07fb-11ef-849f-64d2c4ecd148.jpg", "bboxes": [0.7010101010101011, 0.1686195286195286, 0.9977777777777778, 0.9093602693602695], "class": 1}