{"image": "1c3ee10c-07fb-11ef-849f-64d2c4ecd148.jpg", "bboxes": [0.0022222222222222365, 0.07286195286195274, 0.47232323232323226, 0.8136026936026937], "class": 1}