{"image": "1c3ee10c-07fb-11ef-849f-64d2c4ecd148.jpg", "bboxes": [0.0, 0.1063973063973064, 0.4880134680134683, 0.8471380471380472], "class": 1}