{"image": "1c3ee10c-07fb-11ef-849f-64d2c4ecd148.jpg", "bboxes": [0.07198653198653171, 0.0022222222222222365, 0.6612121212121211, 0.5869360269360269], "class": 1}