{"image": "1c3ee10c-07fb-11ef-849f-64d2c4ecd148.jpg", "bboxes": [0.7765656565656567, 0.07084175084175083, 1.0, 0.8115824915824916], "class": 1}