{"image": "1c3ee10c-07fb-11ef-849f-64d2c4ecd148.jpg", "bboxes": [0.6488888888888888, 0.15407407407407409, 0.9977777777777778, 0.904915824915825], "class": 1}