{"image": "1c3ee10c-07fb-11ef-849f-64d2c4ecd148.jpg", "bboxes": [0.0, 0.5152861952861952, 0.2478787878787878, 1.0], "class": 1}