{"image": "1c3ee10c-07fb-11ef-849f-64d2c4ecd148.jpg", "bboxes": [0.4387878787878789, 0.15063973063973057, 1.0, 0.8913804713804714], "class": 1}