{"image": "1c3ee10c-07fb-11ef-849f-64d2c4ecd148.jpg", "bboxes": [0.0, 0.255084175084175, 0.1280134680134683, 0.9958249158249158], "class": 1}