{"image": "1c3ee10c-07fb-11ef-849f-64d2c4ecd148.jpg", "bboxes": [0.4608754208754205, 0.14397306397306386, 0.9977777777777778, 0.8847138047138047], "class": 1}