{"image": "1c3ee10c-07fb-11ef-849f-64d2c4ecd148.jpg", "bboxes": [0.0, 0.16175084175084165, 0.17023569023569052, 0.9024915824915825], "class": 1}