{"image": "1c3ee10c-07fb-11ef-849f-64d2c4ecd148.jpg", "bboxes": [0.12309764309764282, 0.11084175084175084, 0.7123232323232322, 0.8515824915824917], "class": 1}