{"image": "1c3ee10c-07fb-11ef-849f-64d2c4ecd148.jpg", "bboxes": [0.8586531986531983, 0.026195286195286105, 1.0, 0.7669360269360269], "class": 1}