{"image": "1c3ee10c-07fb-11ef-849f-64d2c4ecd148.jpg", "bboxes": [0.18767676767676778, 0.0, 0.7769023569023572, 0.7115824915824916], "class": 1}