{"image": "1c3ee10c-07fb-11ef-849f-64d2c4ecd148.jpg", "bboxes": [0.9165656565656567, 0.5086195286195286, 0.9977777777777778, 0.9977777777777778], "class": 1}