{"image": "1c3ee10c-07fb-11ef-849f-64d2c4ecd148.jpg", "bboxes": [0.56989898989899, 0.12619528619528608, 0.9977777777777778, 0.8669360269360269], "class": 1}