{"image": "1c3ee10c-07fb-11ef-849f-64d2c4ecd148.jpg", "bboxes": [0.0, 0.5175084175084175, 0.574680134680135, 1.0], "class": 1}