{"image": "1c3ee10c-07fb-11ef-849f-64d2c4ecd148.jpg", "bboxes": [0.9008754208754206, 0.043973063973063886, 0.9977777777777778, 0.7847138047138047], "class": 1}