{"image": "1c9598c6-07fb-11ef-849f-64d2c4ecd148.jpg", "bboxes": [0.006195286195286087, 0.0, 0.6088888888888888, 0.45784511784511783], "class": 1}