{"image": "1c9598c6-07fb-11ef-849f-64d2c4ecd148.jpg", "bboxes": [0.0, 0.10942760942760943, 0.0360269360269361, 0.84006734006734], "class": 1}