{"image": "1c9598c6-07fb-11ef-849f-64d2c4ecd148.jpg", "bboxes": [0.875084175084175, 0.2421548821548822, 1.0, 0.9727946127946128], "class": 1}