{"image": "1c9598c6-07fb-11ef-849f-64d2c4ecd148.jpg", "bboxes": [0.2644444444444446, 0.009427609427609451, 0.8671380471380472, 0.74006734006734], "class": 1}