{"image": "1c9598c6-07fb-11ef-849f-64d2c4ecd148.jpg", "bboxes": [0.8817508417508417, 0.17387205387205384, 1.0, 0.9045117845117845], "class": 1}