{"image": "1c9598c6-07fb-11ef-849f-64d2c4ecd148.jpg", "bboxes": [0.9528619528619527, 0.27548821548821556, 0.9977777777777778, 0.9977777777777778], "class": 1}