{"image": "1c9598c6-07fb-11ef-849f-64d2c4ecd148.jpg", "bboxes": [0.0, 0.05164983164983161, 0.37380471380471386, 0.7822895622895623], "class": 1}