{"image": "1c9598c6-07fb-11ef-849f-64d2c4ecd148.jpg", "bboxes": [0.5422222222222224, 0.11993265993265999, 0.9977777777777778, 0.8505723905723905], "class": 1}