{"image": "1c9598c6-07fb-11ef-849f-64d2c4ecd148.jpg", "bboxes": [0.0022222222222222365, 0.24720538720538723, 0.3644444444444443, 0.9778451178451177], "class": 1}