{"image": "1c9598c6-07fb-11ef-849f-64d2c4ecd148.jpg", "bboxes": [0.7355555555555556, 0.23831649831649837, 0.9977777777777778, 0.9689562289562289], "class": 1}