{"image": "1c9598c6-07fb-11ef-849f-64d2c4ecd148.jpg", "bboxes": [0.0, 0.264983164983165, 0.026666666666666505, 0.9956228956228955], "class": 1}