{"image": "1c9598c6-07fb-11ef-849f-64d2c4ecd148.jpg", "bboxes": [0.0, 0.03609427609427607, 0.4755555555555554, 0.7667340067340067], "class": 1}