{"image": "1c9598c6-07fb-11ef-849f-64d2c4ecd148.jpg", "bboxes": [0.30619528619528613, 0.0022222222222222365, 0.9088888888888887, 0.6289562289562289], "class": 1}