{"image": "1c9598c6-07fb-11ef-849f-64d2c4ecd148.jpg", "bboxes": [0.11063973063973054, 0.25993265993266, 0.7133333333333332, 0.9905723905723905], "class": 1}