{"image": "1c9598c6-07fb-11ef-849f-64d2c4ecd148.jpg", "bboxes": [0.0, 0.47993265993266, 0.32269360269360275, 0.9977777777777778], "class": 1}