{"image": "1c9598c6-07fb-11ef-849f-64d2c4ecd148.jpg", "bboxes": [0.5573063973063972, 0.17609427609427608, 0.9977777777777778, 0.9067340067340067], "class": 1}