{"image": "1c9598c6-07fb-11ef-849f-64d2c4ecd148.jpg", "bboxes": [0.6795286195286194, 0.11164983164983167, 1.0, 0.8422895622895622], "class": 1}