{"image": "1c9598c6-07fb-11ef-849f-64d2c4ecd148.jpg", "bboxes": [0.0022222222222222365, 0.12659932659932666, 0.5066666666666666, 0.8572390572390572], "class": 1}