{"image": "1c9598c6-07fb-11ef-849f-64d2c4ecd148.jpg", "bboxes": [0.8313131313131317, 0.0022222222222222365, 0.9977777777777778, 0.6435690235690236], "class": 1}