{"image": "1c9598c6-07fb-11ef-849f-64d2c4ecd148.jpg", "bboxes": [0.9061952861952861, 0.2488215488215489, 0.9977777777777778, 0.9794612794612795], "class": 1}