{"image": "1c9598c6-07fb-11ef-849f-64d2c4ecd148.jpg", "bboxes": [0.49063973063973054, 0.0, 1.0, 0.4956228956228955], "class": 1}