{"image": "1c9598c6-07fb-11ef-849f-64d2c4ecd148.jpg", "bboxes": [0.0022222222222222365, 0.48659932659932664, 0.3288888888888888, 0.9977777777777778], "class": 1}