{"image": "1c9598c6-07fb-11ef-849f-64d2c4ecd148.jpg", "bboxes": [0.8484175084175083, 0.0, 1.0, 0.6067340067340067], "class": 1}