{"image": "1c9598c6-07fb-11ef-849f-64d2c4ecd148.jpg", "bboxes": [0.215084175084175, 0.23164983164983166, 0.8177777777777777, 0.9622895622895622], "class": 1}