{"image": "1c9598c6-07fb-11ef-849f-64d2c4ecd148.jpg", "bboxes": [0.2106397306397305, 0.03609427609427607, 0.8133333333333332, 0.7667340067340067], "class": 1}