{"image": "1c9598c6-07fb-11ef-849f-64d2c4ecd148.jpg", "bboxes": [0.348888888888889, 0.12498316498316497, 0.9515824915824916, 0.8556228956228955], "class": 1}