{"image": "1c9598c6-07fb-11ef-849f-64d2c4ecd148.jpg", "bboxes": [0.0022222222222222365, 0.24942760942760944, 0.37777777777777766, 0.98006734006734], "class": 1}