{"image": "1c9598c6-07fb-11ef-849f-64d2c4ecd148.jpg", "bboxes": [0.2617508417508416, 0.55993265993266, 0.8644444444444443, 1.0], "class": 1}