{"image": "1c9598c6-07fb-11ef-849f-64d2c4ecd148.jpg", "bboxes": [0.8728619528619528, 0.1205387205387205, 1.0, 0.8511784511784511], "class": 1}