{"image": "1c9598c6-07fb-11ef-849f-64d2c4ecd148.jpg", "bboxes": [0.0, 0.09326599326599333, 0.19999999999999984, 0.8239057239057239], "class": 1}