{"image": "1c9598c6-07fb-11ef-849f-64d2c4ecd148.jpg", "bboxes": [0.9395286195286194, 0.5288215488215489, 1.0, 1.0], "class": 1}