{"image": "1c9598c6-07fb-11ef-849f-64d2c4ecd148.jpg", "bboxes": [0.0, 0.08276094276094281, 0.4444444444444443, 0.8134006734006733], "class": 1}