{"image": "1c9598c6-07fb-11ef-849f-64d2c4ecd148.jpg", "bboxes": [0.0, 0.018316498316498283, 0.5960269360269361, 0.7489562289562288], "class": 1}