{"image": "1c9598c6-07fb-11ef-849f-64d2c4ecd148.jpg", "bboxes": [0.0, 0.13993265993266, 0.184915824915825, 0.8705723905723906], "class": 1}