{"image": "1c9598c6-07fb-11ef-849f-64d2c4ecd148.jpg", "bboxes": [0.41111111111111126, 0.49548821548821553, 1.0, 1.0], "class": 1}