{"image": "1c9598c6-07fb-11ef-849f-64d2c4ecd148.jpg", "bboxes": [0.5955555555555557, 0.20437710437710443, 0.9977777777777778, 0.935016835016835], "class": 1}