{"image": "1c9598c6-07fb-11ef-849f-64d2c4ecd148.jpg", "bboxes": [0.3066666666666668, 0.10215488215488222, 0.9093602693602695, 0.8327946127946128], "class": 1}