{"image": "1c9598c6-07fb-11ef-849f-64d2c4ecd148.jpg", "bboxes": [0.9306397306397306, 0.01771043771043777, 0.9977777777777778, 0.7483501683501683], "class": 1}