{"image": "1c9598c6-07fb-11ef-849f-64d2c4ecd148.jpg", "bboxes": [0.0, 0.4110437710437711, 0.12047138047138055, 0.9977777777777778], "class": 1}