{"image": "1c9598c6-07fb-11ef-849f-64d2c4ecd148.jpg", "bboxes": [0.7950841750841751, 0.18437710437710444, 1.0, 0.915016835016835], "class": 1}