{"image": "1c9598c6-07fb-11ef-849f-64d2c4ecd148.jpg", "bboxes": [0.24841750841750831, 0.11104377104377111, 0.8511111111111109, 0.8416835016835017], "class": 1}