{"image": "1c9598c6-07fb-11ef-849f-64d2c4ecd148.jpg", "bboxes": [0.0, 0.2983164983164983, 0.36444444444444435, 1.0], "class": 1}