{"image": "1c9598c6-07fb-11ef-849f-64d2c4ecd148.jpg", "bboxes": [0.15333333333333346, 0.48437710437710446, 0.7560269360269362, 0.9977777777777778], "class": 1}