{"image": "1c9598c6-07fb-11ef-849f-64d2c4ecd148.jpg", "bboxes": [0.0022222222222222365, 0.4621548821548822, 0.5733333333333333, 0.9977777777777778], "class": 1}