{"image": "1c9598c6-07fb-11ef-849f-64d2c4ecd148.jpg", "bboxes": [0.8461952861952862, 0.10437710437710444, 0.9977777777777778, 0.835016835016835], "class": 1}