{"image": "1c9598c6-07fb-11ef-849f-64d2c4ecd148.jpg", "bboxes": [0.9600000000000001, 0.057710437710437774, 1.0, 0.7883501683501684], "class": 1}