{"image": "1c9598c6-07fb-11ef-849f-64d2c4ecd148.jpg", "bboxes": [0.0, 0.018316498316498286, 0.22444444444444434, 0.7489562289562288], "class": 1}