{"image": "1c9598c6-07fb-11ef-849f-64d2c4ecd148.jpg", "bboxes": [0.30175084175084166, 0.5688215488215489, 0.9044444444444443, 1.0], "class": 1}