{"image": "1c9598c6-07fb-11ef-849f-64d2c4ecd148.jpg", "bboxes": [0.8622222222222223, 0.0022222222222222365, 0.9977777777777778, 0.6889562289562289], "class": 1}