{"image": "1c9598c6-07fb-11ef-849f-64d2c4ecd148.jpg", "bboxes": [0.02397306397306387, 0.3777104377104378, 0.6266666666666666, 0.9977777777777778], "class": 1}