{"image": "1c9598c6-07fb-11ef-849f-64d2c4ecd148.jpg", "bboxes": [0.02397306397306387, 0.044983164983165014, 0.6266666666666666, 0.7756228956228955], "class": 1}