{"image": "1c9598c6-07fb-11ef-849f-64d2c4ecd148.jpg", "bboxes": [0.2177777777777779, 0.5421548821548822, 0.8204713804713806, 0.9977777777777778], "class": 1}