{"image": "1c9598c6-07fb-11ef-849f-64d2c4ecd148.jpg", "bboxes": [0.7365656565656566, 0.37643097643097645, 0.9977777777777778, 0.9977777777777778], "class": 1}