{"image": "1c9598c6-07fb-11ef-849f-64d2c4ecd148.jpg", "bboxes": [0.7884175084175084, 0.25548821548821554, 0.9977777777777778, 0.9861279461279461], "class": 1}