{"image": "1c9598c6-07fb-11ef-849f-64d2c4ecd148.jpg", "bboxes": [0.6577777777777779, 0.0, 1.0, 0.5156228956228955], "class": 1}