{"image": "1c9598c6-07fb-11ef-849f-64d2c4ecd148.jpg", "bboxes": [0.1395286195286195, 0.0022222222222222365, 0.7422222222222221, 0.62006734006734], "class": 1}