{"image": "1c9598c6-07fb-11ef-849f-64d2c4ecd148.jpg", "bboxes": [0.1528619528619528, 0.0022222222222222365, 0.7555555555555554, 0.5489562289562289], "class": 1}