{"image": "1cebd42a-07fb-11ef-849f-64d2c4ecd148.jpg", "bboxes": [0.3031649831649833, 0.3247811447811448, 0.8856565656565656, 1.0], "class": 1}