{"image": "1cebd42a-07fb-11ef-849f-64d2c4ecd148.jpg", "bboxes": [0.6343434343434344, 0.27811447811447815, 1.0, 1.0], "class": 1}