{"image": "1cebd42a-07fb-11ef-849f-64d2c4ecd148.jpg", "bboxes": [0.2543434343434344, 0.06848484848484859, 0.8368350168350167, 0.852996632996633], "class": 1}