{"image": "1cebd42a-07fb-11ef-849f-64d2c4ecd148.jpg", "bboxes": [0.06538720538720555, 0.4758922558922559, 0.6478787878787876, 0.9977777777777778], "class": 1}