{"image": "1cebd42a-07fb-11ef-849f-64d2c4ecd148.jpg", "bboxes": [0.0, 0.2514478114478115, 0.5745454545454545, 1.0], "class": 1}