{"image": "1cebd42a-07fb-11ef-849f-64d2c4ecd148.jpg", "bboxes": [0.3720538720538722, 0.37367003367003365, 0.9545454545454545, 0.9977777777777778], "class": 1}