{"image": "1cebd42a-07fb-11ef-849f-64d2c4ecd148.jpg", "bboxes": [0.0, 0.07959595959595966, 0.3212794612794611, 0.864107744107744], "class": 1}