{"image": "1cebd42a-07fb-11ef-849f-64d2c4ecd148.jpg", "bboxes": [0.0022222222222222365, 0.3447811447811448, 0.5412121212121211, 0.9977777777777778], "class": 1}