{"image": "1cebd42a-07fb-11ef-849f-64d2c4ecd148.jpg", "bboxes": [0.001010101010101102, 0.18404040404040412, 0.5835016835016833, 0.9685521885521885], "class": 1}