{"image": "1cebd42a-07fb-11ef-849f-64d2c4ecd148.jpg", "bboxes": [0.3121212121212122, 0.4425589225589226, 0.8946127946127944, 1.0], "class": 1}