{"image": "1cebd42a-07fb-11ef-849f-64d2c4ecd148.jpg", "bboxes": [0.0022222222222222365, 0.15292929292929303, 0.21454545454545448, 0.9374410774410774], "class": 1}