{"image": "1cebd42a-07fb-11ef-849f-64d2c4ecd148.jpg", "bboxes": [0.558720538720539, 0.0, 1.0, 0.5707744107744108], "class": 1}