{"image": "1cebd42a-07fb-11ef-849f-64d2c4ecd148.jpg", "bboxes": [0.9743434343434344, 0.09144781144781146, 1.0, 0.8759595959595958], "class": 1}