{"image": "1cebd42a-07fb-11ef-849f-64d2c4ecd148.jpg", "bboxes": [0.7564983164983167, 0.427003367003367, 1.0, 1.0], "class": 1}