{"image": "1cebd42a-07fb-11ef-849f-64d2c4ecd148.jpg", "bboxes": [0.1632323232323233, 0.0022222222222222365, 0.7457239057239056, 0.5418855218855219], "class": 1}