{"image": "1cebd42a-07fb-11ef-849f-64d2c4ecd148.jpg", "bboxes": [0.9387878787878788, 0.0751515151515153, 0.9977777777777778, 0.8596632996632997], "class": 1}