{"image": "1cebd42a-07fb-11ef-849f-64d2c4ecd148.jpg", "bboxes": [0.7165656565656566, 0.1640404040404042, 0.9977777777777778, 0.9485521885521886], "class": 1}