{"image": "1cebd42a-07fb-11ef-849f-64d2c4ecd148.jpg", "bboxes": [0.0022222222222222365, 0.22404040404040415, 0.2967676767676767, 0.9977777777777778], "class": 1}