{"image": "1cebd42a-07fb-11ef-849f-64d2c4ecd148.jpg", "bboxes": [0.9654545454545456, 0.19070707070707082, 0.9977777777777778, 0.9752188552188551], "class": 1}