{"image": "1cebd42a-07fb-11ef-849f-64d2c4ecd148.jpg", "bboxes": [0.5231649831649834, 0.1358922558922559, 1.0, 0.9204040404040403], "class": 1}