{"image": "1cebd42a-07fb-11ef-849f-64d2c4ecd148.jpg", "bboxes": [0.8053872053872055, 0.049225589225589235, 1.0, 0.8337373737373737], "class": 1}