{"image": "1cebd42a-07fb-11ef-849f-64d2c4ecd148.jpg", "bboxes": [0.16094276094276105, 0.0022222222222222365, 0.7434343434343433, 0.7218855218855218], "class": 1}