{"image": "1cebd42a-07fb-11ef-849f-64d2c4ecd148.jpg", "bboxes": [0.0, 0.06255892255892256, 0.21898989898989885, 0.847070707070707], "class": 1}