{"image": "1cebd42a-07fb-11ef-849f-64d2c4ecd148.jpg", "bboxes": [0.0022222222222222365, 0.09367003367003368, 0.16121212121212114, 0.8781818181818181], "class": 1}