{"image": "1cebd42a-07fb-11ef-849f-64d2c4ecd148.jpg", "bboxes": [0.15205387205387222, 0.0022222222222222365, 0.7345454545454545, 0.7018855218855219], "class": 1}