{"image": "1cebd42a-07fb-11ef-849f-64d2c4ecd148.jpg", "bboxes": [0.30989898989899, 0.1951515151515153, 0.8923905723905723, 0.9796632996632997], "class": 1}