{"image": "1cebd42a-07fb-11ef-849f-64d2c4ecd148.jpg", "bboxes": [0.9743434343434344, 0.0358922558922559, 0.9977777777777778, 0.8204040404040402], "class": 1}