{"image": "1cebd42a-07fb-11ef-849f-64d2c4ecd148.jpg", "bboxes": [0.014343434343434436, 0.44033670033670036, 0.5968350168350167, 0.9977777777777778], "class": 1}