{"image": "1cebd42a-07fb-11ef-849f-64d2c4ecd148.jpg", "bboxes": [0.07649831649831662, 0.22255892255892257, 0.6589898989898989, 1.0], "class": 1}