{"image": "1cebd42a-07fb-11ef-849f-64d2c4ecd148.jpg", "bboxes": [0.9032323232323233, 0.44033670033670036, 1.0, 1.0], "class": 1}