{"image": "1cebd42a-07fb-11ef-849f-64d2c4ecd148.jpg", "bboxes": [0.3987205387205389, 0.4247811447811448, 0.9812121212121211, 1.0], "class": 1}