{"image": "1cebd42a-07fb-11ef-849f-64d2c4ecd148.jpg", "bboxes": [0.12767676767676778, 0.21515151515151532, 0.71016835016835, 0.9996632996632997], "class": 1}