{"image": "1cebd42a-07fb-11ef-849f-64d2c4ecd148.jpg", "bboxes": [0.18989898989898998, 0.3958922558922559, 0.7723905723905722, 0.9977777777777778], "class": 1}