{"image": "1cebd42a-07fb-11ef-849f-64d2c4ecd148.jpg", "bboxes": [0.8987205387205389, 0.3558922558922559, 0.9977777777777778, 0.9977777777777778], "class": 1}