{"image": "1cebd42a-07fb-11ef-849f-64d2c4ecd148.jpg", "bboxes": [0.08545454545454555, 0.0, 0.6679461279461278, 0.7018855218855219], "class": 1}