{"image": "1cebd42a-07fb-11ef-849f-64d2c4ecd148.jpg", "bboxes": [0.0, 0.11589225589225591, 0.30787878787878775, 0.9004040404040403], "class": 1}