{"image": "1cebd42a-07fb-11ef-849f-64d2c4ecd148.jpg", "bboxes": [0.11212121212121222, 0.16255892255892257, 0.6946127946127945, 0.947070707070707], "class": 1}