{"image": "1cebd42a-07fb-11ef-849f-64d2c4ecd148.jpg", "bboxes": [0.50983164983165, 0.1847811447811448, 0.9977777777777778, 0.9692929292929292], "class": 1}