{"image": "1cebd42a-07fb-11ef-849f-64d2c4ecd148.jpg", "bboxes": [0.0, 0.10922558922558924, 0.53010101010101, 0.8937373737373736], "class": 1}