{"image": "1cebd42a-07fb-11ef-849f-64d2c4ecd148.jpg", "bboxes": [0.0, 0.1973737373737375, 0.14127946127946112, 0.9818855218855219], "class": 1}