{"image": "1cebd42a-07fb-11ef-849f-64d2c4ecd148.jpg", "bboxes": [0.04323232323232332, 0.02478114478114479, 0.6257239057239056, 0.8092929292929292], "class": 1}