{"image": "1cebd42a-07fb-11ef-849f-64d2c4ecd148.jpg", "bboxes": [0.6942760942760944, 0.13959595959595972, 1.0, 0.9241077441077441], "class": 1}