{"image": "1cebd42a-07fb-11ef-849f-64d2c4ecd148.jpg", "bboxes": [0.26760942760942774, 0.39811447811447814, 0.85010101010101, 1.0], "class": 1}