{"image": "1cebd42a-07fb-11ef-849f-64d2c4ecd148.jpg", "bboxes": [0.0022222222222222365, 0.24848484848484864, 0.5789898989898989, 0.9977777777777778], "class": 1}