{"image": "1cebd42a-07fb-11ef-849f-64d2c4ecd148.jpg", "bboxes": [0.0, 0.0, 0.5279461279461278, 0.698181818181818], "class": 1}