{"image": "1cebd42a-07fb-11ef-849f-64d2c4ecd148.jpg", "bboxes": [0.98983164983165, 0.2736700336700337, 1.0, 1.0], "class": 1}