{"image": "1cebd42a-07fb-11ef-849f-64d2c4ecd148.jpg", "bboxes": [0.0, 0.05144781144781146, 0.03683501683501668, 0.8359595959595958], "class": 1}