{"image": "1cebd42a-07fb-11ef-849f-64d2c4ecd148.jpg", "bboxes": [0.9654545454545456, 0.09367003367003368, 1.0, 0.8781818181818181], "class": 1}