{"image": "1cebd42a-07fb-11ef-849f-64d2c4ecd148.jpg", "bboxes": [0.7387205387205389, 0.2358922558922559, 1.0, 1.0], "class": 1}