{"image": "1cebd42a-07fb-11ef-849f-64d2c4ecd148.jpg", "bboxes": [0.6009427609427611, 0.27515151515151526, 0.9977777777777778, 0.9977777777777778], "class": 1}