{"image": "1cebd42a-07fb-11ef-849f-64d2c4ecd148.jpg", "bboxes": [0.0, 0.36033670033670034, 0.0012794612794611263, 1.0], "class": 1}