{"image": "1cebd42a-07fb-11ef-849f-64d2c4ecd148.jpg", "bboxes": [0.9010101010101011, 0.0, 1.0, 0.512996632996633], "class": 1}