{"image": "1cebd42a-07fb-11ef-849f-64d2c4ecd148.jpg", "bboxes": [0.0, 0.0040404040404041774, 0.5012794612794611, 0.7885521885521886], "class": 1}