{"image": "1cebd42a-07fb-11ef-849f-64d2c4ecd148.jpg", "bboxes": [0.13656565656565667, 0.0, 0.719057239057239, 0.6174410774410775], "class": 1}