{"image": "1d42cd48-07fb-11ef-849f-64d2c4ecd148.jpg", "bboxes": [0.37872053872053874, 0.4701683501683502, 0.9679461279461278, 0.9977777777777778], "class": 1}