{"image": "1d42cd48-07fb-11ef-849f-64d2c4ecd148.jpg", "bboxes": [0.8031649831649832, 0.2663299663299664, 0.9977777777777778, 0.9977777777777778], "class": 1}