{"image": "1d42cd48-07fb-11ef-849f-64d2c4ecd148.jpg", "bboxes": [0.2853872053872054, 0.0, 0.8746127946127945, 0.6853872053872054], "class": 1}