{"image": "1d42cd48-07fb-11ef-849f-64d2c4ecd148.jpg", "bboxes": [0.0, 0.30632996632996634, 0.3168350168350167, 0.9977777777777778], "class": 1}