{"image": "1d42cd48-07fb-11ef-849f-64d2c4ecd148.jpg", "bboxes": [0.952053872053872, 0.0, 1.0, 0.6631649831649831], "class": 1}