{"image": "1d42cd48-07fb-11ef-849f-64d2c4ecd148.jpg", "bboxes": [0.9387205387205387, 0.14855218855218866, 1.0, 0.9431649831649831], "class": 1}