{"image": "1d42cd48-07fb-11ef-849f-64d2c4ecd148.jpg", "bboxes": [0.0, 0.0, 0.5612794612794613, 0.5898316498316498], "class": 1}