{"image": "1d42cd48-07fb-11ef-849f-64d2c4ecd148.jpg", "bboxes": [0.8431649831649833, 0.0, 1.0, 0.718114478114478], "class": 1}