{"image": "1d42cd48-07fb-11ef-849f-64d2c4ecd148.jpg", "bboxes": [0.5142760942760943, 0.0, 0.9977777777777778, 0.7381144781144781], "class": 1}