{"image": "1d42cd48-07fb-11ef-849f-64d2c4ecd148.jpg", "bboxes": [0.5120538720538721, 0.032996632996633024, 0.9977777777777778, 0.8276094276094275], "class": 1}