{"image": "1d42cd48-07fb-11ef-849f-64d2c4ecd148.jpg", "bboxes": [0.4053872053872054, 0.1390572390572391, 0.9946127946127945, 0.9336700336700336], "class": 1}