{"image": "1d42cd48-07fb-11ef-849f-64d2c4ecd148.jpg", "bboxes": [0.6587878787878789, 0.4356902356902356, 0.9977777777777778, 0.9977777777777778], "class": 1}