{"image": "1d42cd48-07fb-11ef-849f-64d2c4ecd148.jpg", "bboxes": [0.37872053872053874, 0.19744107744107753, 0.9679461279461278, 0.992053872053872], "class": 1}