{"image": "1d42cd48-07fb-11ef-849f-64d2c4ecd148.jpg", "bboxes": [0.700942760942761, 0.17905723905723908, 0.9977777777777778, 0.9736700336700336], "class": 1}