{"image": "1d42cd48-07fb-11ef-849f-64d2c4ecd148.jpg", "bboxes": [0.5431649831649832, 0.0, 1.0, 0.7625589225589225], "class": 1}