{"image": "1d42cd48-07fb-11ef-849f-64d2c4ecd148.jpg", "bboxes": [0.45872053872053875, 0.44350168350168356, 1.0, 1.0], "class": 1}