{"image": "1d42cd48-07fb-11ef-849f-64d2c4ecd148.jpg", "bboxes": [0.21205387205387208, 0.0022222222222222365, 0.8012794612794611, 0.6498316498316499], "class": 1}