{"image": "1d42cd48-07fb-11ef-849f-64d2c4ecd148.jpg", "bboxes": [0.0, 0.0022222222222222365, 0.35239057239057225, 0.6742760942760943], "class": 1}