{"image": "1d42cd48-07fb-11ef-849f-64d2c4ecd148.jpg", "bboxes": [0.027609427609427636, 0.0, 0.6168350168350167, 0.7031649831649831], "class": 1}