{"image": "1d42cd48-07fb-11ef-849f-64d2c4ecd148.jpg", "bboxes": [0.8453872053872055, 0.24350168350168352, 0.9977777777777778, 0.9977777777777778], "class": 1}