{"image": "1d42cd48-07fb-11ef-849f-64d2c4ecd148.jpg", "bboxes": [0.007609427609427636, 0.2641077441077442, 0.5968350168350167, 0.9977777777777778], "class": 1}