{"image": "1d42cd48-07fb-11ef-849f-64d2c4ecd148.jpg", "bboxes": [0.21649831649831652, 0.0374410774410775, 0.8057239057239056, 0.832053872053872], "class": 1}