{"image": "1d42cd48-07fb-11ef-849f-64d2c4ecd148.jpg", "bboxes": [0.0, 0.17683501683501687, 0.09016835016835012, 0.9714478114478114], "class": 1}