{"image": "1d42cd48-07fb-11ef-849f-64d2c4ecd148.jpg", "bboxes": [0.0, 0.11521885521885522, 0.034612794612794456, 0.9098316498316498], "class": 1}