{"image": "1d42cd48-07fb-11ef-849f-64d2c4ecd148.jpg", "bboxes": [0.5453872053872054, 0.14188552188552195, 1.0, 0.9364983164983165], "class": 1}