{"image": "1d42cd48-07fb-11ef-849f-64d2c4ecd148.jpg", "bboxes": [0.5553535353535355, 0.02457912457912452, 0.9977777777777778, 0.8023569023569023], "class": 1}