{"image": "1d42cd48-07fb-11ef-849f-64d2c4ecd148.jpg", "bboxes": [0.0, 0.26855218855218865, 0.07461279461279446, 1.0], "class": 1}