{"image": "1d42cd48-07fb-11ef-849f-64d2c4ecd148.jpg", "bboxes": [0.0, 0.29966329966329974, 0.11461279461279446, 0.9977777777777778], "class": 1}