{"image": "1d42cd48-07fb-11ef-849f-64d2c4ecd148.jpg", "bboxes": [0.3120538720538721, 0.0022222222222222365, 0.9012794612794611, 0.6609427609427609], "class": 1}