{"image": "1d42cd48-07fb-11ef-849f-64d2c4ecd148.jpg", "bboxes": [0.0, 0.08632996632996637, 0.44572390572390574, 0.8809427609427609], "class": 1}