{"image": "1d42cd48-07fb-11ef-849f-64d2c4ecd148.jpg", "bboxes": [0.09872053872053875, 0.0, 0.6879461279461278, 0.7564983164983164], "class": 1}