{"image": "1d42cd48-07fb-11ef-849f-64d2c4ecd148.jpg", "bboxes": [0.5431649831649832, 0.2841077441077442, 1.0, 1.0], "class": 1}