{"image": "1d42cd48-07fb-11ef-849f-64d2c4ecd148.jpg", "bboxes": [0.0, 0.2812794612794613, 0.2790572390572389, 0.9977777777777778], "class": 1}