{"image": "1d42cd48-07fb-11ef-849f-64d2c4ecd148.jpg", "bboxes": [0.4920538720538721, 0.38127946127946133, 1.0, 1.0], "class": 1}