{"image": "1d42cd48-07fb-11ef-849f-64d2c4ecd148.jpg", "bboxes": [0.9142760942760945, 0.010168350168350205, 1.0, 0.8047811447811447], "class": 1}