{"image": "1d42cd48-07fb-11ef-849f-64d2c4ecd148.jpg", "bboxes": [0.0, 0.4701683501683502, 0.23683501683501684, 1.0], "class": 1}