{"image": "1d42cd48-07fb-11ef-849f-64d2c4ecd148.jpg", "bboxes": [0.14094276094276115, 0.0022222222222222365, 0.7301683501683501, 0.6564983164983165], "class": 1}