{"image": "1d42cd48-07fb-11ef-849f-64d2c4ecd148.jpg", "bboxes": [0.24094276094276096, 0.0022222222222222365, 0.83016835016835, 0.7498316498316497], "class": 1}