{"image": "1d42cd48-07fb-11ef-849f-64d2c4ecd148.jpg", "bboxes": [0.8164983164983166, 0.0, 1.0, 0.700942760942761], "class": 1}