{"image": "1d42cd48-07fb-11ef-849f-64d2c4ecd148.jpg", "bboxes": [0.43649831649831655, 0.0022222222222222365, 0.9977777777777778, 0.7431649831649831], "class": 1}