{"image": "1d42cd48-07fb-11ef-849f-64d2c4ecd148.jpg", "bboxes": [0.0022222222222222365, 0.44572390572390574, 0.5723905723905723, 0.9977777777777778], "class": 1}