{"image": "1d42cd48-07fb-11ef-849f-64d2c4ecd148.jpg", "bboxes": [0.15427609427609446, 0.4212794612794613, 0.7435016835016834, 1.0], "class": 1}