{"image": "1d42cd48-07fb-11ef-849f-64d2c4ecd148.jpg", "bboxes": [0.2209427609427611, 0.3657239057239058, 0.8101683501683501, 0.9977777777777778], "class": 1}