{"image": "1d42cd48-07fb-11ef-849f-64d2c4ecd148.jpg", "bboxes": [0.0, 0.019057239057239092, 0.2612794612794611, 0.8136700336700337], "class": 1}