{"image": "1d42cd48-07fb-11ef-849f-64d2c4ecd148.jpg", "bboxes": [0.6476094276094277, 0.23744107744107745, 1.0, 1.0], "class": 1}