{"image": "1d42cd48-07fb-11ef-849f-64d2c4ecd148.jpg", "bboxes": [0.24760942760942772, 0.15521885521885526, 0.8368350168350168, 0.9498316498316498], "class": 1}