{"image": "1d42cd48-07fb-11ef-849f-64d2c4ecd148.jpg", "bboxes": [0.1387205387205389, 0.3612794612794613, 0.7279461279461279, 0.9977777777777778], "class": 1}