{"image": "1d42cd48-07fb-11ef-849f-64d2c4ecd148.jpg", "bboxes": [0.7420202020202022, 0.08680134680134674, 0.9977777777777778, 0.8645791245791244], "class": 1}