{"image": "1d42cd48-07fb-11ef-849f-64d2c4ecd148.jpg", "bboxes": [0.0022222222222222365, 0.09791245791245785, 0.021212121212121127, 0.8756902356902355], "class": 1}