{"image": "1d42cd48-07fb-11ef-849f-64d2c4ecd148.jpg", "bboxes": [0.5942760942760943, 0.0, 1.0, 0.6276094276094275], "class": 1}