{"image": "1d42cd48-07fb-11ef-849f-64d2c4ecd148.jpg", "bboxes": [0.35649831649831654, 0.4812794612794613, 0.9457239057239055, 1.0], "class": 1}