{"image": "1d42cd48-07fb-11ef-849f-64d2c4ecd148.jpg", "bboxes": [0.5187205387205387, 0.38572390572390575, 0.9977777777777778, 0.9977777777777778], "class": 1}