{"image": "1d42cd48-07fb-11ef-849f-64d2c4ecd148.jpg", "bboxes": [0.9542760942760943, 0.06632996632996635, 1.0, 0.8609427609427609], "class": 1}