{"image": "1d42cd48-07fb-11ef-849f-64d2c4ecd148.jpg", "bboxes": [0.0, 0.04350168350168354, 0.17683501683501668, 0.838114478114478], "class": 1}