{"image": "1d42cd48-07fb-11ef-849f-64d2c4ecd148.jpg", "bboxes": [0.0, 0.29791245791245785, 0.41131313131313113, 0.9977777777777778], "class": 1}