{"image": "1d42cd48-07fb-11ef-849f-64d2c4ecd148.jpg", "bboxes": [0.6720538720538722, 0.3235016835016835, 0.9977777777777778, 0.9977777777777778], "class": 1}