{"image": "1d42cd48-07fb-11ef-849f-64d2c4ecd148.jpg", "bboxes": [0.0, 0.07966329966329977, 0.36350168350168344, 0.8742760942760942], "class": 1}