{"image": "1d42cd48-07fb-11ef-849f-64d2c4ecd148.jpg", "bboxes": [0.0022222222222222365, 0.07521885521885531, 0.14350168350168346, 0.8698316498316498], "class": 1}