{"image": "1d42cd48-07fb-11ef-849f-64d2c4ecd148.jpg", "bboxes": [0.09872053872053875, 0.10188552188552191, 0.6879461279461278, 0.8964983164983165], "class": 1}