{"image": "1d42cd48-07fb-11ef-849f-64d2c4ecd148.jpg", "bboxes": [0.0, 0.21239057239057244, 0.4701683501683501, 1.0], "class": 1}