{"image": "1d42cd48-07fb-11ef-849f-64d2c4ecd148.jpg", "bboxes": [0.29205387205387223, 0.4390572390572391, 0.8812794612794612, 0.9977777777777778], "class": 1}