{"image": "1d42cd48-07fb-11ef-849f-64d2c4ecd148.jpg", "bboxes": [0.05434343434343444, 0.3265319865319867, 0.64020202020202, 0.9977777777777778], "class": 1}