{"image": "1d42cd48-07fb-11ef-849f-64d2c4ecd148.jpg", "bboxes": [0.25649831649831667, 0.2768350168350169, 0.8457239057239057, 1.0], "class": 1}