{"image": "1df0b49e-07fb-11ef-849f-64d2c4ecd148.jpg", "bboxes": [0.0, 0.24296296296296305, 0.22356902356902386, 1.0], "class": 1}