{"image": "1df0b49e-07fb-11ef-849f-64d2c4ecd148.jpg", "bboxes": [0.8764983164983166, 0.2718518518518519, 1.0, 1.0], "class": 1}