{"image": "1df0b49e-07fb-11ef-849f-64d2c4ecd148.jpg", "bboxes": [0.9476094276094277, 0.0, 1.0, 0.7259259259259259], "class": 1}