{"image": "1df0b49e-07fb-11ef-849f-64d2c4ecd148.jpg", "bboxes": [0.5675420875420872, 0.0, 1.0, 0.7437037037037036], "class": 1}