{"image": "1df0b49e-07fb-11ef-849f-64d2c4ecd148.jpg", "bboxes": [0.345319865319865, 0.24740740740740752, 0.9412794612794613, 1.0], "class": 1}