{"image": "1df0b49e-07fb-11ef-849f-64d2c4ecd148.jpg", "bboxes": [0.5986531986531984, 0.06518518518518523, 1.0, 0.8597979797979798], "class": 1}