{"image": "1df0b49e-07fb-11ef-849f-64d2c4ecd148.jpg", "bboxes": [0.7342760942760943, 0.18242424242424243, 0.9977777777777778, 0.9770370370370369], "class": 1}