{"image": "1df0b49e-07fb-11ef-849f-64d2c4ecd148.jpg", "bboxes": [0.0, 0.36464646464646466, 0.021346801346801638, 0.9977777777777778], "class": 1}