{"image": "1df0b49e-07fb-11ef-849f-64d2c4ecd148.jpg", "bboxes": [0.5808754208754205, 0.09185185185185196, 0.9977777777777778, 0.8864646464646464], "class": 1}