{"image": "1df0b49e-07fb-11ef-849f-64d2c4ecd148.jpg", "bboxes": [0.3875420875420873, 0.29407407407407415, 0.9835016835016834, 1.0], "class": 1}