{"image": "1df0b49e-07fb-11ef-849f-64d2c4ecd148.jpg", "bboxes": [0.6387205387205388, 0.0, 1.0, 0.6175757575757576], "class": 1}