{"image": "1df0b49e-07fb-11ef-849f-64d2c4ecd148.jpg", "bboxes": [0.2786531986531984, 0.2602020202020202, 0.8746127946127946, 0.9977777777777778], "class": 1}