{"image": "1df0b49e-07fb-11ef-849f-64d2c4ecd148.jpg", "bboxes": [0.0022222222222222365, 0.1385185185185186, 0.20794612794612788, 0.9331313131313131], "class": 1}