{"image": "1df0b49e-07fb-11ef-849f-64d2c4ecd148.jpg", "bboxes": [0.6142087542087541, 0.0022222222222222365, 0.9977777777777778, 0.6309090909090909], "class": 1}