{"image": "1df0b49e-07fb-11ef-849f-64d2c4ecd148.jpg", "bboxes": [0.0, 0.44242424242424244, 0.0769023569023572, 0.9977777777777778], "class": 1}