{"image": "1df0b49e-07fb-11ef-849f-64d2c4ecd148.jpg", "bboxes": [0.8720538720538721, 0.15575757575757576, 1.0, 0.9503703703703703], "class": 1}