{"image": "1df0b49e-07fb-11ef-849f-64d2c4ecd148.jpg", "bboxes": [0.07865319865319831, 0.0022222222222222365, 0.6746127946127947, 0.7842424242424242], "class": 1}