{"image": "1df0b49e-07fb-11ef-849f-64d2c4ecd148.jpg", "bboxes": [0.48094276094276095, 0.317979797979798, 1.0, 1.0], "class": 1}