{"image": "1df0b49e-07fb-11ef-849f-64d2c4ecd148.jpg", "bboxes": [0.0, 0.18464646464646464, 0.4991245791245794, 0.9792592592592592], "class": 1}