{"image": "1df0b49e-07fb-11ef-849f-64d2c4ecd148.jpg", "bboxes": [0.11198653198653175, 0.047407407407407454, 0.7079461279461279, 0.842020202020202], "class": 1}