{"image": "1df0b49e-07fb-11ef-849f-64d2c4ecd148.jpg", "bboxes": [0.4386531986531984, 0.24686868686868688, 0.9977777777777778, 0.9977777777777778], "class": 1}