{"image": "1df0b49e-07fb-11ef-849f-64d2c4ecd148.jpg", "bboxes": [0.0, 0.25353535353535356, 0.30579124579124606, 0.9977777777777778], "class": 1}