{"image": "1df0b49e-07fb-11ef-849f-64d2c4ecd148.jpg", "bboxes": [0.0, 0.4290909090909091, 0.474680134680135, 1.0], "class": 1}