{"image": "1df0b49e-07fb-11ef-849f-64d2c4ecd148.jpg", "bboxes": [0.0, 0.23131313131313133, 0.3080134680134683, 0.9977777777777778], "class": 1}