{"image": "1df0b49e-07fb-11ef-849f-64d2c4ecd148.jpg", "bboxes": [0.9698316498316498, 0.4313131313131313, 0.9977777777777778, 0.9977777777777778], "class": 1}