{"image": "1df0b49e-07fb-11ef-849f-64d2c4ecd148.jpg", "bboxes": [0.00976430976430942, 0.12296296296296305, 0.6057239057239057, 0.9175757575757576], "class": 1}