{"image": "1df0b49e-07fb-11ef-849f-64d2c4ecd148.jpg", "bboxes": [0.15643097643097614, 0.26740740740740754, 0.7523905723905724, 0.9977777777777778], "class": 1}