{"image": "1df0b49e-07fb-11ef-849f-64d2c4ecd148.jpg", "bboxes": [0.3386531986531983, 0.202962962962963, 0.9346127946127946, 0.9975757575757576], "class": 1}