{"image": "1df0b49e-07fb-11ef-849f-64d2c4ecd148.jpg", "bboxes": [0.7430976430976428, 0.35353535353535354, 1.0, 1.0], "class": 1}