{"image": "1df0b49e-07fb-11ef-849f-64d2c4ecd148.jpg", "bboxes": [0.7986531986531984, 0.058518518518518636, 1.0, 0.8531313131313132], "class": 1}