{"image": "1df0b49e-07fb-11ef-849f-64d2c4ecd148.jpg", "bboxes": [0.0022222222222222365, 0.04242424242424243, 0.036835016835016776, 0.8370370370370369], "class": 1}