{"image": "1df0b49e-07fb-11ef-849f-64d2c4ecd148.jpg", "bboxes": [0.09198653198653173, 0.0022222222222222365, 0.687946127946128, 0.5931313131313132], "class": 1}