{"image": "1df0b49e-07fb-11ef-849f-64d2c4ecd148.jpg", "bboxes": [0.0, 0.23851851851851857, 0.40801346801346833, 1.0], "class": 1}