{"image": "1df0b49e-07fb-11ef-849f-64d2c4ecd148.jpg", "bboxes": [0.3498316498316499, 0.35353535353535354, 0.9457912457912461, 1.0], "class": 1}