{"image": "1df0b49e-07fb-11ef-849f-64d2c4ecd148.jpg", "bboxes": [0.0022222222222222365, 0.14464646464646466, 0.5923905723905724, 0.9392592592592591], "class": 1}