{"image": "1df0b49e-07fb-11ef-849f-64d2c4ecd148.jpg", "bboxes": [0.0, 0.4224242424242424, 0.28356902356902386, 1.0], "class": 1}