{"image": "1df0b49e-07fb-11ef-849f-64d2c4ecd148.jpg", "bboxes": [0.038720538720538746, 0.2202020202020202, 0.634680134680135, 1.0], "class": 1}