{"image": "1df0b49e-07fb-11ef-849f-64d2c4ecd148.jpg", "bboxes": [0.10538720538720542, 0.2918518518518519, 0.7013468013468016, 0.9977777777777778], "class": 1}