{"image": "1df0b49e-07fb-11ef-849f-64d2c4ecd148.jpg", "bboxes": [0.0, 0.19575757575757577, 0.19245791245791274, 0.9903703703703702], "class": 1}