{"image": "1df0b49e-07fb-11ef-849f-64d2c4ecd148.jpg", "bboxes": [0.0022222222222222365, 0.43797979797979797, 0.45239057239057234, 0.9977777777777778], "class": 1}