{"image": "1df0b49e-07fb-11ef-849f-64d2c4ecd148.jpg", "bboxes": [0.0, 0.1490909090909091, 0.3657239057239057, 0.9437037037037036], "class": 1}