{"image": "1df0b49e-07fb-11ef-849f-64d2c4ecd148.jpg", "bboxes": [0.0022222222222222365, 0.19185185185185194, 0.16350168350168348, 0.9864646464646465], "class": 1}