{"image": "1df0b49e-07fb-11ef-849f-64d2c4ecd148.jpg", "bboxes": [0.5053872053872054, 0.11353535353535354, 1.0, 0.908148148148148], "class": 1}