{"image": "1df0b49e-07fb-11ef-849f-64d2c4ecd148.jpg", "bboxes": [0.0, 0.006868686868686875, 0.3791245791245794, 0.8014814814814814], "class": 1}