{"image": "1df0b49e-07fb-11ef-849f-64d2c4ecd148.jpg", "bboxes": [0.3675420875420873, 0.3090909090909091, 0.9635016835016835, 1.0], "class": 1}