{"image": "1df0b49e-07fb-11ef-849f-64d2c4ecd148.jpg", "bboxes": [0.6453198653198651, 0.24518518518518528, 1.0, 1.0], "class": 1}