{"image": "1df0b49e-07fb-11ef-849f-64d2c4ecd148.jpg", "bboxes": [0.0, 0.17575757575757575, 0.2680134680134683, 0.9703703703703703], "class": 1}