{"image": "1df0b49e-07fb-11ef-849f-64d2c4ecd148.jpg", "bboxes": [0.0022222222222222365, 0.03353535353535354, 0.1723905723905723, 0.8281481481481481], "class": 1}