{"image": "1df0b49e-07fb-11ef-849f-64d2c4ecd148.jpg", "bboxes": [0.1031649831649832, 0.029090909090909098, 0.6991245791245794, 0.8237037037037036], "class": 1}