{"image": "1df0b49e-07fb-11ef-849f-64d2c4ecd148.jpg", "bboxes": [0.06087542087542064, 0.0, 0.6568350168350168, 0.6264646464646464], "class": 1}