{"image": "1e9cf1a0-07fb-11ef-849f-64d2c4ecd148.jpg", "bboxes": [0.7431649831649834, 0.1912457912457912, 0.9977777777777778, 0.9656565656565655], "class": 1}