{"image": "1ef330a6-07fb-11ef-849f-64d2c4ecd148.jpg", "bboxes": [0.8575757575757578, 0.0802020202020202, 1.0, 0.8916498316498317], "class": 1}