{"image": "1ef330a6-07fb-11ef-849f-64d2c4ecd148.jpg", "bboxes": [0.8286868686868689, 0.0022222222222222365, 0.9977777777777778, 0.7753535353535355], "class": 1}