{"image": "1ef330a6-07fb-11ef-849f-64d2c4ecd148.jpg", "bboxes": [0.8131313131313134, 0.15575757575757576, 1.0, 0.9672053872053872], "class": 1}