{"image": "1ef330a6-07fb-11ef-849f-64d2c4ecd148.jpg", "bboxes": [0.0022222222222222365, 0.11501683501683502, 0.37084175084175075, 0.9264646464646464], "class": 1}