{"image": "1ef330a6-07fb-11ef-849f-64d2c4ecd148.jpg", "bboxes": [0.43138047138047153, 0.1394612794612794, 1.0, 0.9509090909090909], "class": 1}