{"image": "1ef330a6-07fb-11ef-849f-64d2c4ecd148.jpg", "bboxes": [0.5553535353535355, 0.14835016835016834, 1.0, 0.9597979797979798], "class": 1}