{"image": "1ef330a6-07fb-11ef-849f-64d2c4ecd148.jpg", "bboxes": [0.0, 0.0, 0.24909090909090892, 0.7472053872053872], "class": 1}