{"image": "1ef330a6-07fb-11ef-849f-64d2c4ecd148.jpg", "bboxes": [0.0, 0.16612794612794612, 0.10686868686868668, 0.9775757575757575], "class": 1}