{"image": "1ef330a6-07fb-11ef-849f-64d2c4ecd148.jpg", "bboxes": [0.0, 0.024646464646464653, 0.3090909090909089, 0.8360942760942761], "class": 1}