{"image": "1ef330a6-07fb-11ef-849f-64d2c4ecd148.jpg", "bboxes": [0.8580471380471382, 0.2513131313131313, 1.0, 1.0], "class": 1}