{"image": "1ef330a6-07fb-11ef-849f-64d2c4ecd148.jpg", "bboxes": [0.0, 0.015757575757575762, 0.5108417508417507, 0.8272053872053872], "class": 1}