{"image": "1ef330a6-07fb-11ef-849f-64d2c4ecd148.jpg", "bboxes": [0.4420202020202022, 0.26835016835016834, 1.0, 1.0], "class": 1}