{"image": "1ef330a6-07fb-11ef-849f-64d2c4ecd148.jpg", "bboxes": [0.675824915824916, 0.0, 1.0, 0.7338720538720539], "class": 1}