{"image": "1ef330a6-07fb-11ef-849f-64d2c4ecd148.jpg", "bboxes": [0.5375757575757578, 0.0, 1.0, 0.6131313131313132], "class": 1}