{"image": "1ef330a6-07fb-11ef-849f-64d2c4ecd148.jpg", "bboxes": [0.0, 0.0, 0.27528619528619513, 0.5664646464646464], "class": 1}