{"image": "1ef330a6-07fb-11ef-849f-64d2c4ecd148.jpg", "bboxes": [0.3224915824915826, 0.09797979797979799, 0.9824242424242422, 0.9094276094276095], "class": 1}