{"image": "1ef330a6-07fb-11ef-849f-64d2c4ecd148.jpg", "bboxes": [0.3736026936026937, 0.41575757575757577, 0.9977777777777778, 0.9977777777777778], "class": 1}