{"image": "1ef330a6-07fb-11ef-849f-64d2c4ecd148.jpg", "bboxes": [0.695824915824916, 0.14020202020202022, 0.9977777777777778, 0.9516498316498316], "class": 1}