{"image": "1ef330a6-07fb-11ef-849f-64d2c4ecd148.jpg", "bboxes": [0.0, 0.19946127946127945, 0.03353535353535335, 0.9977777777777778], "class": 1}