{"image": "1ef330a6-07fb-11ef-849f-64d2c4ecd148.jpg", "bboxes": [0.0022222222222222365, 0.10020202020202021, 0.14195286195286183, 0.9116498316498317], "class": 1}