{"image": "1ef330a6-07fb-11ef-849f-64d2c4ecd148.jpg", "bboxes": [0.8936026936026937, 0.25575757575757574, 1.0, 1.0], "class": 1}