{"image": "1ef330a6-07fb-11ef-849f-64d2c4ecd148.jpg", "bboxes": [0.9575757575757577, 0.0, 1.0, 0.7353535353535354], "class": 1}