{"image": "1ef330a6-07fb-11ef-849f-64d2c4ecd148.jpg", "bboxes": [0.0, 0.24464646464646464, 0.017979797979797797, 1.0], "class": 1}