{"image": "1ef330a6-07fb-11ef-849f-64d2c4ecd148.jpg", "bboxes": [0.022491582491582625, 0.0022222222222222365, 0.6824242424242423, 0.7442424242424243], "class": 1}