{"image": "1ef330a6-07fb-11ef-849f-64d2c4ecd148.jpg", "bboxes": [0.0, 0.4624242424242424, 0.2757575757575756, 1.0], "class": 1}