{"image": "1ef330a6-07fb-11ef-849f-64d2c4ecd148.jpg", "bboxes": [0.6064646464646466, 0.2402020202020202, 0.9977777777777778, 0.9977777777777778], "class": 1}