{"image": "1ef330a6-07fb-11ef-849f-64d2c4ecd148.jpg", "bboxes": [0.8886868686868689, 0.07353535353535354, 1.0, 0.884983164983165], "class": 1}