{"image": "1ef330a6-07fb-11ef-849f-64d2c4ecd148.jpg", "bboxes": [0.49582491582491595, 0.0, 1.0, 0.7064646464646465], "class": 1}