{"image": "1ef330a6-07fb-11ef-849f-64d2c4ecd148.jpg", "bboxes": [0.3491582491582493, 0.1772390572390572, 0.9977777777777778, 0.9886868686868687], "class": 1}