{"image": "1ef330a6-07fb-11ef-849f-64d2c4ecd148.jpg", "bboxes": [0.0022222222222222365, 0.35353535353535354, 0.5797306397306397, 0.9977777777777778], "class": 1}