{"image": "1ef330a6-07fb-11ef-849f-64d2c4ecd148.jpg", "bboxes": [0.0, 0.09279461279461276, 0.017979797979797797, 0.9042424242424243], "class": 1}