{"image": "1ef330a6-07fb-11ef-849f-64d2c4ecd148.jpg", "bboxes": [0.0022222222222222365, 0.07057239057239051, 0.344175084175084, 0.882020202020202], "class": 1}