{"image": "1ef330a6-07fb-11ef-849f-64d2c4ecd148.jpg", "bboxes": [0.0, 0.396969696969697, 0.07670033670033667, 0.9977777777777778], "class": 1}