{"image": "1ef330a6-07fb-11ef-849f-64d2c4ecd148.jpg", "bboxes": [0.0, 0.057979797979797985, 0.08242424242424225, 0.8694276094276094], "class": 1}