{"image": "1ef330a6-07fb-11ef-849f-64d2c4ecd148.jpg", "bboxes": [0.9180471380471382, 0.14686868686868687, 1.0, 0.9583164983164983], "class": 1}