{"image": "1ef330a6-07fb-11ef-849f-64d2c4ecd148.jpg", "bboxes": [0.13090909090909109, 0.337979797979798, 0.7908417508417507, 1.0], "class": 1}