{"image": "1ef330a6-07fb-11ef-849f-64d2c4ecd148.jpg", "bboxes": [0.0022222222222222365, 0.297979797979798, 0.17973063973063963, 0.9977777777777778], "class": 1}