{"image": "1ef330a6-07fb-11ef-849f-64d2c4ecd148.jpg", "bboxes": [0.7664646464646466, 0.24686868686868688, 1.0, 1.0], "class": 1}