{"image": "1ef330a6-07fb-11ef-849f-64d2c4ecd148.jpg", "bboxes": [0.29582491582491593, 0.0022222222222222365, 0.9557575757575756, 0.6709090909090908], "class": 1}