{"image": "1ef330a6-07fb-11ef-849f-64d2c4ecd148.jpg", "bboxes": [0.0, 0.3846464646464646, 0.6552861952861951, 1.0], "class": 1}