{"image": "1ef330a6-07fb-11ef-849f-64d2c4ecd148.jpg", "bboxes": [0.17313131313131336, 0.095016835016835, 0.833063973063973, 0.9064646464646464], "class": 1}