{"image": "1ef330a6-07fb-11ef-849f-64d2c4ecd148.jpg", "bboxes": [0.3491582491582493, 0.2216835016835017, 1.0, 1.0], "class": 1}