{"image": "1ef330a6-07fb-11ef-849f-64d2c4ecd148.jpg", "bboxes": [0.28693602693602704, 0.0022222222222222365, 0.9468686868686866, 0.7353535353535354], "class": 1}