{"image": "1ef330a6-07fb-11ef-849f-64d2c4ecd148.jpg", "bboxes": [0.0, 0.10464646464646465, 0.34242424242424224, 0.9160942760942761], "class": 1}