{"image": "1ef330a6-07fb-11ef-849f-64d2c4ecd148.jpg", "bboxes": [0.26868686868686886, 0.41353535353535353, 0.9286195286195285, 1.0], "class": 1}