{"image": "1f4a3efa-07fb-11ef-849f-64d2c4ecd148.jpg", "bboxes": [0.0, 0.21932659932659937, 0.5004713804713805, 0.9977777777777778], "class": 1}