{"image": "1fa077ca-07fb-11ef-849f-64d2c4ecd148.jpg", "bboxes": [0.6038383838383841, 0.0, 1.0, 0.7407407407407407], "class": 1}