{"image": "1fa077ca-07fb-11ef-849f-64d2c4ecd148.jpg", "bboxes": [0.0, 0.025925925925925967, 0.03838383838383819, 0.8205387205387206], "class": 1}