{"image": "1fa077ca-07fb-11ef-849f-64d2c4ecd148.jpg", "bboxes": [0.0, 0.2325252525252525, 0.18821548821548834, 0.9977777777777778], "class": 1}