{"image": "1fa077ca-07fb-11ef-849f-64d2c4ecd148.jpg", "bboxes": [0.673872053872054, 0.0, 1.0, 0.7318518518518518], "class": 1}