{"image": "1fa077ca-07fb-11ef-849f-64d2c4ecd148.jpg", "bboxes": [0.3610774410774414, 0.20363636363636362, 0.9637710437710438, 0.9977777777777778], "class": 1}