{"image": "1fa077ca-07fb-11ef-849f-64d2c4ecd148.jpg", "bboxes": [0.3538720538720539, 0.0, 1.0, 0.7607407407407407], "class": 1}