{"image": "1fa077ca-07fb-11ef-849f-64d2c4ecd148.jpg", "bboxes": [0.22276094276094283, 0.10592592592592597, 0.8961616161616159, 0.9005387205387205], "class": 1}