{"image": "1fa077ca-07fb-11ef-849f-64d2c4ecd148.jpg", "bboxes": [0.8349494949494951, 0.15279461279461282, 1.0, 0.9474074074074074], "class": 1}