{"image": "1fa077ca-07fb-11ef-849f-64d2c4ecd148.jpg", "bboxes": [0.792727272727273, 0.04592592592592597, 0.9977777777777778, 0.8405387205387206], "class": 1}