{"image": "1fa077ca-07fb-11ef-849f-64d2c4ecd148.jpg", "bboxes": [0.263838383838384, 0.26148148148148154, 0.9372390572390572, 1.0], "class": 1}