{"image": "1fa077ca-07fb-11ef-849f-64d2c4ecd148.jpg", "bboxes": [0.0022222222222222365, 0.2081481481481482, 0.42060606060606043, 0.9977777777777778], "class": 1}