{"image": "1fa077ca-07fb-11ef-849f-64d2c4ecd148.jpg", "bboxes": [0.0, 0.4992592592592593, 0.3261279461279461, 0.9977777777777778], "class": 1}