{"image": "1fa077ca-07fb-11ef-849f-64d2c4ecd148.jpg", "bboxes": [0.0, 0.1903703703703704, 0.6416835016835016, 0.984983164983165], "class": 1}