{"image": "1fa077ca-07fb-11ef-849f-64d2c4ecd148.jpg", "bboxes": [0.34498316498316495, 0.09946127946127947, 1.0, 0.894074074074074], "class": 1}