{"image": "1fa077ca-07fb-11ef-849f-64d2c4ecd148.jpg", "bboxes": [0.45717171717171734, 0.12370370370370375, 0.9977777777777778, 0.9183164983164983], "class": 1}