{"image": "1fa077ca-07fb-11ef-849f-64d2c4ecd148.jpg", "bboxes": [0.21164983164983164, 0.30168350168350166, 0.8850505050505049, 0.9977777777777778], "class": 1}