{"image": "1fa077ca-07fb-11ef-849f-64d2c4ecd148.jpg", "bboxes": [0.2149494949494951, 0.09057239057239053, 0.8883501683501683, 0.8851851851851852], "class": 1}