{"image": "1fa077ca-07fb-11ef-849f-64d2c4ecd148.jpg", "bboxes": [0.6816161616161618, 0.1392592592592593, 1.0, 0.9338720538720539], "class": 1}