{"image": "1fa077ca-07fb-11ef-849f-64d2c4ecd148.jpg", "bboxes": [0.41387205387205384, 0.0, 0.9977777777777778, 0.7027609427609428], "class": 1}