{"image": "1fa077ca-07fb-11ef-849f-64d2c4ecd148.jpg", "bboxes": [0.6593939393939395, 0.1461279461279461, 0.9977777777777778, 0.9407407407407407], "class": 1}