{"image": "1fa077ca-07fb-11ef-849f-64d2c4ecd148.jpg", "bboxes": [0.0, 0.15279461279461282, 0.31946127946127945, 0.9474074074074074], "class": 1}