{"image": "1fa077ca-07fb-11ef-849f-64d2c4ecd148.jpg", "bboxes": [0.0, 0.1394612794612794, 0.3816835016835017, 0.9340740740740741], "class": 1}