{"image": "1fa077ca-07fb-11ef-849f-64d2c4ecd148.jpg", "bboxes": [0.924983164983165, 0.10370370370370374, 1.0, 0.8983164983164983], "class": 1}