{"image": "1fa077ca-07fb-11ef-849f-64d2c4ecd148.jpg", "bboxes": [0.5171717171717174, 0.10168350168350171, 1.0, 0.8962962962962963], "class": 1}