{"image": "1fa077ca-07fb-11ef-849f-64d2c4ecd148.jpg", "bboxes": [0.8793939393939396, 0.2216835016835017, 0.9977777777777778, 0.9977777777777778], "class": 1}