{"image": "1fa077ca-07fb-11ef-849f-64d2c4ecd148.jpg", "bboxes": [0.42606060606060625, 0.305925925925926, 1.0, 1.0], "class": 1}