{"image": "1fa077ca-07fb-11ef-849f-64d2c4ecd148.jpg", "bboxes": [0.2216161616161618, 0.0, 0.895016835016835, 0.7227609427609428], "class": 1}