{"image": "1fa077ca-07fb-11ef-849f-64d2c4ecd148.jpg", "bboxes": [0.164983164983165, 0.012592592592592634, 0.8383838383838382, 0.8072053872053873], "class": 1}