{"image": "1fa077ca-07fb-11ef-849f-64d2c4ecd148.jpg", "bboxes": [0.3255218855218858, 0.0022222222222222365, 0.9282154882154883, 0.5496969696969698], "class": 1}