{"image": "1fa077ca-07fb-11ef-849f-64d2c4ecd148.jpg", "bboxes": [0.5338720538720538, 0.1414814814814815, 1.0, 0.9360942760942761], "class": 1}