{"image": "1fa077ca-07fb-11ef-849f-64d2c4ecd148.jpg", "bboxes": [0.5549494949494951, 0.26592592592592595, 1.0, 1.0], "class": 1}