{"image": "1fa077ca-07fb-11ef-849f-64d2c4ecd148.jpg", "bboxes": [0.18828282828282847, 0.0022222222222222365, 0.8616835016835017, 0.7451851851851852], "class": 1}