{"image": "1fa077ca-07fb-11ef-849f-64d2c4ecd148.jpg", "bboxes": [0.0, 0.18370370370370376, 0.3639057239057239, 0.9783164983164984], "class": 1}