{"image": "1fa077ca-07fb-11ef-849f-64d2c4ecd148.jpg", "bboxes": [0.30720538720538726, 0.11703703703703708, 0.9806060606060605, 0.9116498316498317], "class": 1}