{"image": "1fa077ca-07fb-11ef-849f-64d2c4ecd148.jpg", "bboxes": [0.8460606060606062, 0.28168350168350165, 1.0, 1.0], "class": 1}