{"image": "1fa077ca-07fb-11ef-849f-64d2c4ecd148.jpg", "bboxes": [0.163838383838384, 0.4392592592592593, 0.8372390572390572, 1.0], "class": 1}