{"image": "1fa077ca-07fb-11ef-849f-64d2c4ecd148.jpg", "bboxes": [0.0022222222222222365, 0.14390572390572387, 0.2228282828282827, 0.9385185185185185], "class": 1}