{"image": "1fa077ca-07fb-11ef-849f-64d2c4ecd148.jpg", "bboxes": [0.00996632996633025, 0.0022222222222222365, 0.6126599326599328, 0.6941414141414142], "class": 1}