{"image": "1fa077ca-07fb-11ef-849f-64d2c4ecd148.jpg", "bboxes": [0.4327272727272729, 0.055016835016834964, 0.9977777777777778, 0.8496296296296296], "class": 1}