{"image": "1fa077ca-07fb-11ef-849f-64d2c4ecd148.jpg", "bboxes": [0.49050505050505067, 0.20612794612794616, 1.0, 1.0], "class": 1}