{"image": "1fa077ca-07fb-11ef-849f-64d2c4ecd148.jpg", "bboxes": [0.44734006734006726, 0.0, 0.9977777777777778, 0.7638383838383839], "class": 1}