{"image": "1fa077ca-07fb-11ef-849f-64d2c4ecd148.jpg", "bboxes": [0.14383838383838402, 0.0, 0.8172390572390572, 0.7094276094276094], "class": 1}