{"image": "1fa077ca-07fb-11ef-849f-64d2c4ecd148.jpg", "bboxes": [0.028282828282828455, 0.0, 0.7016835016835017, 0.794074074074074], "class": 1}