{"image": "1fa077ca-07fb-11ef-849f-64d2c4ecd148.jpg", "bboxes": [0.4960942760942762, 0.0022222222222222365, 0.9977777777777778, 0.502962962962963], "class": 1}