{"image": "1fa077ca-07fb-11ef-849f-64d2c4ecd148.jpg", "bboxes": [0.0, 0.0014814814814815237, 0.07057239057239055, 0.7960942760942761], "class": 1}