{"image": "1fa077ca-07fb-11ef-849f-64d2c4ecd148.jpg", "bboxes": [0.4627609427609428, 0.15723905723905718, 0.9977777777777778, 0.9518518518518518], "class": 1}