{"image": "1fa077ca-07fb-11ef-849f-64d2c4ecd148.jpg", "bboxes": [0.5427609427609428, 0.4392592592592593, 0.9977777777777778, 0.9977777777777778], "class": 1}