{"image": "1fa077ca-07fb-11ef-849f-64d2c4ecd148.jpg", "bboxes": [0.0022222222222222365, 0.02612794612794611, 0.5361616161616161, 0.8207407407407407], "class": 1}