{"image": "1fa077ca-07fb-11ef-849f-64d2c4ecd148.jpg", "bboxes": [0.6116498316498317, 0.0022222222222222365, 0.9977777777777778, 0.6118518518518518], "class": 1}