{"image": "1fa077ca-07fb-11ef-849f-64d2c4ecd148.jpg", "bboxes": [0.7760942760942761, 0.19946127946127945, 0.9977777777777778, 0.994074074074074], "class": 1}