{"image": "1fa077ca-07fb-11ef-849f-64d2c4ecd148.jpg", "bboxes": [0.7183164983164984, 0.2839057239057239, 1.0, 1.0], "class": 1}