{"image": "1fa077ca-07fb-11ef-849f-64d2c4ecd148.jpg", "bboxes": [0.28289562289562276, 0.05171717171717172, 0.8855892255892253, 0.8496969696969697], "class": 1}