{"image": "1fa077ca-07fb-11ef-849f-64d2c4ecd148.jpg", "bboxes": [0.3472053872053872, 0.0, 1.0, 0.574074074074074], "class": 1}