{"image": "1fa077ca-07fb-11ef-849f-64d2c4ecd148.jpg", "bboxes": [0.8105050505050507, 0.0, 0.9977777777777778, 0.7005387205387206], "class": 1}