{"image": "1fa077ca-07fb-11ef-849f-64d2c4ecd148.jpg", "bboxes": [0.20720538720538717, 0.3970370370370371, 0.8806060606060604, 1.0], "class": 1}