{"image": "1fa077ca-07fb-11ef-849f-64d2c4ecd148.jpg", "bboxes": [0.0, 0.13037037037037041, 0.28835016835016836, 0.924983164983165], "class": 1}