{"image": "1fa077ca-07fb-11ef-849f-64d2c4ecd148.jpg", "bboxes": [0.0, 0.08835016835016829, 0.46835016835016835, 0.882962962962963], "class": 1}