{"image": "1ff71256-07fb-11ef-849f-64d2c4ecd148.jpg", "bboxes": [0.0, 0.3991245791245792, 0.6001346801346803, 1.0], "class": 1}