{"image": "1ff71256-07fb-11ef-849f-64d2c4ecd148.jpg", "bboxes": [0.573198653198653, 0.3346801346801348, 1.0, 1.0], "class": 1}