{"image": "1ff71256-07fb-11ef-849f-64d2c4ecd148.jpg", "bboxes": [0.8554208754208753, 0.1517171717171717, 0.9977777777777778, 0.9564309764309763], "class": 1}