{"image": "1ff71256-07fb-11ef-849f-64d2c4ecd148.jpg", "bboxes": [0.702087542087542, 0.36356902356902365, 1.0, 1.0], "class": 1}