{"image": "1ff71256-07fb-11ef-849f-64d2c4ecd148.jpg", "bboxes": [0.9398653198653197, 0.0, 1.0, 0.7993939393939394], "class": 1}