{"image": "1ff71256-07fb-11ef-849f-64d2c4ecd148.jpg", "bboxes": [0.0, 0.13171717171717168, 0.5956902356902358, 0.9364309764309764], "class": 1}