{"image": "1ff71256-07fb-11ef-849f-64d2c4ecd148.jpg", "bboxes": [0.2531986531986531, 0.0, 0.9030303030303033, 0.6475420875420874], "class": 1}