{"image": "1ff71256-07fb-11ef-849f-64d2c4ecd148.jpg", "bboxes": [0.9354208754208753, 0.0694949494949495, 0.9977777777777778, 0.874208754208754], "class": 1}