{"image": "1ff71256-07fb-11ef-849f-64d2c4ecd148.jpg", "bboxes": [0.0020875420875419576, 0.3902356902356903, 0.6519191919191922, 1.0], "class": 1}