{"image": "1ff71256-07fb-11ef-849f-64d2c4ecd148.jpg", "bboxes": [0.0, 0.3302356902356903, 0.13191919191919219, 0.9977777777777778], "class": 1}