{"image": "1ff71256-07fb-11ef-849f-64d2c4ecd148.jpg", "bboxes": [0.26430976430976416, 0.0022222222222222365, 0.9141414141414144, 0.7008754208754208], "class": 1}