{"image": "1ff71256-07fb-11ef-849f-64d2c4ecd148.jpg", "bboxes": [0.0, 0.05616161616161608, 0.0008080808080810837, 0.8608754208754208], "class": 1}