{"image": "1ff71256-07fb-11ef-849f-64d2c4ecd148.jpg", "bboxes": [0.0, 0.24134680134680145, 0.054141414141414414, 1.0], "class": 1}