{"image": "1ff71256-07fb-11ef-849f-64d2c4ecd148.jpg", "bboxes": [0.31097643097643085, 0.0, 0.9608080808080811, 0.803097643097643], "class": 1}