{"image": "1ff71256-07fb-11ef-849f-64d2c4ecd148.jpg", "bboxes": [0.5725252525252522, 0.3057912457912459, 1.0, 1.0], "class": 1}