{"image": "1ff71256-07fb-11ef-849f-64d2c4ecd148.jpg", "bboxes": [0.0022222222222222365, 0.12505050505050497, 0.5445791245791247, 0.9297643097643097], "class": 1}