{"image": "1ff71256-07fb-11ef-849f-64d2c4ecd148.jpg", "bboxes": [0.6354208754208753, 0.4035690235690237, 0.9977777777777778, 0.9977777777777778], "class": 1}