{"image": "1ff71256-07fb-11ef-849f-64d2c4ecd148.jpg", "bboxes": [0.6591919191919189, 0.008013468013468115, 0.9977777777777778, 0.8127272727272727], "class": 1}