{"image": "1ff71256-07fb-11ef-849f-64d2c4ecd148.jpg", "bboxes": [0.0, 0.16356902356902367, 0.2830303030303033, 0.9682828282828283], "class": 1}