{"image": "1ff71256-07fb-11ef-849f-64d2c4ecd148.jpg", "bboxes": [0.9954208754208753, 0.28134680134680146, 1.0, 1.0], "class": 1}