{"image": "1ff71256-07fb-11ef-849f-64d2c4ecd148.jpg", "bboxes": [0.9954208754208753, 0.06134680134680145, 0.9977777777777778, 0.8660606060606061], "class": 1}