{"image": "1ff71256-07fb-11ef-849f-64d2c4ecd148.jpg", "bboxes": [0.739191919191919, 0.2835690235690237, 0.9977777777777778, 0.9977777777777778], "class": 1}