{"image": "1ff71256-07fb-11ef-849f-64d2c4ecd148.jpg", "bboxes": [0.45474747474747446, 0.0, 1.0, 0.7727272727272728], "class": 1}