{"image": "1ff71256-07fb-11ef-849f-64d2c4ecd148.jpg", "bboxes": [0.7420875420875419, 0.29616161616161607, 0.9977777777777778, 0.9977777777777778], "class": 1}