{"image": "1ff71256-07fb-11ef-849f-64d2c4ecd148.jpg", "bboxes": [0.9480808080808079, 0.38356902356902367, 1.0, 1.0], "class": 1}