{"image": "1ff71256-07fb-11ef-849f-64d2c4ecd148.jpg", "bboxes": [0.0, 0.396902356902357, 0.48457912457912466, 1.0], "class": 1}