{"image": "1ff71256-07fb-11ef-849f-64d2c4ecd148.jpg", "bboxes": [0.40208754208754194, 0.0, 1.0, 0.711986531986532], "class": 1}