{"image": "1ff71256-07fb-11ef-849f-64d2c4ecd148.jpg", "bboxes": [0.0, 0.11616161616161613, 0.5785858585858589, 0.9208754208754207], "class": 1}