{"image": "1ff71256-07fb-11ef-849f-64d2c4ecd148.jpg", "bboxes": [0.28208754208754194, 0.0, 0.9319191919191921, 0.6919865319865319], "class": 1}