{"image": "1ff71256-07fb-11ef-849f-64d2c4ecd148.jpg", "bboxes": [0.0, 0.39245791245791256, 0.003030303030303306, 1.0], "class": 1}