{"image": "1ff71256-07fb-11ef-849f-64d2c4ecd148.jpg", "bboxes": [0.2043097643097642, 0.14727272727272722, 0.8541414141414144, 0.9519865319865319], "class": 1}