{"image": "1ff71256-07fb-11ef-849f-64d2c4ecd148.jpg", "bboxes": [0.9665319865319864, 0.20801346801346812, 1.0, 1.0], "class": 1}