{"image": "1ff71256-07fb-11ef-849f-64d2c4ecd148.jpg", "bboxes": [0.0080808080808078, 0.0, 0.657912457912458, 0.6364309764309763], "class": 1}