{"image": "1ff71256-07fb-11ef-849f-64d2c4ecd148.jpg", "bboxes": [0.6531986531986531, 0.0, 1.0, 0.7386531986531986], "class": 1}