{"image": "1ff71256-07fb-11ef-849f-64d2c4ecd148.jpg", "bboxes": [0.0, 0.19171717171717162, 0.1445791245791247, 0.9964309764309763], "class": 1}