{"image": "1ff71256-07fb-11ef-849f-64d2c4ecd148.jpg", "bboxes": [0.0, 0.3057912457912459, 0.33124579124579134, 1.0], "class": 1}