{"image": "1ff71256-07fb-11ef-849f-64d2c4ecd148.jpg", "bboxes": [0.5243097643097642, 0.14282828282828275, 1.0, 0.9475420875420875], "class": 1}