{"image": "1ff71256-07fb-11ef-849f-64d2c4ecd148.jpg", "bboxes": [0.7998653198653197, 0.2739393939393939, 0.9977777777777778, 0.9977777777777778], "class": 1}