{"image": "1ff71256-07fb-11ef-849f-64d2c4ecd148.jpg", "bboxes": [0.0, 0.27245791245791257, 0.2030303030303033, 1.0], "class": 1}