{"image": "1ff71256-07fb-11ef-849f-64d2c4ecd148.jpg", "bboxes": [0.2614141414141411, 0.17468013468013477, 0.9112457912457914, 0.9793939393939395], "class": 1}