{"image": "1ff71256-07fb-11ef-849f-64d2c4ecd148.jpg", "bboxes": [0.08808080808080776, 0.15690235690235702, 0.7379124579124581, 0.9616161616161617], "class": 1}