{"image": "1ff71256-07fb-11ef-849f-64d2c4ecd148.jpg", "bboxes": [0.8931986531986531, 0.0022222222222222365, 0.9977777777777778, 0.5719865319865318], "class": 1}