{"image": "1ff71256-07fb-11ef-849f-64d2c4ecd148.jpg", "bboxes": [0.38363636363636333, 0.3857912457912459, 1.0, 1.0], "class": 1}