{"image": "1ff71256-07fb-11ef-849f-64d2c4ecd148.jpg", "bboxes": [0.582087542087542, 0.2028282828282828, 0.9977777777777778, 0.9977777777777778], "class": 1}