{"image": "1ff71256-07fb-11ef-849f-64d2c4ecd148.jpg", "bboxes": [0.46141414141414117, 0.2339393939393939, 0.9977777777777778, 0.9977777777777778], "class": 1}