{"image": "1ff71256-07fb-11ef-849f-64d2c4ecd148.jpg", "bboxes": [0.0, 0.4857912457912459, 0.2141414141414144, 1.0], "class": 1}