{"image": "1ff71256-07fb-11ef-849f-64d2c4ecd148.jpg", "bboxes": [0.22430976430976418, 0.31023569023569036, 0.8741414141414144, 1.0], "class": 1}