{"image": "1ff71256-07fb-11ef-849f-64d2c4ecd148.jpg", "bboxes": [0.22875420875420863, 0.016161616161616155, 0.8785858585858589, 0.8208754208754208], "class": 1}