{"image": "1ff71256-07fb-11ef-849f-64d2c4ecd148.jpg", "bboxes": [0.7065319865319865, 0.176902356902357, 1.0, 0.9816161616161616], "class": 1}