{"image": "1ff71256-07fb-11ef-849f-64d2c4ecd148.jpg", "bboxes": [0.0, 0.2457912457912459, 0.20525252525252552, 1.0], "class": 1}