{"image": "204e4e54-07fb-11ef-849f-64d2c4ecd148.jpg", "bboxes": [0.0022222222222222365, 0.19272727272727277, 0.18545454545454554, 0.9873400673400672], "class": 1}