{"image": "204e4e54-07fb-11ef-849f-64d2c4ecd148.jpg", "bboxes": [0.5434343434343434, 0.06377104377104392, 0.9977777777777778, 0.8583838383838384], "class": 1}