{"image": "204e4e54-07fb-11ef-849f-64d2c4ecd148.jpg", "bboxes": [0.0, 0.2015488215488217, 0.4561616161616161, 0.9961616161616161], "class": 1}