{"image": "204e4e54-07fb-11ef-849f-64d2c4ecd148.jpg", "bboxes": [0.8838383838383839, 0.017104377104377178, 1.0, 0.8117171717171716], "class": 1}