{"image": "204e4e54-07fb-11ef-849f-64d2c4ecd148.jpg", "bboxes": [0.34121212121212113, 0.32383838383838387, 0.9472727272727273, 0.9977777777777778], "class": 1}