{"image": "204e4e54-07fb-11ef-849f-64d2c4ecd148.jpg", "bboxes": [0.0, 0.052727272727272775, 0.5094949494949494, 0.8473400673400673], "class": 1}