{"image": "204e4e54-07fb-11ef-849f-64d2c4ecd148.jpg", "bboxes": [0.5705050505050506, 0.0, 1.0, 0.7273400673400673], "class": 1}