{"image": "204e4e54-07fb-11ef-849f-64d2c4ecd148.jpg", "bboxes": [0.0, 0.13488215488215494, 0.07171717171717167, 0.9294949494949495], "class": 1}