{"image": "204e4e54-07fb-11ef-849f-64d2c4ecd148.jpg", "bboxes": [0.7216161616161617, 0.14599326599326612, 0.9977777777777778, 0.9406060606060606], "class": 1}