{"image": "204e4e54-07fb-11ef-849f-64d2c4ecd148.jpg", "bboxes": [0.19676767676767667, 0.13494949494949499, 0.8028282828282828, 0.9295622895622895], "class": 1}