{"image": "204e4e54-07fb-11ef-849f-64d2c4ecd148.jpg", "bboxes": [0.7082828282828284, 0.15939393939393945, 1.0, 0.9540067340067339], "class": 1}