{"image": "204e4e54-07fb-11ef-849f-64d2c4ecd148.jpg", "bboxes": [0.0, 0.29050505050505054, 0.4561616161616161, 0.9977777777777778], "class": 1}