{"image": "204e4e54-07fb-11ef-849f-64d2c4ecd148.jpg", "bboxes": [0.0, 0.3905050505050506, 0.34282828282828276, 0.9977777777777778], "class": 1}