{"image": "204e4e54-07fb-11ef-849f-64d2c4ecd148.jpg", "bboxes": [0.0, 0.16821548821548837, 0.06949494949494944, 0.9628282828282828], "class": 1}