{"image": "204e4e54-07fb-11ef-849f-64d2c4ecd148.jpg", "bboxes": [0.15232323232323222, 0.15272727272727277, 0.7583838383838384, 0.9473400673400673], "class": 1}