{"image": "204e4e54-07fb-11ef-849f-64d2c4ecd148.jpg", "bboxes": [0.35454545454545444, 0.06606060606060611, 0.9606060606060606, 0.8606734006734006], "class": 1}