{"image": "204e4e54-07fb-11ef-849f-64d2c4ecd148.jpg", "bboxes": [0.0, 0.0860606060606061, 0.5606060606060606, 0.8806734006734006], "class": 1}