{"image": "204e4e54-07fb-11ef-849f-64d2c4ecd148.jpg", "bboxes": [0.2789898989898989, 0.4238383838383839, 0.885050505050505, 0.9977777777777778], "class": 1}