{"image": "204e4e54-07fb-11ef-849f-64d2c4ecd148.jpg", "bboxes": [0.023434343434343342, 0.20599326599326606, 0.6294949494949494, 0.9977777777777778], "class": 1}