{"image": "204e4e54-07fb-11ef-849f-64d2c4ecd148.jpg", "bboxes": [0.8016161616161617, 0.2215488215488216, 1.0, 1.0], "class": 1}