{"image": "204e4e54-07fb-11ef-849f-64d2c4ecd148.jpg", "bboxes": [0.6905050505050505, 0.0, 1.0, 0.7784511784511784], "class": 1}