{"image": "204e4e54-07fb-11ef-849f-64d2c4ecd148.jpg", "bboxes": [0.794949494949495, 0.10821548821548832, 0.9977777777777778, 0.9028282828282828], "class": 1}