{"image": "204e4e54-07fb-11ef-849f-64d2c4ecd148.jpg", "bboxes": [0.1638383838383839, 0.22599326599326608, 0.76989898989899, 1.0], "class": 1}