{"image": "204e4e54-07fb-11ef-849f-64d2c4ecd148.jpg", "bboxes": [0.9660606060606061, 0.3771717171717172, 1.0, 1.0], "class": 1}