{"image": "204e4e54-07fb-11ef-849f-64d2c4ecd148.jpg", "bboxes": [0.7701010101010101, 0.12828282828282833, 0.9977777777777778, 0.9228956228956228], "class": 1}