{"image": "204e4e54-07fb-11ef-849f-64d2c4ecd148.jpg", "bboxes": [0.9389898989898989, 0.4127272727272728, 1.0, 1.0], "class": 1}