{"image": "204e4e54-07fb-11ef-849f-64d2c4ecd148.jpg", "bboxes": [0.11494949494949502, 0.18383838383838388, 0.7210101010101011, 0.9784511784511783], "class": 1}