{"image": "204e4e54-07fb-11ef-849f-64d2c4ecd148.jpg", "bboxes": [0.6723232323232322, 0.20404040404040413, 0.9977777777777778, 0.9683501683501683], "class": 1}