{"image": "204e4e54-07fb-11ef-849f-64d2c4ecd148.jpg", "bboxes": [0.35050505050505054, 0.0, 0.9565656565656566, 0.5072727272727272], "class": 1}