{"image": "204e4e54-07fb-11ef-849f-64d2c4ecd148.jpg", "bboxes": [0.0022222222222222365, 0.23710437710437726, 0.34323232323232333, 0.9977777777777778], "class": 1}