{"image": "204e4e54-07fb-11ef-849f-64d2c4ecd148.jpg", "bboxes": [0.0, 0.07272727272727278, 0.09616161616161611, 0.8673400673400672], "class": 1}