{"image": "204e4e54-07fb-11ef-849f-64d2c4ecd148.jpg", "bboxes": [0.51010101010101, 0.0, 1.0, 0.5561616161616161], "class": 1}