{"image": "204e4e54-07fb-11ef-849f-64d2c4ecd148.jpg", "bboxes": [0.074949494949495, 0.0016161616161616621, 0.6810101010101011, 0.7962289562289562], "class": 1}