{"image": "204e4e54-07fb-11ef-849f-64d2c4ecd148.jpg", "bboxes": [0.15494949494949495, 0.3860606060606061, 0.7610101010101011, 1.0], "class": 1}