{"image": "204e4e54-07fb-11ef-849f-64d2c4ecd148.jpg", "bboxes": [0.2393939393939395, 0.074882154882155, 0.8454545454545456, 0.8694949494949494], "class": 1}