{"image": "204e4e54-07fb-11ef-849f-64d2c4ecd148.jpg", "bboxes": [0.5616161616161617, 0.17272727272727278, 0.9977777777777778, 0.9673400673400673], "class": 1}