{"image": "204e4e54-07fb-11ef-849f-64d2c4ecd148.jpg", "bboxes": [0.654949494949495, 0.043771043771043905, 0.9977777777777778, 0.8383838383838383], "class": 1}