{"image": "204e4e54-07fb-11ef-849f-64d2c4ecd148.jpg", "bboxes": [0.8482828282828283, 0.4127272727272728, 0.9977777777777778, 0.9977777777777778], "class": 1}