{"image": "204e4e54-07fb-11ef-849f-64d2c4ecd148.jpg", "bboxes": [0.0022222222222222365, 0.26383838383838387, 0.1010101010101011, 0.9977777777777778], "class": 1}