{"image": "204e4e54-07fb-11ef-849f-64d2c4ecd148.jpg", "bboxes": [0.11717171717171726, 0.234949494949495, 0.7232323232323233, 1.0], "class": 1}