{"image": "204e4e54-07fb-11ef-849f-64d2c4ecd148.jpg", "bboxes": [0.0022222222222222365, 0.23043771043771055, 0.045454545454545525, 0.9977777777777778], "class": 1}