{"image": "204e4e54-07fb-11ef-849f-64d2c4ecd148.jpg", "bboxes": [0.0, 0.1771043771043772, 0.2517171717171717, 0.9717171717171716], "class": 1}