{"image": "204e4e54-07fb-11ef-849f-64d2c4ecd148.jpg", "bboxes": [0.0022222222222222365, 0.14828282828282832, 0.3143434343434345, 0.9428956228956228], "class": 1}