{"image": "204e4e54-07fb-11ef-849f-64d2c4ecd148.jpg", "bboxes": [0.29494949494949496, 0.0, 0.9010101010101011, 0.5717171717171716], "class": 1}