{"image": "204e4e54-07fb-11ef-849f-64d2c4ecd148.jpg", "bboxes": [0.19010101010101002, 0.0, 0.7961616161616161, 0.7784511784511784], "class": 1}