{"image": "20a4741e-07fb-11ef-849f-64d2c4ecd148.jpg", "bboxes": [0.5536026936026938, 0.17393939393939384, 0.9977777777777778, 0.971919191919192], "class": 1}