{"image": "20a4741e-07fb-11ef-849f-64d2c4ecd148.jpg", "bboxes": [0.3604040404040405, 0.44141414141414137, 0.9597306397306395, 0.9977777777777778], "class": 1}