{"image": "29e3631a-07ff-11ef-98a0-64d2c4ecd148.jpg", "bboxes": [0.8820202020202021, 0.0, 0.9977777777777778, 0.9395286195286194], "class": 1}