{"image": "29e3631a-07ff-11ef-98a0-64d2c4ecd148.jpg", "bboxes": [0.44424242424242444, 0.0, 0.9977777777777778, 0.8017508417508417], "class": 1}