{"image": "29e3631a-07ff-11ef-98a0-64d2c4ecd148.jpg", "bboxes": [0.5886868686868689, 0.0, 0.9977777777777778, 0.7528619528619528], "class": 1}