{"image": "29e3631a-07ff-11ef-98a0-64d2c4ecd148.jpg", "bboxes": [0.0, 0.11824915824915826, 0.05353535353535335, 0.9977777777777778], "class": 1}