{"image": "29e3631a-07ff-11ef-98a0-64d2c4ecd148.jpg", "bboxes": [0.4642424242424243, 0.0022222222222222365, 0.9977777777777778, 0.9399326599326598], "class": 1}