{"image": "29e3631a-07ff-11ef-98a0-64d2c4ecd148.jpg", "bboxes": [0.31090909090909113, 0.0, 0.9977777777777778, 0.8795286195286195], "class": 1}