{"image": "29e3631a-07ff-11ef-98a0-64d2c4ecd148.jpg", "bboxes": [0.0022222222222222365, 0.0, 0.6113131313131313, 0.9328619528619528], "class": 1}