{"image": "29e3631a-07ff-11ef-98a0-64d2c4ecd148.jpg", "bboxes": [0.24202020202020225, 0.0, 0.9977777777777778, 0.9977777777777778], "class": 1}