{"image": "29e3631a-07ff-11ef-98a0-64d2c4ecd148.jpg", "bboxes": [0.7731313131313132, 0.26269360269360276, 0.9977777777777778, 0.9977777777777778], "class": 1}