{"image": "29e3631a-07ff-11ef-98a0-64d2c4ecd148.jpg", "bboxes": [0.0022222222222222365, 0.2915824915824916, 0.029090909090909056, 0.9977777777777778], "class": 1}