{"image": "29e3631a-07ff-11ef-98a0-64d2c4ecd148.jpg", "bboxes": [0.0022222222222222365, 0.23602693602693614, 0.48464646464646455, 0.9977777777777778], "class": 1}