{"image": "29e3631a-07ff-11ef-98a0-64d2c4ecd148.jpg", "bboxes": [0.08646464646464652, 0.0, 0.9046464646464645, 0.9084175084175083], "class": 1}