{"image": "29e3631a-07ff-11ef-98a0-64d2c4ecd148.jpg", "bboxes": [0.0022222222222222365, 0.2782491582491583, 0.7135353535353535, 0.9977777777777778], "class": 1}