{"image": "29e3631a-07ff-11ef-98a0-64d2c4ecd148.jpg", "bboxes": [0.0022222222222222365, 0.08228956228956236, 0.04464646464646461, 0.9977777777777778], "class": 1}