{"image": "29e3631a-07ff-11ef-98a0-64d2c4ecd148.jpg", "bboxes": [0.2953535353535356, 0.0, 0.9977777777777778, 0.7950841750841751], "class": 1}