{"image": "29e3631a-07ff-11ef-98a0-64d2c4ecd148.jpg", "bboxes": [0.7153535353535355, 0.2515824915824917, 0.9977777777777778, 0.9977777777777778], "class": 1}