{"image": "2a57d7ae-07ff-11ef-98a0-64d2c4ecd148.jpg", "bboxes": [0.0, 0.0, 0.7354208754208755, 0.7903703703703703], "class": 1}