{"image": "2a57d7ae-07ff-11ef-98a0-64d2c4ecd148.jpg", "bboxes": [0.96989898989899, 0.0022222222222222365, 0.9977777777777778, 0.9469360269360269], "class": 1}