{"image": "2a57d7ae-07ff-11ef-98a0-64d2c4ecd148.jpg", "bboxes": [0.0022222222222222365, 0.0, 0.35898989898989886, 0.7170370370370369], "class": 1}