{"image": "2a57d7ae-07ff-11ef-98a0-64d2c4ecd148.jpg", "bboxes": [0.7556902356902355, 0.22518518518518527, 0.9977777777777778, 0.9977777777777778], "class": 1}