{"image": "2a57d7ae-07ff-11ef-98a0-64d2c4ecd148.jpg", "bboxes": [0.0, 0.05407407407407416, 0.6531986531986533, 0.9977777777777778], "class": 1}