{"image": "2ab3cd98-07ff-11ef-98a0-64d2c4ecd148.jpg", "bboxes": [0.13845117845117846, 0.12552188552188556, 0.9566329966329966, 1.0], "class": 1}