{"image": "2ab3cd98-07ff-11ef-98a0-64d2c4ecd148.jpg", "bboxes": [0.0, 0.0, 0.18154882154882157, 0.8989225589225589], "class": 1}