{"image": "2ab3cd98-07ff-11ef-98a0-64d2c4ecd148.jpg", "bboxes": [0.04336700336700339, 0.021279461279461342, 0.8615488215488215, 1.0], "class": 1}