{"image": "2ab3cd98-07ff-11ef-98a0-64d2c4ecd148.jpg", "bboxes": [0.20734006734006735, 0.21239057239057246, 1.0, 1.0], "class": 1}