{"image": "2ab3cd98-07ff-11ef-98a0-64d2c4ecd148.jpg", "bboxes": [0.12289562289562292, 0.18572390572390585, 0.9410774410774411, 1.0], "class": 1}