{"image": "2ab3cd98-07ff-11ef-98a0-64d2c4ecd148.jpg", "bboxes": [0.0022222222222222365, 0.05441077441077446, 0.1526599326599326, 0.9977777777777778], "class": 1}