{"image": "2ab3cd98-07ff-11ef-98a0-64d2c4ecd148.jpg", "bboxes": [0.07670033670033671, 0.0, 0.8948821548821548, 0.9676094276094275], "class": 1}