{"image": "2ab3cd98-07ff-11ef-98a0-64d2c4ecd148.jpg", "bboxes": [0.05225589225589222, 0.0, 0.8704377104377105, 0.8253872053872053], "class": 1}