{"image": "2ab3cd98-07ff-11ef-98a0-64d2c4ecd148.jpg", "bboxes": [0.8944781144781144, 0.052188552188552235, 1.0, 1.0], "class": 1}