{"image": "2ab3cd98-07ff-11ef-98a0-64d2c4ecd148.jpg", "bboxes": [0.0, 0.1835016835016836, 0.2632996632996633, 0.9977777777777778], "class": 1}