{"image": "2ab3cd98-07ff-11ef-98a0-64d2c4ecd148.jpg", "bboxes": [0.5122558922558922, 0.2523905723905725, 1.0, 1.0], "class": 1}