{"image": "2ab3cd98-07ff-11ef-98a0-64d2c4ecd148.jpg", "bboxes": [0.10067340067340069, 0.15239057239057252, 0.9188552188552189, 1.0], "class": 1}