{"image": "2ab3cd98-07ff-11ef-98a0-64d2c4ecd148.jpg", "bboxes": [0.21845117845117848, 0.25683501683501697, 1.0, 1.0], "class": 1}