{"image": "2ab3cd98-07ff-11ef-98a0-64d2c4ecd148.jpg", "bboxes": [0.0, 0.0, 0.5704377104377104, 0.9411447811447811], "class": 1}