{"image": "2ab3cd98-07ff-11ef-98a0-64d2c4ecd148.jpg", "bboxes": [0.07225589225589224, 0.1457239057239058, 0.8904377104377105, 0.9977777777777778], "class": 1}