{"image": "2ab3cd98-07ff-11ef-98a0-64d2c4ecd148.jpg", "bboxes": [0.0, 0.11663299663299669, 0.801077441077441, 1.0], "class": 1}