{"image": "2ab3cd98-07ff-11ef-98a0-64d2c4ecd148.jpg", "bboxes": [0.0, 0.22350168350168365, 0.1521885521885522, 1.0], "class": 1}