{"image": "2ab3cd98-07ff-11ef-98a0-64d2c4ecd148.jpg", "bboxes": [0.734006734006734, 0.0, 1.0, 0.9098316498316498], "class": 1}