{"image": "2ab3cd98-07ff-11ef-98a0-64d2c4ecd148.jpg", "bboxes": [0.13670033670033666, 0.0, 0.9548821548821549, 0.9009427609427608], "class": 1}