{"image": "2ab3cd98-07ff-11ef-98a0-64d2c4ecd148.jpg", "bboxes": [0.056228956228956246, 0.0, 0.8744107744107744, 0.8476094276094275], "class": 1}