{"image": "2ab3cd98-07ff-11ef-98a0-64d2c4ecd148.jpg", "bboxes": [0.17447811447811445, 0.027946127946128052, 0.9926599326599327, 0.9977777777777778], "class": 1}