{"image": "2ab3cd98-07ff-11ef-98a0-64d2c4ecd148.jpg", "bboxes": [0.09232323232323224, 0.024848484848484786, 0.8768350168350166, 0.9977777777777778], "class": 1}