{"image": "2ab3cd98-07ff-11ef-98a0-64d2c4ecd148.jpg", "bboxes": [0.5633670033670033, 0.05905723905723914, 1.0, 1.0], "class": 1}