{"image": "2ab3cd98-07ff-11ef-98a0-64d2c4ecd148.jpg", "bboxes": [0.5851178451178451, 0.0, 1.0, 0.9767003367003366], "class": 1}