{"image": "2ab3cd98-07ff-11ef-98a0-64d2c4ecd148.jpg", "bboxes": [0.6876094276094278, 0.0022222222222222365, 0.9977777777777778, 0.9144107744107743], "class": 1}