{"image": "2ab3cd98-07ff-11ef-98a0-64d2c4ecd148.jpg", "bboxes": [0.2117845117845118, 0.0022222222222222365, 0.9977777777777778, 0.9033670033670034], "class": 1}