{"image": "2ab3cd98-07ff-11ef-98a0-64d2c4ecd148.jpg", "bboxes": [0.9673400673400674, 0.0, 0.9977777777777778, 0.8964983164983163], "class": 1}