{"image": "2ab3cd98-07ff-11ef-98a0-64d2c4ecd148.jpg", "bboxes": [0.0022222222222222365, 0.0, 0.5015488215488215, 0.763164983164983], "class": 1}