{"image": "2ab3cd98-07ff-11ef-98a0-64d2c4ecd148.jpg", "bboxes": [0.5517845117845118, 0.0, 1.0, 0.9676094276094275], "class": 1}