{"image": "2ab3cd98-07ff-11ef-98a0-64d2c4ecd148.jpg", "bboxes": [0.5695622895622896, 0.0022222222222222365, 0.9977777777777778, 0.9567003367003367], "class": 1}