{"image": "2ab3cd98-07ff-11ef-98a0-64d2c4ecd148.jpg", "bboxes": [0.25003367003367005, 0.0, 0.9977777777777778, 0.763164983164983], "class": 1}