{"image": "2b0e8904-07ff-11ef-98a0-64d2c4ecd148.jpg", "bboxes": [0.0, 0.0, 0.0047811447811449805, 0.9432323232323233], "class": 1}