{"image": "2b0e8904-07ff-11ef-98a0-64d2c4ecd148.jpg", "bboxes": [0.7191245791245793, 0.16121212121212114, 0.9977777777777778, 0.9977777777777778], "class": 1}