{"image": "2b0e8904-07ff-11ef-98a0-64d2c4ecd148.jpg", "bboxes": [0.17744107744107726, 0.0, 0.9653198653198651, 0.82989898989899], "class": 1}