{"image": "2b0e8904-07ff-11ef-98a0-64d2c4ecd148.jpg", "bboxes": [0.1596632996632995, 0.0022222222222222365, 0.9475420875420874, 0.8608754208754208], "class": 1}