{"image": "2b65988e-07ff-11ef-98a0-64d2c4ecd148.jpg", "bboxes": [0.0022222222222222365, 0.0, 0.2076767676767678, 0.9587878787878789], "class": 1}