{"image": "2b65988e-07ff-11ef-98a0-64d2c4ecd148.jpg", "bboxes": [0.0, 0.04053872053872062, 0.34114478114478086, 1.0], "class": 1}