{"image": "2b65988e-07ff-11ef-98a0-64d2c4ecd148.jpg", "bboxes": [0.3655218855218858, 0.03609427609427617, 0.9977777777777778, 0.9977777777777778], "class": 1}