{"image": "2b65988e-07ff-11ef-98a0-64d2c4ecd148.jpg", "bboxes": [0.13218855218855247, 0.0, 0.9470033670033672, 0.9566329966329966], "class": 1}