{"image": "2b65988e-07ff-11ef-98a0-64d2c4ecd148.jpg", "bboxes": [0.0022222222222222365, 0.0, 0.1521212121212122, 0.8343434343434344], "class": 1}