{"image": "2b65988e-07ff-11ef-98a0-64d2c4ecd148.jpg", "bboxes": [0.05077441077441058, 0.0, 0.8655892255892251, 0.7210774410774411], "class": 1}