{"image": "2b65988e-07ff-11ef-98a0-64d2c4ecd148.jpg", "bboxes": [0.0, 0.2789225589225589, 0.4203367003367005, 1.0], "class": 1}