{"image": "2b65988e-07ff-11ef-98a0-64d2c4ecd148.jpg", "bboxes": [0.0, 0.011649831649831728, 0.04922558922558942, 0.9977777777777778], "class": 1}