{"image": "2b65988e-07ff-11ef-98a0-64d2c4ecd148.jpg", "bboxes": [0.5796632996632995, 0.0, 0.9977777777777778, 0.6854545454545455], "class": 1}