{"image": "2b65988e-07ff-11ef-98a0-64d2c4ecd148.jpg", "bboxes": [0.6796632996632994, 0.0, 1.0, 0.9166329966329967], "class": 1}