{"image": "2b65988e-07ff-11ef-98a0-64d2c4ecd148.jpg", "bboxes": [0.02107744107744136, 0.2989225589225589, 0.8358922558922561, 1.0], "class": 1}