{"image": "2b65988e-07ff-11ef-98a0-64d2c4ecd148.jpg", "bboxes": [0.0, 0.0022222222222222365, 0.09367003367003388, 0.9327946127946127], "class": 1}