{"image": "2b65988e-07ff-11ef-98a0-64d2c4ecd148.jpg", "bboxes": [0.8396632996632994, 0.0022222222222222365, 0.9977777777777778, 0.9572390572390571], "class": 1}