{"image": "2b65988e-07ff-11ef-98a0-64d2c4ecd148.jpg", "bboxes": [0.0, 0.0, 0.3233670033670031, 0.78996632996633], "class": 1}