{"image": "2b65988e-07ff-11ef-98a0-64d2c4ecd148.jpg", "bboxes": [0.03966329966329951, 0.17676767676767668, 0.8410101010101011, 0.9977777777777778], "class": 1}