{"image": "2b65988e-07ff-11ef-98a0-64d2c4ecd148.jpg", "bboxes": [0.0, 0.0944781144781145, 0.7981144781144783, 1.0], "class": 1}