{"image": "2b65988e-07ff-11ef-98a0-64d2c4ecd148.jpg", "bboxes": [0.0022222222222222365, 0.2923232323232322, 0.48989898989898994, 0.9977777777777778], "class": 1}