{"image": "2b65988e-07ff-11ef-98a0-64d2c4ecd148.jpg", "bboxes": [0.46343434343434337, 0.0022222222222222365, 0.9977777777777778, 0.9892929292929292], "class": 1}