{"image": "2b65988e-07ff-11ef-98a0-64d2c4ecd148.jpg", "bboxes": [0.05299663299663282, 0.0022222222222222365, 0.8543434343434344, 0.9977777777777778], "class": 1}