{"image": "2b65988e-07ff-11ef-98a0-64d2c4ecd148.jpg", "bboxes": [0.17077441077441058, 0.0, 0.9855892255892253, 0.7521885521885522], "class": 1}