{"image": "2b65988e-07ff-11ef-98a0-64d2c4ecd148.jpg", "bboxes": [0.16329966329966358, 0.0022222222222222365, 0.9781144781144783, 0.9977777777777778], "class": 1}