{"image": "2b65988e-07ff-11ef-98a0-64d2c4ecd148.jpg", "bboxes": [0.9707744107744106, 0.0, 0.9977777777777778, 0.7432996632996633], "class": 1}