{"image": "2b65988e-07ff-11ef-98a0-64d2c4ecd148.jpg", "bboxes": [0.28855218855218834, 0.0, 0.9977777777777778, 0.8210774410774411], "class": 1}