{"image": "2b65988e-07ff-11ef-98a0-64d2c4ecd148.jpg", "bboxes": [0.6885521885521884, 0.056094276094276176, 1.0, 1.0], "class": 1}