{"image": "2b65988e-07ff-11ef-98a0-64d2c4ecd148.jpg", "bboxes": [0.515218855218855, 0.0, 1.0, 0.9527946127946127], "class": 1}