{"image": "2b65988e-07ff-11ef-98a0-64d2c4ecd148.jpg", "bboxes": [0.8188552188552192, 0.0, 1.0, 0.7032996632996633], "class": 1}