{"image": "2b65988e-07ff-11ef-98a0-64d2c4ecd148.jpg", "bboxes": [0.1544107744107747, 0.0, 0.9692255892255894, 1.0], "class": 1}