{"image": "2b65988e-07ff-11ef-98a0-64d2c4ecd148.jpg", "bboxes": [0.7507744107744105, 0.26336700336700336, 0.9977777777777778, 0.9977777777777778], "class": 1}