{"image": "2b65988e-07ff-11ef-98a0-64d2c4ecd148.jpg", "bboxes": [0.14996632996633025, 0.025589225589225606, 0.964781144781145, 1.0], "class": 1}