{"image": "2b65988e-07ff-11ef-98a0-64d2c4ecd148.jpg", "bboxes": [0.9685521885521884, 0.19010101010100997, 0.9977777777777778, 0.9977777777777778], "class": 1}