{"image": "2b65988e-07ff-11ef-98a0-64d2c4ecd148.jpg", "bboxes": [0.6041077441077439, 0.0, 1.0, 0.90996632996633], "class": 1}