{"image": "2b65988e-07ff-11ef-98a0-64d2c4ecd148.jpg", "bboxes": [0.19966329966329943, 0.3545454545454545, 0.9977777777777778, 0.9977777777777778], "class": 1}