{"image": "2b65988e-07ff-11ef-98a0-64d2c4ecd148.jpg", "bboxes": [0.0, 0.0, 0.3558922558922561, 0.8966329966329967], "class": 1}