{"image": "2b65988e-07ff-11ef-98a0-64d2c4ecd148.jpg", "bboxes": [0.19218855218855246, 0.0, 0.9977777777777778, 0.7188552188552189], "class": 1}