{"image": "2b65988e-07ff-11ef-98a0-64d2c4ecd148.jpg", "bboxes": [0.23663299663299692, 0.10336700336700333, 0.9977777777777778, 0.9977777777777778], "class": 1}