{"image": "2b65988e-07ff-11ef-98a0-64d2c4ecd148.jpg", "bboxes": [0.7218855218855217, 0.0, 1.0, 0.8810774410774411], "class": 1}