{"image": "2bbc33ce-07ff-11ef-98a0-64d2c4ecd148.jpg", "bboxes": [0.10087542087542056, 0.0, 0.8988552188552188, 0.9710437710437712], "class": 1}