{"image": "2bbc33ce-07ff-11ef-98a0-64d2c4ecd148.jpg", "bboxes": [0.21225589225589236, 0.0, 0.9977777777777778, 0.6910437710437711], "class": 1}