{"image": "2bbc33ce-07ff-11ef-98a0-64d2c4ecd148.jpg", "bboxes": [0.9897643097643095, 0.34451178451178444, 0.9977777777777778, 0.9977777777777778], "class": 1}