{"image": "2bbc33ce-07ff-11ef-98a0-64d2c4ecd148.jpg", "bboxes": [0.0, 0.19340067340067335, 0.4680134680134683, 0.9977777777777778], "class": 1}