{"image": "2bbc33ce-07ff-11ef-98a0-64d2c4ecd148.jpg", "bboxes": [0.7186531986531983, 0.2156228956228956, 0.9977777777777778, 0.9977777777777778], "class": 1}