{"image": "2bbc33ce-07ff-11ef-98a0-64d2c4ecd148.jpg", "bboxes": [0.0, 0.0022222222222222365, 0.17468013468013496, 0.9762962962962962], "class": 1}