{"image": "2bbc33ce-07ff-11ef-98a0-64d2c4ecd148.jpg", "bboxes": [0.012255892255892352, 0.021481481481481556, 0.8102356902356905, 0.9977777777777778], "class": 1}