{"image": "2bbc33ce-07ff-11ef-98a0-64d2c4ecd148.jpg", "bboxes": [0.11865319865319834, 0.0022222222222222365, 0.9166329966329966, 0.9977777777777778], "class": 1}