{"image": "2bbc33ce-07ff-11ef-98a0-64d2c4ecd148.jpg", "bboxes": [0.47447811447811455, 0.01703703703703711, 0.9977777777777778, 0.9977777777777778], "class": 1}