{"image": "2bbc33ce-07ff-11ef-98a0-64d2c4ecd148.jpg", "bboxes": [0.0, 0.03784511784511779, 0.6169023569023572, 0.9977777777777778], "class": 1}