{"image": "2bbc33ce-07ff-11ef-98a0-64d2c4ecd148.jpg", "bboxes": [0.4967003367003368, 0.0, 0.9977777777777778, 0.8221548821548822], "class": 1}