{"image": "2c1251be-07ff-11ef-98a0-64d2c4ecd148.jpg", "bboxes": [0.0, 0.0, 0.05919191919191942, 0.72996632996633], "class": 1}