{"image": "2c1251be-07ff-11ef-98a0-64d2c4ecd148.jpg", "bboxes": [0.9696969696969695, 0.0022222222222222365, 0.9977777777777778, 0.9977777777777778], "class": 1}