{"image": "2c1251be-07ff-11ef-98a0-64d2c4ecd148.jpg", "bboxes": [0.6178451178451179, 0.33003367003367, 0.9977777777777778, 0.9977777777777778], "class": 1}