{"image": "2c1251be-07ff-11ef-98a0-64d2c4ecd148.jpg", "bboxes": [0.0022222222222222365, 0.07225589225589224, 0.23326599326599318, 0.9977777777777778], "class": 1}