{"image": "2c1251be-07ff-11ef-98a0-64d2c4ecd148.jpg", "bboxes": [0.5763636363636362, 0.32114478114478107, 0.9977777777777778, 0.9977777777777778], "class": 1}