{"image": "31f7221a-1aaf-11ef-bae7-bd5cfcf36af4.jpg", "bboxes": [0.42959810874704496, 0.17380614657210391, 0.866950354609929, 0.74], "class": 2}