{"image": "31f7221a-1aaf-11ef-bae7-bd5cfcf36af4.jpg", "bboxes": [0.16416075650118211, 0.18269503546099286, 0.6015130023640662, 0.7488888888888888], "class": 2}