{"image": "31f7221a-1aaf-11ef-bae7-bd5cfcf36af4.jpg", "bboxes": [0.5162647754137116, 0.24444444444444452, 0.9536170212765956, 0.8106382978723405], "class": 2}