{"image": "31f7221a-1aaf-11ef-bae7-bd5cfcf36af4.jpg", "bboxes": [0.4584869976359338, 0.2933333333333334, 0.8958392434988179, 0.8595271867612294], "class": 2}