{"image": "31f7221a-1aaf-11ef-bae7-bd5cfcf36af4.jpg", "bboxes": [0.0022222222222222365, 0.29777777777777786, 0.3548463356973996, 0.8639716312056738], "class": 2}