{"image": "31f7221a-1aaf-11ef-bae7-bd5cfcf36af4.jpg", "bboxes": [0.0619385342789599, 0.18936170212765946, 0.4992907801418439, 0.7555555555555555], "class": 2}