{"image": "31f7221a-1aaf-11ef-bae7-bd5cfcf36af4.jpg", "bboxes": [0.028605200945626574, 0.12713947990543728, 0.4659574468085106, 0.6933333333333332], "class": 2}