{"image": "31f7221a-1aaf-11ef-bae7-bd5cfcf36af4.jpg", "bboxes": [0.4962647754137116, 0.18269503546099286, 0.9336170212765956, 0.7488888888888889], "class": 2}