{"image": "31f7221a-1aaf-11ef-bae7-bd5cfcf36af4.jpg", "bboxes": [0.08193853427895993, 0.25777777777777783, 0.5192907801418439, 0.8239716312056738], "class": 2}