{"image": "31f7221a-1aaf-11ef-bae7-bd5cfcf36af4.jpg", "bboxes": [0.19971631205673768, 0.15825059101654837, 0.6370685579196218, 0.7244444444444444], "class": 2}