{"image": "31f7221a-1aaf-11ef-bae7-bd5cfcf36af4.jpg", "bboxes": [0.46070921985815605, 0.26888888888888896, 0.8980614657210402, 0.8350827423167849], "class": 2}