{"image": "31f7221a-1aaf-11ef-bae7-bd5cfcf36af4.jpg", "bboxes": [0.20638297872340428, 0.18936170212765946, 0.6437352245862884, 0.7555555555555555], "class": 2}