{"image": "31f7221a-1aaf-11ef-bae7-bd5cfcf36af4.jpg", "bboxes": [0.5251536643026005, 0.3044444444444445, 0.9625059101654846, 0.8706382978723405], "class": 2}