{"image": "31f7221a-1aaf-11ef-bae7-bd5cfcf36af4.jpg", "bboxes": [0.29971631205673765, 0.31111111111111117, 0.7370685579196218, 0.8773049645390072], "class": 2}