{"image": "31f7221a-1aaf-11ef-bae7-bd5cfcf36af4.jpg", "bboxes": [0.5118203309692672, 0.30666666666666675, 0.9491725768321513, 0.8728605200945627], "class": 2}