{"image": "31f7221a-1aaf-11ef-bae7-bd5cfcf36af4.jpg", "bboxes": [0.24416075650118207, 0.13602836879432623, 0.6815130023640661, 0.7022222222222221], "class": 2}