{"image": "31f7221a-1aaf-11ef-bae7-bd5cfcf36af4.jpg", "bboxes": [0.07527186761229321, 0.12269503546099281, 0.5126241134751772, 0.6888888888888889], "class": 2}