{"image": "31f7221a-1aaf-11ef-bae7-bd5cfcf36af4.jpg", "bboxes": [0.1574940898345154, 0.16713947990543732, 0.5948463356973995, 0.7333333333333333], "class": 2}