{"image": "31f7221a-1aaf-11ef-bae7-bd5cfcf36af4.jpg", "bboxes": [0.6207092198581561, 0.30666666666666675, 0.9977777777777778, 0.8728605200945627], "class": 2}