{"image": "31f7221a-1aaf-11ef-bae7-bd5cfcf36af4.jpg", "bboxes": [0.3651536643026005, 0.25777777777777783, 0.8025059101654846, 0.8239716312056738], "class": 2}