{"image": "31f7221a-1aaf-11ef-bae7-bd5cfcf36af4.jpg", "bboxes": [0.11304964539007101, 0.2955555555555556, 0.5504018912529551, 0.8617494089834516], "class": 2}