{"image": "31f7221a-1aaf-11ef-bae7-bd5cfcf36af4.jpg", "bboxes": [0.0619385342789599, 0.29111111111111115, 0.49929078014184386, 0.8573049645390072], "class": 2}