{"image": "31f7221a-1aaf-11ef-bae7-bd5cfcf36af4.jpg", "bboxes": [0.14193853427895986, 0.16491725768321508, 0.5792907801418439, 0.7311111111111109], "class": 2}