{"image": "31f7221a-1aaf-11ef-bae7-bd5cfcf36af4.jpg", "bboxes": [0.6362647754137116, 0.12936170212765952, 1.0, 0.6955555555555555], "class": 2}