{"image": "31f7221a-1aaf-11ef-bae7-bd5cfcf36af4.jpg", "bboxes": [0.3295981087470449, 0.26000000000000006, 0.766950354609929, 0.8261938534278961], "class": 2}