{"image": "31f7221a-1aaf-11ef-bae7-bd5cfcf36af4.jpg", "bboxes": [0.23527186761229324, 0.16491725768321508, 0.6726241134751774, 0.7311111111111109], "class": 2}