{"image": "31f7221a-1aaf-11ef-bae7-bd5cfcf36af4.jpg", "bboxes": [0.6051536643026005, 0.1849172576832151, 1.0, 0.7511111111111111], "class": 2}