{"image": "31f7221a-1aaf-11ef-bae7-bd5cfcf36af4.jpg", "bboxes": [0.6073758865248227, 0.14713947990543727, 0.9977777777777778, 0.7133333333333332], "class": 2}