{"image": "31f7221a-1aaf-11ef-bae7-bd5cfcf36af4.jpg", "bboxes": [0.31749408983451544, 0.30000000000000004, 0.7548463356973995, 0.866193853427896], "class": 2}