{"image": "31f7221a-1aaf-11ef-bae7-bd5cfcf36af4.jpg", "bboxes": [0.5184869976359339, 0.31111111111111117, 0.9558392434988179, 0.8773049645390072], "class": 2}