{"image": "31f7221a-1aaf-11ef-bae7-bd5cfcf36af4.jpg", "bboxes": [0.2641607565011821, 0.28666666666666674, 0.7015130023640661, 0.8528605200945627], "class": 2}