{"image": "31f7221a-1aaf-11ef-bae7-bd5cfcf36af4.jpg", "bboxes": [0.5207092198581561, 0.12269503546099281, 0.9580614657210401, 0.6888888888888889], "class": 2}