{"image": "31f7221a-1aaf-11ef-bae7-bd5cfcf36af4.jpg", "bboxes": [0.2841607565011821, 0.30666666666666675, 0.7215130023640661, 0.8728605200945627], "class": 2}