{"image": "31f7221a-1aaf-11ef-bae7-bd5cfcf36af4.jpg", "bboxes": [0.10860520094562653, 0.1471394799054373, 0.5459574468085107, 0.7133333333333333], "class": 2}