{"image": "31f7221a-1aaf-11ef-bae7-bd5cfcf36af4.jpg", "bboxes": [0.42070921985815607, 0.15158392434988177, 0.8580614657210401, 0.7177777777777777], "class": 2}