{"image": "31f7221a-1aaf-11ef-bae7-bd5cfcf36af4.jpg", "bboxes": [0.2629314420803783, 0.24888888888888897, 0.7002836879432623, 0.8150827423167849], "class": 2}