{"image": "31f7221a-1aaf-11ef-bae7-bd5cfcf36af4.jpg", "bboxes": [0.13527186761229326, 0.16269503546099284, 0.5726241134751773, 0.7288888888888888], "class": 2}