{"image": "31f7221a-1aaf-11ef-bae7-bd5cfcf36af4.jpg", "bboxes": [0.17749408983451542, 0.18713947990543733, 0.6148463356973994, 0.7533333333333333], "class": 2}