{"image": "31f7221a-1aaf-11ef-bae7-bd5cfcf36af4.jpg", "bboxes": [0.3340425531914894, 0.30000000000000004, 0.7713947990543735, 0.866193853427896], "class": 2}