{"image": "31f7221a-1aaf-11ef-bae7-bd5cfcf36af4.jpg", "bboxes": [0.19749408983451544, 0.27777777777777785, 0.6348463356973995, 0.8439716312056739], "class": 2}