{"image": "31f7221a-1aaf-11ef-bae7-bd5cfcf36af4.jpg", "bboxes": [0.2841607565011821, 0.16713947990543732, 0.7215130023640661, 0.7333333333333333], "class": 2}