{"image": "31f7221a-1aaf-11ef-bae7-bd5cfcf36af4.jpg", "bboxes": [0.0, 0.25777777777777783, 0.36151300236406614, 0.8239716312056738], "class": 2}