{"image": "31f7221a-1aaf-11ef-bae7-bd5cfcf36af4.jpg", "bboxes": [0.0022222222222222365, 0.1604728132387706, 0.38151300236406616, 0.7266666666666666], "class": 2}