{"image": "31f7221a-1aaf-11ef-bae7-bd5cfcf36af4.jpg", "bboxes": [0.25527186761229326, 0.2555555555555556, 0.6926241134751773, 0.8217494089834516], "class": 2}