{"image": "31f7221a-1aaf-11ef-bae7-bd5cfcf36af4.jpg", "bboxes": [0.4162647754137116, 0.16269503546099284, 0.8536170212765957, 0.7288888888888888], "class": 2}