{"image": "31f7221a-1aaf-11ef-bae7-bd5cfcf36af4.jpg", "bboxes": [0.31304964539007096, 0.18713947990543733, 0.7504018912529551, 0.7533333333333333], "class": 2}