{"image": "31f7221a-1aaf-11ef-bae7-bd5cfcf36af4.jpg", "bboxes": [0.3518203309692672, 0.2533333333333334, 0.7891725768321513, 0.8195271867612294], "class": 2}