{"image": "31f7221a-1aaf-11ef-bae7-bd5cfcf36af4.jpg", "bboxes": [0.3762647754137116, 0.14491725768321506, 0.8136170212765956, 0.711111111111111], "class": 2}