{"image": "31f7221a-1aaf-11ef-bae7-bd5cfcf36af4.jpg", "bboxes": [0.38737588652482274, 0.288888888888889, 0.8247281323877068, 0.8550827423167849], "class": 2}