{"image": "31f7221a-1aaf-11ef-bae7-bd5cfcf36af4.jpg", "bboxes": [0.49182033096926714, 0.12713947990543728, 0.9291725768321513, 0.6933333333333332], "class": 2}