{"image": "31f7221a-1aaf-11ef-bae7-bd5cfcf36af4.jpg", "bboxes": [0.5673758865248227, 0.1604728132387706, 1.0, 0.7266666666666666], "class": 2}