{"image": "31f7221a-1aaf-11ef-bae7-bd5cfcf36af4.jpg", "bboxes": [0.36070921985815607, 0.12491725768321504, 0.7980614657210401, 0.691111111111111], "class": 2}