{"image": "31f7221a-1aaf-11ef-bae7-bd5cfcf36af4.jpg", "bboxes": [0.47404255319148936, 0.16713947990543732, 0.9113947990543735, 0.7333333333333333], "class": 2}