{"image": "31f7221a-1aaf-11ef-bae7-bd5cfcf36af4.jpg", "bboxes": [0.6229314420803783, 0.29111111111111115, 1.0, 0.8573049645390072], "class": 2}