{"image": "31f7221a-1aaf-11ef-bae7-bd5cfcf36af4.jpg", "bboxes": [0.0022222222222222365, 0.28666666666666674, 0.3637352245862884, 0.8528605200945627], "class": 2}