{"image": "31f7221a-1aaf-11ef-bae7-bd5cfcf36af4.jpg", "bboxes": [0.19082742316784873, 0.12713947990543728, 0.6281796690307329, 0.6933333333333332], "class": 2}