{"image": "31f7221a-1aaf-11ef-bae7-bd5cfcf36af4.jpg", "bboxes": [0.6495981087470449, 0.16269503546099284, 1.0, 0.7288888888888888], "class": 2}