{"image": "31f7221a-1aaf-11ef-bae7-bd5cfcf36af4.jpg", "bboxes": [0.0022222222222222365, 0.24888888888888897, 0.4237352245862885, 0.8150827423167849], "class": 2}