{"image": "31f7221a-1aaf-11ef-bae7-bd5cfcf36af4.jpg", "bboxes": [0.30416075650118213, 0.2733333333333334, 0.7415130023640661, 0.8395271867612294], "class": 2}