{"image": "31f7221a-1aaf-11ef-bae7-bd5cfcf36af4.jpg", "bboxes": [0.48070921985815607, 0.18047281323877062, 0.9180614657210401, 0.7466666666666666], "class": 2}