{"image": "31f7221a-1aaf-11ef-bae7-bd5cfcf36af4.jpg", "bboxes": [0.5473758865248227, 0.2800000000000001, 0.9847281323877067, 0.8461938534278961], "class": 2}