{"image": "31f7221a-1aaf-11ef-bae7-bd5cfcf36af4.jpg", "bboxes": [0.40959810874704494, 0.26000000000000006, 0.846950354609929, 0.8261938534278961], "class": 2}