{"image": "31f7221a-1aaf-11ef-bae7-bd5cfcf36af4.jpg", "bboxes": [0.47404255319148936, 0.24444444444444452, 0.9113947990543735, 0.8106382978723405], "class": 2}