{"image": "31f7221a-1aaf-11ef-bae7-bd5cfcf36af4.jpg", "bboxes": [0.1686052009456266, 0.2933333333333334, 0.6059574468085106, 0.8595271867612294], "class": 2}