{"image": "31f7221a-1aaf-11ef-bae7-bd5cfcf36af4.jpg", "bboxes": [0.6029314420803783, 0.2755555555555556, 0.9977777777777778, 0.8417494089834516], "class": 2}