{"image": "31f7221a-1aaf-11ef-bae7-bd5cfcf36af4.jpg", "bboxes": [0.6362647754137116, 0.2533333333333334, 1.0, 0.8195271867612294], "class": 2}