{"image": "31f7221a-1aaf-11ef-bae7-bd5cfcf36af4.jpg", "bboxes": [0.4718203309692672, 0.14713947990543727, 0.9091725768321512, 0.7133333333333332], "class": 2}