{"image": "324ea158-1aaf-11ef-8038-bd5cfcf36af4.jpg", "bboxes": [0.0, 0.10836879432624114, 0.4796217494089835, 0.6721985815602836], "class": 2}