{"image": "324ea158-1aaf-11ef-8038-bd5cfcf36af4.jpg", "bboxes": [0.2626004728132388, 0.2922458628841608, 0.7614184397163121, 0.8560756501182033], "class": 2}