{"image": "324ea158-1aaf-11ef-8038-bd5cfcf36af4.jpg", "bboxes": [0.42704491725768323, 0.2989125295508275, 0.9258628841607566, 0.86274231678487], "class": 2}