{"image": "324ea158-1aaf-11ef-8038-bd5cfcf36af4.jpg", "bboxes": [0.6181560283687944, 0.314468085106383, 0.9977777777777778, 0.8782978723404256], "class": 2}