{"image": "324ea158-1aaf-11ef-8038-bd5cfcf36af4.jpg", "bboxes": [0.30704491725768324, 0.1061465721040189, 0.8058628841607566, 0.6699763593380614], "class": 2}