{"image": "324ea158-1aaf-11ef-8038-bd5cfcf36af4.jpg", "bboxes": [0.49148936170212765, 0.2811347517730497, 0.990307328605201, 0.8449645390070922], "class": 2}