{"image": "324ea158-1aaf-11ef-8038-bd5cfcf36af4.jpg", "bboxes": [0.0, 0.14836879432624106, 0.3773995271867613, 0.7121985815602836], "class": 2}