{"image": "324ea158-1aaf-11ef-8038-bd5cfcf36af4.jpg", "bboxes": [0.2937115839243499, 0.32557919621749415, 0.7925295508274232, 0.8894089834515366], "class": 2}