{"image": "324ea158-1aaf-11ef-8038-bd5cfcf36af4.jpg", "bboxes": [0.2759338061465721, 0.2900236406619386, 0.7747517730496455, 0.8538534278959811], "class": 2}