{"image": "324ea158-1aaf-11ef-8038-bd5cfcf36af4.jpg", "bboxes": [0.0, 0.28335697399527193, 0.3862884160756501, 0.8471867612293145], "class": 2}