{"image": "324ea158-1aaf-11ef-8038-bd5cfcf36af4.jpg", "bboxes": [0.20080378250591013, 0.16392434988179672, 0.6996217494089835, 0.7277541371158391], "class": 2}