{"image": "324ea158-1aaf-11ef-8038-bd5cfcf36af4.jpg", "bboxes": [0.17858156028368788, 0.3211347517730497, 0.6773995271867612, 0.8849645390070923], "class": 2}