{"image": "324ea158-1aaf-11ef-8038-bd5cfcf36af4.jpg", "bboxes": [0.27815602836879433, 0.28780141843971635, 0.7769739952718676, 0.8516312056737589], "class": 2}