{"image": "324ea158-1aaf-11ef-8038-bd5cfcf36af4.jpg", "bboxes": [0.2670449172576832, 0.27891252955082746, 0.7658628841607565, 0.84274231678487], "class": 2}