{"image": "324ea158-1aaf-11ef-8038-bd5cfcf36af4.jpg", "bboxes": [0.6070449172576832, 0.16392434988179672, 1.0, 0.7277541371158391], "class": 2}