{"image": "324ea158-1aaf-11ef-8038-bd5cfcf36af4.jpg", "bboxes": [0.09413711583924345, 0.12614657210401892, 0.5929550827423168, 0.6899763593380615], "class": 2}