{"image": "324ea158-1aaf-11ef-8038-bd5cfcf36af4.jpg", "bboxes": [0.25858156028368795, 0.2855791962174941, 0.7573995271867613, 0.8494089834515367], "class": 2}