{"image": "324ea158-1aaf-11ef-8038-bd5cfcf36af4.jpg", "bboxes": [0.2941371158392434, 0.27891252955082746, 0.7929550827423169, 0.84274231678487], "class": 2}