{"image": "324ea158-1aaf-11ef-8038-bd5cfcf36af4.jpg", "bboxes": [0.0022222222222222365, 0.3211347517730497, 0.4529550827423168, 0.8849645390070923], "class": 2}