{"image": "324ea158-1aaf-11ef-8038-bd5cfcf36af4.jpg", "bboxes": [0.41371158392434987, 0.14170212765957446, 0.9125295508274233, 0.705531914893617], "class": 2}