{"image": "324ea158-1aaf-11ef-8038-bd5cfcf36af4.jpg", "bboxes": [0.4470449172576832, 0.15725768321513, 0.9458628841607566, 0.7210874704491725], "class": 2}