{"image": "324ea158-1aaf-11ef-8038-bd5cfcf36af4.jpg", "bboxes": [0.46037825059101656, 0.2722458628841608, 0.9591962174940899, 0.8360756501182033], "class": 2}