{"image": "324ea158-1aaf-11ef-8038-bd5cfcf36af4.jpg", "bboxes": [0.6048226950354609, 0.32557919621749415, 1.0, 0.8894089834515366], "class": 2}