{"image": "324ea158-1aaf-11ef-8038-bd5cfcf36af4.jpg", "bboxes": [0.038581560283687866, 0.3033569739952719, 0.5373995271867613, 0.8671867612293145], "class": 2}