{"image": "324ea158-1aaf-11ef-8038-bd5cfcf36af4.jpg", "bboxes": [0.524822695035461, 0.1505910165484633, 0.9977777777777778, 0.7144208037825059], "class": 2}