{"image": "324ea158-1aaf-11ef-8038-bd5cfcf36af4.jpg", "bboxes": [0.0022222222222222365, 0.2722458628841608, 0.37517730496453905, 0.8360756501182033], "class": 2}