{"image": "324ea158-1aaf-11ef-8038-bd5cfcf36af4.jpg", "bboxes": [0.20926713947990544, 0.1061465721040189, 0.7080851063829787, 0.6699763593380614], "class": 2}