{"image": "324ea158-1aaf-11ef-8038-bd5cfcf36af4.jpg", "bboxes": [0.2919148936170213, 0.13281323877068552, 0.7907328605200946, 0.696643026004728], "class": 2}