{"image": "324ea158-1aaf-11ef-8038-bd5cfcf36af4.jpg", "bboxes": [0.2052482269503546, 0.15947990543735224, 0.7040661938534277, 0.7233096926713948], "class": 2}