{"image": "324ea158-1aaf-11ef-8038-bd5cfcf36af4.jpg", "bboxes": [0.34260047281323874, 0.16836879432624108, 0.8414184397163121, 0.7321985815602836], "class": 2}