{"image": "324ea158-1aaf-11ef-8038-bd5cfcf36af4.jpg", "bboxes": [0.0022222222222222365, 0.2766903073286052, 0.435177304964539, 0.8405200945626478], "class": 2}