{"image": "324ea158-1aaf-11ef-8038-bd5cfcf36af4.jpg", "bboxes": [0.45148936170212767, 0.12170212765957444, 0.950307328605201, 0.6855319148936171], "class": 2}