{"image": "324ea158-1aaf-11ef-8038-bd5cfcf36af4.jpg", "bboxes": [0.424822695035461, 0.11059101654846336, 0.9236406619385343, 0.6744208037825059], "class": 2}