{"image": "324ea158-1aaf-11ef-8038-bd5cfcf36af4.jpg", "bboxes": [0.3381560283687943, 0.16614657210401887, 0.8369739952718677, 0.7299763593380615], "class": 2}