{"image": "324ea158-1aaf-11ef-8038-bd5cfcf36af4.jpg", "bboxes": [0.3959338061465721, 0.12392434988179668, 0.8947517730496455, 0.6877541371158392], "class": 2}