{"image": "324ea158-1aaf-11ef-8038-bd5cfcf36af4.jpg", "bboxes": [0.4537115839243499, 0.27891252955082746, 0.9525295508274232, 0.84274231678487], "class": 2}