{"image": "324ea158-1aaf-11ef-8038-bd5cfcf36af4.jpg", "bboxes": [0.46260047281323874, 0.32557919621749415, 0.9614184397163121, 0.8894089834515366], "class": 2}