{"image": "324ea158-1aaf-11ef-8038-bd5cfcf36af4.jpg", "bboxes": [0.48704491725768323, 0.11725768321512997, 0.9858628841607565, 0.6810874704491725], "class": 2}