{"image": "324ea158-1aaf-11ef-8038-bd5cfcf36af4.jpg", "bboxes": [0.0022222222222222365, 0.12614657210401892, 0.455177304964539, 0.6899763593380615], "class": 2}