{"image": "324ea158-1aaf-11ef-8038-bd5cfcf36af4.jpg", "bboxes": [0.5959338061465721, 0.11059101654846336, 0.9977777777777778, 0.6744208037825059], "class": 2}