{"image": "324ea158-1aaf-11ef-8038-bd5cfcf36af4.jpg", "bboxes": [0.544822695035461, 0.30780141843971637, 0.9977777777777778, 0.8716312056737588], "class": 2}