{"image": "324ea158-1aaf-11ef-8038-bd5cfcf36af4.jpg", "bboxes": [0.6226004728132387, 0.11281323877068561, 0.9977777777777778, 0.676643026004728], "class": 2}