{"image": "324ea158-1aaf-11ef-8038-bd5cfcf36af4.jpg", "bboxes": [0.5181560283687944, 0.12392434988179668, 1.0, 0.6877541371158392], "class": 2}