{"image": "324ea158-1aaf-11ef-8038-bd5cfcf36af4.jpg", "bboxes": [0.27191489361702126, 0.3233569739952719, 0.7707328605200946, 0.8871867612293144], "class": 2}