{"image": "324ea158-1aaf-11ef-8038-bd5cfcf36af4.jpg", "bboxes": [0.08969267139479897, 0.12836879432624115, 0.5885106382978724, 0.6921985815602836], "class": 2}