{"image": "324ea158-1aaf-11ef-8038-bd5cfcf36af4.jpg", "bboxes": [0.6159338061465721, 0.2989125295508275, 1.0, 0.86274231678487], "class": 2}