{"image": "324ea158-1aaf-11ef-8038-bd5cfcf36af4.jpg", "bboxes": [0.27371158392434985, 0.11059101654846337, 0.7725295508274233, 0.6744208037825059], "class": 2}