{"image": "324ea158-1aaf-11ef-8038-bd5cfcf36af4.jpg", "bboxes": [0.0022222222222222365, 0.3278014184397164, 0.41962174940898345, 0.8916312056737589], "class": 2}