{"image": "324ea158-1aaf-11ef-8038-bd5cfcf36af4.jpg", "bboxes": [0.3826004728132388, 0.3278014184397164, 0.8814184397163121, 0.8916312056737589], "class": 2}