{"image": "324ea158-1aaf-11ef-8038-bd5cfcf36af4.jpg", "bboxes": [0.22482269503546098, 0.3211347517730497, 0.7236406619385343, 0.8849645390070923], "class": 2}