{"image": "324ea158-1aaf-11ef-8038-bd5cfcf36af4.jpg", "bboxes": [0.5603782505910165, 0.33002364066193857, 1.0, 0.8938534278959811], "class": 2}