{"image": "324ea158-1aaf-11ef-8038-bd5cfcf36af4.jpg", "bboxes": [0.44926713947990543, 0.13725768321513, 0.9480851063829787, 0.7010874704491724], "class": 2}