{"image": "324ea158-1aaf-11ef-8038-bd5cfcf36af4.jpg", "bboxes": [0.5537115839243498, 0.3033569739952719, 0.9977777777777778, 0.8671867612293145], "class": 2}