{"image": "324ea158-1aaf-11ef-8038-bd5cfcf36af4.jpg", "bboxes": [0.19635933806146566, 0.27891252955082746, 0.695177304964539, 0.84274231678487], "class": 2}