{"image": "329ee87c-1aaf-11ef-b456-bd5cfcf36af4.jpg", "bboxes": [0.29754137115839246, 0.1776359338061465, 0.8058156028368793, 0.7071867612293143], "class": 2}