{"image": "329ee87c-1aaf-11ef-b456-bd5cfcf36af4.jpg", "bboxes": [0.18751773049645404, 0.17319148936170212, 0.6957919621749409, 0.7027423167848699], "class": 2}