{"image": "329ee87c-1aaf-11ef-b456-bd5cfcf36af4.jpg", "bboxes": [0.12085106382978739, 0.2839243498817967, 0.6291252955082742, 0.8134751773049645], "class": 2}