{"image": "329ee87c-1aaf-11ef-b456-bd5cfcf36af4.jpg", "bboxes": [0.23309692671394802, 0.2972576832151301, 0.7413711583924348, 0.8268085106382979], "class": 2}