{"image": "329ee87c-1aaf-11ef-b456-bd5cfcf36af4.jpg", "bboxes": [0.0022222222222222365, 0.2883687943262412, 0.4491252955082742, 0.817919621749409], "class": 2}