{"image": "329ee87c-1aaf-11ef-b456-bd5cfcf36af4.jpg", "bboxes": [0.5553191489361703, 0.30614657210401897, 1.0, 0.8356973995271868], "class": 2}