{"image": "329ee87c-1aaf-11ef-b456-bd5cfcf36af4.jpg", "bboxes": [0.2397635933806147, 0.3305910165484634, 0.7480378250591014, 0.8601418439716312], "class": 2}