{"image": "329ee87c-1aaf-11ef-b456-bd5cfcf36af4.jpg", "bboxes": [0.4153191489361702, 0.16652482269503543, 0.923593380614657, 0.6960756501182032], "class": 2}