{"image": "329ee87c-1aaf-11ef-b456-bd5cfcf36af4.jpg", "bboxes": [0.0, 0.3017021276595745, 0.47356973995271867, 0.8312529550827423], "class": 2}