{"image": "329ee87c-1aaf-11ef-b456-bd5cfcf36af4.jpg", "bboxes": [0.4308747044917258, 0.31503546099290786, 0.9391489361702126, 0.8445862884160756], "class": 2}