{"image": "329ee87c-1aaf-11ef-b456-bd5cfcf36af4.jpg", "bboxes": [0.5819858156028369, 0.1709692671394799, 0.9977777777777778, 0.7005200945626477], "class": 2}