{"image": "329ee87c-1aaf-11ef-b456-bd5cfcf36af4.jpg", "bboxes": [0.0022222222222222365, 0.14208037825059094, 0.45356973995271865, 0.6716312056737588], "class": 2}