{"image": "329ee87c-1aaf-11ef-b456-bd5cfcf36af4.jpg", "bboxes": [0.11640661938534291, 0.17541371158392427, 0.6246808510638298, 0.7049645390070922], "class": 2}