{"image": "329ee87c-1aaf-11ef-b456-bd5cfcf36af4.jpg", "bboxes": [0.1852955082742318, 0.17985815602836874, 0.6935697399527186, 0.7094089834515366], "class": 2}