{"image": "329ee87c-1aaf-11ef-b456-bd5cfcf36af4.jpg", "bboxes": [0.5353191489361703, 0.2928132387706856, 0.9977777777777778, 0.8223640661938535], "class": 2}