{"image": "329ee87c-1aaf-11ef-b456-bd5cfcf36af4.jpg", "bboxes": [0.26865248226950356, 0.15985815602836873, 0.7769267139479904, 0.6894089834515367], "class": 2}