{"image": "329ee87c-1aaf-11ef-b456-bd5cfcf36af4.jpg", "bboxes": [0.30643026004728136, 0.28170212765957453, 0.8147044917257682, 0.8112529550827423], "class": 2}