{"image": "329ee87c-1aaf-11ef-b456-bd5cfcf36af4.jpg", "bboxes": [0.25196217494089856, 0.1776359338061465, 0.7602364066193853, 0.7071867612293143], "class": 2}