{"image": "329ee87c-1aaf-11ef-b456-bd5cfcf36af4.jpg", "bboxes": [0.0, 0.32392434988179675, 0.4180141843971631, 0.8534751773049646], "class": 2}