{"image": "329ee87c-1aaf-11ef-b456-bd5cfcf36af4.jpg", "bboxes": [0.4375413711583925, 0.2972576832151301, 0.9458156028368793, 0.8268085106382979], "class": 2}