{"image": "329ee87c-1aaf-11ef-b456-bd5cfcf36af4.jpg", "bboxes": [0.5953191489361702, 0.2839243498817967, 0.9977777777777778, 0.8134751773049645], "class": 2}