{"image": "329ee87c-1aaf-11ef-b456-bd5cfcf36af4.jpg", "bboxes": [0.14307328605200964, 0.3394799054373523, 0.6513475177304964, 0.8690307328605201], "class": 2}