{"image": "329ee87c-1aaf-11ef-b456-bd5cfcf36af4.jpg", "bboxes": [0.11862884160756515, 0.3394799054373523, 0.626903073286052, 0.8690307328605201], "class": 2}