{"image": "329ee87c-1aaf-11ef-b456-bd5cfcf36af4.jpg", "bboxes": [0.5975413711583925, 0.2794799054373523, 1.0, 0.8090307328605201], "class": 2}