{"image": "329ee87c-1aaf-11ef-b456-bd5cfcf36af4.jpg", "bboxes": [0.47309692671394804, 0.17985815602836874, 0.9813711583924348, 0.7094089834515366], "class": 2}