{"image": "329ee87c-1aaf-11ef-b456-bd5cfcf36af4.jpg", "bboxes": [0.4842080378250591, 0.18652482269503545, 0.9924822695035459, 0.7160756501182033], "class": 2}