{"image": "329ee87c-1aaf-11ef-b456-bd5cfcf36af4.jpg", "bboxes": [0.23418439716312078, 0.31503546099290786, 0.7424586288416075, 0.8445862884160756], "class": 2}