{"image": "329ee87c-1aaf-11ef-b456-bd5cfcf36af4.jpg", "bboxes": [0.06973995271867628, 0.28614657210401895, 0.5780141843971631, 0.8156973995271868], "class": 2}