{"image": "329ee87c-1aaf-11ef-b456-bd5cfcf36af4.jpg", "bboxes": [0.06307328605200968, 0.27281323877068564, 0.5713475177304964, 0.8023640661938535], "class": 2}