{"image": "329ee87c-1aaf-11ef-b456-bd5cfcf36af4.jpg", "bboxes": [0.0, 0.14208037825059094, 0.4757919621749409, 0.6716312056737588], "class": 2}