{"image": "329ee87c-1aaf-11ef-b456-bd5cfcf36af4.jpg", "bboxes": [0.6219858156028369, 0.15985815602836873, 1.0, 0.6894089834515367], "class": 2}