{"image": "329ee87c-1aaf-11ef-b456-bd5cfcf36af4.jpg", "bboxes": [0.5642080378250591, 0.14652482269503544, 0.9977777777777778, 0.6760756501182033], "class": 2}