{"image": "329ee87c-1aaf-11ef-b456-bd5cfcf36af4.jpg", "bboxes": [0.37531914893617024, 0.3194799054373523, 0.8835933806146571, 0.8490307328605201], "class": 2}