{"image": "329ee87c-1aaf-11ef-b456-bd5cfcf36af4.jpg", "bboxes": [0.20085106382978743, 0.28170212765957453, 0.7091252955082742, 0.8112529550827423], "class": 2}