{"image": "329ee87c-1aaf-11ef-b456-bd5cfcf36af4.jpg", "bboxes": [0.493096926713948, 0.15985815602836873, 0.9977777777777778, 0.6894089834515367], "class": 2}