{"image": "329ee87c-1aaf-11ef-b456-bd5cfcf36af4.jpg", "bboxes": [0.0, 0.2994799054373523, 0.4202364066193853, 0.8290307328605201], "class": 2}