{"image": "329ee87c-1aaf-11ef-b456-bd5cfcf36af4.jpg", "bboxes": [0.5886524822695036, 0.3105910165484634, 1.0, 0.8401418439716313], "class": 2}