{"image": "329ee87c-1aaf-11ef-b456-bd5cfcf36af4.jpg", "bboxes": [0.1275177304964541, 0.16874704491725767, 0.6357919621749408, 0.6982978723404255], "class": 2}