{"image": "329ee87c-1aaf-11ef-b456-bd5cfcf36af4.jpg", "bboxes": [0.0022222222222222365, 0.1331914893617021, 0.3935697399527186, 0.6627423167848701], "class": 2}