{"image": "329ee87c-1aaf-11ef-b456-bd5cfcf36af4.jpg", "bboxes": [0.24973995271867633, 0.32614657210401893, 0.7580141843971631, 0.8556973995271868], "class": 2}