{"image": "329ee87c-1aaf-11ef-b456-bd5cfcf36af4.jpg", "bboxes": [0.37531914893617024, 0.13985815602836882, 0.8835933806146571, 0.6694089834515367], "class": 2}