{"image": "329ee87c-1aaf-11ef-b456-bd5cfcf36af4.jpg", "bboxes": [0.03640661938534295, 0.2750354609929078, 0.5446808510638297, 0.8045862884160757], "class": 2}