{"image": "329ee87c-1aaf-11ef-b456-bd5cfcf36af4.jpg", "bboxes": [0.6153191489361702, 0.17319148936170212, 0.9977777777777778, 0.7027423167848699], "class": 2}