{"image": "329ee87c-1aaf-11ef-b456-bd5cfcf36af4.jpg", "bboxes": [0.14529550827423188, 0.28614657210401895, 0.6535697399527187, 0.8156973995271868], "class": 2}