{"image": "329ee87c-1aaf-11ef-b456-bd5cfcf36af4.jpg", "bboxes": [0.5353191489361703, 0.31503546099290786, 0.9977777777777778, 0.8445862884160756], "class": 2}