{"image": "329ee87c-1aaf-11ef-b456-bd5cfcf36af4.jpg", "bboxes": [0.1408510638297874, 0.33725768321513006, 0.6491252955082742, 0.8668085106382979], "class": 2}