{"image": "329ee87c-1aaf-11ef-b456-bd5cfcf36af4.jpg", "bboxes": [0.34643026004728134, 0.14430260047281318, 0.8547044917257681, 0.6738534278959811], "class": 2}