{"image": "329ee87c-1aaf-11ef-b456-bd5cfcf36af4.jpg", "bboxes": [0.4375413711583925, 0.2928132387706856, 0.9458156028368793, 0.8223640661938535], "class": 2}