{"image": "329ee87c-1aaf-11ef-b456-bd5cfcf36af4.jpg", "bboxes": [0.5353191489361703, 0.1576359338061465, 0.9977777777777778, 0.6871867612293143], "class": 2}