{"image": "329ee87c-1aaf-11ef-b456-bd5cfcf36af4.jpg", "bboxes": [0.0, 0.27281323877068564, 0.47134751773049643, 0.8023640661938535], "class": 2}