{"image": "329ee87c-1aaf-11ef-b456-bd5cfcf36af4.jpg", "bboxes": [0.0022222222222222365, 0.15096926713947986, 0.3691252955082742, 0.6805200945626477], "class": 2}