{"image": "329ee87c-1aaf-11ef-b456-bd5cfcf36af4.jpg", "bboxes": [0.2808510638297874, 0.13096926713947987, 0.7891252955082741, 0.6605200945626476], "class": 2}