{"image": "329ee87c-1aaf-11ef-b456-bd5cfcf36af4.jpg", "bboxes": [0.06973995271867628, 0.33725768321513006, 0.5780141843971631, 0.8668085106382979], "class": 2}