{"image": "329ee87c-1aaf-11ef-b456-bd5cfcf36af4.jpg", "bboxes": [0.6042080378250592, 0.3217021276595745, 0.9977777777777778, 0.8512529550827423], "class": 2}