{"image": "329ee87c-1aaf-11ef-b456-bd5cfcf36af4.jpg", "bboxes": [0.613096926713948, 0.1954137115839243, 1.0, 0.7249645390070922], "class": 2}