{"image": "329ee87c-1aaf-11ef-b456-bd5cfcf36af4.jpg", "bboxes": [0.0452955082742319, 0.15541371158392436, 0.5535697399527186, 0.6849645390070922], "class": 2}