{"image": "32efea78-1aaf-11ef-a364-bd5cfcf36af4.jpg", "bboxes": [0.028274231678487083, 0.2816075650118204, 0.577919621749409, 0.8489834515366431], "class": 2}