{"image": "32efea78-1aaf-11ef-a364-bd5cfcf36af4.jpg", "bboxes": [0.14605200945626484, 0.1532387706855791, 0.6956973995271868, 0.7206146572104019], "class": 2}