{"image": "32efea78-1aaf-11ef-a364-bd5cfcf36af4.jpg", "bboxes": [0.0016075650118203555, 0.3060520094562648, 0.5512529550827423, 0.8734278959810875], "class": 2}