{"image": "32efea78-1aaf-11ef-a364-bd5cfcf36af4.jpg", "bboxes": [0.13985815602836876, 0.2949408983451537, 0.6895035460992908, 0.8623167848699764], "class": 2}