{"image": "32efea78-1aaf-11ef-a364-bd5cfcf36af4.jpg", "bboxes": [0.1243026004728132, 0.1332387706855791, 0.6739479905437352, 0.7006146572104018], "class": 2}