{"image": "32efea78-1aaf-11ef-a364-bd5cfcf36af4.jpg", "bboxes": [0.4731914893617021, 0.2927186761229315, 0.9977777777777778, 0.8600945626477542], "class": 2}