{"image": "32efea78-1aaf-11ef-a364-bd5cfcf36af4.jpg", "bboxes": [0.08827423167848703, 0.15101654846335688, 0.637919621749409, 0.7183924349881796], "class": 2}