{"image": "32efea78-1aaf-11ef-a364-bd5cfcf36af4.jpg", "bboxes": [0.21049645390070926, 0.2860520094562648, 0.7601418439716312, 0.8534278959810875], "class": 2}