{"image": "32efea78-1aaf-11ef-a364-bd5cfcf36af4.jpg", "bboxes": [0.0022222222222222365, 0.2949408983451537, 0.5068085106382979, 0.8623167848699764], "class": 2}