{"image": "32efea78-1aaf-11ef-a364-bd5cfcf36af4.jpg", "bboxes": [0.039385342789598154, 0.12212765957446803, 0.5890307328605201, 0.6895035460992908], "class": 2}