{"image": "32efea78-1aaf-11ef-a364-bd5cfcf36af4.jpg", "bboxes": [0.05271867612293147, 0.2527186761229315, 0.6023640661938534, 0.8200945626477542], "class": 2}