{"image": "32efea78-1aaf-11ef-a364-bd5cfcf36af4.jpg", "bboxes": [0.24208037825059098, 0.31716312056737594, 0.791725768321513, 0.8845390070921987], "class": 2}