{"image": "32efea78-1aaf-11ef-a364-bd5cfcf36af4.jpg", "bboxes": [0.2331914893617021, 0.17546099290780134, 0.782836879432624, 0.7428368794326241], "class": 2}