{"image": "32efea78-1aaf-11ef-a364-bd5cfcf36af4.jpg", "bboxes": [0.026052009456264846, 0.11546099290780132, 0.5756973995271868, 0.682836879432624], "class": 2}