{"image": "32efea78-1aaf-11ef-a364-bd5cfcf36af4.jpg", "bboxes": [0.1304964539007093, 0.11768321513002356, 0.6801418439716312, 0.6850591016548463], "class": 2}