{"image": "32efea78-1aaf-11ef-a364-bd5cfcf36af4.jpg", "bboxes": [0.30652482269503545, 0.11546099290780132, 0.8561702127659574, 0.682836879432624], "class": 2}