{"image": "32efea78-1aaf-11ef-a364-bd5cfcf36af4.jpg", "bboxes": [0.1949408983451537, 0.14657210401891252, 0.7445862884160757, 0.7139479905437351], "class": 2}