{"image": "32efea78-1aaf-11ef-a364-bd5cfcf36af4.jpg", "bboxes": [0.2909692671394799, 0.17323877068557914, 0.8406146572104018, 0.7406146572104019], "class": 2}