{"image": "32efea78-1aaf-11ef-a364-bd5cfcf36af4.jpg", "bboxes": [0.0, 0.16657210401891243, 0.5156973995271867, 0.7339479905437352], "class": 2}