{"image": "32efea78-1aaf-11ef-a364-bd5cfcf36af4.jpg", "bboxes": [0.0022222222222222365, 0.27049645390070925, 0.5045862884160757, 0.8378723404255319], "class": 2}