{"image": "32efea78-1aaf-11ef-a364-bd5cfcf36af4.jpg", "bboxes": [0.3265248226950354, 0.3193853427895981, 0.8761702127659574, 0.8867612293144209], "class": 2}