{"image": "32efea78-1aaf-11ef-a364-bd5cfcf36af4.jpg", "bboxes": [0.1304964539007093, 0.12879432624113474, 0.6801418439716312, 0.6961702127659576], "class": 2}