{"image": "32efea78-1aaf-11ef-a364-bd5cfcf36af4.jpg", "bboxes": [0.17096926713947988, 0.2816075650118204, 0.7206146572104019, 0.8489834515366431], "class": 2}