{"image": "32efea78-1aaf-11ef-a364-bd5cfcf36af4.jpg", "bboxes": [0.05938534278959817, 0.2638297872340426, 0.6090307328605201, 0.8312056737588653], "class": 2}