{"image": "32efea78-1aaf-11ef-a364-bd5cfcf36af4.jpg", "bboxes": [0.3776359338061465, 0.15990543735224583, 0.9272813238770685, 0.7272813238770686], "class": 2}