{"image": "32efea78-1aaf-11ef-a364-bd5cfcf36af4.jpg", "bboxes": [0.0022222222222222365, 0.28827423167848704, 0.5090307328605201, 0.8556501182033097], "class": 2}