{"image": "32efea78-1aaf-11ef-a364-bd5cfcf36af4.jpg", "bboxes": [0.3265248226950354, 0.2727186761229315, 0.8761702127659574, 0.8400945626477542], "class": 2}