{"image": "32efea78-1aaf-11ef-a364-bd5cfcf36af4.jpg", "bboxes": [0.22652482269503543, 0.3060520094562648, 0.7761702127659574, 0.8734278959810875], "class": 2}