{"image": "32efea78-1aaf-11ef-a364-bd5cfcf36af4.jpg", "bboxes": [0.4754137115839243, 0.11546099290780132, 0.9977777777777778, 0.682836879432624], "class": 2}