{"image": "32efea78-1aaf-11ef-a364-bd5cfcf36af4.jpg", "bboxes": [0.4065248226950354, 0.2816075650118204, 0.9561702127659574, 0.8489834515366431], "class": 2}