{"image": "32efea78-1aaf-11ef-a364-bd5cfcf36af4.jpg", "bboxes": [0.45763593380614653, 0.2904964539007093, 0.9977777777777778, 0.857872340425532], "class": 2}