{"image": "32efea78-1aaf-11ef-a364-bd5cfcf36af4.jpg", "bboxes": [0.2754137115839243, 0.11768321513002356, 0.8250591016548463, 0.6850591016548463], "class": 2}