{"image": "32efea78-1aaf-11ef-a364-bd5cfcf36af4.jpg", "bboxes": [0.49763593380614657, 0.16879432624113466, 1.0, 0.7361702127659574], "class": 2}