{"image": "32efea78-1aaf-11ef-a364-bd5cfcf36af4.jpg", "bboxes": [0.31271867612293147, 0.2949408983451537, 0.8623640661938534, 0.8623167848699764], "class": 2}