{"image": "32efea78-1aaf-11ef-a364-bd5cfcf36af4.jpg", "bboxes": [0.5176359338061466, 0.1576832151300236, 1.0, 0.7250591016548462], "class": 2}