{"image": "32efea78-1aaf-11ef-a364-bd5cfcf36af4.jpg", "bboxes": [0.2798581560283688, 0.25938534278959813, 0.8295035460992908, 0.8267612293144209], "class": 2}