{"image": "32efea78-1aaf-11ef-a364-bd5cfcf36af4.jpg", "bboxes": [0.1060520094562648, 0.15101654846335688, 0.6556973995271869, 0.7183924349881796], "class": 2}