{"image": "32efea78-1aaf-11ef-a364-bd5cfcf36af4.jpg", "bboxes": [0.0, 0.1332387706855791, 0.4801418439716313, 0.7006146572104018], "class": 2}