{"image": "32efea78-1aaf-11ef-a364-bd5cfcf36af4.jpg", "bboxes": [0.0022222222222222365, 0.1643498817966903, 0.5490307328605202, 0.731725768321513], "class": 2}