{"image": "32efea78-1aaf-11ef-a364-bd5cfcf36af4.jpg", "bboxes": [0.15049645390070931, 0.27938534278959815, 0.7001418439716313, 0.8467612293144209], "class": 2}