{"image": "32efea78-1aaf-11ef-a364-bd5cfcf36af4.jpg", "bboxes": [0.23096926713947988, 0.16212765957446806, 0.7806146572104018, 0.7295035460992907], "class": 2}