{"image": "32efea78-1aaf-11ef-a364-bd5cfcf36af4.jpg", "bboxes": [0.302080378250591, 0.1265721040189125, 0.8517257683215129, 0.6939479905437351], "class": 2}