{"image": "32efea78-1aaf-11ef-a364-bd5cfcf36af4.jpg", "bboxes": [0.2909692671394799, 0.2838297872340426, 0.8406146572104018, 0.8512056737588654], "class": 2}