{"image": "32efea78-1aaf-11ef-a364-bd5cfcf36af4.jpg", "bboxes": [0.3931914893617021, 0.3060520094562648, 0.9428368794326241, 0.8734278959810875], "class": 2}