{"image": "32efea78-1aaf-11ef-a364-bd5cfcf36af4.jpg", "bboxes": [0.25096926713947987, 0.25716312056737595, 0.8006146572104018, 0.8245390070921986], "class": 2}