{"image": "32efea78-1aaf-11ef-a364-bd5cfcf36af4.jpg", "bboxes": [0.5265248226950354, 0.12434988179669026, 1.0, 0.691725768321513], "class": 2}