{"image": "32efea78-1aaf-11ef-a364-bd5cfcf36af4.jpg", "bboxes": [0.014940898345153664, 0.13768321513002357, 0.5645862884160757, 0.7050591016548463], "class": 2}