{"image": "32efea78-1aaf-11ef-a364-bd5cfcf36af4.jpg", "bboxes": [0.5109692671394799, 0.2527186761229315, 0.9977777777777778, 0.8200945626477542], "class": 2}