{"image": "32efea78-1aaf-11ef-a364-bd5cfcf36af4.jpg", "bboxes": [0.20605200945626478, 0.1265721040189125, 0.7556973995271867, 0.6939479905437351], "class": 2}