{"image": "32efea78-1aaf-11ef-a364-bd5cfcf36af4.jpg", "bboxes": [0.2909692671394799, 0.3038297872340426, 0.8406146572104018, 0.8712056737588653], "class": 2}