{"image": "32efea78-1aaf-11ef-a364-bd5cfcf36af4.jpg", "bboxes": [0.0, 0.25938534278959813, 0.4934751773049646, 0.8267612293144209], "class": 2}