{"image": "32efea78-1aaf-11ef-a364-bd5cfcf36af4.jpg", "bboxes": [0.23049645390070927, 0.1332387706855791, 0.7801418439716312, 0.7006146572104018], "class": 2}