{"image": "32efea78-1aaf-11ef-a364-bd5cfcf36af4.jpg", "bboxes": [0.15096926713947986, 0.14212765957446805, 0.7006146572104018, 0.7095035460992907], "class": 2}