{"image": "32efea78-1aaf-11ef-a364-bd5cfcf36af4.jpg", "bboxes": [0.14827423167848708, 0.15990543735224583, 0.697919621749409, 0.7272813238770686], "class": 2}