{"image": "32efea78-1aaf-11ef-a364-bd5cfcf36af4.jpg", "bboxes": [0.10160756501182033, 0.17323877068557914, 0.6512529550827424, 0.7406146572104019], "class": 2}