{"image": "32efea78-1aaf-11ef-a364-bd5cfcf36af4.jpg", "bboxes": [0.0022222222222222365, 0.16212765957446806, 0.45791962174940903, 0.7295035460992907], "class": 2}