{"image": "32efea78-1aaf-11ef-a364-bd5cfcf36af4.jpg", "bboxes": [0.4798581560283688, 0.14657210401891252, 0.9977777777777778, 0.7139479905437351], "class": 2}