{"image": "3340998b-1aaf-11ef-95c6-bd5cfcf36af4.jpg", "bboxes": [0.07957446808510626, 0.2905437352245864, 0.5571158392434987, 0.8591016548463357], "class": 2}