{"image": "3340998b-1aaf-11ef-95c6-bd5cfcf36af4.jpg", "bboxes": [0.40732860520094566, 0.24609929078014192, 0.8848699763593382, 0.8146572104018912], "class": 2}