{"image": "3340998b-1aaf-11ef-95c6-bd5cfcf36af4.jpg", "bboxes": [0.5184397163120568, 0.15423167848699773, 0.9959810874704492, 0.722789598108747], "class": 2}