{"image": "3340998b-1aaf-11ef-95c6-bd5cfcf36af4.jpg", "bboxes": [0.3117730496453901, 0.27054373522458636, 0.7893144208037826, 0.8391016548463357], "class": 2}