{"image": "3340998b-1aaf-11ef-95c6-bd5cfcf36af4.jpg", "bboxes": [0.2673286052009457, 0.24387706855791969, 0.7448699763593382, 0.812434988179669], "class": 2}