{"image": "3340998b-1aaf-11ef-95c6-bd5cfcf36af4.jpg", "bboxes": [0.07957446808510626, 0.27943262411347525, 0.5571158392434987, 0.8479905437352245], "class": 2}