{"image": "3340998b-1aaf-11ef-95c6-bd5cfcf36af4.jpg", "bboxes": [0.0, 0.1542316784869977, 0.39933806146572104, 0.722789598108747], "class": 2}