{"image": "3340998b-1aaf-11ef-95c6-bd5cfcf36af4.jpg", "bboxes": [0.25068557919621737, 0.29276595744680856, 0.7282269503546099, 0.861323877068558], "class": 2}