{"image": "3340998b-1aaf-11ef-95c6-bd5cfcf36af4.jpg", "bboxes": [0.055130023640661885, 0.28832151300236414, 0.5326713947990543, 0.8568794326241135], "class": 2}