{"image": "3340998b-1aaf-11ef-95c6-bd5cfcf36af4.jpg", "bboxes": [0.0, 0.277210401891253, 0.4215602836879432, 0.8457683215130023], "class": 2}