{"image": "3340998b-1aaf-11ef-95c6-bd5cfcf36af4.jpg", "bboxes": [0.0, 0.16312056737588654, 0.45711583924349874, 0.7316784869976358], "class": 2}