{"image": "3340998b-1aaf-11ef-95c6-bd5cfcf36af4.jpg", "bboxes": [0.3451063829787235, 0.23943262411347524, 0.8226477541371159, 0.8079905437352246], "class": 2}