{"image": "3340998b-1aaf-11ef-95c6-bd5cfcf36af4.jpg", "bboxes": [0.3184397163120568, 0.16978723404255325, 0.7959810874704493, 0.7383451536643025], "class": 2}