{"image": "3340998b-1aaf-11ef-95c6-bd5cfcf36af4.jpg", "bboxes": [0.19957446808510626, 0.2527659574468086, 0.6771158392434989, 0.8213238770685579], "class": 2}