{"image": "3340998b-1aaf-11ef-95c6-bd5cfcf36af4.jpg", "bboxes": [0.2329078014184396, 0.27498817966903083, 0.710449172576832, 0.8435460992907802], "class": 2}