{"image": "3340998b-1aaf-11ef-95c6-bd5cfcf36af4.jpg", "bboxes": [0.0022222222222222365, 0.1297872340425532, 0.41933806146572095, 0.6983451536643026], "class": 2}