{"image": "3340998b-1aaf-11ef-95c6-bd5cfcf36af4.jpg", "bboxes": [0.08624113475177297, 0.2860992907801419, 0.5637825059101654, 0.8546572104018912], "class": 2}