{"image": "3340998b-1aaf-11ef-95c6-bd5cfcf36af4.jpg", "bboxes": [0.49621749408983457, 0.24609929078014192, 0.9737588652482271, 0.8146572104018912], "class": 2}