{"image": "3340998b-1aaf-11ef-95c6-bd5cfcf36af4.jpg", "bboxes": [0.09735224586288405, 0.2349881796690308, 0.5748936170212766, 0.8035460992907801], "class": 2}