{"image": "3340998b-1aaf-11ef-95c6-bd5cfcf36af4.jpg", "bboxes": [0.6095508274231679, 0.2683215130023641, 0.9977777777777778, 0.8368794326241135], "class": 2}