{"image": "3340998b-1aaf-11ef-95c6-bd5cfcf36af4.jpg", "bboxes": [0.48288416075650126, 0.25943262411347523, 0.9604255319148937, 0.8279905437352245], "class": 2}