{"image": "3340998b-1aaf-11ef-95c6-bd5cfcf36af4.jpg", "bboxes": [0.2895508274231679, 0.14534278959810876, 0.7670921985815604, 0.7139007092198582], "class": 2}