{"image": "3340998b-1aaf-11ef-95c6-bd5cfcf36af4.jpg", "bboxes": [0.45843971631205677, 0.2683215130023641, 0.9359810874704493, 0.8368794326241135], "class": 2}