{"image": "3340998b-1aaf-11ef-95c6-bd5cfcf36af4.jpg", "bboxes": [0.0, 0.19423167848699763, 0.4348936170212765, 0.7627895981087469], "class": 2}