{"image": "3340998b-1aaf-11ef-95c6-bd5cfcf36af4.jpg", "bboxes": [0.07290780141843967, 0.2860992907801419, 0.5504491725768321, 0.8546572104018912], "class": 2}