{"image": "3340998b-1aaf-11ef-95c6-bd5cfcf36af4.jpg", "bboxes": [0.0022222222222222365, 0.19645390070921986, 0.47711583924349876, 0.7650118203309693], "class": 2}