{"image": "3340998b-1aaf-11ef-95c6-bd5cfcf36af4.jpg", "bboxes": [0.380661938534279, 0.2949881796690308, 0.8582033096926714, 0.8635460992907801], "class": 2}