{"image": "3340998b-1aaf-11ef-95c6-bd5cfcf36af4.jpg", "bboxes": [0.529550827423168, 0.27498817966903083, 1.0, 0.8435460992907802], "class": 2}