{"image": "3340998b-1aaf-11ef-95c6-bd5cfcf36af4.jpg", "bboxes": [0.26510638297872346, 0.2727659574468086, 0.7426477541371159, 0.8413238770685579], "class": 2}