{"image": "3340998b-1aaf-11ef-95c6-bd5cfcf36af4.jpg", "bboxes": [0.010685579196217376, 0.2349881796690308, 0.48822695035460983, 0.8035460992907801], "class": 2}