{"image": "3340998b-1aaf-11ef-95c6-bd5cfcf36af4.jpg", "bboxes": [0.37177304964539015, 0.14312056737588652, 0.8493144208037826, 0.7116784869976358], "class": 2}