{"image": "3340998b-1aaf-11ef-95c6-bd5cfcf36af4.jpg", "bboxes": [0.3295508274231679, 0.18089834515366432, 0.8070921985815603, 0.7494562647754137], "class": 2}