{"image": "3340998b-1aaf-11ef-95c6-bd5cfcf36af4.jpg", "bboxes": [0.2784397163120568, 0.13867612293144205, 0.7559810874704492, 0.7072340425531914], "class": 2}