{"image": "3340998b-1aaf-11ef-95c6-bd5cfcf36af4.jpg", "bboxes": [0.5562174940898346, 0.18756501182033103, 1.0, 0.7561229314420803], "class": 2}