{"image": "3340998b-1aaf-11ef-95c6-bd5cfcf36af4.jpg", "bboxes": [0.5517730496453901, 0.1542316784869977, 1.0, 0.722789598108747], "class": 2}