{"image": "3340998b-1aaf-11ef-95c6-bd5cfcf36af4.jpg", "bboxes": [0.5828841607565013, 0.24165484633569748, 1.0, 0.8102127659574467], "class": 2}