{"image": "3340998b-1aaf-11ef-95c6-bd5cfcf36af4.jpg", "bboxes": [0.22288416075650125, 0.14312056737588652, 0.7004255319148937, 0.7116784869976358], "class": 2}