{"image": "3340998b-1aaf-11ef-95c6-bd5cfcf36af4.jpg", "bboxes": [0.17290780141843964, 0.26165484633569747, 0.6504491725768321, 0.8302127659574468], "class": 2}