{"image": "3340998b-1aaf-11ef-95c6-bd5cfcf36af4.jpg", "bboxes": [0.2973522458628841, 0.2860992907801419, 0.7748936170212766, 0.8546572104018912], "class": 2}