{"image": "3340998b-1aaf-11ef-95c6-bd5cfcf36af4.jpg", "bboxes": [0.21735224586288404, 0.27054373522458636, 0.6948936170212765, 0.8391016548463357], "class": 2}