{"image": "3340998b-1aaf-11ef-95c6-bd5cfcf36af4.jpg", "bboxes": [0.6073286052009457, 0.2949881796690308, 0.9977777777777778, 0.8635460992907801], "class": 2}