{"image": "3340998b-1aaf-11ef-95c6-bd5cfcf36af4.jpg", "bboxes": [0.20401891252955073, 0.24165484633569748, 0.6815602836879432, 0.8102127659574467], "class": 2}