{"image": "3340998b-1aaf-11ef-95c6-bd5cfcf36af4.jpg", "bboxes": [0.2717730496453901, 0.27498817966903083, 0.7493144208037826, 0.8435460992907802], "class": 2}