{"image": "3340998b-1aaf-11ef-95c6-bd5cfcf36af4.jpg", "bboxes": [0.529550827423168, 0.14089834515366428, 0.9977777777777778, 0.7094562647754137], "class": 2}