{"image": "3340998b-1aaf-11ef-95c6-bd5cfcf36af4.jpg", "bboxes": [0.0022222222222222365, 0.18756501182033103, 0.4171158392434987, 0.7561229314420803], "class": 2}