{"image": "3340998b-1aaf-11ef-95c6-bd5cfcf36af4.jpg", "bboxes": [0.5873286052009457, 0.2905437352245864, 1.0, 0.8591016548463357], "class": 2}