{"image": "3340998b-1aaf-11ef-95c6-bd5cfcf36af4.jpg", "bboxes": [0.07068557919621743, 0.29943262411347527, 0.5482269503546099, 0.8679905437352246], "class": 2}