{"image": "3340998b-1aaf-11ef-95c6-bd5cfcf36af4.jpg", "bboxes": [0.24510638297872345, 0.13645390070921992, 0.7226477541371159, 0.7050118203309692], "class": 2}