{"image": "3340998b-1aaf-11ef-95c6-bd5cfcf36af4.jpg", "bboxes": [0.3084633569739952, 0.1564539007092198, 0.7860047281323876, 0.7250118203309692], "class": 2}