{"image": "3340998b-1aaf-11ef-95c6-bd5cfcf36af4.jpg", "bboxes": [0.31399527186761234, 0.24387706855791969, 0.7915366430260048, 0.812434988179669], "class": 2}