{"image": "33911926-1aaf-11ef-909e-bd5cfcf36af4.jpg", "bboxes": [0.4415602836879432, 0.3586761229314421, 0.7949881796690308, 0.7286524822695036], "class": 2}