{"image": "33911926-1aaf-11ef-909e-bd5cfcf36af4.jpg", "bboxes": [0.3482269503546099, 0.3564539007092199, 0.7016548463356974, 0.7264302600472814], "class": 2}