{"image": "33911926-1aaf-11ef-909e-bd5cfcf36af4.jpg", "bboxes": [0.102789598108747, 0.3586761229314421, 0.4562174940898346, 0.7286524822695036], "class": 2}