{"image": "33911926-1aaf-11ef-909e-bd5cfcf36af4.jpg", "bboxes": [0.5948936170212765, 0.3608983451536643, 0.9483215130023641, 0.7308747044917258], "class": 2}