{"image": "33911926-1aaf-11ef-909e-bd5cfcf36af4.jpg", "bboxes": [0.29489361702127653, 0.32534278959810875, 0.6483215130023641, 0.6953191489361702], "class": 2}