{"image": "33911926-1aaf-11ef-909e-bd5cfcf36af4.jpg", "bboxes": [0.25933806146572097, 0.35423167848699766, 0.6127659574468085, 0.7242080378250592], "class": 2}