{"image": "33911926-1aaf-11ef-909e-bd5cfcf36af4.jpg", "bboxes": [0.3050118203309693, 0.3297872340425532, 0.6584397163120568, 0.6997635933806147], "class": 2}