{"image": "33911926-1aaf-11ef-909e-bd5cfcf36af4.jpg", "bboxes": [0.04501182033096929, 0.36312056737588655, 0.39843971631205677, 0.733096926713948], "class": 2}