{"image": "33911926-1aaf-11ef-909e-bd5cfcf36af4.jpg", "bboxes": [0.5060047281323876, 0.2964539007092199, 0.8594326241134752, 0.6664302600472813], "class": 2}