{"image": "33911926-1aaf-11ef-909e-bd5cfcf36af4.jpg", "bboxes": [0.39267139479905433, 0.34312056737588653, 0.7460992907801418, 0.713096926713948], "class": 2}