{"image": "33911926-1aaf-11ef-909e-bd5cfcf36af4.jpg", "bboxes": [0.26501182033096926, 0.2913475177304964, 0.6184397163120567, 0.6613238770685579], "class": 2}