{"image": "33911926-1aaf-11ef-909e-bd5cfcf36af4.jpg", "bboxes": [0.30723404255319153, 0.3497872340425532, 0.660661938534279, 0.7197635933806147], "class": 2}