{"image": "33911926-1aaf-11ef-909e-bd5cfcf36af4.jpg", "bboxes": [0.5460047281323877, 0.2735697399527186, 0.8994326241134751, 0.6435460992907801], "class": 2}