{"image": "33911926-1aaf-11ef-909e-bd5cfcf36af4.jpg", "bboxes": [0.6126713947990543, 0.28912529550827415, 0.9660992907801419, 0.6591016548463358], "class": 2}