{"image": "33911926-1aaf-11ef-909e-bd5cfcf36af4.jpg", "bboxes": [0.5282269503546099, 0.286903073286052, 0.8816548463356975, 0.6568794326241134], "class": 2}