{"image": "33911926-1aaf-11ef-909e-bd5cfcf36af4.jpg", "bboxes": [0.4371158392434988, 0.266903073286052, 0.7905437352245863, 0.6368794326241134], "class": 2}