{"image": "33911926-1aaf-11ef-909e-bd5cfcf36af4.jpg", "bboxes": [0.5815602836879432, 0.3224586288416075, 0.9349881796690307, 0.692434988179669], "class": 2}