{"image": "33911926-1aaf-11ef-909e-bd5cfcf36af4.jpg", "bboxes": [0.2815602836879432, 0.32312056737588657, 0.6349881796690308, 0.6930969267139481], "class": 2}