{"image": "33911926-1aaf-11ef-909e-bd5cfcf36af4.jpg", "bboxes": [0.27834515366430257, 0.28912529550827415, 0.6317730496453902, 0.6591016548463358], "class": 2}