{"image": "33911926-1aaf-11ef-909e-bd5cfcf36af4.jpg", "bboxes": [0.5504491725768321, 0.32089834515366433, 0.9038770685579196, 0.6908747044917258], "class": 2}