{"image": "33911926-1aaf-11ef-909e-bd5cfcf36af4.jpg", "bboxes": [0.35711583924349877, 0.3246808510638297, 0.7105437352245862, 0.6946572104018912], "class": 2}