{"image": "33911926-1aaf-11ef-909e-bd5cfcf36af4.jpg", "bboxes": [0.5526713947990544, 0.3008983451536643, 0.9060992907801418, 0.6708747044917258], "class": 2}