{"image": "33911926-1aaf-11ef-909e-bd5cfcf36af4.jpg", "bboxes": [0.33489361702127657, 0.347565011820331, 0.6883215130023641, 0.7175413711583924], "class": 2}