{"image": "33911926-1aaf-11ef-909e-bd5cfcf36af4.jpg", "bboxes": [0.31612293144208037, 0.33423167848699764, 0.6695508274231678, 0.7042080378250591], "class": 2}