{"image": "33911926-1aaf-11ef-909e-bd5cfcf36af4.jpg", "bboxes": [0.04501182033096929, 0.31356973995271864, 0.39843971631205677, 0.6835460992907801], "class": 2}