{"image": "33911926-1aaf-11ef-909e-bd5cfcf36af4.jpg", "bboxes": [0.4326713947990543, 0.32023640661938535, 0.7860992907801418, 0.6902127659574467], "class": 2}