{"image": "33911926-1aaf-11ef-909e-bd5cfcf36af4.jpg", "bboxes": [0.2983451536643026, 0.34312056737588653, 0.6517730496453902, 0.713096926713948], "class": 2}