{"image": "33911926-1aaf-11ef-909e-bd5cfcf36af4.jpg", "bboxes": [0.0, 0.30312056737588655, 0.3228841607565013, 0.673096926713948], "class": 2}