{"image": "33911926-1aaf-11ef-909e-bd5cfcf36af4.jpg", "bboxes": [0.26501182033096926, 0.3246808510638297, 0.6184397163120567, 0.6946572104018912], "class": 2}