{"image": "33911926-1aaf-11ef-909e-bd5cfcf36af4.jpg", "bboxes": [0.1605673758865248, 0.3586761229314421, 0.5139952718676124, 0.7286524822695036], "class": 2}