{"image": "33911926-1aaf-11ef-909e-bd5cfcf36af4.jpg", "bboxes": [0.28600472813238764, 0.34534278959810877, 0.6394326241134752, 0.7153191489361702], "class": 2}