{"image": "33911926-1aaf-11ef-909e-bd5cfcf36af4.jpg", "bboxes": [0.4304491725768321, 0.27579196217494084, 0.7838770685579196, 0.6457683215130023], "class": 2}