{"image": "33911926-1aaf-11ef-909e-bd5cfcf36af4.jpg", "bboxes": [0.40378250591016546, 0.32690307328605195, 0.757210401891253, 0.6968794326241134], "class": 2}