{"image": "33911926-1aaf-11ef-909e-bd5cfcf36af4.jpg", "bboxes": [0.31489361702127655, 0.3586761229314421, 0.6683215130023641, 0.7286524822695036], "class": 2}