{"image": "33911926-1aaf-11ef-909e-bd5cfcf36af4.jpg", "bboxes": [0.15612293144208034, 0.3113475177304964, 0.5095508274231679, 0.6813238770685579], "class": 2}