{"image": "33911926-1aaf-11ef-909e-bd5cfcf36af4.jpg", "bboxes": [0.34600472813238764, 0.26912529550827424, 0.6994326241134752, 0.6391016548463359], "class": 2}