{"image": "33911926-1aaf-11ef-909e-bd5cfcf36af4.jpg", "bboxes": [0.033900709219858105, 0.3246808510638297, 0.3873286052009457, 0.6946572104018912], "class": 2}