{"image": "33911926-1aaf-11ef-909e-bd5cfcf36af4.jpg", "bboxes": [0.3171158392434988, 0.30245862884160757, 0.6705437352245863, 0.672434988179669], "class": 2}