{"image": "33911926-1aaf-11ef-909e-bd5cfcf36af4.jpg", "bboxes": [0.4282269503546099, 0.2964539007092199, 0.7816548463356974, 0.6664302600472813], "class": 2}