{"image": "33911926-1aaf-11ef-909e-bd5cfcf36af4.jpg", "bboxes": [0.3250118203309693, 0.31200945626477544, 0.6784397163120568, 0.6819858156028369], "class": 2}