{"image": "33911926-1aaf-11ef-909e-bd5cfcf36af4.jpg", "bboxes": [0.619338061465721, 0.31645390070921986, 0.9727659574468085, 0.6864302600472814], "class": 2}