{"image": "33911926-1aaf-11ef-909e-bd5cfcf36af4.jpg", "bboxes": [0.37489361702127655, 0.34312056737588653, 0.728321513002364, 0.713096926713948], "class": 2}