{"image": "33911926-1aaf-11ef-909e-bd5cfcf36af4.jpg", "bboxes": [0.16278959810874705, 0.2913475177304964, 0.5162174940898345, 0.6613238770685579], "class": 2}