{"image": "33911926-1aaf-11ef-909e-bd5cfcf36af4.jpg", "bboxes": [0.32723404255319144, 0.2735697399527186, 0.680661938534279, 0.6435460992907801], "class": 2}