{"image": "33911926-1aaf-11ef-909e-bd5cfcf36af4.jpg", "bboxes": [0.6148936170212765, 0.27134751773049637, 0.968321513002364, 0.6413238770685579], "class": 2}