{"image": "33911926-1aaf-11ef-909e-bd5cfcf36af4.jpg", "bboxes": [0.16501182033096928, 0.3180141843971631, 0.5184397163120568, 0.6879905437352245], "class": 2}