{"image": "33911926-1aaf-11ef-909e-bd5cfcf36af4.jpg", "bboxes": [0.2605673758865248, 0.30756501182033097, 0.6139952718676123, 0.6775413711583925], "class": 2}