{"image": "33911926-1aaf-11ef-909e-bd5cfcf36af4.jpg", "bboxes": [0.0022222222222222365, 0.3113475177304964, 0.3317730496453901, 0.6813238770685579], "class": 2}