{"image": "33911926-1aaf-11ef-909e-bd5cfcf36af4.jpg", "bboxes": [0.058345153664302596, 0.30023640661938533, 0.4117730496453901, 0.6702127659574468], "class": 2}