{"image": "33911926-1aaf-11ef-909e-bd5cfcf36af4.jpg", "bboxes": [0.2926713947990543, 0.3180141843971631, 0.6460992907801418, 0.6879905437352244], "class": 2}