{"image": "33911926-1aaf-11ef-909e-bd5cfcf36af4.jpg", "bboxes": [0.12278959810874701, 0.3113475177304964, 0.4762174940898346, 0.6813238770685579], "class": 2}