{"image": "33911926-1aaf-11ef-909e-bd5cfcf36af4.jpg", "bboxes": [0.16723404255319152, 0.32534278959810875, 0.520661938534279, 0.6953191489361702], "class": 2}