{"image": "33911926-1aaf-11ef-909e-bd5cfcf36af4.jpg", "bboxes": [0.18723404255319143, 0.2780141843971631, 0.540661938534279, 0.6479905437352246], "class": 2}