{"image": "33911926-1aaf-11ef-909e-bd5cfcf36af4.jpg", "bboxes": [0.5326713947990543, 0.327565011820331, 0.8860992907801418, 0.6975413711583924], "class": 2}