{"image": "33911926-1aaf-11ef-909e-bd5cfcf36af4.jpg", "bboxes": [0.33711583924349875, 0.28245862884160755, 0.6905437352245863, 0.6524349881796689], "class": 2}