{"image": "33911926-1aaf-11ef-909e-bd5cfcf36af4.jpg", "bboxes": [0.6771158392434987, 0.32534278959810875, 1.0, 0.6953191489361702], "class": 2}