{"image": "33911926-1aaf-11ef-909e-bd5cfcf36af4.jpg", "bboxes": [0.5482269503546099, 0.3408983451536643, 0.9016548463356974, 0.7108747044917259], "class": 2}