{"image": "33911926-1aaf-11ef-909e-bd5cfcf36af4.jpg", "bboxes": [0.479338061465721, 0.3008983451536643, 0.8327659574468085, 0.6708747044917258], "class": 2}