{"image": "33911926-1aaf-11ef-909e-bd5cfcf36af4.jpg", "bboxes": [0.6015602836879432, 0.3157919621749409, 0.9549881796690307, 0.6857683215130024], "class": 2}