{"image": "33911926-1aaf-11ef-909e-bd5cfcf36af4.jpg", "bboxes": [0.22723404255319146, 0.3246808510638297, 0.580661938534279, 0.6946572104018912], "class": 2}