{"image": "33911926-1aaf-11ef-909e-bd5cfcf36af4.jpg", "bboxes": [0.2361229314420804, 0.32089834515366433, 0.5895508274231679, 0.6908747044917258], "class": 2}