{"image": "33911926-1aaf-11ef-909e-bd5cfcf36af4.jpg", "bboxes": [0.17612293144208038, 0.3364539007092199, 0.529550827423168, 0.7064302600472814], "class": 2}