{"image": "33911926-1aaf-11ef-909e-bd5cfcf36af4.jpg", "bboxes": [0.30600472813238766, 0.3564539007092199, 0.6594326241134751, 0.7264302600472814], "class": 2}