{"image": "33911926-1aaf-11ef-909e-bd5cfcf36af4.jpg", "bboxes": [0.13612293144208032, 0.3408983451536643, 0.4895508274231679, 0.7108747044917259], "class": 2}