{"image": "33911926-1aaf-11ef-909e-bd5cfcf36af4.jpg", "bboxes": [0.3682269503546099, 0.3113475177304964, 0.7216548463356974, 0.6813238770685579], "class": 2}