{"image": "33911926-1aaf-11ef-909e-bd5cfcf36af4.jpg", "bboxes": [0.27612293144208033, 0.3142316784869977, 0.6295508274231679, 0.6842080378250591], "class": 2}