{"image": "33911926-1aaf-11ef-909e-bd5cfcf36af4.jpg", "bboxes": [0.2837825059101654, 0.33356973995271866, 0.637210401891253, 0.70354609929078], "class": 2}