{"image": "33911926-1aaf-11ef-909e-bd5cfcf36af4.jpg", "bboxes": [0.28600472813238764, 0.3186761229314421, 0.6394326241134752, 0.6886524822695036], "class": 2}