{"image": "33911926-1aaf-11ef-909e-bd5cfcf36af4.jpg", "bboxes": [0.2615602836879432, 0.2735697399527186, 0.6149881796690307, 0.6435460992907801], "class": 2}