{"image": "33911926-1aaf-11ef-909e-bd5cfcf36af4.jpg", "bboxes": [0.33489361702127657, 0.3113475177304964, 0.6883215130023641, 0.6813238770685579], "class": 2}