{"image": "33911926-1aaf-11ef-909e-bd5cfcf36af4.jpg", "bboxes": [0.011678486997635962, 0.3291252955082742, 0.36510638297872344, 0.6991016548463357], "class": 2}