{"image": "33911926-1aaf-11ef-909e-bd5cfcf36af4.jpg", "bboxes": [0.09834515366430262, 0.3046808510638298, 0.4517730496453901, 0.6746572104018913], "class": 2}