{"image": "33e1c68b-1aaf-11ef-a3e3-bd5cfcf36af4.jpg", "bboxes": [0.40992907801418443, 0.3285106382978724, 0.7609929078014184, 0.7221276595744681], "class": 2}