{"image": "33e1c68b-1aaf-11ef-a3e3-bd5cfcf36af4.jpg", "bboxes": [0.4143735224586289, 0.2862884160756502, 0.7654373522458628, 0.679905437352246], "class": 2}