{"image": "33e1c68b-1aaf-11ef-a3e3-bd5cfcf36af4.jpg", "bboxes": [0.050118203309692744, 0.31342789598108745, 0.4011820330969267, 0.7070449172576831], "class": 2}