{"image": "33e1c68b-1aaf-11ef-a3e3-bd5cfcf36af4.jpg", "bboxes": [0.18567375886524828, 0.3178723404255318, 0.5367375886524822, 0.7114893617021276], "class": 2}