{"image": "33e1c68b-1aaf-11ef-a3e3-bd5cfcf36af4.jpg", "bboxes": [0.0412293144208038, 0.3112056737588652, 0.39229314420803774, 0.7048226950354609], "class": 2}