{"image": "33e1c68b-1aaf-11ef-a3e3-bd5cfcf36af4.jpg", "bboxes": [0.2745626477541372, 0.2978723404255319, 0.6256264775413711, 0.6914893617021276], "class": 2}