{"image": "33e1c68b-1aaf-11ef-a3e3-bd5cfcf36af4.jpg", "bboxes": [0.38548463356974, 0.30184397163120574, 0.736548463356974, 0.6954609929078015], "class": 2}