{"image": "33e1c68b-1aaf-11ef-a3e3-bd5cfcf36af4.jpg", "bboxes": [0.3721513002364067, 0.3178723404255318, 0.7232151300236406, 0.7114893617021276], "class": 2}