{"image": "33e1c68b-1aaf-11ef-a3e3-bd5cfcf36af4.jpg", "bboxes": [0.3143735224586289, 0.33962174940898354, 0.6654373522458629, 0.7332387706855793], "class": 2}