{"image": "33e1c68b-1aaf-11ef-a3e3-bd5cfcf36af4.jpg", "bboxes": [0.4877068557919622, 0.28898345153664295, 0.8387706855791962, 0.6826004728132387], "class": 2}