{"image": "33e1c68b-1aaf-11ef-a3e3-bd5cfcf36af4.jpg", "bboxes": [0.6499290780141844, 0.29295508274231685, 0.9977777777777778, 0.6865721040189126], "class": 2}