{"image": "33e1c68b-1aaf-11ef-a3e3-bd5cfcf36af4.jpg", "bboxes": [0.5121513002364066, 0.28231678486997624, 0.8632151300236406, 0.6759338061465721], "class": 2}