{"image": "33e1c68b-1aaf-11ef-a3e3-bd5cfcf36af4.jpg", "bboxes": [0.292340425531915, 0.3373995271867613, 0.6434042553191489, 0.7310165484633571], "class": 2}