{"image": "33e1c68b-1aaf-11ef-a3e3-bd5cfcf36af4.jpg", "bboxes": [0.3343735224586289, 0.27565011820330965, 0.6854373522458629, 0.6692671394799053], "class": 2}