{"image": "33e1c68b-1aaf-11ef-a3e3-bd5cfcf36af4.jpg", "bboxes": [0.3323404255319149, 0.30676122931442074, 0.6834042553191488, 0.7003782505910165], "class": 2}