{"image": "33e1c68b-1aaf-11ef-a3e3-bd5cfcf36af4.jpg", "bboxes": [0.1301182033096927, 0.2867612293144207, 0.48118203309692664, 0.6803782505910165], "class": 2}