{"image": "33e1c68b-1aaf-11ef-a3e3-bd5cfcf36af4.jpg", "bboxes": [0.312340425531915, 0.29295508274231685, 0.6634042553191488, 0.6865721040189126], "class": 2}