{"image": "33e1c68b-1aaf-11ef-a3e3-bd5cfcf36af4.jpg", "bboxes": [0.6810401891252955, 0.31517730496453905, 0.9977777777777778, 0.7087943262411348], "class": 2}