{"image": "33e1c68b-1aaf-11ef-a3e3-bd5cfcf36af4.jpg", "bboxes": [0.32770685579196224, 0.30231678486997626, 0.6787706855791962, 0.6959338061465721], "class": 2}