{"image": "33e1c68b-1aaf-11ef-a3e3-bd5cfcf36af4.jpg", "bboxes": [0.11456264775413716, 0.27962174940898354, 0.4656264775413711, 0.6732387706855792], "class": 2}