{"image": "33e1c68b-1aaf-11ef-a3e3-bd5cfcf36af4.jpg", "bboxes": [0.5477068557919622, 0.2778723404255319, 0.8987706855791961, 0.6714893617021275], "class": 2}