{"image": "33e1c68b-1aaf-11ef-a3e3-bd5cfcf36af4.jpg", "bboxes": [0.23900709219858163, 0.2734278959810874, 0.5900709219858156, 0.6670449172576831], "class": 2}