{"image": "33e1c68b-1aaf-11ef-a3e3-bd5cfcf36af4.jpg", "bboxes": [0.30992907801418446, 0.3112056737588652, 0.6609929078014184, 0.7048226950354609], "class": 2}