{"image": "33e1c68b-1aaf-11ef-a3e3-bd5cfcf36af4.jpg", "bboxes": [0.40992907801418443, 0.33962174940898354, 0.7609929078014184, 0.7332387706855793], "class": 2}