{"image": "33e1c68b-1aaf-11ef-a3e3-bd5cfcf36af4.jpg", "bboxes": [0.6588179669030734, 0.32184397163120576, 1.0, 0.7154609929078015], "class": 2}