{"image": "33e1c68b-1aaf-11ef-a3e3-bd5cfcf36af4.jpg", "bboxes": [0.15011820330969272, 0.2862884160756502, 0.5011820330969267, 0.679905437352246], "class": 2}