{"image": "33e1c68b-1aaf-11ef-a3e3-bd5cfcf36af4.jpg", "bboxes": [0.0, 0.308983451536643, 0.3456264775413711, 0.7026004728132387], "class": 2}