{"image": "33e1c68b-1aaf-11ef-a3e3-bd5cfcf36af4.jpg", "bboxes": [0.005673758865248235, 0.2912056737588652, 0.3567375886524822, 0.684822695035461], "class": 2}