{"image": "33e1c68b-1aaf-11ef-a3e3-bd5cfcf36af4.jpg", "bboxes": [0.6365957446808511, 0.32406619385342794, 0.987659574468085, 0.7176832151300238], "class": 2}