{"image": "33e1c68b-1aaf-11ef-a3e3-bd5cfcf36af4.jpg", "bboxes": [0.43437352245862887, 0.2818439716312057, 0.7854373522458629, 0.6754609929078015], "class": 2}