{"image": "33e1c68b-1aaf-11ef-a3e3-bd5cfcf36af4.jpg", "bboxes": [0.4365957446808511, 0.3373995271867613, 0.7876595744680851, 0.7310165484633571], "class": 2}