{"image": "33e1c68b-1aaf-11ef-a3e3-bd5cfcf36af4.jpg", "bboxes": [0.5077068557919622, 0.2712056737588652, 0.8587706855791962, 0.664822695035461], "class": 2}