{"image": "33e1c68b-1aaf-11ef-a3e3-bd5cfcf36af4.jpg", "bboxes": [0.6677068557919622, 0.32898345153664293, 0.9977777777777778, 0.7226004728132387], "class": 2}