{"image": "33e1c68b-1aaf-11ef-a3e3-bd5cfcf36af4.jpg", "bboxes": [0.5721513002364067, 0.27517730496453907, 0.9232151300236406, 0.6687943262411348], "class": 2}