{"image": "33e1c68b-1aaf-11ef-a3e3-bd5cfcf36af4.jpg", "bboxes": [0.2256737588652483, 0.2951773049645391, 0.5767375886524821, 0.6887943262411348], "class": 2}