{"image": "33e1c68b-1aaf-11ef-a3e3-bd5cfcf36af4.jpg", "bboxes": [0.3521513002364067, 0.26453900709219846, 0.7032151300236407, 0.6581560283687943], "class": 2}