{"image": "33e1c68b-1aaf-11ef-a3e3-bd5cfcf36af4.jpg", "bboxes": [0.6410401891252956, 0.2818439716312057, 0.9921040189125295, 0.6754609929078015], "class": 2}