{"image": "33e1c68b-1aaf-11ef-a3e3-bd5cfcf36af4.jpg", "bboxes": [0.143451536643026, 0.3223167848699763, 0.49451536643025995, 0.7159338061465721], "class": 2}