{"image": "33e1c68b-1aaf-11ef-a3e3-bd5cfcf36af4.jpg", "bboxes": [0.30104018912529557, 0.33517730496453907, 0.6521040189125296, 0.7287943262411348], "class": 2}