{"image": "33e1c68b-1aaf-11ef-a3e3-bd5cfcf36af4.jpg", "bboxes": [0.6077068557919623, 0.3262884160756502, 0.9587706855791962, 0.7199054373522459], "class": 2}