{"image": "33e1c68b-1aaf-11ef-a3e3-bd5cfcf36af4.jpg", "bboxes": [0.312340425531915, 0.2667612293144207, 0.6634042553191488, 0.6603782505910165], "class": 2}