{"image": "33e1c68b-1aaf-11ef-a3e3-bd5cfcf36af4.jpg", "bboxes": [0.33678486997635937, 0.30231678486997626, 0.6878486997635933, 0.6959338061465721], "class": 2}