{"image": "33e1c68b-1aaf-11ef-a3e3-bd5cfcf36af4.jpg", "bboxes": [0.30104018912529557, 0.30628841607565016, 0.6521040189125296, 0.699905437352246], "class": 2}