{"image": "33e1c68b-1aaf-11ef-a3e3-bd5cfcf36af4.jpg", "bboxes": [0.09678486997635938, 0.2934278959810874, 0.4478486997635933, 0.6870449172576831], "class": 2}