{"image": "33e1c68b-1aaf-11ef-a3e3-bd5cfcf36af4.jpg", "bboxes": [0.24567375886524823, 0.33295508274231683, 0.5967375886524822, 0.7265721040189126], "class": 2}