{"image": "33e1c68b-1aaf-11ef-a3e3-bd5cfcf36af4.jpg", "bboxes": [0.0, 0.3196217494089835, 0.31007092198581554, 0.7132387706855793], "class": 2}