{"image": "33e1c68b-1aaf-11ef-a3e3-bd5cfcf36af4.jpg", "bboxes": [0.10345153664302609, 0.29565011820330966, 0.45451536643026, 0.6892671394799054], "class": 2}