{"image": "33e1c68b-1aaf-11ef-a3e3-bd5cfcf36af4.jpg", "bboxes": [0.3299290780141844, 0.2973995271867613, 0.6809929078014184, 0.691016548463357], "class": 2}