{"image": "33e1c68b-1aaf-11ef-a3e3-bd5cfcf36af4.jpg", "bboxes": [0.4921513002364067, 0.3085106382978724, 0.8432151300236406, 0.7021276595744681], "class": 2}