{"image": "33e1c68b-1aaf-11ef-a3e3-bd5cfcf36af4.jpg", "bboxes": [0.5921513002364067, 0.3262884160756502, 0.9432151300236407, 0.7199054373522459], "class": 2}