{"image": "33e1c68b-1aaf-11ef-a3e3-bd5cfcf36af4.jpg", "bboxes": [0.21456264775413714, 0.3262884160756502, 0.5656264775413711, 0.7199054373522459], "class": 2}