{"image": "33e1c68b-1aaf-11ef-a3e3-bd5cfcf36af4.jpg", "bboxes": [0.10122931442080385, 0.2778723404255319, 0.4522931442080378, 0.6714893617021275], "class": 2}