{"image": "33e1c68b-1aaf-11ef-a3e3-bd5cfcf36af4.jpg", "bboxes": [0.29881796690307333, 0.32898345153664293, 0.6498817966903073, 0.7226004728132387], "class": 2}