{"image": "33e1c68b-1aaf-11ef-a3e3-bd5cfcf36af4.jpg", "bboxes": [0.2877068557919622, 0.28851063829787243, 0.6387706855791961, 0.6821276595744682], "class": 2}