{"image": "33e1c68b-1aaf-11ef-a3e3-bd5cfcf36af4.jpg", "bboxes": [0.1990070921985816, 0.32184397163120576, 0.5500709219858155, 0.7154609929078015], "class": 2}