{"image": "33e1c68b-1aaf-11ef-a3e3-bd5cfcf36af4.jpg", "bboxes": [0.11456264775413716, 0.2996217494089835, 0.4656264775413711, 0.6932387706855793], "class": 2}