{"image": "34328446-1aaf-11ef-b17f-bd5cfcf36af4.jpg", "bboxes": [0.5998108747044916, 0.18193853427895978, 1.0, 0.7043971631205673], "class": 2}