{"image": "34328446-1aaf-11ef-b17f-bd5cfcf36af4.jpg", "bboxes": [0.21011820330969289, 0.2956028368794327, 0.655744680851064, 0.8180614657210402], "class": 2}