{"image": "34328446-1aaf-11ef-b17f-bd5cfcf36af4.jpg", "bboxes": [0.46425531914893603, 0.3200472813238771, 0.9098817966903071, 0.8425059101654847], "class": 2}