{"image": "34328446-1aaf-11ef-b17f-bd5cfcf36af4.jpg", "bboxes": [0.0, 0.18860520094562638, 0.3468557919621751, 0.711063829787234], "class": 2}