{"image": "34328446-1aaf-11ef-b17f-bd5cfcf36af4.jpg", "bboxes": [0.6486997635933804, 0.3467139479905438, 1.0, 0.8691725768321513], "class": 2}