{"image": "34328446-1aaf-11ef-b17f-bd5cfcf36af4.jpg", "bboxes": [0.09678486997635949, 0.31782505910165487, 0.5424113475177306, 0.8402836879432625], "class": 2}