{"image": "34328446-1aaf-11ef-b17f-bd5cfcf36af4.jpg", "bboxes": [0.0, 0.3000472813238771, 0.40241134751773067, 0.8225059101654847], "class": 2}