{"image": "34328446-1aaf-11ef-b17f-bd5cfcf36af4.jpg", "bboxes": [0.141229314420804, 0.17971631205673755, 0.5868557919621751, 0.7021749408983451], "class": 2}