{"image": "34328446-1aaf-11ef-b17f-bd5cfcf36af4.jpg", "bboxes": [0.4731442080378249, 0.17971631205673755, 0.9187706855791961, 0.7021749408983451], "class": 2}