{"image": "34328446-1aaf-11ef-b17f-bd5cfcf36af4.jpg", "bboxes": [0.5464775413711582, 0.2911583924349882, 0.9921040189125294, 0.8136170212765959], "class": 2}