{"image": "34328446-1aaf-11ef-b17f-bd5cfcf36af4.jpg", "bboxes": [0.0022222222222222365, 0.13304964539007091, 0.3846335697399529, 0.6555082742316786], "class": 2}