{"image": "34328446-1aaf-11ef-b17f-bd5cfcf36af4.jpg", "bboxes": [0.47092198581560274, 0.29338061465721044, 0.9165484633569738, 0.815839243498818], "class": 2}