{"image": "34328446-1aaf-11ef-b17f-bd5cfcf36af4.jpg", "bboxes": [0.4131442080378249, 0.15527186761229306, 0.858770685579196, 0.6777304964539006], "class": 2}