{"image": "34328446-1aaf-11ef-b17f-bd5cfcf36af4.jpg", "bboxes": [0.09234042553191502, 0.14193853427895975, 0.5379669030732861, 0.6643971631205674], "class": 2}