{"image": "34328446-1aaf-11ef-b17f-bd5cfcf36af4.jpg", "bboxes": [0.5420330969267139, 0.15527186761229306, 0.9876595744680849, 0.6777304964539006], "class": 2}