{"image": "34328446-1aaf-11ef-b17f-bd5cfcf36af4.jpg", "bboxes": [0.13900709219858176, 0.19304964539007086, 0.5846335697399528, 0.7155082742316785], "class": 2}