{"image": "34328446-1aaf-11ef-b17f-bd5cfcf36af4.jpg", "bboxes": [0.6286997635933805, 0.308936170212766, 1.0, 0.8313947990543736], "class": 2}