{"image": "34328446-1aaf-11ef-b17f-bd5cfcf36af4.jpg", "bboxes": [0.04122931442080391, 0.15304964539007082, 0.4868557919621751, 0.6755082742316785], "class": 2}