{"image": "34328446-1aaf-11ef-b17f-bd5cfcf36af4.jpg", "bboxes": [0.5953664302600472, 0.17304964539007084, 0.9977777777777778, 0.6955082742316785], "class": 2}