{"image": "34328446-1aaf-11ef-b17f-bd5cfcf36af4.jpg", "bboxes": [0.4220330969267138, 0.33560283687943265, 0.867659574468085, 0.8580614657210403], "class": 2}