{"image": "34328446-1aaf-11ef-b17f-bd5cfcf36af4.jpg", "bboxes": [0.0022222222222222365, 0.16860520094562637, 0.40907801418439727, 0.6910638297872341], "class": 2}