{"image": "34328446-1aaf-11ef-b17f-bd5cfcf36af4.jpg", "bboxes": [0.0, 0.14860520094562646, 0.3935224586288417, 0.671063829787234], "class": 2}