{"image": "34328446-1aaf-11ef-b17f-bd5cfcf36af4.jpg", "bboxes": [0.21456264775413725, 0.17304964539007084, 0.6601891252955083, 0.6955082742316785], "class": 2}