{"image": "34328446-1aaf-11ef-b17f-bd5cfcf36af4.jpg", "bboxes": [0.593144208037825, 0.31560283687943264, 1.0, 0.8380614657210402], "class": 2}