{"image": "34328446-1aaf-11ef-b17f-bd5cfcf36af4.jpg", "bboxes": [0.5220330969267138, 0.3022695035460993, 0.9676595744680849, 0.8247281323877069], "class": 2}