{"image": "34328446-1aaf-11ef-b17f-bd5cfcf36af4.jpg", "bboxes": [0.6464775413711583, 0.18416075650118202, 1.0, 0.7066193853427896], "class": 2}