{"image": "34328446-1aaf-11ef-b17f-bd5cfcf36af4.jpg", "bboxes": [0.0022222222222222365, 0.3467139479905438, 0.40241134751773067, 0.8691725768321513], "class": 2}