{"image": "34328446-1aaf-11ef-b17f-bd5cfcf36af4.jpg", "bboxes": [0.2301182033096928, 0.33115839243498824, 0.6757446808510639, 0.8536170212765958], "class": 2}