{"image": "34328446-1aaf-11ef-b17f-bd5cfcf36af4.jpg", "bboxes": [0.0, 0.13527186761229304, 0.37574468085106394, 0.6577304964539007], "class": 2}