{"image": "34328446-1aaf-11ef-b17f-bd5cfcf36af4.jpg", "bboxes": [0.7020330969267138, 0.32226950354609935, 0.9977777777777778, 0.8447281323877069], "class": 2}