{"image": "34328446-1aaf-11ef-b17f-bd5cfcf36af4.jpg", "bboxes": [0.42869976359338047, 0.13082742316784868, 0.8743262411347515, 0.6532860520094562], "class": 2}