{"image": "34328446-1aaf-11ef-b17f-bd5cfcf36af4.jpg", "bboxes": [0.31314420803782494, 0.29338061465721044, 0.758770685579196, 0.815839243498818], "class": 2}