{"image": "34328446-1aaf-11ef-b17f-bd5cfcf36af4.jpg", "bboxes": [0.0022222222222222365, 0.1397163120567375, 0.3090780141843973, 0.662174940898345], "class": 2}