{"image": "34328446-1aaf-11ef-b17f-bd5cfcf36af4.jpg", "bboxes": [0.0022222222222222365, 0.14638297872340422, 0.3913002364066195, 0.6688416075650118], "class": 2}