{"image": "34328446-1aaf-11ef-b17f-bd5cfcf36af4.jpg", "bboxes": [0.22122931442080396, 0.1508274231678487, 0.666855791962175, 0.6732860520094563], "class": 2}