{"image": "34328446-1aaf-11ef-b17f-bd5cfcf36af4.jpg", "bboxes": [0.1034515366430262, 0.2867139479905438, 0.5490780141843973, 0.8091725768321514], "class": 2}