{"image": "34328446-1aaf-11ef-b17f-bd5cfcf36af4.jpg", "bboxes": [0.4575886524822694, 0.29338061465721044, 0.9032151300236405, 0.815839243498818], "class": 2}