{"image": "34328446-1aaf-11ef-b17f-bd5cfcf36af4.jpg", "bboxes": [0.4820330969267138, 0.31560283687943264, 0.9276595744680849, 0.8380614657210402], "class": 2}