{"image": "34328446-1aaf-11ef-b17f-bd5cfcf36af4.jpg", "bboxes": [0.2367848699763595, 0.18416075650118205, 0.6824113475177307, 0.7066193853427895], "class": 2}