{"image": "34328446-1aaf-11ef-b17f-bd5cfcf36af4.jpg", "bboxes": [0.0022222222222222365, 0.18193853427895978, 0.2868557919621751, 0.7043971631205673], "class": 2}