{"image": "34328446-1aaf-11ef-b17f-bd5cfcf36af4.jpg", "bboxes": [0.02345153664302613, 0.3333806146572104, 0.46907801418439726, 0.855839243498818], "class": 2}