{"image": "34328446-1aaf-11ef-b17f-bd5cfcf36af4.jpg", "bboxes": [0.2501182033096928, 0.30671394799054374, 0.695744680851064, 0.8291725768321514], "class": 2}