{"image": "34328446-1aaf-11ef-b17f-bd5cfcf36af4.jpg", "bboxes": [0.6553664302600472, 0.18416075650118205, 0.9977777777777778, 0.7066193853427895], "class": 2}