{"image": "34328446-1aaf-11ef-b17f-bd5cfcf36af4.jpg", "bboxes": [0.34425531914893603, 0.17527186761229308, 0.7898817966903071, 0.6977304964539006], "class": 2}