{"image": "34328446-1aaf-11ef-b17f-bd5cfcf36af4.jpg", "bboxes": [0.007895981087470583, 0.1774940898345153, 0.4535224586288418, 0.699952718676123], "class": 2}