{"image": "34328446-1aaf-11ef-b17f-bd5cfcf36af4.jpg", "bboxes": [0.11456264775413727, 0.14193853427895975, 0.5601891252955085, 0.6643971631205674], "class": 2}