{"image": "34328446-1aaf-11ef-b17f-bd5cfcf36af4.jpg", "bboxes": [0.3198108747044916, 0.14638297872340422, 0.7654373522458627, 0.6688416075650118], "class": 2}