{"image": "34328446-1aaf-11ef-b17f-bd5cfcf36af4.jpg", "bboxes": [0.33314420803782496, 0.33560283687943265, 0.778770685579196, 0.8580614657210403], "class": 2}