{"image": "34328446-1aaf-11ef-b17f-bd5cfcf36af4.jpg", "bboxes": [0.21456264775413725, 0.15971631205673753, 0.6601891252955083, 0.6821749408983451], "class": 2}