{"image": "34328446-1aaf-11ef-b17f-bd5cfcf36af4.jpg", "bboxes": [0.7086997635933805, 0.17971631205673755, 0.9977777777777778, 0.7021749408983451], "class": 2}