{"image": "34328446-1aaf-11ef-b17f-bd5cfcf36af4.jpg", "bboxes": [0.043451536643026145, 0.13749408983451528, 0.48907801418439734, 0.6599527186761229], "class": 2}