{"image": "34328446-1aaf-11ef-b17f-bd5cfcf36af4.jpg", "bboxes": [0.0, 0.3400472813238771, 0.3557446808510639, 0.8625059101654847], "class": 2}