{"image": "34328446-1aaf-11ef-b17f-bd5cfcf36af4.jpg", "bboxes": [0.1167848699763595, 0.13304964539007091, 0.5624113475177306, 0.6555082742316786], "class": 2}