{"image": "34328446-1aaf-11ef-b17f-bd5cfcf36af4.jpg", "bboxes": [0.5664775413711582, 0.1708274231678486, 0.9977777777777778, 0.6932860520094563], "class": 2}