{"image": "34328446-1aaf-11ef-b17f-bd5cfcf36af4.jpg", "bboxes": [0.1101182033096928, 0.3022695035460993, 0.555744680851064, 0.8247281323877069], "class": 2}