{"image": "34328446-1aaf-11ef-b17f-bd5cfcf36af4.jpg", "bboxes": [0.35536643026004716, 0.18638297872340415, 0.8009929078014183, 0.7088416075650118], "class": 2}