{"image": "34328446-1aaf-11ef-b17f-bd5cfcf36af4.jpg", "bboxes": [0.36869976359338047, 0.15527186761229306, 0.8143262411347516, 0.6777304964539006], "class": 2}