{"image": "34328446-1aaf-11ef-b17f-bd5cfcf36af4.jpg", "bboxes": [0.6886997635933805, 0.328936170212766, 1.0, 0.8513947990543735], "class": 2}