{"image": "34328446-1aaf-11ef-b17f-bd5cfcf36af4.jpg", "bboxes": [0.07456264775413723, 0.17527186761229308, 0.5201891252955084, 0.6977304964539006], "class": 2}