{"image": "34328446-1aaf-11ef-b17f-bd5cfcf36af4.jpg", "bboxes": [0.005673758865248346, 0.31338061465721045, 0.45130023640661954, 0.835839243498818], "class": 2}