{"image": "34328446-1aaf-11ef-b17f-bd5cfcf36af4.jpg", "bboxes": [0.2367848699763595, 0.16193853427895974, 0.6824113475177307, 0.6843971631205674], "class": 2}