{"image": "34328446-1aaf-11ef-b17f-bd5cfcf36af4.jpg", "bboxes": [0.22789598108747067, 0.3422695035460993, 0.6735224586288417, 0.864728132387707], "class": 2}