{"image": "34328446-1aaf-11ef-b17f-bd5cfcf36af4.jpg", "bboxes": [0.0022222222222222365, 0.1952718676122931, 0.37352245862884176, 0.7177304964539006], "class": 2}