{"image": "34328446-1aaf-11ef-b17f-bd5cfcf36af4.jpg", "bboxes": [0.4486997635933805, 0.2956028368794327, 0.8943262411347516, 0.8180614657210402], "class": 2}