{"image": "34328446-1aaf-11ef-b17f-bd5cfcf36af4.jpg", "bboxes": [0.0, 0.13082742316784868, 0.3090780141843973, 0.6532860520094562], "class": 2}