{"image": "34328446-1aaf-11ef-b17f-bd5cfcf36af4.jpg", "bboxes": [0.15234042553191507, 0.31338061465721045, 0.5979669030732861, 0.835839243498818], "class": 2}