{"image": "34328446-1aaf-11ef-b17f-bd5cfcf36af4.jpg", "bboxes": [0.7220330969267138, 0.13527186761229304, 1.0, 0.6577304964539007], "class": 2}