{"image": "3482a81d-1aaf-11ef-8a4d-bd5cfcf36af4.jpg", "bboxes": [0.08907801418439731, 0.3350354609929078, 0.6257210401891253, 0.8669503546099291], "class": 2}