{"image": "3482a81d-1aaf-11ef-8a4d-bd5cfcf36af4.jpg", "bboxes": [0.08685579196217508, 0.18416075650118205, 0.6234988179669031, 0.7160756501182033], "class": 2}