{"image": "3482a81d-1aaf-11ef-8a4d-bd5cfcf36af4.jpg", "bboxes": [0.45872340425531916, 0.14638297872340422, 0.9953664302600471, 0.6782978723404254], "class": 2}