{"image": "3482a81d-1aaf-11ef-8a4d-bd5cfcf36af4.jpg", "bboxes": [0.36983451536643025, 0.1952718676122931, 0.9064775413711583, 0.7271867612293144], "class": 2}