{"image": "3482a81d-1aaf-11ef-8a4d-bd5cfcf36af4.jpg", "bboxes": [0.48983451536643025, 0.19082742316784862, 0.9977777777777778, 0.7227423167848699], "class": 2}