{"image": "3482a81d-1aaf-11ef-8a4d-bd5cfcf36af4.jpg", "bboxes": [0.1268557919621751, 0.3217021276595745, 0.663498817966903, 0.8536170212765958], "class": 2}