{"image": "3482a81d-1aaf-11ef-8a4d-bd5cfcf36af4.jpg", "bboxes": [0.24983451536643025, 0.32392434988179675, 0.7864775413711582, 0.855839243498818], "class": 2}