{"image": "3482a81d-1aaf-11ef-8a4d-bd5cfcf36af4.jpg", "bboxes": [0.3053900709219858, 0.164160756501182, 0.8420330969267138, 0.6960756501182032], "class": 2}