{"image": "3482a81d-1aaf-11ef-8a4d-bd5cfcf36af4.jpg", "bboxes": [0.22316784869976358, 0.32614657210401893, 0.7598108747044916, 0.8580614657210403], "class": 2}