{"image": "3482a81d-1aaf-11ef-8a4d-bd5cfcf36af4.jpg", "bboxes": [0.35205673758865247, 0.16193853427895974, 0.8886997635933805, 0.693853427895981], "class": 2}