{"image": "3482a81d-1aaf-11ef-8a4d-bd5cfcf36af4.jpg", "bboxes": [0.2335224586288417, 0.17527186761229308, 0.7701654846335697, 0.7071867612293143], "class": 2}