{"image": "3482a81d-1aaf-11ef-8a4d-bd5cfcf36af4.jpg", "bboxes": [0.5120567375886524, 0.16638297872340424, 1.0, 0.6982978723404255], "class": 2}