{"image": "3482a81d-1aaf-11ef-8a4d-bd5cfcf36af4.jpg", "bboxes": [0.3165011820330969, 0.3128132387706856, 0.853144208037825, 0.8447281323877069], "class": 2}