{"image": "3482a81d-1aaf-11ef-8a4d-bd5cfcf36af4.jpg", "bboxes": [0.0, 0.1952718676122931, 0.5190543735224586, 0.7271867612293144], "class": 2}