{"image": "3482a81d-1aaf-11ef-8a4d-bd5cfcf36af4.jpg", "bboxes": [0.10907801418439733, 0.14860520094562646, 0.6457210401891254, 0.6805200945626477], "class": 2}