{"image": "3482a81d-1aaf-11ef-8a4d-bd5cfcf36af4.jpg", "bboxes": [0.33872340425531916, 0.19082742316784862, 0.8753664302600471, 0.7227423167848699], "class": 2}