{"image": "3482a81d-1aaf-11ef-8a4d-bd5cfcf36af4.jpg", "bboxes": [0.0, 0.3194799054373523, 0.42349881796690314, 0.8513947990543735], "class": 2}