{"image": "3482a81d-1aaf-11ef-8a4d-bd5cfcf36af4.jpg", "bboxes": [0.16685579196217504, 0.18638297872340415, 0.7034988179669031, 0.7182978723404254], "class": 2}