{"image": "3482a81d-1aaf-11ef-8a4d-bd5cfcf36af4.jpg", "bboxes": [0.020189125295508425, 0.30614657210401897, 0.5568321513002364, 0.8380614657210402], "class": 2}