{"image": "3482a81d-1aaf-11ef-8a4d-bd5cfcf36af4.jpg", "bboxes": [0.44983451536643027, 0.2839243498817967, 0.9864775413711583, 0.815839243498818], "class": 2}