{"image": "3482a81d-1aaf-11ef-8a4d-bd5cfcf36af4.jpg", "bboxes": [0.4565011820330969, 0.31725768321513004, 0.9931442080378249, 0.8491725768321513], "class": 2}