{"image": "3482a81d-1aaf-11ef-8a4d-bd5cfcf36af4.jpg", "bboxes": [0.43427895981087467, 0.13527186761229304, 0.9709219858156027, 0.6671867612293143], "class": 2}