{"image": "3482a81d-1aaf-11ef-8a4d-bd5cfcf36af4.jpg", "bboxes": [0.4831678486997636, 0.15527186761229306, 0.9977777777777778, 0.6871867612293143], "class": 2}