{"image": "3482a81d-1aaf-11ef-8a4d-bd5cfcf36af4.jpg", "bboxes": [0.5965011820330969, 0.29503546099290784, 0.9977777777777778, 0.8269503546099292], "class": 2}