{"image": "3482a81d-1aaf-11ef-8a4d-bd5cfcf36af4.jpg", "bboxes": [0.31427895981087467, 0.3305910165484634, 0.8509219858156027, 0.8625059101654847], "class": 2}