{"image": "3482a81d-1aaf-11ef-8a4d-bd5cfcf36af4.jpg", "bboxes": [0.38316784869976356, 0.1574940898345153, 0.9198108747044916, 0.6894089834515367], "class": 2}