{"image": "3482a81d-1aaf-11ef-8a4d-bd5cfcf36af4.jpg", "bboxes": [0.6009456264775414, 0.33725768321513006, 0.9977777777777778, 0.8691725768321513], "class": 2}