{"image": "3482a81d-1aaf-11ef-8a4d-bd5cfcf36af4.jpg", "bboxes": [0.08018912529550837, 0.18638297872340415, 0.6168321513002364, 0.7182978723404254], "class": 2}