{"image": "3482a81d-1aaf-11ef-8a4d-bd5cfcf36af4.jpg", "bboxes": [0.0022222222222222365, 0.13304964539007091, 0.4034988179669031, 0.6649645390070922], "class": 2}