{"image": "3482a81d-1aaf-11ef-8a4d-bd5cfcf36af4.jpg", "bboxes": [0.16685579196217504, 0.2905910165484634, 0.7034988179669031, 0.8225059101654847], "class": 2}