{"image": "3482a81d-1aaf-11ef-8a4d-bd5cfcf36af4.jpg", "bboxes": [0.01130023640661948, 0.3394799054373523, 0.5479432624113476, 0.8713947990543736], "class": 2}