{"image": "3482a81d-1aaf-11ef-8a4d-bd5cfcf36af4.jpg", "bboxes": [0.2831678486997636, 0.14416075650118199, 0.8198108747044917, 0.6760756501182033], "class": 2}