{"image": "3482a81d-1aaf-11ef-8a4d-bd5cfcf36af4.jpg", "bboxes": [0.43872340425531914, 0.15971631205673753, 0.9753664302600472, 0.6916312056737588], "class": 2}