{"image": "3482a81d-1aaf-11ef-8a4d-bd5cfcf36af4.jpg", "bboxes": [0.6053900709219858, 0.3017021276595745, 1.0, 0.8336170212765958], "class": 2}