{"image": "3482a81d-1aaf-11ef-8a4d-bd5cfcf36af4.jpg", "bboxes": [0.4453900709219858, 0.12860520094562644, 0.9820330969267138, 0.6605200945626477], "class": 2}