{"image": "3482a81d-1aaf-11ef-8a4d-bd5cfcf36af4.jpg", "bboxes": [0.5520567375886525, 0.2750354609929078, 1.0, 0.8069503546099291], "class": 2}