{"image": "3482a81d-1aaf-11ef-8a4d-bd5cfcf36af4.jpg", "bboxes": [0.0, 0.18416075650118202, 0.3723877068557919, 0.7160756501182033], "class": 2}