{"image": "3482a81d-1aaf-11ef-8a4d-bd5cfcf36af4.jpg", "bboxes": [0.2853900709219858, 0.31725768321513004, 0.8220330969267138, 0.8491725768321513], "class": 2}