{"image": "3482a81d-1aaf-11ef-8a4d-bd5cfcf36af4.jpg", "bboxes": [0.6231678486997636, 0.18638297872340415, 1.0, 0.7182978723404254], "class": 2}