{"image": "3482a81d-1aaf-11ef-8a4d-bd5cfcf36af4.jpg", "bboxes": [0.367612293144208, 0.16193853427895977, 0.9042553191489361, 0.693853427895981], "class": 2}