{"image": "3482a81d-1aaf-11ef-8a4d-bd5cfcf36af4.jpg", "bboxes": [0.36983451536643025, 0.2994799054373523, 0.9064775413711583, 0.8313947990543736], "class": 2}