{"image": "3482a81d-1aaf-11ef-8a4d-bd5cfcf36af4.jpg", "bboxes": [0.2609456264775414, 0.1508274231678487, 0.7975886524822694, 0.68274231678487], "class": 2}