{"image": "3482a81d-1aaf-11ef-8a4d-bd5cfcf36af4.jpg", "bboxes": [0.006855791962175118, 0.27281323877068564, 0.5434988179669031, 0.8047281323877069], "class": 2}