{"image": "3482a81d-1aaf-11ef-8a4d-bd5cfcf36af4.jpg", "bboxes": [0.0, 0.15527186761229306, 0.42572104018912527, 0.6871867612293143], "class": 2}