{"image": "3482a81d-1aaf-11ef-8a4d-bd5cfcf36af4.jpg", "bboxes": [0.08685579196217508, 0.32392434988179675, 0.6234988179669031, 0.855839243498818], "class": 2}