{"image": "3482a81d-1aaf-11ef-8a4d-bd5cfcf36af4.jpg", "bboxes": [0.09574468085106391, 0.2972576832151301, 0.6323877068557919, 0.8291725768321514], "class": 2}