{"image": "3482a81d-1aaf-11ef-8a4d-bd5cfcf36af4.jpg", "bboxes": [0.46761229314420805, 0.33281323877068564, 1.0, 0.864728132387707], "class": 2}