{"image": "3482a81d-1aaf-11ef-8a4d-bd5cfcf36af4.jpg", "bboxes": [0.2024113475177306, 0.28614657210401895, 0.7390543735224586, 0.8180614657210402], "class": 2}