{"image": "3482a81d-1aaf-11ef-8a4d-bd5cfcf36af4.jpg", "bboxes": [0.6342789598108747, 0.19304964539007086, 0.9977777777777778, 0.7249645390070922], "class": 2}