{"image": "3482a81d-1aaf-11ef-8a4d-bd5cfcf36af4.jpg", "bboxes": [0.4231678486997636, 0.15304964539007082, 0.9598108747044916, 0.6849645390070922], "class": 2}