{"image": "3482a81d-1aaf-11ef-8a4d-bd5cfcf36af4.jpg", "bboxes": [0.0, 0.1708274231678486, 0.5212765957446809, 0.7027423167848699], "class": 2}