{"image": "3482a81d-1aaf-11ef-8a4d-bd5cfcf36af4.jpg", "bboxes": [0.0022222222222222365, 0.1574940898345153, 0.47905437352245855, 0.6894089834515367], "class": 2}