{"image": "3482a81d-1aaf-11ef-8a4d-bd5cfcf36af4.jpg", "bboxes": [0.0022222222222222365, 0.3105910165484634, 0.48794326241134756, 0.8425059101654847], "class": 2}