{"image": "3482a81d-1aaf-11ef-8a4d-bd5cfcf36af4.jpg", "bboxes": [0.14685579196217502, 0.30614657210401897, 0.683498817966903, 0.8380614657210402], "class": 2}