{"image": "3482a81d-1aaf-11ef-8a4d-bd5cfcf36af4.jpg", "bboxes": [0.0022222222222222365, 0.2883687943262412, 0.42349881796690314, 0.8202836879432625], "class": 2}