{"image": "3482a81d-1aaf-11ef-8a4d-bd5cfcf36af4.jpg", "bboxes": [0.0, 0.32836879432624116, 0.5146099290780142, 0.8602836879432625], "class": 2}