{"image": "3482a81d-1aaf-11ef-8a4d-bd5cfcf36af4.jpg", "bboxes": [0.6320567375886524, 0.32836879432624116, 1.0, 0.8602836879432625], "class": 2}