{"image": "3482a81d-1aaf-11ef-8a4d-bd5cfcf36af4.jpg", "bboxes": [0.4631678486997636, 0.13082742316784868, 0.9977777777777778, 0.6627423167848701], "class": 2}