{"image": "3482a81d-1aaf-11ef-8a4d-bd5cfcf36af4.jpg", "bboxes": [0.6142789598108747, 0.16638297872340424, 0.9977777777777778, 0.6982978723404255], "class": 2}