{"image": "3482a81d-1aaf-11ef-8a4d-bd5cfcf36af4.jpg", "bboxes": [0.3631678486997636, 0.2905910165484634, 0.8998108747044916, 0.8225059101654847], "class": 2}