{"image": "3482a81d-1aaf-11ef-8a4d-bd5cfcf36af4.jpg", "bboxes": [0.0022222222222222365, 0.27725768321513006, 0.49238770685579203, 0.8091725768321514], "class": 2}