{"image": "3482a81d-1aaf-11ef-8a4d-bd5cfcf36af4.jpg", "bboxes": [0.2742789598108747, 0.29503546099290784, 0.8109219858156027, 0.8269503546099292], "class": 2}