{"image": "3482a81d-1aaf-11ef-8a4d-bd5cfcf36af4.jpg", "bboxes": [0.0022222222222222365, 0.31725768321513004, 0.46794326241134754, 0.8491725768321513], "class": 2}