{"image": "35230515-1aaf-11ef-b267-bd5cfcf36af4.jpg", "bboxes": [0.15602836879432613, 0.4126713947990544, 0.652482269503546, 0.9682269503546099], "class": 2}