{"image": "35230515-1aaf-11ef-b267-bd5cfcf36af4.jpg", "bboxes": [0.4652955082742317, 0.39044917257683215, 0.9617494089834516, 0.9460047281323877], "class": 2}