{"image": "35230515-1aaf-11ef-b267-bd5cfcf36af4.jpg", "bboxes": [0.5386288416075651, 0.018439716312056764, 1.0, 0.5739952718676122], "class": 2}