{"image": "35230515-1aaf-11ef-b267-bd5cfcf36af4.jpg", "bboxes": [0.0, 0.005106382978723456, 0.4791489361702127, 0.5606619385342789], "class": 2}