{"image": "35230515-1aaf-11ef-b267-bd5cfcf36af4.jpg", "bboxes": [0.18085106382978727, 0.3926713947990544, 0.6773049645390071, 0.9482269503546099], "class": 2}