{"image": "35230515-1aaf-11ef-b267-bd5cfcf36af4.jpg", "bboxes": [0.20751773049645394, 0.3948936170212766, 0.7039716312056739, 0.9504491725768321], "class": 2}