{"image": "35230515-1aaf-11ef-b267-bd5cfcf36af4.jpg", "bboxes": [0.2719621749408984, 0.042884160756501255, 0.7684160756501183, 0.5984397163120566], "class": 2}