{"image": "35230515-1aaf-11ef-b267-bd5cfcf36af4.jpg", "bboxes": [0.29602836879432615, 0.04732860520094573, 0.792482269503546, 0.6028841607565012], "class": 2}