{"image": "35230515-1aaf-11ef-b267-bd5cfcf36af4.jpg", "bboxes": [0.3830732860520095, 0.05399527186761233, 0.8795271867612294, 0.6095508274231678], "class": 2}