{"image": "35230515-1aaf-11ef-b267-bd5cfcf36af4.jpg", "bboxes": [0.18713947990543733, 0.049550827423167854, 0.6835933806146572, 0.6051063829787233], "class": 2}