{"image": "35230515-1aaf-11ef-b267-bd5cfcf36af4.jpg", "bboxes": [0.0, 0.03843971631205678, 0.4458156028368794, 0.5939952718676123], "class": 2}