{"image": "35230515-1aaf-11ef-b267-bd5cfcf36af4.jpg", "bboxes": [0.3252955082742317, 0.43267139479905437, 0.8217494089834516, 0.9882269503546098], "class": 2}