{"image": "35230515-1aaf-11ef-b267-bd5cfcf36af4.jpg", "bboxes": [0.20529550827423174, 0.04066193853427902, 0.7017494089834516, 0.5962174940898345], "class": 2}