{"image": "35230515-1aaf-11ef-b267-bd5cfcf36af4.jpg", "bboxes": [0.22269503546099279, 0.016217494089834528, 0.7191489361702127, 0.5717730496453901], "class": 2}