{"image": "35230515-1aaf-11ef-b267-bd5cfcf36af4.jpg", "bboxes": [0.15418439716312063, 0.4037825059101655, 0.6506382978723405, 0.959338061465721], "class": 2}