{"image": "35230515-1aaf-11ef-b267-bd5cfcf36af4.jpg", "bboxes": [0.26751773049645394, 0.43267139479905437, 0.7639716312056738, 0.9882269503546098], "class": 2}