{"image": "35230515-1aaf-11ef-b267-bd5cfcf36af4.jpg", "bboxes": [0.2804728132387706, 0.060661938534279036, 0.7769267139479905, 0.6162174940898345], "class": 2}