{"image": "35230515-1aaf-11ef-b267-bd5cfcf36af4.jpg", "bboxes": [0.4230732860520095, 0.029550827423167947, 0.9195271867612294, 0.5851063829787234], "class": 2}