{"image": "35230515-1aaf-11ef-b267-bd5cfcf36af4.jpg", "bboxes": [0.2671394799054373, 0.4304491725768322, 0.7635933806146571, 0.9860047281323876], "class": 2}