{"image": "35230515-1aaf-11ef-b267-bd5cfcf36af4.jpg", "bboxes": [0.5541843971631206, 0.016217494089834528, 0.9977777777777778, 0.5717730496453901], "class": 2}