{"image": "35230515-1aaf-11ef-b267-bd5cfcf36af4.jpg", "bboxes": [0.39862884160756507, 0.44600472813238773, 0.895082742316785, 1.0], "class": 2}