{"image": "35230515-1aaf-11ef-b267-bd5cfcf36af4.jpg", "bboxes": [0.12269503546099281, 0.036217494089834545, 0.6191489361702127, 0.5917730496453901], "class": 2}