{"image": "35230515-1aaf-11ef-b267-bd5cfcf36af4.jpg", "bboxes": [0.4941843971631206, 0.05399527186761233, 0.9906382978723405, 0.6095508274231678], "class": 2}