{"image": "35230515-1aaf-11ef-b267-bd5cfcf36af4.jpg", "bboxes": [0.3808510638297873, 0.042884160756501255, 0.8773049645390072, 0.5984397163120566], "class": 2}