{"image": "35230515-1aaf-11ef-b267-bd5cfcf36af4.jpg", "bboxes": [0.2119621749408984, 0.05177304964539009, 0.7084160756501183, 0.6073286052009457], "class": 2}