{"image": "35230515-1aaf-11ef-b267-bd5cfcf36af4.jpg", "bboxes": [0.33640661938534283, 0.44822695035460997, 0.8328605200945627, 0.9977777777777778], "class": 2}