{"image": "35230515-1aaf-11ef-b267-bd5cfcf36af4.jpg", "bboxes": [0.5208510638297873, 0.0022222222222222365, 0.9977777777777778, 0.5539952718676122], "class": 2}