{"image": "35230515-1aaf-11ef-b267-bd5cfcf36af4.jpg", "bboxes": [0.48751773049645397, 0.4126713947990544, 0.9839716312056739, 0.9682269503546099], "class": 2}