{"image": "35230515-1aaf-11ef-b267-bd5cfcf36af4.jpg", "bboxes": [0.05825059101654839, 0.44822695035460997, 0.5547044917257682, 1.0], "class": 2}