{"image": "35230515-1aaf-11ef-b267-bd5cfcf36af4.jpg", "bboxes": [0.21640661938534284, 0.04510638297872349, 0.7128605200945627, 0.600661938534279], "class": 2}