{"image": "35230515-1aaf-11ef-b267-bd5cfcf36af4.jpg", "bboxes": [0.14269503546099283, 0.4215602836879433, 0.6391489361702127, 0.9771158392434988], "class": 2}