{"image": "35230515-1aaf-11ef-b267-bd5cfcf36af4.jpg", "bboxes": [0.36047281323877056, 0.3971158392434988, 0.8569267139479905, 0.9526713947990543], "class": 2}