{"image": "35230515-1aaf-11ef-b267-bd5cfcf36af4.jpg", "bboxes": [0.5186288416075651, 0.4015602836879433, 0.9977777777777778, 0.9571158392434987], "class": 2}