{"image": "35230515-1aaf-11ef-b267-bd5cfcf36af4.jpg", "bboxes": [0.4119621749408984, 0.005106382978723456, 0.9084160756501183, 0.5606619385342789], "class": 2}