{"image": "35230515-1aaf-11ef-b267-bd5cfcf36af4.jpg", "bboxes": [0.14936170212765953, 0.016217494089834528, 0.6458156028368793, 0.5717730496453901], "class": 2}