{"image": "35230515-1aaf-11ef-b267-bd5cfcf36af4.jpg", "bboxes": [0.031583924349881776, 0.013995271867612402, 0.5280378250591016, 0.5695508274231678], "class": 2}