{"image": "35230515-1aaf-11ef-b267-bd5cfcf36af4.jpg", "bboxes": [0.1830732860520095, 0.018439716312056764, 0.6795271867612294, 0.5739952718676122], "class": 2}