{"image": "35230515-1aaf-11ef-b267-bd5cfcf36af4.jpg", "bboxes": [0.4786288416075651, 0.036217494089834545, 0.9750827423167849, 0.5917730496453901], "class": 2}