{"image": "35230515-1aaf-11ef-b267-bd5cfcf36af4.jpg", "bboxes": [0.1782505910165484, 0.020661938534279, 0.6747044917257683, 0.5762174940898346], "class": 2}