{"image": "35230515-1aaf-11ef-b267-bd5cfcf36af4.jpg", "bboxes": [0.19602836879432617, 0.3882269503546099, 0.692482269503546, 0.9437825059101654], "class": 2}