{"image": "35230515-1aaf-11ef-b267-bd5cfcf36af4.jpg", "bboxes": [0.5541843971631206, 0.3971158392434988, 0.9977777777777778, 0.9526713947990543], "class": 2}