{"image": "35230515-1aaf-11ef-b267-bd5cfcf36af4.jpg", "bboxes": [0.16307328605200952, 0.43711583924349884, 0.6595271867612293, 0.9926713947990543], "class": 2}