{"image": "35230515-1aaf-11ef-b267-bd5cfcf36af4.jpg", "bboxes": [0.49640661938534286, 0.4215602836879433, 0.9928605200945627, 0.9771158392434988], "class": 2}