{"image": "35230515-1aaf-11ef-b267-bd5cfcf36af4.jpg", "bboxes": [0.10047281323877066, 0.4304491725768322, 0.5969267139479906, 0.9860047281323876], "class": 2}