{"image": "35230515-1aaf-11ef-b267-bd5cfcf36af4.jpg", "bboxes": [0.14973995271867618, 0.4304491725768322, 0.646193853427896, 0.9860047281323876], "class": 2}