{"image": "35230515-1aaf-11ef-b267-bd5cfcf36af4.jpg", "bboxes": [0.30713947990543733, 0.0022222222222222365, 0.8035933806146571, 0.5539952718676122], "class": 2}