{"image": "35230515-1aaf-11ef-b267-bd5cfcf36af4.jpg", "bboxes": [0.36713947990543727, 0.44822695035460997, 0.8635933806146572, 1.0], "class": 2}