{"image": "35230515-1aaf-11ef-b267-bd5cfcf36af4.jpg", "bboxes": [0.16307328605200952, 0.018439716312056764, 0.6595271867612293, 0.5739952718676122], "class": 2}