{"image": "35230515-1aaf-11ef-b267-bd5cfcf36af4.jpg", "bboxes": [0.0022222222222222365, 0.4171158392434988, 0.48137115839243494, 0.9726713947990543], "class": 2}