{"image": "35230515-1aaf-11ef-b267-bd5cfcf36af4.jpg", "bboxes": [0.17418439716312062, 0.013995271867612402, 0.6706382978723405, 0.5695508274231678], "class": 2}