{"image": "35230515-1aaf-11ef-b267-bd5cfcf36af4.jpg", "bboxes": [0.4052955082742317, 0.036217494089834545, 0.9017494089834516, 0.5917730496453901], "class": 2}