{"image": "35230515-1aaf-11ef-b267-bd5cfcf36af4.jpg", "bboxes": [0.43640661938534286, 0.4260047281323877, 0.9328605200945628, 0.9815602836879432], "class": 2}