{"image": "35230515-1aaf-11ef-b267-bd5cfcf36af4.jpg", "bboxes": [0.18529550827423172, 0.05621749408983456, 0.6817494089834516, 0.6117730496453901], "class": 2}