{"image": "35230515-1aaf-11ef-b267-bd5cfcf36af4.jpg", "bboxes": [0.11380614657210396, 0.04066193853427902, 0.6102600472813239, 0.5962174940898345], "class": 2}