{"image": "35230515-1aaf-11ef-b267-bd5cfcf36af4.jpg", "bboxes": [0.31418439716312063, 0.04732860520094573, 0.8106382978723405, 0.6028841607565012], "class": 2}