{"image": "35230515-1aaf-11ef-b267-bd5cfcf36af4.jpg", "bboxes": [0.5119621749408984, 0.4304491725768322, 1.0, 0.9860047281323876], "class": 2}