{"image": "35230515-1aaf-11ef-b267-bd5cfcf36af4.jpg", "bboxes": [0.3049172576832151, 0.0584397163120568, 0.801371158392435, 0.6139952718676123], "class": 2}