{"image": "35230515-1aaf-11ef-b267-bd5cfcf36af4.jpg", "bboxes": [0.5341843971631206, 0.38156028368794326, 0.9977777777777778, 0.9371158392434987], "class": 2}