{"image": "357273a1-1aaf-11ef-bfb2-bd5cfcf36af4.jpg", "bboxes": [0.0, 0.07139479905437363, 0.41971631205673754, 0.6860520094562648], "class": 2}