{"image": "357273a1-1aaf-11ef-bfb2-bd5cfcf36af4.jpg", "bboxes": [0.0022222222222222365, 0.2983924349881797, 0.3863829787234042, 0.9130496453900708], "class": 2}