{"image": "357273a1-1aaf-11ef-bfb2-bd5cfcf36af4.jpg", "bboxes": [0.5513947990543736, 0.06250591016548468, 1.0, 0.6771631205673758], "class": 2}