{"image": "357273a1-1aaf-11ef-bfb2-bd5cfcf36af4.jpg", "bboxes": [0.0, 0.07583924349881799, 0.38193853427895974, 0.6904964539007092], "class": 2}