{"image": "357273a1-1aaf-11ef-bfb2-bd5cfcf36af4.jpg", "bboxes": [0.5602836879432624, 0.3361702127659575, 0.9977777777777778, 0.9508274231678486], "class": 2}