{"image": "357273a1-1aaf-11ef-bfb2-bd5cfcf36af4.jpg", "bboxes": [0.37583924349881803, 0.3272813238770686, 0.9172104018912528, 0.9419385342789598], "class": 2}