{"image": "357273a1-1aaf-11ef-bfb2-bd5cfcf36af4.jpg", "bboxes": [0.24917257683215135, 0.09361702127659577, 0.7905437352245862, 0.7082742316784869], "class": 2}