{"image": "357273a1-1aaf-11ef-bfb2-bd5cfcf36af4.jpg", "bboxes": [0.0022222222222222365, 0.3095035460992908, 0.37527186761229303, 0.924160756501182], "class": 2}