{"image": "357273a1-1aaf-11ef-bfb2-bd5cfcf36af4.jpg", "bboxes": [0.38028368794326245, 0.08472813238770693, 0.9216548463356973, 0.6993853427895981], "class": 2}