{"image": "357273a1-1aaf-11ef-bfb2-bd5cfcf36af4.jpg", "bboxes": [0.27806146572104024, 0.35617021276595745, 0.8194326241134751, 0.9708274231678486], "class": 2}