{"image": "357273a1-1aaf-11ef-bfb2-bd5cfcf36af4.jpg", "bboxes": [0.22056737588652497, 0.34283687943262414, 0.7619385342789597, 0.9574940898345153], "class": 2}