{"image": "357273a1-1aaf-11ef-bfb2-bd5cfcf36af4.jpg", "bboxes": [0.5380614657210403, 0.31172576832151305, 1.0, 0.9263829787234042], "class": 2}