{"image": "357273a1-1aaf-11ef-bfb2-bd5cfcf36af4.jpg", "bboxes": [0.020567375886524908, 0.03806146572104029, 0.5619385342789598, 0.6527186761229314], "class": 2}