{"image": "357273a1-1aaf-11ef-bfb2-bd5cfcf36af4.jpg", "bboxes": [0.44028368794326245, 0.3183924349881797, 0.9816548463356973, 0.9330496453900708], "class": 2}