{"image": "357273a1-1aaf-11ef-bfb2-bd5cfcf36af4.jpg", "bboxes": [0.19612293144208048, 0.0825059101654847, 0.7374940898345153, 0.6971631205673758], "class": 2}