{"image": "357273a1-1aaf-11ef-bfb2-bd5cfcf36af4.jpg", "bboxes": [0.21390070921985826, 0.3361702127659575, 0.7552718676122931, 0.9508274231678486], "class": 2}