{"image": "357273a1-1aaf-11ef-bfb2-bd5cfcf36af4.jpg", "bboxes": [0.0022222222222222365, 0.046950354609929135, 0.3930496453900708, 0.6616075650118203], "class": 2}