{"image": "357273a1-1aaf-11ef-bfb2-bd5cfcf36af4.jpg", "bboxes": [0.4069503546099291, 0.0447281323877069, 0.948321513002364, 0.6593853427895982], "class": 2}