{"image": "357273a1-1aaf-11ef-bfb2-bd5cfcf36af4.jpg", "bboxes": [0.0022222222222222365, 0.3228368794326241, 0.40860520094562647, 0.9374940898345153], "class": 2}