{"image": "357273a1-1aaf-11ef-bfb2-bd5cfcf36af4.jpg", "bboxes": [0.5358392434988181, 0.040283687943262425, 1.0, 0.6549408983451537], "class": 2}