{"image": "357273a1-1aaf-11ef-bfb2-bd5cfcf36af4.jpg", "bboxes": [0.0, 0.3495035460992908, 0.4286052009456264, 0.9641607565011819], "class": 2}