{"image": "357273a1-1aaf-11ef-bfb2-bd5cfcf36af4.jpg", "bboxes": [0.0, 0.30505910165484634, 0.3663829787234042, 0.9197163120567375], "class": 2}