{"image": "357273a1-1aaf-11ef-bfb2-bd5cfcf36af4.jpg", "bboxes": [0.2869503546099291, 0.3583924349881797, 0.8283215130023639, 0.9730496453900709], "class": 2}