{"image": "357273a1-1aaf-11ef-bfb2-bd5cfcf36af4.jpg", "bboxes": [0.33806146572104023, 0.07806146572104022, 0.8794326241134751, 0.6927186761229314], "class": 2}