{"image": "357273a1-1aaf-11ef-bfb2-bd5cfcf36af4.jpg", "bboxes": [0.11834515366430276, 0.06028368794326244, 0.6597163120567375, 0.6749408983451537], "class": 2}