{"image": "357273a1-1aaf-11ef-bfb2-bd5cfcf36af4.jpg", "bboxes": [0.46028368794326247, 0.05583924349881808, 1.0, 0.6704964539007092], "class": 2}