{"image": "357273a1-1aaf-11ef-bfb2-bd5cfcf36af4.jpg", "bboxes": [0.0027895981087471267, 0.026950354609929117, 0.5441607565011819, 0.6416075650118203], "class": 2}