{"image": "357273a1-1aaf-11ef-bfb2-bd5cfcf36af4.jpg", "bboxes": [0.0022222222222222365, 0.09361702127659577, 0.5197163120567375, 0.7082742316784869], "class": 2}