{"image": "357273a1-1aaf-11ef-bfb2-bd5cfcf36af4.jpg", "bboxes": [0.37806146572104027, 0.06472813238770692, 0.919432624113475, 0.6793853427895982], "class": 2}