{"image": "357273a1-1aaf-11ef-bfb2-bd5cfcf36af4.jpg", "bboxes": [0.3602836879432625, 0.08695035460992917, 0.9016548463356973, 0.7016075650118204], "class": 2}