{"image": "357273a1-1aaf-11ef-bfb2-bd5cfcf36af4.jpg", "bboxes": [0.32695035460992916, 0.06472813238770692, 0.8683215130023639, 0.6793853427895982], "class": 2}