{"image": "357273a1-1aaf-11ef-bfb2-bd5cfcf36af4.jpg", "bboxes": [0.0, 0.09139479905437353, 0.4108274231678486, 0.7060520094562648], "class": 2}