{"image": "357273a1-1aaf-11ef-bfb2-bd5cfcf36af4.jpg", "bboxes": [0.009456264775413836, 0.3295035460992908, 0.5508274231678487, 0.9441607565011819], "class": 2}