{"image": "357273a1-1aaf-11ef-bfb2-bd5cfcf36af4.jpg", "bboxes": [0.3913947990543736, 0.31617021276595747, 0.9327659574468083, 0.9308274231678486], "class": 2}