{"image": "357273a1-1aaf-11ef-bfb2-bd5cfcf36af4.jpg", "bboxes": [0.0, 0.33839243498817967, 0.4597163120567376, 0.9530496453900709], "class": 2}