{"image": "357273a1-1aaf-11ef-bfb2-bd5cfcf36af4.jpg", "bboxes": [0.25139479905437356, 0.06250591016548468, 0.7927659574468084, 0.6771631205673758], "class": 2}