{"image": "357273a1-1aaf-11ef-bfb2-bd5cfcf36af4.jpg", "bboxes": [0.14945626477541385, 0.0891725768321514, 0.6908274231678486, 0.7038297872340425], "class": 2}