{"image": "357273a1-1aaf-11ef-bfb2-bd5cfcf36af4.jpg", "bboxes": [0.2647281323877069, 0.29394799054373527, 0.8060992907801418, 0.9086052009456265], "class": 2}