{"image": "357273a1-1aaf-11ef-bfb2-bd5cfcf36af4.jpg", "bboxes": [0.4513947990543736, 0.05583924349881808, 0.9927659574468084, 0.6704964539007092], "class": 2}