{"image": "357273a1-1aaf-11ef-bfb2-bd5cfcf36af4.jpg", "bboxes": [0.0022222222222222365, 0.08472813238770693, 0.3486052009456264, 0.6993853427895981], "class": 2}