{"image": "357273a1-1aaf-11ef-bfb2-bd5cfcf36af4.jpg", "bboxes": [0.5825059101654847, 0.05139479905437361, 1.0, 0.6660520094562647], "class": 2}