{"image": "357273a1-1aaf-11ef-bfb2-bd5cfcf36af4.jpg", "bboxes": [0.17390070921985823, 0.3406146572104019, 0.7152718676122931, 0.9552718676122931], "class": 2}