{"image": "357273a1-1aaf-11ef-bfb2-bd5cfcf36af4.jpg", "bboxes": [0.44028368794326245, 0.06917257683215139, 0.9816548463356973, 0.6838297872340425], "class": 2}