{"image": "357273a1-1aaf-11ef-bfb2-bd5cfcf36af4.jpg", "bboxes": [0.6447281323877069, 0.02917257683215135, 0.9977777777777778, 0.6438297872340426], "class": 2}