{"image": "357273a1-1aaf-11ef-bfb2-bd5cfcf36af4.jpg", "bboxes": [0.0022222222222222365, 0.33839243498817967, 0.4374940898345153, 0.9530496453900709], "class": 2}