{"image": "357273a1-1aaf-11ef-bfb2-bd5cfcf36af4.jpg", "bboxes": [0.5980614657210402, 0.3406146572104019, 1.0, 0.9552718676122931], "class": 2}