{"image": "357273a1-1aaf-11ef-bfb2-bd5cfcf36af4.jpg", "bboxes": [0.5713947990543736, 0.33394799054373525, 1.0, 0.9486052009456264], "class": 2}