{"image": "357273a1-1aaf-11ef-bfb2-bd5cfcf36af4.jpg", "bboxes": [0.20723404255319156, 0.3072813238770686, 0.7486052009456264, 0.9219385342789598], "class": 2}