{"image": "357273a1-1aaf-11ef-bfb2-bd5cfcf36af4.jpg", "bboxes": [0.43806146572104027, 0.03139479905437359, 0.9794326241134751, 0.6460520094562647], "class": 2}