{"image": "357273a1-1aaf-11ef-bfb2-bd5cfcf36af4.jpg", "bboxes": [0.5336170212765958, 0.07139479905437363, 0.9977777777777778, 0.6860520094562648], "class": 2}