{"image": "357273a1-1aaf-11ef-bfb2-bd5cfcf36af4.jpg", "bboxes": [0.4847281323877069, 0.331725768321513, 1.0, 0.9463829787234042], "class": 2}