{"image": "357273a1-1aaf-11ef-bfb2-bd5cfcf36af4.jpg", "bboxes": [0.31139479905437356, 0.046950354609929135, 0.8527659574468084, 0.6616075650118203], "class": 2}