{"image": "357273a1-1aaf-11ef-bfb2-bd5cfcf36af4.jpg", "bboxes": [0.022789598108747144, 0.046950354609929135, 0.5641607565011819, 0.6616075650118203], "class": 2}