{"image": "357273a1-1aaf-11ef-bfb2-bd5cfcf36af4.jpg", "bboxes": [0.5669503546099292, 0.35172576832151303, 1.0, 0.9663829787234042], "class": 2}