{"image": "357273a1-1aaf-11ef-bfb2-bd5cfcf36af4.jpg", "bboxes": [0.24917257683215135, 0.07806146572104021, 0.7905437352245862, 0.6927186761229314], "class": 2}