{"image": "357273a1-1aaf-11ef-bfb2-bd5cfcf36af4.jpg", "bboxes": [0.6469503546099291, 0.33839243498817967, 0.9977777777777778, 0.9530496453900709], "class": 2}