{"image": "357273a1-1aaf-11ef-bfb2-bd5cfcf36af4.jpg", "bboxes": [0.40917257683215136, 0.35617021276595745, 0.9505437352245861, 0.9708274231678486], "class": 2}