{"image": "357273a1-1aaf-11ef-bfb2-bd5cfcf36af4.jpg", "bboxes": [0.0072340425531916, 0.32505910165484636, 0.5486052009456264, 0.9397163120567376], "class": 2}