{"image": "357273a1-1aaf-11ef-bfb2-bd5cfcf36af4.jpg", "bboxes": [0.20056737588652496, 0.08695035460992917, 0.7419385342789597, 0.7016075650118203], "class": 2}