{"image": "357273a1-1aaf-11ef-bfb2-bd5cfcf36af4.jpg", "bboxes": [0.5380614657210403, 0.3183924349881797, 0.9977777777777778, 0.9330496453900708], "class": 2}