{"image": "357273a1-1aaf-11ef-bfb2-bd5cfcf36af4.jpg", "bboxes": [0.15390070921985835, 0.29394799054373527, 0.6952718676122931, 0.9086052009456265], "class": 2}