{"image": "357273a1-1aaf-11ef-bfb2-bd5cfcf36af4.jpg", "bboxes": [0.15167848699763609, 0.053617021276595844, 0.6930496453900709, 0.668274231678487], "class": 2}