{"image": "357273a1-1aaf-11ef-bfb2-bd5cfcf36af4.jpg", "bboxes": [0.3602836879432625, 0.053617021276595844, 0.9016548463356973, 0.668274231678487], "class": 2}