{"image": "357273a1-1aaf-11ef-bfb2-bd5cfcf36af4.jpg", "bboxes": [0.13612293144208054, 0.33839243498817967, 0.6774940898345153, 0.9530496453900709], "class": 2}