{"image": "357273a1-1aaf-11ef-bfb2-bd5cfcf36af4.jpg", "bboxes": [0.4936170212765958, 0.04917257683215138, 0.9977777777777778, 0.6638297872340425], "class": 2}