{"image": "357273a1-1aaf-11ef-bfb2-bd5cfcf36af4.jpg", "bboxes": [0.20501182033096943, 0.03583924349881806, 0.7463829787234042, 0.6504964539007092], "class": 2}