{"image": "357273a1-1aaf-11ef-bfb2-bd5cfcf36af4.jpg", "bboxes": [0.0, 0.029172576832151353, 0.45082742316784863, 0.6438297872340426], "class": 2}