{"image": "357273a1-1aaf-11ef-bfb2-bd5cfcf36af4.jpg", "bboxes": [0.0022222222222222365, 0.06917257683215139, 0.48416075650118195, 0.6838297872340424], "class": 2}