{"image": "357273a1-1aaf-11ef-bfb2-bd5cfcf36af4.jpg", "bboxes": [0.6313947990543736, 0.09361702127659577, 0.9977777777777778, 0.7082742316784869], "class": 2}