{"image": "357273a1-1aaf-11ef-bfb2-bd5cfcf36af4.jpg", "bboxes": [0.10723404255319158, 0.3006146572104019, 0.6486052009456265, 0.9152718676122931], "class": 2}