{"image": "357273a1-1aaf-11ef-bfb2-bd5cfcf36af4.jpg", "bboxes": [0.45583924349881805, 0.35617021276595745, 0.9972104018912529, 0.9708274231678486], "class": 2}