{"image": "35c1df72-1aaf-11ef-a88d-bd5cfcf36af4.jpg", "bboxes": [0.0022222222222222365, 0.40236406619385345, 0.09456264775413725, 0.990975528136706], "class": 2}