{"image": "35c1df72-1aaf-11ef-a88d-bd5cfcf36af4.jpg", "bboxes": [0.0, 0.37347517730496455, 0.032340425531915074, 0.962086639247817], "class": 2}