{"image": "35c1df72-1aaf-11ef-a88d-bd5cfcf36af4.jpg", "bboxes": [0.8543262411347516, 0.42236406619385347, 1.0, 1.0], "class": 2}