{"image": "35c1df72-1aaf-11ef-a88d-bd5cfcf36af4.jpg", "bboxes": [0.0022222222222222365, 0.04235780519662735, 0.12122931442080398, 0.6309692671394799], "class": 2}