{"image": "35c1df72-1aaf-11ef-a88d-bd5cfcf36af4.jpg", "bboxes": [0.0022222222222222365, 0.03569113852996075, 0.08122931442080394, 0.6243026004728132], "class": 2}