{"image": "35c1df72-1aaf-11ef-a88d-bd5cfcf36af4.jpg", "bboxes": [0.8432151300236405, 0.0512466940855163, 1.0, 0.6398581560283687], "class": 2}