{"image": "35c1df72-1aaf-11ef-a88d-bd5cfcf36af4.jpg", "bboxes": [0.0022222222222222365, 0.42014184397163123, 0.14345153664302612, 0.9977777777777778], "class": 2}