{"image": "35c1df72-1aaf-11ef-a88d-bd5cfcf36af4.jpg", "bboxes": [0.0, 0.022357805196627445, 0.2234515366430262, 0.6109692671394799], "class": 2}