{"image": "35c1df72-1aaf-11ef-a88d-bd5cfcf36af4.jpg", "bboxes": [0.0022222222222222365, 0.4045862884160757, 0.06789598108747064, 0.9931977503589282], "class": 2}