{"image": "35c1df72-1aaf-11ef-a88d-bd5cfcf36af4.jpg", "bboxes": [0.878770685579196, 0.42236406619385347, 0.9977777777777778, 0.9977777777777778], "class": 2}