{"image": "35c1df72-1aaf-11ef-a88d-bd5cfcf36af4.jpg", "bboxes": [0.898770685579196, 0.04458002741884959, 1.0, 0.6331914893617021], "class": 2}