{"image": "35c1df72-1aaf-11ef-a88d-bd5cfcf36af4.jpg", "bboxes": [0.0022222222222222365, 0.0512466940855163, 0.18789598108747063, 0.6398581560283688], "class": 2}