{"image": "35c1df72-1aaf-11ef-a88d-bd5cfcf36af4.jpg", "bboxes": [0.0, 0.015691138529960735, 0.07678486997635947, 0.6043026004728131], "class": 2}