{"image": "35c1df72-1aaf-11ef-a88d-bd5cfcf36af4.jpg", "bboxes": [0.0022222222222222365, 0.006802249641071789, 0.14345153664302612, 0.5954137115839243], "class": 2}