{"image": "35c1df72-1aaf-11ef-a88d-bd5cfcf36af4.jpg", "bboxes": [0.8076595744680849, 0.0022222222222222365, 0.9977777777777778, 0.5843026004728131], "class": 2}