{"image": "35c1df72-1aaf-11ef-a88d-bd5cfcf36af4.jpg", "bboxes": [0.9965484633569738, 0.02458002741884957, 1.0, 0.6131914893617021], "class": 2}