{"image": "35c1df72-1aaf-11ef-a88d-bd5cfcf36af4.jpg", "bboxes": [0.8054373522458627, 0.357919621749409, 1.0, 0.9465310836922615], "class": 2}