{"image": "35c1df72-1aaf-11ef-a88d-bd5cfcf36af4.jpg", "bboxes": [0.8098817966903071, 0.4156973995271868, 0.9977777777777778, 0.9977777777777778], "class": 2}