{"image": "35c1df72-1aaf-11ef-a88d-bd5cfcf36af4.jpg", "bboxes": [0.8854373522458627, 0.3868085106382979, 0.9977777777777778, 0.9754199725811504], "class": 2}