{"image": "35c1df72-1aaf-11ef-a88d-bd5cfcf36af4.jpg", "bboxes": [0.8765484633569738, 0.004580027418849664, 1.0, 0.5931914893617021], "class": 2}