{"image": "35c1df72-1aaf-11ef-a88d-bd5cfcf36af4.jpg", "bboxes": [0.8409929078014182, 0.01124669408551626, 0.9977777777777778, 0.5998581560283688], "class": 2}