{"image": "35c1df72-1aaf-11ef-a88d-bd5cfcf36af4.jpg", "bboxes": [0.0, 0.3668085106382979, 0.17011820330969285, 0.9554199725811504], "class": 2}