{"image": "35c1df72-1aaf-11ef-a88d-bd5cfcf36af4.jpg", "bboxes": [0.0, 0.03569113852996075, 0.03678486997635955, 0.6243026004728132], "class": 2}