{"image": "35c1df72-1aaf-11ef-a88d-bd5cfcf36af4.jpg", "bboxes": [0.0022222222222222365, 0.3912529550827423, 0.1167848699763595, 0.9798644170255948], "class": 2}