{"image": "35c1df72-1aaf-11ef-a88d-bd5cfcf36af4.jpg", "bboxes": [0.0, 0.39347517730496456, 0.12789598108747058, 0.982086639247817], "class": 2}