{"image": "35c1df72-1aaf-11ef-a88d-bd5cfcf36af4.jpg", "bboxes": [0.0, 0.4156973995271868, 0.12789598108747058, 1.0], "class": 2}