{"image": "35c1df72-1aaf-11ef-a88d-bd5cfcf36af4.jpg", "bboxes": [0.8298817966903071, 0.046802249641071825, 0.9977777777777778, 0.6354137115839243], "class": 2}