{"image": "35c1df72-1aaf-11ef-a88d-bd5cfcf36af4.jpg", "bboxes": [0.9809929078014182, 0.0, 1.0, 0.582080378250591], "class": 2}