{"image": "35c1df72-1aaf-11ef-a88d-bd5cfcf36af4.jpg", "bboxes": [0.8921040189125293, 0.03346891630773852, 0.9977777777777778, 0.622080378250591], "class": 2}