{"image": "35c1df72-1aaf-11ef-a88d-bd5cfcf36af4.jpg", "bboxes": [0.9809929078014182, 0.029024471863294043, 0.9977777777777778, 0.6176359338061466], "class": 2}