{"image": "35c1df72-1aaf-11ef-a88d-bd5cfcf36af4.jpg", "bboxes": [0.0, 0.357919621749409, 0.1612293144208039, 0.9465310836922615], "class": 2}