{"image": "35c1df72-1aaf-11ef-a88d-bd5cfcf36af4.jpg", "bboxes": [0.0, 0.02013558297440521, 0.021229314420804002, 0.6087470449172576], "class": 2}