{"image": "35c1df72-1aaf-11ef-a88d-bd5cfcf36af4.jpg", "bboxes": [0.0, 0.41125295508274234, 0.0278959810874706, 0.9998644170255948], "class": 2}