{"image": "35c1df72-1aaf-11ef-a88d-bd5cfcf36af4.jpg", "bboxes": [0.7921040189125294, 0.36014184397163124, 0.9977777777777778, 0.9487533059144837], "class": 2}