{"image": "35c1df72-1aaf-11ef-a88d-bd5cfcf36af4.jpg", "bboxes": [0.0022222222222222365, 0.002357805196627427, 0.24122931442080398, 0.59096926713948], "class": 2}