{"image": "35c1df72-1aaf-11ef-a88d-bd5cfcf36af4.jpg", "bboxes": [0.0, 0.3956973995271868, 0.22122931442080396, 0.9843088614700393], "class": 2}