{"image": "35c1df72-1aaf-11ef-a88d-bd5cfcf36af4.jpg", "bboxes": [0.7743262411347516, 0.4090307328605201, 0.9977777777777778, 0.9976421948033726], "class": 2}