{"image": "36608321-1aaf-11ef-8c28-bd5cfcf36af4.jpg", "bboxes": [0.7866193853427894, 0.02918081853080834, 0.9977777777777778, 0.5961702127659574], "class": 2}