{"image": "36608321-1aaf-11ef-8c28-bd5cfcf36af4.jpg", "bboxes": [0.8355082742316783, 0.04918081853080836, 0.9977777777777778, 0.6161702127659574], "class": 2}