{"image": "36608321-1aaf-11ef-8c28-bd5cfcf36af4.jpg", "bboxes": [0.9355082742316783, 0.3749408983451537, 1.0, 0.9419302925803028], "class": 2}