{"image": "36608321-1aaf-11ef-8c28-bd5cfcf36af4.jpg", "bboxes": [0.0022222222222222365, 0.06251415186414166, 0.03338061465721065, 0.6295035460992908], "class": 2}