{"image": "36608321-1aaf-11ef-8c28-bd5cfcf36af4.jpg", "bboxes": [0.0022222222222222365, 0.05140304075303059, 0.04004728132387725, 0.6183924349881796], "class": 2}