{"image": "36608321-1aaf-11ef-8c28-bd5cfcf36af4.jpg", "bboxes": [0.0, 0.031403040753030576, 0.10893617021276614, 0.5983924349881796], "class": 2}