{"image": "36608321-1aaf-11ef-8c28-bd5cfcf36af4.jpg", "bboxes": [0.8955082742316782, 0.06029192964191943, 1.0, 0.6272813238770685], "class": 2}