{"image": "36608321-1aaf-11ef-8c28-bd5cfcf36af4.jpg", "bboxes": [0.0, 0.3793853427895981, 0.06449172576832174, 0.9463747370247472], "class": 2}