{"image": "36608321-1aaf-11ef-8c28-bd5cfcf36af4.jpg", "bboxes": [0.7888416075650116, 0.41938534278959816, 1.0, 0.9863747370247472], "class": 2}