{"image": "36608321-1aaf-11ef-8c28-bd5cfcf36af4.jpg", "bboxes": [0.0, 0.42827423167848705, 0.09560283687943283, 0.9952636259136362], "class": 2}