{"image": "36608321-1aaf-11ef-8c28-bd5cfcf36af4.jpg", "bboxes": [0.0022222222222222365, 0.018069707419697267, 0.1000472813238773, 0.5850591016548463], "class": 2}