{"image": "36608321-1aaf-11ef-8c28-bd5cfcf36af4.jpg", "bboxes": [0.8688416075650116, 0.06251415186414166, 0.9977777777777778, 0.6295035460992908], "class": 2}