{"image": "36608321-1aaf-11ef-8c28-bd5cfcf36af4.jpg", "bboxes": [0.9910638297872338, 0.3793853427895981, 1.0, 0.9463747370247472], "class": 2}