{"image": "36608321-1aaf-11ef-8c28-bd5cfcf36af4.jpg", "bboxes": [0.0022222222222222365, 0.4127186761229315, 0.21560283687943282, 0.9797080703580806], "class": 2}