{"image": "36608321-1aaf-11ef-8c28-bd5cfcf36af4.jpg", "bboxes": [0.0022222222222222365, 0.04695859630858612, 0.23782505910165508, 0.6139479905437352], "class": 2}