{"image": "36608321-1aaf-11ef-8c28-bd5cfcf36af4.jpg", "bboxes": [0.0, 0.004736374086363848, 0.20449172576832175, 0.5717257683215129], "class": 2}