{"image": "36608321-1aaf-11ef-8c28-bd5cfcf36af4.jpg", "bboxes": [0.0, 0.4038297872340426, 0.024491725768321704, 0.9708191814691917], "class": 2}