{"image": "36608321-1aaf-11ef-8c28-bd5cfcf36af4.jpg", "bboxes": [0.8466193853427894, 0.03362526297525281, 0.9977777777777778, 0.6006146572104019], "class": 2}