{"image": "36608321-1aaf-11ef-8c28-bd5cfcf36af4.jpg", "bboxes": [0.0022222222222222365, 0.3638297872340426, 0.22226950354609953, 0.9308191814691916], "class": 2}