{"image": "36608321-1aaf-11ef-8c28-bd5cfcf36af4.jpg", "bboxes": [0.0022222222222222365, 0.009180818530808321, 0.13338061465721063, 0.5761702127659574], "class": 2}