{"image": "36608321-1aaf-11ef-8c28-bd5cfcf36af4.jpg", "bboxes": [0.0, 0.3660520094562648, 0.07782505910165505, 0.9330414036914139], "class": 2}