{"image": "36608321-1aaf-11ef-8c28-bd5cfcf36af4.jpg", "bboxes": [0.8932860520094561, 0.40827423167848703, 0.9977777777777778, 0.9752636259136361], "class": 2}