{"image": "36608321-1aaf-11ef-8c28-bd5cfcf36af4.jpg", "bboxes": [0.0, 0.038069707419697174, 0.15338061465721065, 0.6050591016548463], "class": 2}