{"image": "36608321-1aaf-11ef-8c28-bd5cfcf36af4.jpg", "bboxes": [0.0022222222222222365, 0.36827423167848705, 0.05782505910165503, 0.9352636259136361], "class": 2}