{"image": "36608321-1aaf-11ef-8c28-bd5cfcf36af4.jpg", "bboxes": [0.8555082742316783, 0.3660520094562648, 1.0, 0.9330414036914139], "class": 2}