{"image": "36608321-1aaf-11ef-8c28-bd5cfcf36af4.jpg", "bboxes": [0.9999527186761227, 0.011403040753030558, 1.0, 0.5783924349881796], "class": 2}