{"image": "36608321-1aaf-11ef-8c28-bd5cfcf36af4.jpg", "bboxes": [0.0, 0.38160756501182036, 0.12671394799054392, 0.9485969592469694], "class": 2}