{"image": "36608321-1aaf-11ef-8c28-bd5cfcf36af4.jpg", "bboxes": [0.0, 0.37271867612293147, 0.21782505910165506, 0.9397080703580806], "class": 2}