{"image": "36608321-1aaf-11ef-8c28-bd5cfcf36af4.jpg", "bboxes": [0.0022222222222222365, 0.01140304075303056, 0.17338061465721066, 0.5783924349881796], "class": 2}