{"image": "36608321-1aaf-11ef-8c28-bd5cfcf36af4.jpg", "bboxes": [0.7843971631205672, 0.06695859630858614, 0.9977777777777778, 0.6339479905437352], "class": 2}