{"image": "36608321-1aaf-11ef-8c28-bd5cfcf36af4.jpg", "bboxes": [0.0022222222222222365, 0.004736374086363849, 0.14004728132387734, 0.5717257683215128], "class": 2}