{"image": "36608321-1aaf-11ef-8c28-bd5cfcf36af4.jpg", "bboxes": [0.9266193853427894, 0.37049645390070923, 0.9977777777777778, 0.9374858481358583], "class": 2}