{"image": "36608321-1aaf-11ef-8c28-bd5cfcf36af4.jpg", "bboxes": [0.0022222222222222365, 0.4238297872340426, 0.1889361702127662, 0.9908191814691917], "class": 2}