{"image": "36608321-1aaf-11ef-8c28-bd5cfcf36af4.jpg", "bboxes": [0.7999527186761227, 0.04251415186414165, 1.0, 0.6095035460992908], "class": 2}