{"image": "36608321-1aaf-11ef-8c28-bd5cfcf36af4.jpg", "bboxes": [0.0, 0.4149408983451537, 0.17782505910165503, 0.9819302925803027], "class": 2}