{"image": "36608321-1aaf-11ef-8c28-bd5cfcf36af4.jpg", "bboxes": [0.0022222222222222365, 0.3749408983451537, 0.18449172576832173, 0.9419302925803028], "class": 2}