{"image": "36608321-1aaf-11ef-8c28-bd5cfcf36af4.jpg", "bboxes": [0.8755082742316783, 0.36827423167848705, 0.9977777777777778, 0.9352636259136361], "class": 2}