{"image": "36608321-1aaf-11ef-8c28-bd5cfcf36af4.jpg", "bboxes": [0.933286052009456, 0.020291929641919393, 1.0, 0.5872813238770684], "class": 2}