{"image": "36608321-1aaf-11ef-8c28-bd5cfcf36af4.jpg", "bboxes": [0.0022222222222222365, 0.388274231678487, 0.1689361702127662, 0.9552636259136361], "class": 2}