{"image": "36608321-1aaf-11ef-8c28-bd5cfcf36af4.jpg", "bboxes": [0.0022222222222222365, 0.05806970741969719, 0.19115839243498844, 0.6250591016548463], "class": 2}