{"image": "36608321-1aaf-11ef-8c28-bd5cfcf36af4.jpg", "bboxes": [0.9199527186761227, 0.013625262975252794, 0.9977777777777778, 0.5806146572104018], "class": 2}