{"image": "36608321-1aaf-11ef-8c28-bd5cfcf36af4.jpg", "bboxes": [0.0022222222222222365, 0.04029192964191941, 0.011158392434988396, 0.6072813238770686], "class": 2}