{"image": "36afd447-1aaf-11ef-a13b-bd5cfcf36af4.jpg", "bboxes": [0.5260047281323877, 0.29338061465721044, 0.9977777777777778, 0.8690307328605201], "class": 2}