{"image": "36afd447-1aaf-11ef-a13b-bd5cfcf36af4.jpg", "bboxes": [0.8815602836879434, 0.3467139479905438, 0.9977777777777778, 0.9223640661938535], "class": 2}