{"image": "36afd447-1aaf-11ef-a13b-bd5cfcf36af4.jpg", "bboxes": [0.0, 0.34449172576832154, 0.20955082742316777, 0.9201418439716312], "class": 2}