{"image": "36afd447-1aaf-11ef-a13b-bd5cfcf36af4.jpg", "bboxes": [0.0, 0.2911583924349882, 0.4695508274231678, 0.8668085106382979], "class": 2}