{"image": "36afd447-1aaf-11ef-a13b-bd5cfcf36af4.jpg", "bboxes": [0.5660047281323878, 0.09319148936170207, 1.0, 0.6688416075650118], "class": 2}