{"image": "36afd447-1aaf-11ef-a13b-bd5cfcf36af4.jpg", "bboxes": [0.0, 0.32226950354609935, 0.44288416075650106, 0.897919621749409], "class": 2}