{"image": "36afd447-1aaf-11ef-a13b-bd5cfcf36af4.jpg", "bboxes": [0.7348936170212766, 0.14208037825059094, 1.0, 0.7177304964539006], "class": 2}