{"image": "36afd447-1aaf-11ef-a13b-bd5cfcf36af4.jpg", "bboxes": [0.0022222222222222365, 0.3022695035460993, 0.14510638297872336, 0.877919621749409], "class": 2}