{"image": "36afd447-1aaf-11ef-a13b-bd5cfcf36af4.jpg", "bboxes": [0.80822695035461, 0.31338061465721045, 0.9977777777777778, 0.8890307328605201], "class": 2}