{"image": "36afd447-1aaf-11ef-a13b-bd5cfcf36af4.jpg", "bboxes": [0.0022222222222222365, 0.082080378250591, 0.38732860520094564, 0.6577304964539007], "class": 2}