{"image": "36afd447-1aaf-11ef-a13b-bd5cfcf36af4.jpg", "bboxes": [0.72822695035461, 0.31782505910165487, 1.0, 0.8934751773049646], "class": 2}