{"image": "36afd447-1aaf-11ef-a13b-bd5cfcf36af4.jpg", "bboxes": [0.0, 0.31338061465721045, 0.15621749408983443, 0.8890307328605201], "class": 2}