{"image": "36afd447-1aaf-11ef-a13b-bd5cfcf36af4.jpg", "bboxes": [0.7571158392434989, 0.09096926713947984, 1.0, 0.6666193853427895], "class": 2}