{"image": "36afd447-1aaf-11ef-a13b-bd5cfcf36af4.jpg", "bboxes": [0.019858156028368934, 0.10430260047281326, 0.4962174940898344, 0.679952718676123], "class": 2}