{"image": "36afd447-1aaf-11ef-a13b-bd5cfcf36af4.jpg", "bboxes": [0.0, 0.3244917257683215, 0.3251063829787233, 0.9001418439716312], "class": 2}