{"image": "36afd447-1aaf-11ef-a13b-bd5cfcf36af4.jpg", "bboxes": [0.0022222222222222365, 0.31782505910165487, 0.37177304964539004, 0.8934751773049646], "class": 2}