{"image": "36afd447-1aaf-11ef-a13b-bd5cfcf36af4.jpg", "bboxes": [0.6726713947990545, 0.10874704491725762, 1.0, 0.6843971631205674], "class": 2}