{"image": "36afd447-1aaf-11ef-a13b-bd5cfcf36af4.jpg", "bboxes": [0.7993380614657211, 0.082080378250591, 1.0, 0.6577304964539007], "class": 2}