{"image": "36afd447-1aaf-11ef-a13b-bd5cfcf36af4.jpg", "bboxes": [0.0022222222222222365, 0.3400472813238771, 0.3606619385342789, 0.9156973995271868], "class": 2}