{"image": "36afd447-1aaf-11ef-a13b-bd5cfcf36af4.jpg", "bboxes": [0.0022222222222222365, 0.0887470449172576, 0.18955082742316776, 0.6643971631205674], "class": 2}