{"image": "36afd447-1aaf-11ef-a13b-bd5cfcf36af4.jpg", "bboxes": [0.48156028368794335, 0.28893617021276596, 0.9579196217494089, 0.8645862884160757], "class": 2}