{"image": "36afd447-1aaf-11ef-a13b-bd5cfcf36af4.jpg", "bboxes": [0.0022222222222222365, 0.11319148936170209, 0.29621749408983444, 0.6888416075650117], "class": 2}