{"image": "36afd447-1aaf-11ef-a13b-bd5cfcf36af4.jpg", "bboxes": [0.7460047281323878, 0.28893617021276596, 0.9977777777777778, 0.8645862884160757], "class": 2}