{"image": "36afd447-1aaf-11ef-a13b-bd5cfcf36af4.jpg", "bboxes": [0.8460047281323878, 0.3022695035460993, 0.9977777777777778, 0.877919621749409], "class": 2}