{"image": "36afd447-1aaf-11ef-a13b-bd5cfcf36af4.jpg", "bboxes": [0.015413711583924461, 0.31560283687943264, 0.49177304964539004, 0.8912529550827424], "class": 2}