{"image": "36afd447-1aaf-11ef-a13b-bd5cfcf36af4.jpg", "bboxes": [0.0022222222222222365, 0.09985815602836878, 0.41621749408983444, 0.6755082742316785], "class": 2}