{"image": "36afd447-1aaf-11ef-a13b-bd5cfcf36af4.jpg", "bboxes": [0.0, 0.13985815602836882, 0.21843971631205672, 0.7155082742316785], "class": 2}