{"image": "36afd447-1aaf-11ef-a13b-bd5cfcf36af4.jpg", "bboxes": [0.0022222222222222365, 0.3422695035460993, 0.3562174940898345, 0.917919621749409], "class": 2}