{"image": "36afd447-1aaf-11ef-a13b-bd5cfcf36af4.jpg", "bboxes": [0.48156028368794335, 0.11319148936170209, 0.9579196217494089, 0.6888416075650117], "class": 2}