{"image": "36afd447-1aaf-11ef-a13b-bd5cfcf36af4.jpg", "bboxes": [0.0022222222222222365, 0.1331914893617021, 0.4584397163120567, 0.7088416075650118], "class": 2}