{"image": "36afd447-1aaf-11ef-a13b-bd5cfcf36af4.jpg", "bboxes": [0.5415602836879433, 0.3244917257683215, 1.0, 0.9001418439716312], "class": 2}