{"image": "36afd447-1aaf-11ef-a13b-bd5cfcf36af4.jpg", "bboxes": [0.7948936170212767, 0.34893617021276596, 1.0, 0.9245862884160757], "class": 2}