{"image": "36afd447-1aaf-11ef-a13b-bd5cfcf36af4.jpg", "bboxes": [0.7437825059101656, 0.1198581560283688, 0.9977777777777778, 0.6955082742316785], "class": 2}