{"image": "36afd447-1aaf-11ef-a13b-bd5cfcf36af4.jpg", "bboxes": [0.0, 0.3200472813238771, 0.29177304964538997, 0.8956973995271867], "class": 2}