{"image": "36afd447-1aaf-11ef-a13b-bd5cfcf36af4.jpg", "bboxes": [0.5615602836879433, 0.30449172576832156, 1.0, 0.8801418439716312], "class": 2}