{"image": "36afd447-1aaf-11ef-a13b-bd5cfcf36af4.jpg", "bboxes": [0.8660047281323878, 0.082080378250591, 0.9977777777777778, 0.6577304964539007], "class": 2}