{"image": "36afd447-1aaf-11ef-a13b-bd5cfcf36af4.jpg", "bboxes": [0.8371158392434989, 0.33115839243498824, 0.9977777777777778, 0.9068085106382979], "class": 2}