{"image": "36afd447-1aaf-11ef-a13b-bd5cfcf36af4.jpg", "bboxes": [0.0, 0.12430260047281316, 0.3762174940898344, 0.699952718676123], "class": 2}