{"image": "36afd447-1aaf-11ef-a13b-bd5cfcf36af4.jpg", "bboxes": [0.7904491725768322, 0.09763593380614655, 0.9977777777777778, 0.6732860520094563], "class": 2}