{"image": "36afd447-1aaf-11ef-a13b-bd5cfcf36af4.jpg", "bboxes": [0.0, 0.3333806146572104, 0.43621749408983446, 0.9090307328605202], "class": 2}