{"image": "36afd447-1aaf-11ef-a13b-bd5cfcf36af4.jpg", "bboxes": [0.5460047281323878, 0.08430260047281324, 1.0, 0.6599527186761229], "class": 2}