{"image": "36afd447-1aaf-11ef-a13b-bd5cfcf36af4.jpg", "bboxes": [0.0022222222222222365, 0.08430260047281324, 0.3051063829787233, 0.6599527186761229], "class": 2}