{"image": "36afd447-1aaf-11ef-a13b-bd5cfcf36af4.jpg", "bboxes": [0.0022222222222222365, 0.29338061465721044, 0.30955082742316775, 0.8690307328605201], "class": 2}