{"image": "36afd447-1aaf-11ef-a13b-bd5cfcf36af4.jpg", "bboxes": [0.0022222222222222365, 0.07985815602836877, 0.09621749408983449, 0.6555082742316786], "class": 2}