{"image": "36afd447-1aaf-11ef-a13b-bd5cfcf36af4.jpg", "bboxes": [0.0, 0.10430260047281326, 0.15621749408983443, 0.679952718676123], "class": 2}