{"image": "36afd447-1aaf-11ef-a13b-bd5cfcf36af4.jpg", "bboxes": [0.8704491725768322, 0.34893617021276596, 0.9977777777777778, 0.9245862884160757], "class": 2}