{"image": "36afd447-1aaf-11ef-a13b-bd5cfcf36af4.jpg", "bboxes": [0.6748936170212767, 0.2867139479905438, 0.9977777777777778, 0.8623640661938534], "class": 2}