{"image": "36afd447-1aaf-11ef-a13b-bd5cfcf36af4.jpg", "bboxes": [0.0022222222222222365, 0.12874704491725764, 0.13177304964539005, 0.7043971631205673], "class": 2}