{"image": "36afd447-1aaf-11ef-a13b-bd5cfcf36af4.jpg", "bboxes": [0.8993380614657212, 0.0887470449172576, 1.0, 0.6643971631205674], "class": 2}