{"image": "36afd447-1aaf-11ef-a13b-bd5cfcf36af4.jpg", "bboxes": [0.0, 0.33560283687943265, 0.2628841607565011, 0.9112529550827424], "class": 2}