{"image": "36afd447-1aaf-11ef-a13b-bd5cfcf36af4.jpg", "bboxes": [0.8748936170212767, 0.328936170212766, 1.0, 0.9045862884160757], "class": 2}