{"image": "36ff2982-1aaf-11ef-9c6d-bd5cfcf36af4.jpg", "bboxes": [0.0022222222222222365, 0.380661938534279, 0.4597635933806147, 0.9078486997635933], "class": 2}