{"image": "36ff2982-1aaf-11ef-9c6d-bd5cfcf36af4.jpg", "bboxes": [0.5002364066193853, 0.380661938534279, 0.9765957446808509, 0.9078486997635933], "class": 2}