{"image": "36ff2982-1aaf-11ef-9c6d-bd5cfcf36af4.jpg", "bboxes": [0.5046808510638298, 0.10104018912529555, 0.9810401891252953, 0.6282269503546098], "class": 2}