{"image": "36ff2982-1aaf-11ef-9c6d-bd5cfcf36af4.jpg", "bboxes": [0.7757919621749408, 0.13215130023640664, 0.9977777777777778, 0.6593380614657209], "class": 2}