{"image": "36ff2982-1aaf-11ef-9c6d-bd5cfcf36af4.jpg", "bboxes": [0.0022222222222222365, 0.3451063829787235, 0.2508747044917258, 0.8722931442080378], "class": 2}