{"image": "36ff2982-1aaf-11ef-9c6d-bd5cfcf36af4.jpg", "bboxes": [0.5824586288416075, 0.09215130023640672, 1.0, 0.619338061465721], "class": 2}