{"image": "36ff2982-1aaf-11ef-9c6d-bd5cfcf36af4.jpg", "bboxes": [0.4824586288416075, 0.1165957446808511, 0.9588179669030731, 0.6437825059101654], "class": 2}