{"image": "36ff2982-1aaf-11ef-9c6d-bd5cfcf36af4.jpg", "bboxes": [0.0, 0.13659574468085112, 0.24865248226950354, 0.6637825059101654], "class": 2}