{"image": "36ff2982-1aaf-11ef-9c6d-bd5cfcf36af4.jpg", "bboxes": [0.15673758865248244, 0.3317730496453901, 0.633096926713948, 0.8589598108747044], "class": 2}