{"image": "36ff2982-1aaf-11ef-9c6d-bd5cfcf36af4.jpg", "bboxes": [0.0, 0.34288416075650124, 0.3553191489361702, 0.8700709219858156], "class": 2}