{"image": "36ff2982-1aaf-11ef-9c6d-bd5cfcf36af4.jpg", "bboxes": [0.0, 0.3873286052009457, 0.4042080378250591, 0.91451536643026], "class": 2}