{"image": "36ff2982-1aaf-11ef-9c6d-bd5cfcf36af4.jpg", "bboxes": [0.5691252955082742, 0.3962174940898346, 0.9977777777777778, 0.9234042553191489], "class": 2}