{"image": "36ff2982-1aaf-11ef-9c6d-bd5cfcf36af4.jpg", "bboxes": [0.5469030732860519, 0.3962174940898346, 1.0, 0.9234042553191489], "class": 2}