{"image": "36ff2982-1aaf-11ef-9c6d-bd5cfcf36af4.jpg", "bboxes": [0.6224586288416075, 0.08104018912529554, 1.0, 0.6082269503546098], "class": 2}