{"image": "36ff2982-1aaf-11ef-9c6d-bd5cfcf36af4.jpg", "bboxes": [0.09451536643026026, 0.3917730496453901, 0.5708747044917257, 0.9189598108747045], "class": 2}