{"image": "36ff2982-1aaf-11ef-9c6d-bd5cfcf36af4.jpg", "bboxes": [0.15229314420803808, 0.10770685579196226, 0.6286524822695037, 0.6348936170212766], "class": 2}