{"image": "36ff2982-1aaf-11ef-9c6d-bd5cfcf36af4.jpg", "bboxes": [0.7113475177304964, 0.10104018912529555, 1.0, 0.6282269503546098], "class": 2}