{"image": "36ff2982-1aaf-11ef-9c6d-bd5cfcf36af4.jpg", "bboxes": [0.626903073286052, 0.36288416075650126, 0.9977777777777778, 0.8900709219858155], "class": 2}