{"image": "36ff2982-1aaf-11ef-9c6d-bd5cfcf36af4.jpg", "bboxes": [0.47134751773049643, 0.0788179669030733, 0.947706855791962, 0.6060047281323877], "class": 2}