{"image": "36ff2982-1aaf-11ef-9c6d-bd5cfcf36af4.jpg", "bboxes": [0.4202364066193853, 0.38510638297872346, 0.8965957446808509, 0.9122931442080378], "class": 2}