{"image": "36ff2982-1aaf-11ef-9c6d-bd5cfcf36af4.jpg", "bboxes": [0.6869030732860519, 0.3895508274231679, 0.9977777777777778, 0.9167375886524822], "class": 2}