{"image": "36ff2982-1aaf-11ef-9c6d-bd5cfcf36af4.jpg", "bboxes": [0.10118203309692697, 0.0788179669030733, 0.5775413711583925, 0.6060047281323877], "class": 2}