{"image": "36ff2982-1aaf-11ef-9c6d-bd5cfcf36af4.jpg", "bboxes": [0.586903073286052, 0.35177304964539013, 0.9977777777777778, 0.8789598108747044], "class": 2}