{"image": "36ff2982-1aaf-11ef-9c6d-bd5cfcf36af4.jpg", "bboxes": [0.7646808510638298, 0.10548463356974003, 0.9977777777777778, 0.6326713947990543], "class": 2}