{"image": "36ff2982-1aaf-11ef-9c6d-bd5cfcf36af4.jpg", "bboxes": [0.05673758865248246, 0.12548463356974005, 0.533096926713948, 0.6526713947990543], "class": 2}