{"image": "36ff2982-1aaf-11ef-9c6d-bd5cfcf36af4.jpg", "bboxes": [0.0, 0.37177304964539015, 0.4175413711583925, 0.8989598108747044], "class": 2}