{"image": "36ff2982-1aaf-11ef-9c6d-bd5cfcf36af4.jpg", "bboxes": [0.0, 0.1299290780141844, 0.24865248226950354, 0.6571158392434988], "class": 2}