{"image": "36ff2982-1aaf-11ef-9c6d-bd5cfcf36af4.jpg", "bboxes": [0.4646808510638297, 0.1165957446808511, 0.9410401891252953, 0.6437825059101654], "class": 2}