{"image": "36ff2982-1aaf-11ef-9c6d-bd5cfcf36af4.jpg", "bboxes": [0.14340425531914913, 0.09437352245862884, 0.6197635933806147, 0.6215602836879432], "class": 2}