{"image": "36ff2982-1aaf-11ef-9c6d-bd5cfcf36af4.jpg", "bboxes": [0.5402364066193853, 0.13659574468085112, 1.0, 0.6637825059101654], "class": 2}