{"image": "36ff2982-1aaf-11ef-9c6d-bd5cfcf36af4.jpg", "bboxes": [0.0, 0.08992907801418448, 0.21976359338061469, 0.6171158392434988], "class": 2}