{"image": "36ff2982-1aaf-11ef-9c6d-bd5cfcf36af4.jpg", "bboxes": [0.4424586288416075, 0.08104018912529554, 0.918817966903073, 0.6082269503546098], "class": 2}