{"image": "36ff2982-1aaf-11ef-9c6d-bd5cfcf36af4.jpg", "bboxes": [0.0, 0.1165957446808511, 0.32420803782505914, 0.6437825059101654], "class": 2}