{"image": "36ff2982-1aaf-11ef-9c6d-bd5cfcf36af4.jpg", "bboxes": [0.14340425531914913, 0.3495508274231679, 0.6197635933806147, 0.8767375886524822], "class": 2}