{"image": "36ff2982-1aaf-11ef-9c6d-bd5cfcf36af4.jpg", "bboxes": [0.48468085106382974, 0.34732860520094566, 0.9610401891252953, 0.87451536643026], "class": 2}