{"image": "36ff2982-1aaf-11ef-9c6d-bd5cfcf36af4.jpg", "bboxes": [0.0022222222222222365, 0.37399527186761233, 0.36865248226950353, 0.9011820330969267], "class": 2}