{"image": "36ff2982-1aaf-11ef-9c6d-bd5cfcf36af4.jpg", "bboxes": [0.0, 0.35399527186761237, 0.40643026004728133, 0.8811820330969267], "class": 2}