{"image": "36ff2982-1aaf-11ef-9c6d-bd5cfcf36af4.jpg", "bboxes": [0.016737588652482427, 0.08992907801418448, 0.493096926713948, 0.6171158392434988], "class": 2}