{"image": "36ff2982-1aaf-11ef-9c6d-bd5cfcf36af4.jpg", "bboxes": [0.366903073286052, 0.11215130023640663, 0.8432624113475176, 0.6393380614657209], "class": 2}