{"image": "36ff2982-1aaf-11ef-9c6d-bd5cfcf36af4.jpg", "bboxes": [0.03451536643026021, 0.08770685579196225, 0.5108747044917258, 0.6148936170212765], "class": 2}