{"image": "36ff2982-1aaf-11ef-9c6d-bd5cfcf36af4.jpg", "bboxes": [0.6535697399527186, 0.09437352245862884, 0.9977777777777778, 0.6215602836879432], "class": 2}