{"image": "36ff2982-1aaf-11ef-9c6d-bd5cfcf36af4.jpg", "bboxes": [0.7180141843971631, 0.12104018912529557, 1.0, 0.6482269503546099], "class": 2}