{"image": "36ff2982-1aaf-11ef-9c6d-bd5cfcf36af4.jpg", "bboxes": [0.0, 0.35177304964539013, 0.2464302600472814, 0.8789598108747044], "class": 2}