{"image": "36ff2982-1aaf-11ef-9c6d-bd5cfcf36af4.jpg", "bboxes": [0.02784869976359361, 0.1299290780141844, 0.5042080378250591, 0.6571158392434988], "class": 2}