{"image": "36ff2982-1aaf-11ef-9c6d-bd5cfcf36af4.jpg", "bboxes": [0.0022222222222222365, 0.10770685579196226, 0.39754137115839244, 0.6348936170212766], "class": 2}