{"image": "36ff2982-1aaf-11ef-9c6d-bd5cfcf36af4.jpg", "bboxes": [0.1411820330969269, 0.08326241134751777, 0.6175413711583925, 0.6104491725768322], "class": 2}