{"image": "36ff2982-1aaf-11ef-9c6d-bd5cfcf36af4.jpg", "bboxes": [0.6869030732860519, 0.11215130023640663, 0.9977777777777778, 0.6393380614657208], "class": 2}