{"image": "36ff2982-1aaf-11ef-9c6d-bd5cfcf36af4.jpg", "bboxes": [0.7757919621749408, 0.3451063829787235, 1.0, 0.8722931442080378], "class": 2}