{"image": "36ff2982-1aaf-11ef-9c6d-bd5cfcf36af4.jpg", "bboxes": [0.0022222222222222365, 0.3295508274231679, 0.3597635933806147, 0.8567375886524822], "class": 2}