{"image": "36ff2982-1aaf-11ef-9c6d-bd5cfcf36af4.jpg", "bboxes": [0.7602364066193853, 0.07659574468085106, 1.0, 0.6037825059101654], "class": 2}