{"image": "36ff2982-1aaf-11ef-9c6d-bd5cfcf36af4.jpg", "bboxes": [0.061182033096926935, 0.3362174940898346, 0.5375413711583925, 0.8634042553191489], "class": 2}