{"image": "36ff2982-1aaf-11ef-9c6d-bd5cfcf36af4.jpg", "bboxes": [0.0, 0.09881796690307332, 0.36865248226950353, 0.6260047281323877], "class": 2}