{"image": "36ff2982-1aaf-11ef-9c6d-bd5cfcf36af4.jpg", "bboxes": [0.0022222222222222365, 0.08992907801418448, 0.32865248226950355, 0.6171158392434988], "class": 2}