{"image": "36ff2982-1aaf-11ef-9c6d-bd5cfcf36af4.jpg", "bboxes": [0.0022222222222222365, 0.10548463356974003, 0.233096926713948, 0.6326713947990543], "class": 2}