{"image": "36ff2982-1aaf-11ef-9c6d-bd5cfcf36af4.jpg", "bboxes": [0.0022222222222222365, 0.35621749408983455, 0.4753191489361702, 0.8834042553191489], "class": 2}