{"image": "36ff2982-1aaf-11ef-9c6d-bd5cfcf36af4.jpg", "bboxes": [0.0, 0.34732860520094566, 0.3775413711583925, 0.87451536643026], "class": 2}