{"image": "36ff2982-1aaf-11ef-9c6d-bd5cfcf36af4.jpg", "bboxes": [0.5113475177304965, 0.37399527186761233, 0.9877068557919619, 0.9011820330969267], "class": 2}