{"image": "36ff2982-1aaf-11ef-9c6d-bd5cfcf36af4.jpg", "bboxes": [0.15007092198581584, 0.37399527186761233, 0.6264302600472813, 0.9011820330969267], "class": 2}