{"image": "36ff2982-1aaf-11ef-9c6d-bd5cfcf36af4.jpg", "bboxes": [0.0022222222222222365, 0.09437352245862884, 0.4108747044917258, 0.6215602836879432], "class": 2}