{"image": "36ff2982-1aaf-11ef-9c6d-bd5cfcf36af4.jpg", "bboxes": [0.13673758865248242, 0.3873286052009457, 0.613096926713948, 0.91451536643026], "class": 2}