{"image": "374e73c6-1aaf-11ef-9872-bd5cfcf36af4.jpg", "bboxes": [0.0, 0.06288416075650127, 0.47101654846335694, 0.6148936170212765], "class": 2}