{"image": "374e73c6-1aaf-11ef-9872-bd5cfcf36af4.jpg", "bboxes": [0.5156501182033097, 0.3962174940898346, 1.0, 0.9482269503546099], "class": 2}