{"image": "374e73c6-1aaf-11ef-9872-bd5cfcf36af4.jpg", "bboxes": [0.0074231678487000075, 0.3695508274231679, 0.4932387706855791, 0.9215602836879432], "class": 2}