{"image": "374e73c6-1aaf-11ef-9872-bd5cfcf36af4.jpg", "bboxes": [0.7178723404255319, 0.37177304964539015, 0.9977777777777778, 0.9237825059101654], "class": 2}