{"image": "374e73c6-1aaf-11ef-9872-bd5cfcf36af4.jpg", "bboxes": [0.5000945626477542, 0.3673286052009457, 0.9859101654846333, 0.919338061465721], "class": 2}