{"image": "374e73c6-1aaf-11ef-9872-bd5cfcf36af4.jpg", "bboxes": [0.0, 0.0962174940898346, 0.28212765957446806, 0.6482269503546099], "class": 2}