{"image": "374e73c6-1aaf-11ef-9872-bd5cfcf36af4.jpg", "bboxes": [0.37342789598108755, 0.05621749408983456, 0.8592434988179667, 0.6082269503546098], "class": 2}