{"image": "374e73c6-1aaf-11ef-9872-bd5cfcf36af4.jpg", "bboxes": [0.557872340425532, 0.08955082742316789, 0.9977777777777778, 0.6415602836879432], "class": 2}