{"image": "374e73c6-1aaf-11ef-9872-bd5cfcf36af4.jpg", "bboxes": [0.0, 0.3895508274231679, 0.28212765957446806, 0.9415602836879432], "class": 2}