{"image": "374e73c6-1aaf-11ef-9872-bd5cfcf36af4.jpg", "bboxes": [0.6467612293144208, 0.08066193853427905, 1.0, 0.6326713947990543], "class": 2}