{"image": "374e73c6-1aaf-11ef-9872-bd5cfcf36af4.jpg", "bboxes": [0.4489834515366431, 0.3695508274231679, 0.9347990543735222, 0.9215602836879432], "class": 2}