{"image": "374e73c6-1aaf-11ef-9872-bd5cfcf36af4.jpg", "bboxes": [0.009645390070922244, 0.07399527186761234, 0.49546099290780127, 0.6260047281323878], "class": 2}