{"image": "374e73c6-1aaf-11ef-9872-bd5cfcf36af4.jpg", "bboxes": [0.16297872340425557, 0.3873286052009457, 0.6487943262411346, 0.939338061465721], "class": 2}