{"image": "374e73c6-1aaf-11ef-9872-bd5cfcf36af4.jpg", "bboxes": [0.32676122931442086, 0.35177304964539013, 0.8125768321512999, 0.9037825059101654], "class": 2}