{"image": "374e73c6-1aaf-11ef-9872-bd5cfcf36af4.jpg", "bboxes": [0.6645390070921986, 0.06732860520094563, 1.0, 0.619338061465721], "class": 2}