{"image": "374e73c6-1aaf-11ef-9872-bd5cfcf36af4.jpg", "bboxes": [0.0, 0.35177304964539013, 0.40212765957446805, 0.9037825059101654], "class": 2}