{"image": "374e73c6-1aaf-11ef-9872-bd5cfcf36af4.jpg", "bboxes": [0.4445390070921986, 0.07399527186761234, 0.9303546099290778, 0.6260047281323877], "class": 2}