{"image": "374e73c6-1aaf-11ef-9872-bd5cfcf36af4.jpg", "bboxes": [0.0, 0.33843971631205677, 0.3043498817966902, 0.8904491725768321], "class": 2}