{"image": "374e73c6-1aaf-11ef-9872-bd5cfcf36af4.jpg", "bboxes": [0.517872340425532, 0.34732860520094566, 1.0, 0.899338061465721], "class": 2}