{"image": "374e73c6-1aaf-11ef-9872-bd5cfcf36af4.jpg", "bboxes": [0.06075650118203335, 0.1095508274231679, 0.5465721040189124, 0.6615602836879433], "class": 2}