{"image": "374e73c6-1aaf-11ef-9872-bd5cfcf36af4.jpg", "bboxes": [0.3467612293144209, 0.38510638297872346, 0.8325768321513, 0.9371158392434987], "class": 2}