{"image": "374e73c6-1aaf-11ef-9872-bd5cfcf36af4.jpg", "bboxes": [0.0, 0.060661938534279036, 0.3799054373522458, 0.6126713947990543], "class": 2}