{"image": "374e73c6-1aaf-11ef-9872-bd5cfcf36af4.jpg", "bboxes": [0.537872340425532, 0.05621749408983456, 0.9977777777777778, 0.6082269503546098], "class": 2}