{"image": "374e73c6-1aaf-11ef-9872-bd5cfcf36af4.jpg", "bboxes": [0.628983451536643, 0.36510638297872344, 0.9977777777777778, 0.9171158392434987], "class": 2}