{"image": "374e73c6-1aaf-11ef-9872-bd5cfcf36af4.jpg", "bboxes": [0.0763120567375889, 0.08955082742316789, 0.562127659574468, 0.6415602836879433], "class": 2}