{"image": "374e73c6-1aaf-11ef-9872-bd5cfcf36af4.jpg", "bboxes": [0.40453900709219864, 0.08732860520094565, 0.8903546099290778, 0.6393380614657209], "class": 2}