{"image": "374e73c6-1aaf-11ef-9872-bd5cfcf36af4.jpg", "bboxes": [0.0, 0.1028841607565012, 0.442127659574468, 0.6548936170212765], "class": 2}