{"image": "374e73c6-1aaf-11ef-9872-bd5cfcf36af4.jpg", "bboxes": [0.6689834515366431, 0.380661938534279, 0.9977777777777778, 0.9326713947990544], "class": 2}