{"image": "374e73c6-1aaf-11ef-9872-bd5cfcf36af4.jpg", "bboxes": [0.3689834515366431, 0.35621749408983455, 0.8547990543735222, 0.9082269503546099], "class": 2}