{"image": "374e73c6-1aaf-11ef-9872-bd5cfcf36af4.jpg", "bboxes": [0.0022222222222222365, 0.05399527186761233, 0.33768321513002353, 0.6060047281323877], "class": 2}