{"image": "374e73c6-1aaf-11ef-9872-bd5cfcf36af4.jpg", "bboxes": [0.4600945626477542, 0.06732860520094563, 0.9459101654846334, 0.619338061465721], "class": 2}