{"image": "374e73c6-1aaf-11ef-9872-bd5cfcf36af4.jpg", "bboxes": [0.6734278959810875, 0.07399527186761234, 1.0, 0.6260047281323877], "class": 2}