{"image": "374e73c6-1aaf-11ef-9872-bd5cfcf36af4.jpg", "bboxes": [0.10297872340425551, 0.3873286052009457, 0.5887943262411347, 0.939338061465721], "class": 2}