{"image": "374e73c6-1aaf-11ef-9872-bd5cfcf36af4.jpg", "bboxes": [0.1718676122931444, 0.36288416075650126, 0.6576832151300236, 0.9148936170212766], "class": 2}