{"image": "374e73c6-1aaf-11ef-9872-bd5cfcf36af4.jpg", "bboxes": [0.005200945626477771, 0.3673286052009457, 0.49101654846335696, 0.919338061465721], "class": 2}