{"image": "374e73c6-1aaf-11ef-9872-bd5cfcf36af4.jpg", "bboxes": [0.0, 0.08066193853427905, 0.3732387706855791, 0.6326713947990543], "class": 2}