{"image": "374e73c6-1aaf-11ef-9872-bd5cfcf36af4.jpg", "bboxes": [0.0022222222222222365, 0.08288416075650128, 0.4132387706855791, 0.6348936170212766], "class": 2}