{"image": "374e73c6-1aaf-11ef-9872-bd5cfcf36af4.jpg", "bboxes": [0.7156501182033097, 0.33399527186761235, 0.9977777777777778, 0.8860047281323876], "class": 2}