{"image": "374e73c6-1aaf-11ef-9872-bd5cfcf36af4.jpg", "bboxes": [0.0022222222222222365, 0.380661938534279, 0.3976832151300236, 0.9326713947990544], "class": 2}