{"image": "374e73c6-1aaf-11ef-9872-bd5cfcf36af4.jpg", "bboxes": [0.0022222222222222365, 0.11621749408983462, 0.2887943262411346, 0.6682269503546099], "class": 2}