{"image": "374e73c6-1aaf-11ef-9872-bd5cfcf36af4.jpg", "bboxes": [0.42676122931442084, 0.360661938534279, 0.9125768321513, 0.9126713947990543], "class": 2}