{"image": "374e73c6-1aaf-11ef-9872-bd5cfcf36af4.jpg", "bboxes": [0.0022222222222222365, 0.07621749408983458, 0.2776832151300236, 0.6282269503546098], "class": 2}