{"image": "374e73c6-1aaf-11ef-9872-bd5cfcf36af4.jpg", "bboxes": [0.3512056737588653, 0.060661938534279036, 0.8370212765957444, 0.6126713947990543], "class": 2}