{"image": "374e73c6-1aaf-11ef-9872-bd5cfcf36af4.jpg", "bboxes": [0.6956501182033098, 0.09399527186761236, 1.0, 0.6460047281323876], "class": 2}