{"image": "374e73c6-1aaf-11ef-9872-bd5cfcf36af4.jpg", "bboxes": [0.0, 0.06510638297872351, 0.342127659574468, 0.6171158392434988], "class": 2}