{"image": "374e73c6-1aaf-11ef-9872-bd5cfcf36af4.jpg", "bboxes": [0.0, 0.39399527186761235, 0.4176832151300236, 0.9460047281323877], "class": 2}