{"image": "374e73c6-1aaf-11ef-9872-bd5cfcf36af4.jpg", "bboxes": [0.34898345153664306, 0.3962174940898346, 0.8347990543735222, 0.9482269503546099], "class": 2}