{"image": "374e73c6-1aaf-11ef-9872-bd5cfcf36af4.jpg", "bboxes": [0.3400945626477542, 0.11621749408983462, 0.8259101654846334, 0.6682269503546099], "class": 2}