{"image": "374e73c6-1aaf-11ef-9872-bd5cfcf36af4.jpg", "bboxes": [0.7200945626477542, 0.3895508274231679, 0.9977777777777778, 0.9415602836879432], "class": 2}