{"image": "374e73c6-1aaf-11ef-9872-bd5cfcf36af4.jpg", "bboxes": [0.0022222222222222365, 0.05177304964539009, 0.2799054373522458, 0.6037825059101654], "class": 2}