{"image": "374e73c6-1aaf-11ef-9872-bd5cfcf36af4.jpg", "bboxes": [0.0022222222222222365, 0.10066193853427896, 0.442127659574468, 0.6526713947990543], "class": 2}