{"image": "374e73c6-1aaf-11ef-9872-bd5cfcf36af4.jpg", "bboxes": [0.7112056737588653, 0.39399527186761235, 1.0, 0.9460047281323877], "class": 2}