{"image": "374e73c6-1aaf-11ef-9872-bd5cfcf36af4.jpg", "bboxes": [0.0022222222222222365, 0.340661938534279, 0.2732387706855791, 0.8926713947990543], "class": 2}