{"image": "374e73c6-1aaf-11ef-9872-bd5cfcf36af4.jpg", "bboxes": [0.11631205673758893, 0.0962174940898346, 0.602127659574468, 0.6482269503546099], "class": 2}