{"image": "374e73c6-1aaf-11ef-9872-bd5cfcf36af4.jpg", "bboxes": [0.08742316784869997, 0.08510638297872342, 0.5732387706855792, 0.6371158392434988], "class": 2}