{"image": "374e73c6-1aaf-11ef-9872-bd5cfcf36af4.jpg", "bboxes": [0.41565011820330977, 0.1095508274231679, 0.9014657210401888, 0.6615602836879433], "class": 2}