{"image": "374e73c6-1aaf-11ef-9872-bd5cfcf36af4.jpg", "bboxes": [0.4712056737588653, 0.07399527186761234, 0.9570212765957444, 0.6260047281323878], "class": 2}