{"image": "374e73c6-1aaf-11ef-9872-bd5cfcf36af4.jpg", "bboxes": [0.0, 0.09177304964539013, 0.4354609929078014, 0.6437825059101654], "class": 2}