{"image": "374e73c6-1aaf-11ef-9872-bd5cfcf36af4.jpg", "bboxes": [0.009645390070922244, 0.3295508274231679, 0.49546099290780127, 0.8815602836879433], "class": 2}