{"image": "374e73c6-1aaf-11ef-9872-bd5cfcf36af4.jpg", "bboxes": [0.3512056737588653, 0.3495508274231679, 0.8370212765957444, 0.9015602836879432], "class": 2}