{"image": "3f4da832-084f-11ef-b20b-64d2c4ecd148.jpg", "bboxes": [0.6915151515151515, 0.10127946127946141, 1.0, 1.0], "class": 1}