{"image": "3f4da832-084f-11ef-b20b-64d2c4ecd148.jpg", "bboxes": [0.47818181818181815, 0.0022222222222222365, 0.9977777777777778, 0.6892929292929293], "class": 1}