{"image": "3f4da832-084f-11ef-b20b-64d2c4ecd148.jpg", "bboxes": [0.9892929292929293, 0.18794612794612808, 0.9977777777777778, 0.9977777777777778], "class": 1}