{"image": "3f4da832-084f-11ef-b20b-64d2c4ecd148.jpg", "bboxes": [0.0, 0.18794612794612808, 0.8084848484848485, 0.9977777777777778], "class": 1}