{"image": "3f4da832-084f-11ef-b20b-64d2c4ecd148.jpg", "bboxes": [0.0, 0.050707070707070756, 0.0018181818181818067, 1.0], "class": 1}