{"image": "3f4da832-084f-11ef-b20b-64d2c4ecd148.jpg", "bboxes": [0.20040404040404036, 0.0, 1.0, 0.8764983164983164], "class": 1}