{"image": "3f4da832-084f-11ef-b20b-64d2c4ecd148.jpg", "bboxes": [0.15373737373737373, 0.0, 0.9887542087542086, 0.8987205387205386], "class": 1}