{"image": "3f4da832-084f-11ef-b20b-64d2c4ecd148.jpg", "bboxes": [0.23818181818181816, 0.0, 1.0, 0.9809427609427609], "class": 1}