{"image": "3f4da832-084f-11ef-b20b-64d2c4ecd148.jpg", "bboxes": [0.5915151515151515, 0.227946127946128, 0.9977777777777778, 0.9977777777777778], "class": 1}