{"image": "3f4da832-084f-11ef-b20b-64d2c4ecd148.jpg", "bboxes": [0.14707070707070716, 0.0022222222222222365, 0.982087542087542, 0.7004040404040404], "class": 1}