{"image": "3f4da832-084f-11ef-b20b-64d2c4ecd148.jpg", "bboxes": [0.16040404040404044, 0.0, 0.9954208754208753, 0.6915151515151514], "class": 1}