{"image": "3f4da832-084f-11ef-b20b-64d2c4ecd148.jpg", "bboxes": [0.0, 0.25016835016835026, 0.19515151515151513, 0.9977777777777778], "class": 1}