{"image": "3f4da832-084f-11ef-b20b-64d2c4ecd148.jpg", "bboxes": [0.2737373737373737, 0.0, 1.0, 0.9781818181818182], "class": 1}