{"image": "3f4da832-084f-11ef-b20b-64d2c4ecd148.jpg", "bboxes": [0.0, 0.2173737373737374, 0.7262626262626263, 1.0], "class": 1}