{"image": "3f4da832-084f-11ef-b20b-64d2c4ecd148.jpg", "bboxes": [0.38262626262626265, 0.21292929292929297, 1.0, 1.0], "class": 1}