{"image": "3f4da832-084f-11ef-b20b-64d2c4ecd148.jpg", "bboxes": [0.009023569023569154, 0.0, 0.844040404040404, 0.9853872053872053], "class": 1}