{"image": "3f4da832-084f-11ef-b20b-64d2c4ecd148.jpg", "bboxes": [0.32040404040404047, 0.0, 0.9977777777777778, 0.9898316498316497], "class": 1}