{"image": "3f4da832-084f-11ef-b20b-64d2c4ecd148.jpg", "bboxes": [0.7559595959595959, 0.30848484848484853, 0.9977777777777778, 0.9977777777777778], "class": 1}