{"image": "3f4da832-084f-11ef-b20b-64d2c4ecd148.jpg", "bboxes": [0.8248484848484848, 0.0, 0.9977777777777778, 0.8942760942760942], "class": 1}