{"image": "3f4da832-084f-11ef-b20b-64d2c4ecd148.jpg", "bboxes": [0.0, 0.2012794612794614, 0.7884848484848485, 1.0], "class": 1}