{"image": "3f4da832-084f-11ef-b20b-64d2c4ecd148.jpg", "bboxes": [0.3248484848484849, 0.10848484848484853, 0.9977777777777778, 0.9977777777777778], "class": 1}