{"image": "3f4da832-084f-11ef-b20b-64d2c4ecd148.jpg", "bboxes": [0.515959595959596, 0.0, 1.0, 0.7915151515151515], "class": 1}