{"image": "3f4da832-084f-11ef-b20b-64d2c4ecd148.jpg", "bboxes": [0.17373737373737375, 0.0, 0.9977777777777778, 0.9342760942760941], "class": 1}