{"image": "3f4da832-084f-11ef-b20b-64d2c4ecd148.jpg", "bboxes": [0.0, 0.1390572390572391, 0.2507070707070707, 1.0], "class": 1}