{"image": "3fc74ade-084f-11ef-b20b-64d2c4ecd148.jpg", "bboxes": [0.0, 0.08336700336700331, 0.5808080808080809, 0.9977777777777778], "class": 1}