{"image": "3fc74ade-084f-11ef-b20b-64d2c4ecd148.jpg", "bboxes": [0.0, 0.0, 0.6208080808080808, 0.8566329966329966], "class": 1}