{"image": "3fc74ade-084f-11ef-b20b-64d2c4ecd148.jpg", "bboxes": [0.5214141414141413, 0.0022222222222222365, 0.9977777777777778, 0.7826936026936027], "class": 1}