{"image": "3fc74ade-084f-11ef-b20b-64d2c4ecd148.jpg", "bboxes": [0.8480808080808079, 0.014478114478114423, 0.9977777777777778, 0.9471380471380471], "class": 1}