{"image": "3fc74ade-084f-11ef-b20b-64d2c4ecd148.jpg", "bboxes": [0.0, 0.0022222222222222365, 0.5719191919191919, 0.7071380471380471], "class": 1}