{"image": "40228ec6-084f-11ef-b20b-64d2c4ecd148.jpg", "bboxes": [0.8943434343434344, 0.15474747474747474, 0.9977777777777778, 0.9977777777777778], "class": 1}