{"image": "40228ec6-084f-11ef-b20b-64d2c4ecd148.jpg", "bboxes": [0.3476767676767678, 0.004983164983164998, 0.9977777777777778, 0.9208080808080809], "class": 1}