{"image": "40228ec6-084f-11ef-b20b-64d2c4ecd148.jpg", "bboxes": [0.03562289562289569, 0.12053872053872056, 0.9278787878787877, 0.9977777777777778], "class": 1}