{"image": "40228ec6-084f-11ef-b20b-64d2c4ecd148.jpg", "bboxes": [0.3921212121212122, 0.02942760942760944, 0.9977777777777778, 0.9452525252525252], "class": 1}