{"image": "40228ec6-084f-11ef-b20b-64d2c4ecd148.jpg", "bboxes": [0.24989898989898995, 0.16363636363636358, 0.9977777777777778, 0.9977777777777778], "class": 1}