{"image": "40228ec6-084f-11ef-b20b-64d2c4ecd148.jpg", "bboxes": [0.08545454545454556, 0.0, 0.9777104377104376, 0.7283501683501683], "class": 1}