{"image": "40228ec6-084f-11ef-b20b-64d2c4ecd148.jpg", "bboxes": [0.0, 0.12363636363636366, 0.22343434343434335, 0.9977777777777778], "class": 1}