{"image": "40228ec6-084f-11ef-b20b-64d2c4ecd148.jpg", "bboxes": [0.15656565656565669, 0.29164983164983166, 0.9977777777777778, 0.9977777777777778], "class": 1}