{"image": "40228ec6-084f-11ef-b20b-64d2c4ecd148.jpg", "bboxes": [0.9143434343434345, 0.1338720538720539, 0.9977777777777778, 0.9977777777777778], "class": 1}