{"image": "40228ec6-084f-11ef-b20b-64d2c4ecd148.jpg", "bboxes": [0.0, 0.03474747474747475, 0.4367676767676767, 0.9505723905723905], "class": 1}