{"image": "40228ec6-084f-11ef-b20b-64d2c4ecd148.jpg", "bboxes": [0.5898989898989899, 0.25831649831649833, 1.0, 1.0], "class": 1}