{"image": "40228ec6-084f-11ef-b20b-64d2c4ecd148.jpg", "bboxes": [0.9476767676767678, 0.07919191919191915, 0.9977777777777778, 0.995016835016835], "class": 1}