{"image": "40228ec6-084f-11ef-b20b-64d2c4ecd148.jpg", "bboxes": [0.10323232323232334, 0.0, 0.9954882154882154, 0.8096969696969697], "class": 1}