{"image": "40228ec6-084f-11ef-b20b-64d2c4ecd148.jpg", "bboxes": [0.17212121212121223, 0.0, 1.0, 0.695016835016835], "class": 1}