{"image": "40228ec6-084f-11ef-b20b-64d2c4ecd148.jpg", "bboxes": [0.7987878787878788, 0.28053872053872053, 1.0, 1.0], "class": 1}