{"image": "40228ec6-084f-11ef-b20b-64d2c4ecd148.jpg", "bboxes": [0.48323232323232335, 0.284983164983165, 0.9977777777777778, 0.9977777777777778], "class": 1}