{"image": "40228ec6-084f-11ef-b20b-64d2c4ecd148.jpg", "bboxes": [0.45212121212121226, 0.0, 1.0, 0.851919191919192], "class": 1}