{"image": "40228ec6-084f-11ef-b20b-64d2c4ecd148.jpg", "bboxes": [0.8565656565656566, 0.11474747474747471, 1.0, 1.0], "class": 1}