{"image": "40228ec6-084f-11ef-b20b-64d2c4ecd148.jpg", "bboxes": [0.0, 0.30053872053872055, 0.4167676767676767, 1.0], "class": 1}