{"image": "40228ec6-084f-11ef-b20b-64d2c4ecd148.jpg", "bboxes": [0.0, 0.049427609427609445, 0.7367676767676766, 0.9652525252525253], "class": 1}