{"image": "40228ec6-084f-11ef-b20b-64d2c4ecd148.jpg", "bboxes": [0.68989898989899, 0.10942760942760944, 1.0, 1.0], "class": 1}