{"image": "40228ec6-084f-11ef-b20b-64d2c4ecd148.jpg", "bboxes": [0.0, 0.0022222222222222365, 0.6789898989898989, 0.8372390572390572], "class": 1}