{"image": "40228ec6-084f-11ef-b20b-64d2c4ecd148.jpg", "bboxes": [0.4232323232323233, 0.010303030303030258, 1.0, 0.9261279461279461], "class": 1}