{"image": "40228ec6-084f-11ef-b20b-64d2c4ecd148.jpg", "bboxes": [0.4743434343434344, 0.26363636363636367, 1.0, 1.0], "class": 1}