{"image": "40228ec6-084f-11ef-b20b-64d2c4ecd148.jpg", "bboxes": [0.5054545454545456, 0.29609427609427613, 1.0, 1.0], "class": 1}