{"image": "40228ec6-084f-11ef-b20b-64d2c4ecd148.jpg", "bboxes": [0.0, 0.2214141414141414, 0.8612121212121211, 0.9977777777777778], "class": 1}