{"image": "40228ec6-084f-11ef-b20b-64d2c4ecd148.jpg", "bboxes": [0.7721212121212122, 0.12942760942760945, 0.9977777777777778, 0.9977777777777778], "class": 1}