{"image": "40228ec6-084f-11ef-b20b-64d2c4ecd148.jpg", "bboxes": [0.0, 0.05919191919191913, 0.2923232323232322, 0.975016835016835], "class": 1}