{"image": "40228ec6-084f-11ef-b20b-64d2c4ecd148.jpg", "bboxes": [0.12895622895622902, 0.016969696969696968, 1.0, 0.9327946127946127], "class": 1}