{"image": "40228ec6-084f-11ef-b20b-64d2c4ecd148.jpg", "bboxes": [0.0, 0.3583164983164983, 0.2567676767676767, 1.0], "class": 1}