{"image": "40228ec6-084f-11ef-b20b-64d2c4ecd148.jpg", "bboxes": [0.5121212121212122, 0.0022222222222222365, 0.9977777777777778, 0.6794612794612794], "class": 1}