{"image": "40228ec6-084f-11ef-b20b-64d2c4ecd148.jpg", "bboxes": [0.023232323232323267, 0.0022222222222222365, 0.9154882154882155, 0.7039057239057238], "class": 1}