{"image": "40228ec6-084f-11ef-b20b-64d2c4ecd148.jpg", "bboxes": [0.8854545454545455, 0.0, 0.9977777777777778, 0.8585858585858586], "class": 1}