{"image": "40228ec6-084f-11ef-b20b-64d2c4ecd148.jpg", "bboxes": [0.7032323232323233, 0.0, 0.9977777777777778, 0.9008080808080808], "class": 1}