{"image": "40228ec6-084f-11ef-b20b-64d2c4ecd148.jpg", "bboxes": [0.5476767676767678, 0.0, 1.0, 0.826127946127946], "class": 1}