{"image": "40228ec6-084f-11ef-b20b-64d2c4ecd148.jpg", "bboxes": [0.22545454545454557, 0.16720538720538722, 1.0, 1.0], "class": 1}