{"image": "40228ec6-084f-11ef-b20b-64d2c4ecd148.jpg", "bboxes": [0.20101010101010108, 0.0, 1.0, 0.8185858585858586], "class": 1}