{"image": "40228ec6-084f-11ef-b20b-64d2c4ecd148.jpg", "bboxes": [0.0, 0.26276094276094275, 0.13232323232323223, 0.9977777777777778], "class": 1}