{"image": "40228ec6-084f-11ef-b20b-64d2c4ecd148.jpg", "bboxes": [0.5076767676767677, 0.3583164983164983, 0.9977777777777778, 0.9977777777777778], "class": 1}