{"image": "40228ec6-084f-11ef-b20b-64d2c4ecd148.jpg", "bboxes": [0.3787878787878789, 0.1272053872053872, 0.9977777777777778, 0.9977777777777778], "class": 1}