{"image": "407e8c6c-084f-11ef-b20b-64d2c4ecd148.jpg", "bboxes": [0.0, 0.10282828282828285, 0.7536700336700336, 1.0], "class": 1}