{"image": "407e8c6c-084f-11ef-b20b-64d2c4ecd148.jpg", "bboxes": [0.0, 0.0022222222222222365, 0.10033670033670028, 0.6771717171717171], "class": 1}