{"image": "407e8c6c-084f-11ef-b20b-64d2c4ecd148.jpg", "bboxes": [0.0, 0.10060606060606063, 0.6625589225589225, 1.0], "class": 1}