{"image": "407e8c6c-084f-11ef-b20b-64d2c4ecd148.jpg", "bboxes": [0.132996632996633, 0.16282828282828285, 0.9006734006734005, 1.0], "class": 1}