{"image": "407e8c6c-084f-11ef-b20b-64d2c4ecd148.jpg", "bboxes": [0.5663299663299664, 0.35393939393939394, 0.9977777777777778, 0.9977777777777778], "class": 1}