{"image": "407e8c6c-084f-11ef-b20b-64d2c4ecd148.jpg", "bboxes": [0.0, 0.12505050505050508, 0.5625589225589225, 1.0], "class": 1}