{"image": "407e8c6c-084f-11ef-b20b-64d2c4ecd148.jpg", "bboxes": [0.0, 0.17912457912457913, 0.39589225589225585, 1.0], "class": 1}