{"image": "407e8c6c-084f-11ef-b20b-64d2c4ecd148.jpg", "bboxes": [0.20410774410774413, 0.0, 0.9717845117845116, 0.843097643097643], "class": 1}