{"image": "407e8c6c-084f-11ef-b20b-64d2c4ecd148.jpg", "bboxes": [0.0, 0.0022222222222222365, 0.558114478114478, 0.8460606060606061], "class": 1}