{"image": "407e8c6c-084f-11ef-b20b-64d2c4ecd148.jpg", "bboxes": [0.7463299663299664, 0.29393939393939394, 1.0, 1.0], "class": 1}