{"image": "407e8c6c-084f-11ef-b20b-64d2c4ecd148.jpg", "bboxes": [0.3041077441077442, 0.0, 1.0, 0.8082828282828283], "class": 1}