{"image": "407e8c6c-084f-11ef-b20b-64d2c4ecd148.jpg", "bboxes": [0.18188552188552198, 0.1702356902356903, 0.9495622895622895, 0.9977777777777778], "class": 1}