{"image": "407e8c6c-084f-11ef-b20b-64d2c4ecd148.jpg", "bboxes": [0.05299663299663304, 0.0022222222222222365, 0.8206734006734006, 0.7616161616161616], "class": 1}