{"image": "407e8c6c-084f-11ef-b20b-64d2c4ecd148.jpg", "bboxes": [0.11077441077441086, 0.09245791245791246, 0.8784511784511784, 1.0], "class": 1}