{"image": "407e8c6c-084f-11ef-b20b-64d2c4ecd148.jpg", "bboxes": [0.41299663299663303, 0.0, 1.0, 0.806060606060606], "class": 1}