{"image": "407e8c6c-084f-11ef-b20b-64d2c4ecd148.jpg", "bboxes": [0.1459932659932661, 0.26801346801346804, 0.9136700336700336, 1.0], "class": 1}