{"image": "407e8c6c-084f-11ef-b20b-64d2c4ecd148.jpg", "bboxes": [0.9729966329966331, 0.0, 0.9977777777777778, 0.8564309764309764], "class": 1}