{"image": "407e8c6c-084f-11ef-b20b-64d2c4ecd148.jpg", "bboxes": [0.059326599326599436, 0.3672727272727273, 0.827003367003367, 1.0], "class": 1}