{"image": "407e8c6c-084f-11ef-b20b-64d2c4ecd148.jpg", "bboxes": [0.22410774410774414, 0.0, 0.9917845117845117, 0.5949494949494949], "class": 1}