{"image": "407e8c6c-084f-11ef-b20b-64d2c4ecd148.jpg", "bboxes": [0.8507744107744108, 0.04727272727272729, 1.0, 0.963097643097643], "class": 1}