{"image": "407e8c6c-084f-11ef-b20b-64d2c4ecd148.jpg", "bboxes": [0.8374410774410774, 0.0, 1.0, 0.5905050505050504], "class": 1}