{"image": "407e8c6c-084f-11ef-b20b-64d2c4ecd148.jpg", "bboxes": [0.05521885521885528, 0.0022222222222222365, 0.8228956228956228, 0.8927272727272726], "class": 1}