{"image": "407e8c6c-084f-11ef-b20b-64d2c4ecd148.jpg", "bboxes": [0.07063973063973082, 0.0022222222222222365, 0.7305723905723905, 0.5681481481481481], "class": 1}