{"image": "407e8c6c-084f-11ef-b20b-64d2c4ecd148.jpg", "bboxes": [0.0, 0.21171717171717175, 0.08700336700336694, 1.0], "class": 1}