{"image": "407e8c6c-084f-11ef-b20b-64d2c4ecd148.jpg", "bboxes": [0.08821548821548832, 0.3161616161616162, 0.8558922558922558, 0.9977777777777778], "class": 1}