{"image": "407e8c6c-084f-11ef-b20b-64d2c4ecd148.jpg", "bboxes": [0.0, 0.0783838383838384, 0.40478114478114474, 0.9942087542087542], "class": 1}