{"image": "407e8c6c-084f-11ef-b20b-64d2c4ecd148.jpg", "bboxes": [0.14855218855218866, 0.0022222222222222365, 0.9162289562289562, 0.714949494949495], "class": 1}