{"image": "407e8c6c-084f-11ef-b20b-64d2c4ecd148.jpg", "bboxes": [0.3085521885521886, 0.0, 1.0, 0.6771717171717171], "class": 1}