{"image": "407e8c6c-084f-11ef-b20b-64d2c4ecd148.jpg", "bboxes": [0.28188552188552196, 0.03912457912457912, 0.9977777777777778, 0.9549494949494949], "class": 1}