{"image": "40d55d3a-084f-11ef-b20b-64d2c4ecd148.jpg", "bboxes": [0.12040404040404054, 0.1767676767676768, 0.8476767676767678, 1.0], "class": 1}