{"image": "40d55d3a-084f-11ef-b20b-64d2c4ecd148.jpg", "bboxes": [0.0, 0.0, 0.3876767676767678, 0.8398653198653198], "class": 1}