{"image": "40d55d3a-084f-11ef-b20b-64d2c4ecd148.jpg", "bboxes": [0.29010101010100997, 0.05346801346801355, 0.9977777777777778, 0.9187878787878787], "class": 1}