{"image": "40d55d3a-084f-11ef-b20b-64d2c4ecd148.jpg", "bboxes": [0.2737373737373739, 0.30013468013468025, 1.0, 1.0], "class": 1}