{"image": "40d55d3a-084f-11ef-b20b-64d2c4ecd148.jpg", "bboxes": [0.0, 0.2845791245791247, 0.1521212121212122, 0.9977777777777778], "class": 1}