{"image": "40d55d3a-084f-11ef-b20b-64d2c4ecd148.jpg", "bboxes": [0.0, 0.21454545454545457, 0.6387878787878789, 1.0], "class": 1}