{"image": "40d55d3a-084f-11ef-b20b-64d2c4ecd148.jpg", "bboxes": [0.73010101010101, 0.0, 1.0, 0.8343434343434343], "class": 1}