{"image": "40d55d3a-084f-11ef-b20b-64d2c4ecd148.jpg", "bboxes": [0.8189898989898989, 0.0, 1.0, 0.6432323232323232], "class": 1}