{"image": "40d55d3a-084f-11ef-b20b-64d2c4ecd148.jpg", "bboxes": [0.12787878787878781, 0.0022222222222222365, 0.855151515151515, 0.6343434343434343], "class": 1}