{"image": "40d55d3a-084f-11ef-b20b-64d2c4ecd148.jpg", "bboxes": [0.023434343434343363, 0.0, 0.7507070707070705, 0.8643097643097641], "class": 1}