{"image": "40d55d3a-084f-11ef-b20b-64d2c4ecd148.jpg", "bboxes": [0.7856565656565655, 0.3478787878787879, 1.0, 1.0], "class": 1}