{"image": "40d55d3a-084f-11ef-b20b-64d2c4ecd148.jpg", "bboxes": [0.12040404040404054, 0.0623569023569025, 0.8476767676767678, 0.9276767676767677], "class": 1}