{"image": "40d55d3a-084f-11ef-b20b-64d2c4ecd148.jpg", "bboxes": [0.0, 0.0022222222222222365, 0.7121212121212123, 0.641010101010101], "class": 1}