{"image": "40d55d3a-084f-11ef-b20b-64d2c4ecd148.jpg", "bboxes": [0.06929292929292943, 0.08902356902356912, 0.7965656565656567, 0.9543434343434343], "class": 1}