{"image": "40d55d3a-084f-11ef-b20b-64d2c4ecd148.jpg", "bboxes": [0.2070707070707072, 0.11454545454545458, 0.9343434343434345, 0.9798653198653198], "class": 1}