{"image": "40d55d3a-084f-11ef-b20b-64d2c4ecd148.jpg", "bboxes": [0.0034343434343433454, 0.17569023569023579, 0.7307070707070707, 0.9977777777777778], "class": 1}