{"image": "40d55d3a-084f-11ef-b20b-64d2c4ecd148.jpg", "bboxes": [0.7078787878787878, 0.3290235690235691, 1.0, 1.0], "class": 1}