{"image": "40d55d3a-084f-11ef-b20b-64d2c4ecd148.jpg", "bboxes": [0.0, 0.2756902356902359, 0.49656565656565665, 1.0], "class": 1}