{"image": "40d55d3a-084f-11ef-b20b-64d2c4ecd148.jpg", "bboxes": [0.0022222222222222365, 0.0, 0.7240404040404039, 0.7976430976430975], "class": 1}