{"image": "40d55d3a-084f-11ef-b20b-64d2c4ecd148.jpg", "bboxes": [0.34343434343434337, 0.0, 0.9977777777777778, 0.6554208754208752], "class": 1}