{"image": "40d55d3a-084f-11ef-b20b-64d2c4ecd148.jpg", "bboxes": [0.9634343434343433, 0.01791245791245799, 1.0, 0.8832323232323231], "class": 1}