{"image": "40d55d3a-084f-11ef-b20b-64d2c4ecd148.jpg", "bboxes": [0.0, 0.07232323232323236, 0.012121212121212213, 0.9376430976430975], "class": 1}