{"image": "40d55d3a-084f-11ef-b20b-64d2c4ecd148.jpg", "bboxes": [0.8145454545454545, 0.0, 1.0, 0.6376430976430976], "class": 1}