{"image": "40d55d3a-084f-11ef-b20b-64d2c4ecd148.jpg", "bboxes": [0.16262626262626276, 0.0, 0.88989898989899, 0.8165656565656565], "class": 1}