{"image": "40d55d3a-084f-11ef-b20b-64d2c4ecd148.jpg", "bboxes": [0.06262626262626277, 0.0, 0.78989898989899, 0.6521212121212121], "class": 1}