{"image": "40d55d3a-084f-11ef-b20b-64d2c4ecd148.jpg", "bboxes": [0.0, 0.35010101010101013, 0.6010101010101011, 0.9977777777777778], "class": 1}