{"image": "412b5d34-084f-11ef-b20b-64d2c4ecd148.jpg", "bboxes": [0.8744781144781144, 0.0, 0.9977777777777778, 0.7016161616161618], "class": 1}