{"image": "412b5d34-084f-11ef-b20b-64d2c4ecd148.jpg", "bboxes": [0.0, 0.058383838383838205, 0.16734006734006734, 0.89003367003367], "class": 1}