{"image": "412b5d34-084f-11ef-b20b-64d2c4ecd148.jpg", "bboxes": [0.9655892255892256, 0.0, 0.9977777777777778, 0.5705050505050506], "class": 1}