{"image": "412b5d34-084f-11ef-b20b-64d2c4ecd148.jpg", "bboxes": [0.18114478114478116, 0.020606060606060406, 0.8006734006734006, 0.852255892255892], "class": 1}