{"image": "412b5d34-084f-11ef-b20b-64d2c4ecd148.jpg", "bboxes": [0.8144781144781145, 0.0022222222222222365, 0.9977777777777778, 0.8078114478114478], "class": 1}