{"image": "412b5d34-084f-11ef-b20b-64d2c4ecd148.jpg", "bboxes": [0.0, 0.04949494949494937, 0.2962289562289563, 0.8811447811447811], "class": 1}