{"image": "412b5d34-084f-11ef-b20b-64d2c4ecd148.jpg", "bboxes": [0.7611447811447811, 0.0028282828282826245, 1.0, 0.8344781144781144], "class": 1}