{"image": "412b5d34-084f-11ef-b20b-64d2c4ecd148.jpg", "bboxes": [0.7989225589225589, 0.24107744107744114, 1.0, 1.0], "class": 1}