{"image": "412b5d34-084f-11ef-b20b-64d2c4ecd148.jpg", "bboxes": [0.997104377104377, 0.12060606060606038, 0.9977777777777778, 0.9522558922558922], "class": 1}