{"image": "412b5d34-084f-11ef-b20b-64d2c4ecd148.jpg", "bboxes": [0.8167003367003367, 0.1877441077441078, 0.9977777777777778, 0.9977777777777778], "class": 1}