{"image": "412b5d34-084f-11ef-b20b-64d2c4ecd148.jpg", "bboxes": [0.7344781144781145, 0.21393939393939376, 1.0, 1.0], "class": 1}