{"image": "412b5d34-084f-11ef-b20b-64d2c4ecd148.jpg", "bboxes": [0.0, 0.2717171717171716, 0.5095622895622895, 1.0], "class": 1}