{"image": "412b5d34-084f-11ef-b20b-64d2c4ecd148.jpg", "bboxes": [0.7326599326599327, 0.40282828282828265, 1.0, 1.0], "class": 1}