{"image": "412b5d34-084f-11ef-b20b-64d2c4ecd148.jpg", "bboxes": [0.0, 0.24107744107744114, 0.5188552188552189, 0.9977777777777778], "class": 1}