{"image": "412b5d34-084f-11ef-b20b-64d2c4ecd148.jpg", "bboxes": [0.9455892255892255, 0.0, 1.0, 0.8055892255892255], "class": 1}