{"image": "412b5d34-084f-11ef-b20b-64d2c4ecd148.jpg", "bboxes": [0.737104377104377, 0.0022222222222222365, 0.9977777777777778, 0.79003367003367], "class": 1}