{"image": "412b5d34-084f-11ef-b20b-64d2c4ecd148.jpg", "bboxes": [0.0022222222222222365, 0.039124579124579194, 0.3148821548821549, 0.8404713804713806], "class": 1}