{"image": "412b5d34-084f-11ef-b20b-64d2c4ecd148.jpg", "bboxes": [0.0022222222222222365, 0.07952861952861945, 0.2082154882154882, 0.8808754208754208], "class": 1}