{"image": "412b5d34-084f-11ef-b20b-64d2c4ecd148.jpg", "bboxes": [0.26781144781144783, 0.047744107744107804, 0.8873400673400673, 0.8793939393939396], "class": 1}