{"image": "412b5d34-084f-11ef-b20b-64d2c4ecd148.jpg", "bboxes": [0.0, 0.5050505050505049, 0.3095622895622896, 1.0], "class": 1}