{"image": "412b5d34-084f-11ef-b20b-64d2c4ecd148.jpg", "bboxes": [0.0, 0.02505050505050488, 0.11663299663299666, 0.8567003367003366], "class": 1}