{"image": "412b5d34-084f-11ef-b20b-64d2c4ecd148.jpg", "bboxes": [0.19265993265993264, 0.003299663299663362, 0.8121885521885522, 0.8349494949494951], "class": 1}