{"image": "412b5d34-084f-11ef-b20b-64d2c4ecd148.jpg", "bboxes": [0.3611447811447811, 0.029494949494949352, 0.9806734006734007, 0.8611447811447811], "class": 1}