{"image": "412b5d34-084f-11ef-b20b-64d2c4ecd148.jpg", "bboxes": [0.14114478114478113, 0.0, 0.7606734006734007, 0.583838383838384], "class": 1}