{"image": "412b5d34-084f-11ef-b20b-64d2c4ecd148.jpg", "bboxes": [0.0, 0.021750841750841632, 0.15750841750841776, 0.8230976430976429], "class": 1}