{"image": "412b5d34-084f-11ef-b20b-64d2c4ecd148.jpg", "bboxes": [0.0022222222222222365, 0.19218855218855224, 0.5317845117845118, 0.9977777777777778], "class": 1}