{"image": "412b5d34-084f-11ef-b20b-64d2c4ecd148.jpg", "bboxes": [0.3406734006734007, 0.09690235690235698, 0.9130639730639734, 0.8982491582491583], "class": 1}