{"image": "412b5d34-084f-11ef-b20b-64d2c4ecd148.jpg", "bboxes": [0.0, 0.5072727272727271, 0.38289562289562296, 1.0], "class": 1}