{"image": "412b5d34-084f-11ef-b20b-64d2c4ecd148.jpg", "bboxes": [0.0, 0.1650505050505049, 0.12552188552188556, 0.9967003367003366], "class": 1}