{"image": "412b5d34-084f-11ef-b20b-64d2c4ecd148.jpg", "bboxes": [0.26154882154882153, 0.0, 0.8810774410774411, 0.5460606060606062], "class": 1}