{"image": "412b5d34-084f-11ef-b20b-64d2c4ecd148.jpg", "bboxes": [0.5633670033670033, 0.1255218855218856, 0.9977777777777778, 0.9571717171717173], "class": 1}