{"image": "412b5d34-084f-11ef-b20b-64d2c4ecd148.jpg", "bboxes": [0.0022222222222222365, 0.027744107744107807, 0.0762289562289562, 0.8593939393939396], "class": 1}