{"image": "412b5d34-084f-11ef-b20b-64d2c4ecd148.jpg", "bboxes": [0.8971043771043771, 0.2344107744107745, 1.0, 1.0], "class": 1}