{"image": "412b5d34-084f-11ef-b20b-64d2c4ecd148.jpg", "bboxes": [0.07003367003367, 0.3628282828282826, 0.6895622895622896, 1.0], "class": 1}