{"image": "412b5d34-084f-11ef-b20b-64d2c4ecd148.jpg", "bboxes": [0.30377104377104375, 0.03171717171717159, 0.9232996632996633, 0.8633670033670033], "class": 1}