{"image": "412b5d34-084f-11ef-b20b-64d2c4ecd148.jpg", "bboxes": [0.0, 0.2806060606060604, 0.40996632996633, 0.9977777777777778], "class": 1}