{"image": "412b5d34-084f-11ef-b20b-64d2c4ecd148.jpg", "bboxes": [0.4744781144781145, 0.0072727272727270975, 0.9977777777777778, 0.8389225589225588], "class": 1}