{"image": "412b5d34-084f-11ef-b20b-64d2c4ecd148.jpg", "bboxes": [0.24154882154882154, 0.2277441077441078, 0.8610774410774411, 1.0], "class": 1}