{"image": "412b5d34-084f-11ef-b20b-64d2c4ecd148.jpg", "bboxes": [0.0, 0.19690235690235697, 0.4552861952861955, 0.9977777777777778], "class": 1}