{"image": "412b5d34-084f-11ef-b20b-64d2c4ecd148.jpg", "bboxes": [0.4637710437710438, 0.0, 0.9977777777777778, 0.5060606060606062], "class": 1}