{"image": "412b5d34-084f-11ef-b20b-64d2c4ecd148.jpg", "bboxes": [0.0022222222222222365, 0.014410774410774473, 0.5273400673400674, 0.8460606060606062], "class": 1}