{"image": "412b5d34-084f-11ef-b20b-64d2c4ecd148.jpg", "bboxes": [0.0, 0.10329966329966336, 0.5588552188552189, 0.9349494949494951], "class": 1}