{"image": "412b5d34-084f-11ef-b20b-64d2c4ecd148.jpg", "bboxes": [0.0, 0.22329966329966336, 0.44067340067340066, 1.0], "class": 1}