{"image": "412b5d34-084f-11ef-b20b-64d2c4ecd148.jpg", "bboxes": [0.0, 0.2228282828282827, 0.39441077441077443, 1.0], "class": 1}