{"image": "412b5d34-084f-11ef-b20b-64d2c4ecd148.jpg", "bboxes": [0.2082154882154882, 0.0, 0.8277441077441078, 0.7855892255892255], "class": 1}