{"image": "412b5d34-084f-11ef-b20b-64d2c4ecd148.jpg", "bboxes": [0.8767003367003366, 0.22727272727272707, 1.0, 1.0], "class": 1}