{"image": "412b5d34-084f-11ef-b20b-64d2c4ecd148.jpg", "bboxes": [0.8411447811447811, 0.0, 1.0, 0.6771717171717173], "class": 1}