{"image": "412b5d34-084f-11ef-b20b-64d2c4ecd148.jpg", "bboxes": [0.8655892255892256, 0.0, 1.0, 0.7993939393939395], "class": 1}