{"image": "412b5d34-084f-11ef-b20b-64d2c4ecd148.jpg", "bboxes": [0.0022222222222222365, 0.515084175084175, 0.2926599326599326, 0.9977777777777778], "class": 1}