{"image": "412b5d34-084f-11ef-b20b-64d2c4ecd148.jpg", "bboxes": [0.2793265993265993, 0.3317171717171715, 0.8988552188552189, 0.9977777777777778], "class": 1}