{"image": "412b5d34-084f-11ef-b20b-64d2c4ecd148.jpg", "bboxes": [0.5922558922558923, 0.10774410774410781, 1.0, 0.9393939393939396], "class": 1}