{"image": "412b5d34-084f-11ef-b20b-64d2c4ecd148.jpg", "bboxes": [0.6011447811447811, 0.4628282828282827, 1.0, 1.0], "class": 1}