{"image": "412b5d34-084f-11ef-b20b-64d2c4ecd148.jpg", "bboxes": [0.28599326599326597, 0.2783838383838382, 0.9055218855218855, 1.0], "class": 1}