{"image": "412b5d34-084f-11ef-b20b-64d2c4ecd148.jpg", "bboxes": [0.30693602693602673, 0.0, 0.8793265993265993, 0.7782491582491583], "class": 1}