{"image": "412b5d34-084f-11ef-b20b-64d2c4ecd148.jpg", "bboxes": [0.0022222222222222365, 0.0013468013468014167, 0.07932659932659936, 0.8026936026936028], "class": 1}