{"image": "412b5d34-084f-11ef-b20b-64d2c4ecd148.jpg", "bboxes": [0.12781144781144782, 0.0, 0.7473400673400674, 0.7860606060606062], "class": 1}