{"image": "412b5d34-084f-11ef-b20b-64d2c4ecd148.jpg", "bboxes": [0.01043771043771042, 0.07171717171717151, 0.62996632996633, 0.9033670033670033], "class": 1}