{"image": "412b5d34-084f-11ef-b20b-64d2c4ecd148.jpg", "bboxes": [0.3678114478114478, 0.02505050505050488, 0.9873400673400674, 0.8567003367003366], "class": 1}