{"image": "412b5d34-084f-11ef-b20b-64d2c4ecd148.jpg", "bboxes": [0.0, 0.3428282828282827, 0.3521885521885522, 1.0], "class": 1}