{"image": "412b5d34-084f-11ef-b20b-64d2c4ecd148.jpg", "bboxes": [0.5478114478114477, 0.11616161616161602, 1.0, 0.9478114478114478], "class": 1}