{"image": "412b5d34-084f-11ef-b20b-64d2c4ecd148.jpg", "bboxes": [0.33892255892255885, 0.0, 0.9584511784511784, 0.543838383838384], "class": 1}