{"image": "412b5d34-084f-11ef-b20b-64d2c4ecd148.jpg", "bboxes": [0.8255892255892255, 0.0, 0.9977777777777778, 0.6905050505050507], "class": 1}