{"image": "412b5d34-084f-11ef-b20b-64d2c4ecd148.jpg", "bboxes": [0.03488215488215486, 0.03616161616161595, 0.6544107744107744, 0.8678114478114478], "class": 1}