{"image": "418225ce-084f-11ef-b20b-64d2c4ecd148.jpg", "bboxes": [0.3709764309764306, 0.044713804713804706, 1.0, 0.974006734006734], "class": 1}