{"image": "418225ce-084f-11ef-b20b-64d2c4ecd148.jpg", "bboxes": [0.3109764309764306, 0.0, 0.970909090909091, 0.6375084175084175], "class": 1}