{"image": "418225ce-084f-11ef-b20b-64d2c4ecd148.jpg", "bboxes": [0.70020202020202, 0.009158249158249141, 0.9977777777777778, 0.9384511784511784], "class": 1}