{"image": "418225ce-084f-11ef-b20b-64d2c4ecd148.jpg", "bboxes": [0.34020202020202, 0.0691582491582492, 1.0, 0.9984511784511784], "class": 1}