{"image": "418225ce-084f-11ef-b20b-64d2c4ecd148.jpg", "bboxes": [0.0, 0.10599326599326607, 0.43346801346801384, 1.0], "class": 1}