{"image": "418225ce-084f-11ef-b20b-64d2c4ecd148.jpg", "bboxes": [0.3776430976430972, 0.11043771043771052, 1.0, 1.0], "class": 1}