{"image": "418225ce-084f-11ef-b20b-64d2c4ecd148.jpg", "bboxes": [0.5024242424242422, 0.1513804713804714, 0.9977777777777778, 0.9977777777777778], "class": 1}