{"image": "418225ce-084f-11ef-b20b-64d2c4ecd148.jpg", "bboxes": [0.32020202020202004, 0.33804713804713804, 0.9801346801346805, 0.9977777777777778], "class": 1}