{"image": "418225ce-084f-11ef-b20b-64d2c4ecd148.jpg", "bboxes": [0.0, 0.09710437710437718, 0.42646464646464666, 1.0], "class": 1}