{"image": "418225ce-084f-11ef-b20b-64d2c4ecd148.jpg", "bboxes": [0.15131313131313112, 0.0, 0.8112457912457917, 0.8575084175084176], "class": 1}