{"image": "418225ce-084f-11ef-b20b-64d2c4ecd148.jpg", "bboxes": [0.6246464646464644, 0.0022222222222222365, 0.9977777777777778, 0.8806734006734006], "class": 1}