{"image": "418225ce-084f-11ef-b20b-64d2c4ecd148.jpg", "bboxes": [0.0022222222222222365, 0.2336026936026936, 0.6020202020202021, 0.9977777777777778], "class": 1}