{"image": "418225ce-084f-11ef-b20b-64d2c4ecd148.jpg", "bboxes": [0.1865319865319861, 0.0, 0.8464646464646467, 0.821952861952862], "class": 1}