{"image": "418225ce-084f-11ef-b20b-64d2c4ecd148.jpg", "bboxes": [0.055757575757575575, 0.16693602693602694, 0.715690235690236, 1.0], "class": 1}