{"image": "418225ce-084f-11ef-b20b-64d2c4ecd148.jpg", "bboxes": [0.5779797979797978, 0.0, 0.9977777777777778, 0.7886195286195287], "class": 1}