{"image": "418225ce-084f-11ef-b20b-64d2c4ecd148.jpg", "bboxes": [0.0, 0.16026936026936023, 0.5331313131313133, 1.0], "class": 1}