{"image": "418225ce-084f-11ef-b20b-64d2c4ecd148.jpg", "bboxes": [0.0022222222222222365, 0.35804713804713806, 0.2775757575757578, 0.9977777777777778], "class": 1}