{"image": "418225ce-084f-11ef-b20b-64d2c4ecd148.jpg", "bboxes": [0.7024242424242423, 0.47804713804713805, 0.9977777777777778, 0.9977777777777778], "class": 1}