{"image": "418225ce-084f-11ef-b20b-64d2c4ecd148.jpg", "bboxes": [0.04909090909090891, 0.13804713804713808, 0.7090235690235694, 1.0], "class": 1}