{"image": "418225ce-084f-11ef-b20b-64d2c4ecd148.jpg", "bboxes": [0.44208754208754175, 0.03804713804713811, 1.0, 0.9673400673400673], "class": 1}