{"image": "418225ce-084f-11ef-b20b-64d2c4ecd148.jpg", "bboxes": [0.4887542087542084, 0.13265993265993273, 0.9977777777777778, 0.9977777777777778], "class": 1}