{"image": "418225ce-084f-11ef-b20b-64d2c4ecd148.jpg", "bboxes": [0.13764309764309723, 0.3869360269360269, 0.7975757575757578, 1.0], "class": 1}