{"image": "418225ce-084f-11ef-b20b-64d2c4ecd148.jpg", "bboxes": [0.0, 0.3669360269360269, 0.03535353535353558, 1.0], "class": 1}