{"image": "418225ce-084f-11ef-b20b-64d2c4ecd148.jpg", "bboxes": [0.32020202020202004, 0.0, 0.9801346801346805, 0.7175084175084175], "class": 1}