{"image": "418225ce-084f-11ef-b20b-64d2c4ecd148.jpg", "bboxes": [0.2487542087542084, 0.0, 0.9086868686868689, 0.7775084175084175], "class": 1}