{"image": "418225ce-084f-11ef-b20b-64d2c4ecd148.jpg", "bboxes": [0.11097643097643062, 0.3402693602693603, 0.7709090909090911, 1.0], "class": 1}