{"image": "418225ce-084f-11ef-b20b-64d2c4ecd148.jpg", "bboxes": [0.4331986531986528, 0.106936026936027, 1.0, 1.0], "class": 1}