{"image": "418225ce-084f-11ef-b20b-64d2c4ecd148.jpg", "bboxes": [0.0, 0.2958249158249159, 0.08202020202020222, 1.0], "class": 1}