{"image": "418225ce-084f-11ef-b20b-64d2c4ecd148.jpg", "bboxes": [0.6668686868686867, 0.28915824915824917, 0.9977777777777778, 0.9977777777777778], "class": 1}