{"image": "418225ce-084f-11ef-b20b-64d2c4ecd148.jpg", "bboxes": [0.13319865319865276, 0.10821548821548829, 0.7931313131313134, 1.0], "class": 1}