{"image": "418225ce-084f-11ef-b20b-64d2c4ecd148.jpg", "bboxes": [0.08430976430976389, 0.0, 0.7442424242424244, 0.5686195286195286], "class": 1}