{"image": "418225ce-084f-11ef-b20b-64d2c4ecd148.jpg", "bboxes": [0.2887542087542083, 0.15360269360269363, 0.9486868686868689, 1.0], "class": 1}