{"image": "418225ce-084f-11ef-b20b-64d2c4ecd148.jpg", "bboxes": [0.20875420875420836, 0.3602693602693603, 0.8686868686868688, 1.0], "class": 1}