{"image": "418225ce-084f-11ef-b20b-64d2c4ecd148.jpg", "bboxes": [0.10653198653198614, 0.09138047138047134, 0.7664646464646466, 1.0], "class": 1}