{"image": "418225ce-084f-11ef-b20b-64d2c4ecd148.jpg", "bboxes": [0.0, 0.4491582491582492, 0.5086868686868689, 1.0], "class": 1}