{"image": "41d8717c-084f-11ef-b20b-64d2c4ecd148.jpg", "bboxes": [0.7234343434343433, 0.0, 0.9977777777777778, 0.9319191919191919], "class": 1}