{"image": "41d8717c-084f-11ef-b20b-64d2c4ecd148.jpg", "bboxes": [0.041212121212121124, 0.0, 0.6742087542087544, 0.8921212121212121], "class": 1}