{"image": "41d8717c-084f-11ef-b20b-64d2c4ecd148.jpg", "bboxes": [0.0, 0.016767676767676834, 0.33643097643097664, 0.9763636363636364], "class": 1}