{"image": "41d8717c-084f-11ef-b20b-64d2c4ecd148.jpg", "bboxes": [0.34343434343434337, 0.0, 0.9764309764309766, 0.9365656565656565], "class": 1}