{"image": "41d8717c-084f-11ef-b20b-64d2c4ecd148.jpg", "bboxes": [0.0, 0.061414141414141366, 0.44754208754208774, 0.9977777777777778], "class": 1}