{"image": "41d8717c-084f-11ef-b20b-64d2c4ecd148.jpg", "bboxes": [0.0, 0.0, 0.5542087542087544, 0.6630303030303031], "class": 1}