{"image": "41d8717c-084f-11ef-b20b-64d2c4ecd148.jpg", "bboxes": [0.32343434343434335, 0.0, 0.9564309764309766, 0.6052525252525253], "class": 1}