{"image": "41d8717c-084f-11ef-b20b-64d2c4ecd148.jpg", "bboxes": [0.6323232323232322, 0.09010101010101017, 1.0, 1.0], "class": 1}