{"image": "41d8717c-084f-11ef-b20b-64d2c4ecd148.jpg", "bboxes": [0.0, 0.04565656565656572, 0.07212121212121225, 1.0], "class": 1}