{"image": "41d8717c-084f-11ef-b20b-64d2c4ecd148.jpg", "bboxes": [0.3812121212121211, 0.0, 0.9977777777777778, 0.6474747474747475], "class": 1}