{"image": "41d8717c-084f-11ef-b20b-64d2c4ecd148.jpg", "bboxes": [0.7589898989898989, 0.12808080808080802, 1.0, 1.0], "class": 1}