{"image": "41d8717c-084f-11ef-b20b-64d2c4ecd148.jpg", "bboxes": [0.4569023569023567, 0.0022222222222222365, 0.9977777777777778, 0.9165656565656566], "class": 1}