{"image": "41d8717c-084f-11ef-b20b-64d2c4ecd148.jpg", "bboxes": [0.0, 0.30808080808080807, 0.6008754208754211, 1.0], "class": 1}