{"image": "41d8717c-084f-11ef-b20b-64d2c4ecd148.jpg", "bboxes": [0.23912457912457896, 0.1969696969696969, 0.8721212121212122, 1.0], "class": 1}