{"image": "41d8717c-084f-11ef-b20b-64d2c4ecd148.jpg", "bboxes": [0.9367676767676767, 0.20363636363636362, 0.9977777777777778, 0.9977777777777778], "class": 1}