{"image": "41d8717c-084f-11ef-b20b-64d2c4ecd148.jpg", "bboxes": [0.10121212121212111, 0.3547474747474747, 0.7342087542087544, 1.0], "class": 1}