{"image": "41d8717c-084f-11ef-b20b-64d2c4ecd148.jpg", "bboxes": [0.8078787878787878, 0.3103030303030303, 1.0, 1.0], "class": 1}