{"image": "41d8717c-084f-11ef-b20b-64d2c4ecd148.jpg", "bboxes": [0.0, 0.4547474747474747, 0.6032323232323233, 1.0], "class": 1}