{"image": "41d8717c-084f-11ef-b20b-64d2c4ecd148.jpg", "bboxes": [0.9856565656565656, 0.0, 0.9977777777777778, 0.7630303030303031], "class": 1}