{"image": "41d8717c-084f-11ef-b20b-64d2c4ecd148.jpg", "bboxes": [0.3945454545454545, 0.0, 0.9977777777777778, 0.9541414141414142], "class": 1}