{"image": "41d8717c-084f-11ef-b20b-64d2c4ecd148.jpg", "bboxes": [0.19676767676767667, 0.20363636363636362, 0.8297643097643099, 0.9977777777777778], "class": 1}