{"image": "41d8717c-084f-11ef-b20b-64d2c4ecd148.jpg", "bboxes": [0.32801346801346776, 0.11030303030303024, 0.9610101010101011, 0.9977777777777778], "class": 1}