{"image": "41d8717c-084f-11ef-b20b-64d2c4ecd148.jpg", "bboxes": [0.5478787878787877, 0.0, 1.0, 0.6074747474747475], "class": 1}