{"image": "41d8717c-084f-11ef-b20b-64d2c4ecd148.jpg", "bboxes": [0.14579124579124558, 0.0, 0.7787878787878789, 0.6208080808080808], "class": 1}