{"image": "41d8717c-084f-11ef-b20b-64d2c4ecd148.jpg", "bboxes": [0.7967676767676767, 0.0, 1.0, 0.8008080808080809], "class": 1}