{"image": "41d8717c-084f-11ef-b20b-64d2c4ecd148.jpg", "bboxes": [0.45676767676767666, 0.0, 1.0, 0.9319191919191919], "class": 1}