{"image": "41d8717c-084f-11ef-b20b-64d2c4ecd148.jpg", "bboxes": [0.26787878787878777, 0.2903030303030303, 0.900875420875421, 1.0], "class": 1}