{"image": "41d8717c-084f-11ef-b20b-64d2c4ecd148.jpg", "bboxes": [0.0, 0.0, 0.5764309764309766, 0.5363636363636364], "class": 1}