{"image": "41d8717c-084f-11ef-b20b-64d2c4ecd148.jpg", "bboxes": [0.20787878787878777, 0.13030303030303025, 0.8408754208754211, 1.0], "class": 1}