{"image": "41d8717c-084f-11ef-b20b-64d2c4ecd148.jpg", "bboxes": [0.33023569023569, 0.30585858585858583, 0.9632323232323233, 1.0], "class": 1}