{"image": "41d8717c-084f-11ef-b20b-64d2c4ecd148.jpg", "bboxes": [0.0022222222222222365, 0.10363636363636365, 0.42767676767676777, 0.9977777777777778], "class": 1}