{"image": "41d8717c-084f-11ef-b20b-64d2c4ecd148.jpg", "bboxes": [0.5746801346801345, 0.07474747474747467, 1.0, 1.0], "class": 1}