{"image": "41d8717c-084f-11ef-b20b-64d2c4ecd148.jpg", "bboxes": [0.12134680134680109, 0.3858585858585858, 0.7543434343434344, 1.0], "class": 1}