{"image": "41d8717c-084f-11ef-b20b-64d2c4ecd148.jpg", "bboxes": [0.0, 0.3614141414141414, 0.5210101010101011, 1.0], "class": 1}