{"image": "41d8717c-084f-11ef-b20b-64d2c4ecd148.jpg", "bboxes": [0.2523232323232322, 0.0, 0.8853198653198655, 0.6052525252525253], "class": 1}