{"image": "41d8717c-084f-11ef-b20b-64d2c4ecd148.jpg", "bboxes": [0.6034343434343433, 0.0, 1.0, 0.9563636363636364], "class": 1}