{"image": "41d8717c-084f-11ef-b20b-64d2c4ecd148.jpg", "bboxes": [0.7235690235690233, 0.4503030303030303, 1.0, 1.0], "class": 1}