{"image": "41d8717c-084f-11ef-b20b-64d2c4ecd148.jpg", "bboxes": [0.07676767676767668, 0.2214141414141414, 0.7097643097643099, 1.0], "class": 1}