{"image": "41d8717c-084f-11ef-b20b-64d2c4ecd148.jpg", "bboxes": [0.1769023569023567, 0.17252525252525253, 0.80989898989899, 0.9977777777777778], "class": 1}