{"image": "41d8717c-084f-11ef-b20b-64d2c4ecd148.jpg", "bboxes": [0.6345454545454544, 0.0, 1.0, 0.8141414141414142], "class": 1}