{"image": "41d8717c-084f-11ef-b20b-64d2c4ecd148.jpg", "bboxes": [0.32134680134680116, 0.0, 0.9543434343434345, 0.6496969696969698], "class": 1}