{"image": "41d8717c-084f-11ef-b20b-64d2c4ecd148.jpg", "bboxes": [0.2857912457912456, 0.28808080808080805, 0.9187878787878789, 1.0], "class": 1}