{"image": "41d8717c-084f-11ef-b20b-64d2c4ecd148.jpg", "bboxes": [0.6480134680134678, 0.03232323232323239, 1.0, 0.991919191919192], "class": 1}