{"image": "41d8717c-084f-11ef-b20b-64d2c4ecd148.jpg", "bboxes": [0.1657912457912456, 0.13010101010101016, 0.7987878787878788, 1.0], "class": 1}