{"image": "422ec752-084f-11ef-b20b-64d2c4ecd148.jpg", "bboxes": [0.38471380471380445, 0.0, 0.9977777777777778, 0.9678787878787879], "class": 1}