{"image": "422ec752-084f-11ef-b20b-64d2c4ecd148.jpg", "bboxes": [0.1688888888888889, 0.003232323232323253, 0.91973063973064, 0.9762962962962962], "class": 1}