{"image": "422ec752-084f-11ef-b20b-64d2c4ecd148.jpg", "bboxes": [0.9844444444444445, 0.2921212121212121, 1.0, 1.0], "class": 1}