{"image": "422ec752-084f-11ef-b20b-64d2c4ecd148.jpg", "bboxes": [0.09360269360269335, 0.0, 0.8444444444444444, 0.6101010101010101], "class": 1}