{"image": "422ec752-084f-11ef-b20b-64d2c4ecd148.jpg", "bboxes": [0.14915824915824893, 0.2898989898989899, 0.9, 1.0], "class": 1}