{"image": "422ec752-084f-11ef-b20b-64d2c4ecd148.jpg", "bboxes": [0.8244444444444444, 0.0, 1.0, 0.6523232323232323], "class": 1}