{"image": "422ec752-084f-11ef-b20b-64d2c4ecd148.jpg", "bboxes": [0.2980471380471378, 0.0, 0.9977777777777778, 0.7145454545454546], "class": 1}