{"image": "422ec752-084f-11ef-b20b-64d2c4ecd148.jpg", "bboxes": [0.0, 0.14323232323232316, 0.3244444444444444, 1.0], "class": 1}