{"image": "422ec752-084f-11ef-b20b-64d2c4ecd148.jpg", "bboxes": [0.02666666666666667, 0.018787878787878798, 0.7775084175084177, 0.9918518518518518], "class": 1}