{"image": "422ec752-084f-11ef-b20b-64d2c4ecd148.jpg", "bboxes": [0.5911111111111111, 0.0, 0.9977777777777778, 0.6945454545454546], "class": 1}