{"image": "422ec752-084f-11ef-b20b-64d2c4ecd148.jpg", "bboxes": [0.0022222222222222365, 0.20989898989898992, 0.4866666666666667, 0.9977777777777778], "class": 1}