{"image": "422ec752-084f-11ef-b20b-64d2c4ecd148.jpg", "bboxes": [0.38471380471380445, 0.021010101010100923, 0.9977777777777778, 0.994074074074074], "class": 1}