{"image": "422ec752-084f-11ef-b20b-64d2c4ecd148.jpg", "bboxes": [0.3691582491582489, 0.32545454545454544, 0.9977777777777778, 0.9977777777777778], "class": 1}