{"image": "422ec752-084f-11ef-b20b-64d2c4ecd148.jpg", "bboxes": [0.0, 0.04323232323232318, 0.6930639730639733, 1.0], "class": 1}