{"image": "422ec752-084f-11ef-b20b-64d2c4ecd148.jpg", "bboxes": [0.0647138047138045, 0.5410101010101009, 0.8155555555555556, 0.9977777777777778], "class": 1}