{"image": "422ec752-084f-11ef-b20b-64d2c4ecd148.jpg", "bboxes": [0.9755555555555555, 0.17878787878787872, 0.9977777777777778, 0.9977777777777778], "class": 1}