{"image": "422ec752-084f-11ef-b20b-64d2c4ecd148.jpg", "bboxes": [0.9022222222222223, 0.056565656565656486, 1.0, 1.0], "class": 1}