{"image": "422ec752-084f-11ef-b20b-64d2c4ecd148.jpg", "bboxes": [0.18026936026936002, 0.0, 0.9311111111111111, 0.5856565656565657], "class": 1}