{"image": "422ec752-084f-11ef-b20b-64d2c4ecd148.jpg", "bboxes": [0.17804713804713782, 0.0, 0.9288888888888889, 0.678989898989899], "class": 1}