{"image": "422ec752-084f-11ef-b20b-64d2c4ecd148.jpg", "bboxes": [0.16444444444444445, 0.09878787878787876, 0.9152861952861955, 0.9977777777777778], "class": 1}