{"image": "422ec752-084f-11ef-b20b-64d2c4ecd148.jpg", "bboxes": [0.27804713804713777, 0.5187878787878788, 1.0, 1.0], "class": 1}