{"image": "422ec752-084f-11ef-b20b-64d2c4ecd148.jpg", "bboxes": [0.0, 0.15434343434343434, 0.2644444444444445, 1.0], "class": 1}