{"image": "422ec752-084f-11ef-b20b-64d2c4ecd148.jpg", "bboxes": [0.0, 0.2676767676767676, 0.2155555555555555, 1.0], "class": 1}