{"image": "422ec752-084f-11ef-b20b-64d2c4ecd148.jpg", "bboxes": [0.9088888888888889, 0.0, 1.0, 0.9474074074074074], "class": 1}