{"image": "422ec752-084f-11ef-b20b-64d2c4ecd148.jpg", "bboxes": [0.03582491582491554, 0.045454545454545414, 0.7866666666666666, 1.0], "class": 1}