{"image": "422ec752-084f-11ef-b20b-64d2c4ecd148.jpg", "bboxes": [0.3558249158249156, 0.5187878787878788, 0.9977777777777778, 0.9977777777777778], "class": 1}