{"image": "422ec752-084f-11ef-b20b-64d2c4ecd148.jpg", "bboxes": [0.006666666666666667, 0.0, 0.7575084175084178, 0.7367676767676768], "class": 1}