{"image": "422ec752-084f-11ef-b20b-64d2c4ecd148.jpg", "bboxes": [0.057777777777777775, 0.0, 0.8086195286195289, 0.6767676767676768], "class": 1}