{"image": "422ec752-084f-11ef-b20b-64d2c4ecd148.jpg", "bboxes": [0.4266666666666667, 0.0, 1.0, 0.6234343434343435], "class": 1}