{"image": "422ec752-084f-11ef-b20b-64d2c4ecd148.jpg", "bboxes": [0.15138047138047117, 0.47878787878787876, 0.9022222222222223, 1.0], "class": 1}