{"image": "422ec752-084f-11ef-b20b-64d2c4ecd148.jpg", "bboxes": [0.0044444444444444444, 0.0, 0.7552861952861956, 0.9474074074074074], "class": 1}