{"image": "422ec752-084f-11ef-b20b-64d2c4ecd148.jpg", "bboxes": [0.7222222222222222, 0.0, 1.0, 0.9367676767676768], "class": 1}