{"image": "422ec752-084f-11ef-b20b-64d2c4ecd148.jpg", "bboxes": [0.0, 0.21878787878787875, 0.19111111111111112, 1.0], "class": 1}