{"image": "422ec752-084f-11ef-b20b-64d2c4ecd148.jpg", "bboxes": [0.2736026936026934, 0.0, 1.0, 0.6545454545454545], "class": 1}