{"image": "4285a554-084f-11ef-b20b-64d2c4ecd148.jpg", "bboxes": [0.6364309764309767, 0.39118535785202446, 0.9977777777777778, 0.9977777777777778], "class": 1}