{"image": "4285a554-084f-11ef-b20b-64d2c4ecd148.jpg", "bboxes": [0.0022222222222222365, 0.0, 0.7080134680134678, 0.7021479754813088], "class": 1}