{"image": "4285a554-084f-11ef-b20b-64d2c4ecd148.jpg", "bboxes": [0.0, 0.1400742467409134, 0.1346801346801345, 1.0], "class": 1}