{"image": "4285a554-084f-11ef-b20b-64d2c4ecd148.jpg", "bboxes": [0.0022222222222222365, 0.0, 0.24579124579124553, 0.5288146421479755], "class": 1}