{"image": "4285a554-084f-11ef-b20b-64d2c4ecd148.jpg", "bboxes": [0.0, 0.0, 0.7413468013468012, 0.6532590865924199], "class": 1}