{"image": "4285a554-084f-11ef-b20b-64d2c4ecd148.jpg", "bboxes": [0.9453198653198656, 0.35118535785202454, 1.0, 1.0], "class": 1}