{"image": "4285a554-084f-11ef-b20b-64d2c4ecd148.jpg", "bboxes": [0.0, 0.37118535785202456, 0.77023569023569, 1.0], "class": 1}