{"image": "4285a554-084f-11ef-b20b-64d2c4ecd148.jpg", "bboxes": [0.640875420875421, 0.0, 1.0, 0.8754813088146421], "class": 1}