{"image": "4285a554-084f-11ef-b20b-64d2c4ecd148.jpg", "bboxes": [0.6853198653198656, 0.6734075800742467, 1.0, 1.0], "class": 1}