{"image": "4285a554-084f-11ef-b20b-64d2c4ecd148.jpg", "bboxes": [0.6542087542087545, 0.0, 0.9977777777777778, 0.4977035310368644], "class": 1}