{"image": "4285a554-084f-11ef-b20b-64d2c4ecd148.jpg", "bboxes": [0.9564309764309766, 0.0, 1.0, 0.7265924199257533], "class": 1}