{"image": "4285a554-084f-11ef-b20b-64d2c4ecd148.jpg", "bboxes": [0.0, 0.33340758007424676, 0.8035690235690234, 1.0], "class": 1}