{"image": "4285a554-084f-11ef-b20b-64d2c4ecd148.jpg", "bboxes": [0.4030976430976433, 0.0, 1.0, 0.7088146421479755], "class": 1}