{"image": "4285a554-084f-11ef-b20b-64d2c4ecd148.jpg", "bboxes": [0.0, 0.215629802296469, 0.8169023569023567, 1.0], "class": 1}