{"image": "4285a554-084f-11ef-b20b-64d2c4ecd148.jpg", "bboxes": [0.0022222222222222365, 0.22451869118535783, 0.5657912457912455, 0.9977777777777778], "class": 1}