{"image": "4285a554-084f-11ef-b20b-64d2c4ecd148.jpg", "bboxes": [0.6830976430976433, 0.0, 0.9977777777777778, 0.584370197703531], "class": 1}