{"image": "4285a554-084f-11ef-b20b-64d2c4ecd148.jpg", "bboxes": [0.8342087542087544, 0.4111853578520245, 0.9977777777777778, 0.9977777777777778], "class": 1}