{"image": "4285a554-084f-11ef-b20b-64d2c4ecd148.jpg", "bboxes": [0.0022222222222222365, 0.0, 0.599124579124579, 0.6154813088146421], "class": 1}