{"image": "4285a554-084f-11ef-b20b-64d2c4ecd148.jpg", "bboxes": [0.4742087542087544, 0.5200742467409134, 0.9977777777777778, 0.9977777777777778], "class": 1}