{"image": "4285a554-084f-11ef-b20b-64d2c4ecd148.jpg", "bboxes": [0.7808754208754211, 0.43340758007424673, 1.0, 1.0], "class": 1}