{"image": "433246ba-084f-11ef-b20b-64d2c4ecd148.jpg", "bboxes": [0.7226262626262627, 0.0, 1.0, 0.8698989898989898], "class": 1}