{"image": "433246ba-084f-11ef-b20b-64d2c4ecd148.jpg", "bboxes": [0.0022222222222222365, 0.1547351376359012, 0.875151515151515, 0.9977777777777778], "class": 1}