{"image": "433246ba-084f-11ef-b20b-64d2c4ecd148.jpg", "bboxes": [0.0022222222222222365, 0.014735137635901174, 0.32181818181818167, 0.9977777777777778], "class": 1}