{"image": "433246ba-084f-11ef-b20b-64d2c4ecd148.jpg", "bboxes": [0.4026262626262628, 0.0, 0.9977777777777778, 0.8652648623640988], "class": 1}