{"image": "433246ba-084f-11ef-b20b-64d2c4ecd148.jpg", "bboxes": [0.5537373737373739, 0.0, 1.0, 0.8719315290307655], "class": 1}