{"image": "433246ba-084f-11ef-b20b-64d2c4ecd148.jpg", "bboxes": [0.5781818181818184, 0.07695735985812335, 1.0, 1.0], "class": 1}