{"image": "433246ba-084f-11ef-b20b-64d2c4ecd148.jpg", "bboxes": [0.39151515151515165, 0.12787878787878795, 0.9977777777777778, 0.9977777777777778], "class": 1}