{"image": "433246ba-084f-11ef-b20b-64d2c4ecd148.jpg", "bboxes": [0.8715151515151517, 0.0, 1.0, 0.71637597347521], "class": 1}