{"image": "433246ba-084f-11ef-b20b-64d2c4ecd148.jpg", "bboxes": [0.5004040404040405, 0.34362402652479007, 1.0, 1.0], "class": 1}