{"image": "433246ba-084f-11ef-b20b-64d2c4ecd148.jpg", "bboxes": [0.7692929292929295, 0.0, 1.0, 0.8830426401418766], "class": 1}