{"image": "433246ba-084f-11ef-b20b-64d2c4ecd148.jpg", "bboxes": [0.664848484848485, 0.041212121212121276, 1.0, 1.0], "class": 1}