{"image": "433246ba-084f-11ef-b20b-64d2c4ecd148.jpg", "bboxes": [0.0022222222222222365, 0.23695735985812338, 0.8418181818181817, 0.9977777777777778], "class": 1}