{"image": "433246ba-084f-11ef-b20b-64d2c4ecd148.jpg", "bboxes": [0.0022222222222222365, 0.35029069319145667, 0.6218181818181816, 0.9977777777777778], "class": 1}