{"image": "433246ba-084f-11ef-b20b-64d2c4ecd148.jpg", "bboxes": [0.4537373737373739, 0.0, 0.9977777777777778, 0.7519315290307655], "class": 1}