{"image": "433246ba-084f-11ef-b20b-64d2c4ecd148.jpg", "bboxes": [0.0022222222222222365, 0.08565656565656572, 0.8818181818181817, 1.0], "class": 1}