{"image": "433246ba-084f-11ef-b20b-64d2c4ecd148.jpg", "bboxes": [0.14484848484848498, 0.14806847096923448, 0.9977777777777778, 0.9977777777777778], "class": 1}