{"image": "433246ba-084f-11ef-b20b-64d2c4ecd148.jpg", "bboxes": [0.8137373737373739, 0.04362402652479003, 0.9977777777777778, 0.9977777777777778], "class": 1}