{"image": "433246ba-084f-11ef-b20b-64d2c4ecd148.jpg", "bboxes": [0.0, 0.09676767676767684, 0.22404040404040393, 1.0], "class": 1}