{"image": "433246ba-084f-11ef-b20b-64d2c4ecd148.jpg", "bboxes": [0.5204040404040405, 0.20362402652479006, 1.0, 1.0], "class": 1}