{"image": "433246ba-084f-11ef-b20b-64d2c4ecd148.jpg", "bboxes": [0.7715151515151516, 0.20362402652479006, 0.9977777777777778, 0.9977777777777778], "class": 1}