{"image": "433246ba-084f-11ef-b20b-64d2c4ecd148.jpg", "bboxes": [0.9559595959595961, 0.26584624874701224, 1.0, 1.0], "class": 1}