{"image": "433246ba-084f-11ef-b20b-64d2c4ecd148.jpg", "bboxes": [0.34484848484848496, 0.0022222222222222365, 0.9977777777777778, 0.9977777777777778], "class": 1}