{"image": "43899d2a-084f-11ef-b20b-64d2c4ecd148.jpg", "bboxes": [0.0022222222222222365, 0.043501683501683375, 0.49656565656565665, 0.9323905723905723], "class": 1}