{"image": "43899d2a-084f-11ef-b20b-64d2c4ecd148.jpg", "bboxes": [0.25010101010101, 0.0, 0.9977777777777778, 0.7787205387205389], "class": 1}