{"image": "43899d2a-084f-11ef-b20b-64d2c4ecd148.jpg", "bboxes": [0.005656565656565583, 0.041279461279461145, 0.7632323232323234, 0.9301683501683501], "class": 1}