{"image": "43899d2a-084f-11ef-b20b-64d2c4ecd148.jpg", "bboxes": [0.23232323232323224, 0.0, 0.98989898989899, 0.8012794612794611], "class": 1}