{"image": "43899d2a-084f-11ef-b20b-64d2c4ecd148.jpg", "bboxes": [0.18121212121212113, 0.11427609427609436, 0.9387878787878788, 1.0], "class": 1}