{"image": "43899d2a-084f-11ef-b20b-64d2c4ecd148.jpg", "bboxes": [0.17676767676767668, 0.0022222222222222365, 0.9343434343434345, 0.8212794612794612], "class": 1}