{"image": "43899d2a-084f-11ef-b20b-64d2c4ecd148.jpg", "bboxes": [0.0, 0.2679461279461278, 0.4987878787878789, 1.0], "class": 1}