{"image": "43899d2a-084f-11ef-b20b-64d2c4ecd148.jpg", "bboxes": [0.9478787878787878, 0.0, 0.9977777777777778, 0.6920538720538723], "class": 1}