{"image": "43899d2a-084f-11ef-b20b-64d2c4ecd148.jpg", "bboxes": [0.7656565656565656, 0.010168350168350049, 0.9977777777777778, 0.899057239057239], "class": 1}