{"image": "43899d2a-084f-11ef-b20b-64d2c4ecd148.jpg", "bboxes": [0.7145454545454545, 0.0, 1.0, 0.8412794612794612], "class": 1}