{"image": "43899d2a-084f-11ef-b20b-64d2c4ecd148.jpg", "bboxes": [0.4189898989898989, 0.18983164983164993, 1.0, 1.0], "class": 1}