{"image": "43899d2a-084f-11ef-b20b-64d2c4ecd148.jpg", "bboxes": [0.0022222222222222365, 0.05016835016834997, 0.641010101010101, 0.9390572390572389], "class": 1}