{"image": "43899d2a-084f-11ef-b20b-64d2c4ecd148.jpg", "bboxes": [0.2678787878787878, 0.2968350168350167, 0.9977777777777778, 0.9977777777777778], "class": 1}