{"image": "43899d2a-084f-11ef-b20b-64d2c4ecd148.jpg", "bboxes": [0.8678787878787878, 0.041279461279461145, 0.9977777777777778, 0.9301683501683501], "class": 1}