{"image": "43899d2a-084f-11ef-b20b-64d2c4ecd148.jpg", "bboxes": [0.0, 0.08538720538720548, 0.18545454545454554, 0.9742760942760944], "class": 1}