{"image": "43899d2a-084f-11ef-b20b-64d2c4ecd148.jpg", "bboxes": [0.25454545454545446, 0.016835016835016647, 1.0, 0.9057239057239056], "class": 1}