{"image": "43899d2a-084f-11ef-b20b-64d2c4ecd148.jpg", "bboxes": [0.9412121212121212, 0.01649831649831659, 0.9977777777777778, 0.9053872053872055], "class": 1}