{"image": "43899d2a-084f-11ef-b20b-64d2c4ecd148.jpg", "bboxes": [0.0022222222222222365, 0.2790572390572389, 0.5254545454545456, 0.9977777777777778], "class": 1}