{"image": "43899d2a-084f-11ef-b20b-64d2c4ecd148.jpg", "bboxes": [0.3989898989898989, 0.0022222222222222365, 0.9977777777777778, 0.8523905723905723], "class": 1}