{"image": "43899d2a-084f-11ef-b20b-64d2c4ecd148.jpg", "bboxes": [0.3056565656565655, 0.15205387205387214, 1.0, 1.0], "class": 1}