{"image": "43899d2a-084f-11ef-b20b-64d2c4ecd148.jpg", "bboxes": [0.29454545454545444, 0.3879461279461278, 0.9977777777777778, 0.9977777777777778], "class": 1}