{"image": "43899d2a-084f-11ef-b20b-64d2c4ecd148.jpg", "bboxes": [0.10787878787878778, 0.0, 0.8654545454545456, 0.7742760942760945], "class": 1}