{"image": "43899d2a-084f-11ef-b20b-64d2c4ecd148.jpg", "bboxes": [0.37676767676767664, 0.0022222222222222365, 0.9977777777777778, 0.779057239057239], "class": 1}