{"image": "43899d2a-084f-11ef-b20b-64d2c4ecd148.jpg", "bboxes": [0.95010101010101, 0.0, 1.0, 0.5587205387205388], "class": 1}