{"image": "43899d2a-084f-11ef-b20b-64d2c4ecd148.jpg", "bboxes": [0.047878787878787785, 0.24572390572390557, 0.8054545454545455, 1.0], "class": 1}