{"image": "43899d2a-084f-11ef-b20b-64d2c4ecd148.jpg", "bboxes": [0.0022222222222222365, 0.0476094276094277, 0.06545454545454554, 0.9364983164983166], "class": 1}