{"image": "43899d2a-084f-11ef-b20b-64d2c4ecd148.jpg", "bboxes": [0.4789898989898989, 0.32127946127946116, 0.9977777777777778, 0.9977777777777778], "class": 1}