{"image": "43899d2a-084f-11ef-b20b-64d2c4ecd148.jpg", "bboxes": [0.5989898989898989, 0.0022222222222222365, 0.9977777777777778, 0.8546127946127945], "class": 1}