{"image": "43899d2a-084f-11ef-b20b-64d2c4ecd148.jpg", "bboxes": [0.0022222222222222365, 0.0, 0.5476767676767678, 0.86983164983165], "class": 1}