{"image": "43899d2a-084f-11ef-b20b-64d2c4ecd148.jpg", "bboxes": [0.2878787878787878, 0.0, 1.0, 0.5409427609427611], "class": 1}