{"image": "43899d2a-084f-11ef-b20b-64d2c4ecd148.jpg", "bboxes": [0.7789898989898989, 0.18094276094276104, 1.0, 1.0], "class": 1}