{"image": "43899d2a-084f-11ef-b20b-64d2c4ecd148.jpg", "bboxes": [0.0, 0.16094276094276103, 0.5854545454545456, 0.9977777777777778], "class": 1}