{"image": "43899d2a-084f-11ef-b20b-64d2c4ecd148.jpg", "bboxes": [0.0, 0.11649831649831659, 0.6454545454545455, 0.9977777777777778], "class": 1}