{"image": "43899d2a-084f-11ef-b20b-64d2c4ecd148.jpg", "bboxes": [0.21010101010101, 0.0022222222222222365, 0.9676767676767678, 0.8501683501683501], "class": 1}