{"image": "43899d2a-084f-11ef-b20b-64d2c4ecd148.jpg", "bboxes": [0.0, 0.0, 0.56989898989899, 0.7120538720538722], "class": 1}