{"image": "43899d2a-084f-11ef-b20b-64d2c4ecd148.jpg", "bboxes": [0.3367676767676767, 0.003501683501683339, 0.9977777777777778, 0.8923905723905723], "class": 1}