{"image": "43899d2a-084f-11ef-b20b-64d2c4ecd148.jpg", "bboxes": [0.0, 0.17205387205387215, 0.6476767676767679, 1.0], "class": 1}