{"image": "43899d2a-084f-11ef-b20b-64d2c4ecd148.jpg", "bboxes": [0.047878787878787785, 0.0, 0.8054545454545455, 0.5764983164983166], "class": 1}