{"image": "43dfca60-084f-11ef-b20b-64d2c4ecd148.jpg", "bboxes": [0.0022222222222222365, 0.05010101010101013, 0.6592592592592594, 0.8918518518518519], "class": 1}