{"image": "43dfca60-084f-11ef-b20b-64d2c4ecd148.jpg", "bboxes": [0.9029629629629627, 0.34592592592592586, 0.9977777777777778, 0.9977777777777778], "class": 1}