{"image": "43dfca60-084f-11ef-b20b-64d2c4ecd148.jpg", "bboxes": [0.0022222222222222365, 0.2592592592592592, 0.6570370370370372, 0.9977777777777778], "class": 1}