{"image": "4436529a-084f-11ef-b20b-64d2c4ecd148.jpg", "bboxes": [0.11292929292929278, 0.0, 0.7526599326599328, 0.7584511784511784], "class": 1}