{"image": "4436529a-084f-11ef-b20b-64d2c4ecd148.jpg", "bboxes": [0.05737373737373719, 0.2526599326599328, 0.6971043771043772, 0.9977777777777778], "class": 1}