{"image": "4436529a-084f-11ef-b20b-64d2c4ecd148.jpg", "bboxes": [0.0, 0.42444444444444446, 0.3526599326599328, 1.0], "class": 1}