{"image": "4436529a-084f-11ef-b20b-64d2c4ecd148.jpg", "bboxes": [0.2173737373737372, 0.2733333333333333, 0.857104377104377, 0.9977777777777778], "class": 1}