{"image": "4436529a-084f-11ef-b20b-64d2c4ecd148.jpg", "bboxes": [0.08511784511784501, 0.0, 0.724848484848485, 0.7228956228956228], "class": 1}