{"image": "4436529a-084f-11ef-b20b-64d2c4ecd148.jpg", "bboxes": [0.6562289562289562, 0.21043771043771053, 0.9977777777777778, 0.9977777777777778], "class": 1}