{"image": "4436529a-084f-11ef-b20b-64d2c4ecd148.jpg", "bboxes": [0.08734006734006723, 0.0, 0.7270707070707072, 0.7911111111111111], "class": 1}