{"image": "4436529a-084f-11ef-b20b-64d2c4ecd148.jpg", "bboxes": [0.7873400673400672, 0.12377104377104386, 0.9977777777777778, 0.9688888888888889], "class": 1}