{"image": "4436529a-084f-11ef-b20b-64d2c4ecd148.jpg", "bboxes": [0.0, 0.0, 0.545993265993266, 0.6644444444444444], "class": 1}