{"image": "4436529a-084f-11ef-b20b-64d2c4ecd148.jpg", "bboxes": [0.3484848484848484, 0.0, 0.9882154882154883, 0.7295622895622894], "class": 1}