{"image": "4436529a-084f-11ef-b20b-64d2c4ecd148.jpg", "bboxes": [0.6295622895622894, 0.17488215488215497, 1.0, 1.0], "class": 1}