{"image": "4436529a-084f-11ef-b20b-64d2c4ecd148.jpg", "bboxes": [0.0, 0.042222222222222223, 0.17488215488215497, 0.8873400673400672], "class": 1}