{"image": "4436529a-084f-11ef-b20b-64d2c4ecd148.jpg", "bboxes": [0.1517845117845117, 0.3888888888888889, 0.7915151515151516, 0.9977777777777778], "class": 1}