{"image": "4436529a-084f-11ef-b20b-64d2c4ecd148.jpg", "bboxes": [0.8273400673400673, 0.28444444444444444, 0.9977777777777778, 0.9977777777777778], "class": 1}