{"image": "4436529a-084f-11ef-b20b-64d2c4ecd148.jpg", "bboxes": [0.505117845117845, 0.0, 1.0, 0.845117845117845], "class": 1}