{"image": "4436529a-084f-11ef-b20b-64d2c4ecd148.jpg", "bboxes": [0.07845117845117834, 0.09043771043771054, 0.7181818181818184, 0.9355555555555556], "class": 1}