{"image": "4436529a-084f-11ef-b20b-64d2c4ecd148.jpg", "bboxes": [0.0, 0.08888888888888889, 0.47043771043771054, 0.934006734006734], "class": 1}