{"image": "4436529a-084f-11ef-b20b-64d2c4ecd148.jpg", "bboxes": [0.0, 0.1711111111111111, 0.5426262626262628, 1.0], "class": 1}