{"image": "4436529a-084f-11ef-b20b-64d2c4ecd148.jpg", "bboxes": [0.1740067340067339, 0.0, 0.8137373737373739, 0.7673400673400672], "class": 1}