{"image": "4436529a-084f-11ef-b20b-64d2c4ecd148.jpg", "bboxes": [0.49622895622895613, 0.19111111111111112, 1.0, 1.0], "class": 1}