{"image": "4436529a-084f-11ef-b20b-64d2c4ecd148.jpg", "bboxes": [0.009562289562289454, 0.0, 0.6492929292929295, 0.7777777777777778], "class": 1}