{"image": "4436529a-084f-11ef-b20b-64d2c4ecd148.jpg", "bboxes": [0.0022222222222222365, 0.03111111111111111, 0.22377104377104384, 0.8762289562289561], "class": 1}