{"image": "4436529a-084f-11ef-b20b-64d2c4ecd148.jpg", "bboxes": [0.9095622895622895, 0.27488215488215495, 0.9977777777777778, 0.9977777777777778], "class": 1}