{"image": "4436529a-084f-11ef-b20b-64d2c4ecd148.jpg", "bboxes": [0.0022222222222222365, 0.3511111111111111, 0.0815488215488217, 0.9977777777777778], "class": 1}