{"image": "4436529a-084f-11ef-b20b-64d2c4ecd148.jpg", "bboxes": [0.8584511784511784, 0.028888888888888888, 0.9977777777777778, 0.8740067340067339], "class": 1}