{"image": "4436529a-084f-11ef-b20b-64d2c4ecd148.jpg", "bboxes": [0.7340067340067339, 0.0, 0.9977777777777778, 0.7495622895622894], "class": 1}