{"image": "4436529a-084f-11ef-b20b-64d2c4ecd148.jpg", "bboxes": [0.235151515151515, 0.22666666666666666, 0.874882154882155, 1.0], "class": 1}