{"image": "4436529a-084f-11ef-b20b-64d2c4ecd148.jpg", "bboxes": [0.0, 0.0, 0.6270707070707072, 0.8295622895622895], "class": 1}