{"image": "4436529a-084f-11ef-b20b-64d2c4ecd148.jpg", "bboxes": [0.6073400673400672, 0.21265993265993277, 0.9977777777777778, 0.9977777777777778], "class": 1}