{"image": "4436529a-084f-11ef-b20b-64d2c4ecd148.jpg", "bboxes": [0.24626262626262607, 0.24, 0.8859932659932661, 0.9977777777777778], "class": 1}