{"image": "4436529a-084f-11ef-b20b-64d2c4ecd148.jpg", "bboxes": [0.8673400673400672, 0.39555555555555555, 0.9977777777777778, 0.9977777777777778], "class": 1}