{"image": "4436529a-084f-11ef-b20b-64d2c4ecd148.jpg", "bboxes": [0.0018181818181817189, 0.12222222222222222, 0.6415488215488216, 0.9673400673400673], "class": 1}