{"image": "4436529a-084f-11ef-b20b-64d2c4ecd148.jpg", "bboxes": [0.5940067340067339, 0.33111111111111113, 1.0, 1.0], "class": 1}