{"image": "448d1cec-084f-11ef-b20b-64d2c4ecd148.jpg", "bboxes": [0.0022222222222222365, 0.12841750841750846, 0.5077441077441078, 0.8994612794612794], "class": 1}