{"image": "44e3b728-084f-11ef-b20b-64d2c4ecd148.jpg", "bboxes": [0.6464646464646462, 0.49454545454545457, 0.9977777777777778, 0.9977777777777778], "class": 1}