{"image": "453a803a-084f-11ef-b20b-64d2c4ecd148.jpg", "bboxes": [0.7423569023569022, 0.38828282828282834, 1.0, 1.0], "class": 1}