{"image": "453a803a-084f-11ef-b20b-64d2c4ecd148.jpg", "bboxes": [0.70020202020202, 0.05178451178451171, 1.0, 0.7117171717171717], "class": 1}