{"image": "453a803a-084f-11ef-b20b-64d2c4ecd148.jpg", "bboxes": [0.0022222222222222365, 0.12161616161616166, 0.2709764309764311, 0.7815488215488217], "class": 1}