{"image": "453a803a-084f-11ef-b20b-64d2c4ecd148.jpg", "bboxes": [0.0, 0.030505050505050552, 0.40208754208754216, 0.6904377104377105], "class": 1}