{"image": "453a803a-084f-11ef-b20b-64d2c4ecd148.jpg", "bboxes": [0.5890909090909089, 0.13845117845117838, 0.9977777777777778, 0.7983838383838383], "class": 1}