{"image": "453a803a-084f-11ef-b20b-64d2c4ecd148.jpg", "bboxes": [0.0022222222222222365, 0.2882828282828283, 0.14208754208754226, 0.9482154882154883], "class": 1}