{"image": "453a803a-084f-11ef-b20b-64d2c4ecd148.jpg", "bboxes": [0.08902356902356891, 0.11400673400673389, 0.7220202020202022, 0.7739393939393939], "class": 1}