{"image": "453a803a-084f-11ef-b20b-64d2c4ecd148.jpg", "bboxes": [0.0, 0.0022222222222222365, 0.5775084175084177, 0.40606060606060596], "class": 1}