{"image": "453a803a-084f-11ef-b20b-64d2c4ecd148.jpg", "bboxes": [0.0022222222222222365, 0.3993939393939394, 0.5509764309764311, 0.9977777777777778], "class": 1}