{"image": "453a803a-084f-11ef-b20b-64d2c4ecd148.jpg", "bboxes": [0.20020202020202005, 0.08067340067340056, 0.8331986531986533, 0.7406060606060605], "class": 1}