{"image": "453a803a-084f-11ef-b20b-64d2c4ecd148.jpg", "bboxes": [0.6379124579124578, 0.0022222222222222365, 0.9977777777777778, 0.573939393939394], "class": 1}