{"image": "453a803a-084f-11ef-b20b-64d2c4ecd148.jpg", "bboxes": [0.44457912457912446, 0.0, 1.0, 0.3983838383838383], "class": 1}