{"image": "453a803a-084f-11ef-b20b-64d2c4ecd148.jpg", "bboxes": [0.45346801346801335, 0.0, 1.0, 0.5117171717171717], "class": 1}