{"image": "453a803a-084f-11ef-b20b-64d2c4ecd148.jpg", "bboxes": [0.8890909090909089, 0.494949494949495, 1.0, 1.0], "class": 1}