{"image": "453a803a-084f-11ef-b20b-64d2c4ecd148.jpg", "bboxes": [0.0, 0.17939393939393944, 0.5420202020202022, 0.8393265993265995], "class": 1}