{"image": "453a803a-084f-11ef-b20b-64d2c4ecd148.jpg", "bboxes": [0.40242424242424224, 0.0022222222222222365, 0.9977777777777778, 0.5894949494949496], "class": 1}