{"image": "453a803a-084f-11ef-b20b-64d2c4ecd148.jpg", "bboxes": [0.52020202020202, 0.474949494949495, 0.9977777777777778, 0.9977777777777778], "class": 1}