{"image": "453a803a-084f-11ef-b20b-64d2c4ecd148.jpg", "bboxes": [0.88013468013468, 0.0, 1.0, 0.40727272727272723], "class": 1}