{"image": "453a803a-084f-11ef-b20b-64d2c4ecd148.jpg", "bboxes": [0.8446464646464644, 0.05939393939393944, 0.9977777777777778, 0.7193265993265995], "class": 1}