{"image": "453a803a-084f-11ef-b20b-64d2c4ecd148.jpg", "bboxes": [0.0, 0.054949494949495, 0.24208754208754224, 0.714882154882155], "class": 1}