{"image": "453a803a-084f-11ef-b20b-64d2c4ecd148.jpg", "bboxes": [0.0, 0.3095622895622894, 0.16646464646464665, 0.9694949494949494], "class": 1}