{"image": "453a803a-084f-11ef-b20b-64d2c4ecd148.jpg", "bboxes": [0.40680134680134666, 0.0, 1.0, 0.5694949494949495], "class": 1}