{"image": "453a803a-084f-11ef-b20b-64d2c4ecd148.jpg", "bboxes": [0.0, 0.16067340067340052, 0.21986531986531999, 0.8206060606060606], "class": 1}