{"image": "453a803a-084f-11ef-b20b-64d2c4ecd148.jpg", "bboxes": [0.0, 0.3127272727272728, 0.6131313131313133, 0.9726599326599328], "class": 1}