{"image": "453a803a-084f-11ef-b20b-64d2c4ecd148.jpg", "bboxes": [0.0, 0.154949494949495, 0.2109090909090911, 0.814882154882155], "class": 1}