{"image": "453a803a-084f-11ef-b20b-64d2c4ecd148.jpg", "bboxes": [0.0022222222222222365, 0.1473400673400672, 0.14653198653198662, 0.8072727272727273], "class": 1}