{"image": "453a803a-084f-11ef-b20b-64d2c4ecd148.jpg", "bboxes": [0.8313131313131311, 0.18383838383838388, 1.0, 0.8437710437710438], "class": 1}