{"image": "453a803a-084f-11ef-b20b-64d2c4ecd148.jpg", "bboxes": [0.0, 0.24383838383838388, 0.1531313131313133, 0.9037710437710439], "class": 1}