{"image": "453a803a-084f-11ef-b20b-64d2c4ecd148.jpg", "bboxes": [0.2935353535353533, 0.334949494949495, 0.9265319865319867, 0.994882154882155], "class": 1}