{"image": "453a803a-084f-11ef-b20b-64d2c4ecd148.jpg", "bboxes": [0.0, 0.5460606060606061, 0.40875420875420887, 1.0], "class": 1}