{"image": "453a803a-084f-11ef-b20b-64d2c4ecd148.jpg", "bboxes": [0.7668686868686867, 0.4460606060606061, 0.9977777777777778, 0.9977777777777778], "class": 1}