{"image": "453a803a-084f-11ef-b20b-64d2c4ecd148.jpg", "bboxes": [0.0090235690235689, 0.0022222222222222365, 0.6420202020202022, 0.46505050505050505], "class": 1}