{"image": "453a803a-084f-11ef-b20b-64d2c4ecd148.jpg", "bboxes": [0.5645791245791244, 0.0022222222222222365, 0.9977777777777778, 0.5517171717171716], "class": 1}