{"image": "453a803a-084f-11ef-b20b-64d2c4ecd148.jpg", "bboxes": [0.00013468013468001218, 0.0028956228956228403, 0.6331313131313133, 0.6628282828282828], "class": 1}