{"image": "453a803a-084f-11ef-b20b-64d2c4ecd148.jpg", "bboxes": [0.4935353535353534, 0.24511784511784496, 1.0, 0.905050505050505], "class": 1}