{"image": "453a803a-084f-11ef-b20b-64d2c4ecd148.jpg", "bboxes": [0.6445791245791245, 0.4327272727272728, 1.0, 1.0], "class": 1}