{"image": "453a803a-084f-11ef-b20b-64d2c4ecd148.jpg", "bboxes": [0.10020202020202007, 0.0022222222222222365, 0.7331986531986533, 0.6272727272727272], "class": 1}