{"image": "453a803a-084f-11ef-b20b-64d2c4ecd148.jpg", "bboxes": [0.36457912457912445, 0.0022222222222222365, 0.9975757575757578, 0.6028282828282826], "class": 1}