{"image": "453a803a-084f-11ef-b20b-64d2c4ecd148.jpg", "bboxes": [0.28235690235690225, 0.16734006734006723, 0.9153535353535356, 0.827272727272727], "class": 1}