{"image": "453a803a-084f-11ef-b20b-64d2c4ecd148.jpg", "bboxes": [0.3046464646464645, 0.0022222222222222365, 0.9376430976430977, 0.3983838383838383], "class": 1}