{"image": "453a803a-084f-11ef-b20b-64d2c4ecd148.jpg", "bboxes": [0.0, 0.2571717171717172, 0.2220202020202022, 0.9171043771043772], "class": 1}