{"image": "453a803a-084f-11ef-b20b-64d2c4ecd148.jpg", "bboxes": [0.0, 0.3860606060606061, 0.41535353535353553, 0.9977777777777778], "class": 1}