{"image": "453a803a-084f-11ef-b20b-64d2c4ecd148.jpg", "bboxes": [0.11791245791245779, 0.2806734006734005, 0.7509090909090911, 0.9406060606060606], "class": 1}