{"image": "453a803a-084f-11ef-b20b-64d2c4ecd148.jpg", "bboxes": [0.0022222222222222365, 0.1260606060606061, 0.590976430976431, 0.7859932659932661], "class": 1}