{"image": "453a803a-084f-11ef-b20b-64d2c4ecd148.jpg", "bboxes": [0.8557575757575756, 0.09939393939393944, 1.0, 0.7593265993265994], "class": 1}