{"image": "453a803a-084f-11ef-b20b-64d2c4ecd148.jpg", "bboxes": [0.0022222222222222365, 0.08828282828282832, 0.2887542087542089, 0.7482154882154883], "class": 1}