{"image": "453a803a-084f-11ef-b20b-64d2c4ecd148.jpg", "bboxes": [0.5734680134680133, 0.5993939393939395, 1.0, 1.0], "class": 1}