{"image": "453a803a-084f-11ef-b20b-64d2c4ecd148.jpg", "bboxes": [0.6135353535353534, 0.2571717171717172, 1.0, 0.9171043771043772], "class": 1}