{"image": "453a803a-084f-11ef-b20b-64d2c4ecd148.jpg", "bboxes": [0.3424242424242422, 0.19494949494949498, 0.9754208754208755, 0.854882154882155], "class": 1}