{"image": "453a803a-084f-11ef-b20b-64d2c4ecd148.jpg", "bboxes": [0.1535353535353533, 0.14161616161616167, 0.7865319865319866, 0.8015488215488217], "class": 1}