{"image": "453a803a-084f-11ef-b20b-64d2c4ecd148.jpg", "bboxes": [0.15797979797979778, 0.06956228956228949, 0.7909764309764311, 0.7294949494949494], "class": 1}