{"image": "453a803a-084f-11ef-b20b-64d2c4ecd148.jpg", "bboxes": [0.0, 0.5705050505050505, 0.5109764309764311, 1.0], "class": 1}