{"image": "453a803a-084f-11ef-b20b-64d2c4ecd148.jpg", "bboxes": [0.44457912457912446, 0.5327272727272728, 0.9977777777777778, 0.9977777777777778], "class": 1}