{"image": "453a803a-084f-11ef-b20b-64d2c4ecd148.jpg", "bboxes": [0.39131313131313117, 0.3905050505050506, 1.0, 1.0], "class": 1}