{"image": "453a803a-084f-11ef-b20b-64d2c4ecd148.jpg", "bboxes": [0.36020202020201997, 0.3660606060606061, 0.9931986531986533, 1.0], "class": 1}