{"image": "453a803a-084f-11ef-b20b-64d2c4ecd148.jpg", "bboxes": [0.0, 0.20383838383838387, 0.4487542087542089, 0.8637710437710439], "class": 1}