{"image": "453a803a-084f-11ef-b20b-64d2c4ecd148.jpg", "bboxes": [0.8623569023569022, 0.11939393939393944, 1.0, 0.7793265993265994], "class": 1}