{"image": "4590c526-084f-11ef-b20b-64d2c4ecd148.jpg", "bboxes": [0.0022222222222222365, 0.4249831649831651, 0.08188552188552167, 0.9977777777777778], "class": 1}