{"image": "4590c526-084f-11ef-b20b-64d2c4ecd148.jpg", "bboxes": [0.21144781144781163, 0.3294276094276095, 0.8545454545454545, 0.9977777777777778], "class": 1}