{"image": "4590c526-084f-11ef-b20b-64d2c4ecd148.jpg", "bboxes": [0.6165656565656567, 0.17858585858585865, 0.9977777777777778, 0.9327946127946127], "class": 1}