{"image": "4590c526-084f-11ef-b20b-64d2c4ecd148.jpg", "bboxes": [0.0, 0.029696969696969666, 0.5078787878787878, 0.7839057239057239], "class": 1}