{"image": "4590c526-084f-11ef-b20b-64d2c4ecd148.jpg", "bboxes": [0.0, 0.5430976430976431, 0.21750841750841776, 0.9977777777777778], "class": 1}