{"image": "4590c526-084f-11ef-b20b-64d2c4ecd148.jpg", "bboxes": [0.7824915824915822, 0.0022222222222222365, 0.9977777777777778, 0.7057912457912457], "class": 1}