{"image": "4590c526-084f-11ef-b20b-64d2c4ecd148.jpg", "bboxes": [0.045454545454545525, 0.04747474747474745, 0.6885521885521884, 0.8016835016835016], "class": 1}