{"image": "4590c526-084f-11ef-b20b-64d2c4ecd148.jpg", "bboxes": [0.0, 0.33609427609427617, 0.28855218855218834, 1.0], "class": 1}