{"image": "4590c526-084f-11ef-b20b-64d2c4ecd148.jpg", "bboxes": [0.21878787878787886, 0.22303030303030302, 0.8618855218855217, 0.9772390572390571], "class": 1}