{"image": "4590c526-084f-11ef-b20b-64d2c4ecd148.jpg", "bboxes": [0.0022222222222222365, 0.06747474747474747, 0.6396632996632995, 0.8216835016835016], "class": 1}