{"image": "4590c526-084f-11ef-b20b-64d2c4ecd148.jpg", "bboxes": [0.7943434343434345, 0.13636363636363635, 1.0, 0.8905723905723905], "class": 1}