{"image": "4590c526-084f-11ef-b20b-64d2c4ecd148.jpg", "bboxes": [0.24255892255892275, 0.0022222222222222365, 0.8856565656565656, 0.6372390572390573], "class": 1}