{"image": "4590c526-084f-11ef-b20b-64d2c4ecd148.jpg", "bboxes": [0.0, 0.0319191919191919, 0.008552188552188311, 0.786127946127946], "class": 1}