{"image": "4590c526-084f-11ef-b20b-64d2c4ecd148.jpg", "bboxes": [0.52989898989899, 0.21636363636363642, 0.9977777777777778, 0.9705723905723905], "class": 1}