{"image": "4590c526-084f-11ef-b20b-64d2c4ecd148.jpg", "bboxes": [0.12033670033670053, 0.0022222222222222365, 0.7634343434343434, 0.7527946127946127], "class": 1}