{"image": "4590c526-084f-11ef-b20b-64d2c4ecd148.jpg", "bboxes": [0.0, 0.060538720538720614, 0.02855218855218833, 0.8147474747474748], "class": 1}