{"image": "4590c526-084f-11ef-b20b-64d2c4ecd148.jpg", "bboxes": [0.7825589225589228, 0.27609427609427617, 1.0, 1.0], "class": 1}