{"image": "4590c526-084f-11ef-b20b-64d2c4ecd148.jpg", "bboxes": [0.7165656565656566, 0.1452525252525253, 1.0, 0.8994612794612794], "class": 1}