{"image": "4590c526-084f-11ef-b20b-64d2c4ecd148.jpg", "bboxes": [0.0, 0.18525252525252522, 0.24121212121212113, 0.9394612794612793], "class": 1}