{"image": "4590c526-084f-11ef-b20b-64d2c4ecd148.jpg", "bboxes": [0.4165656565656567, 0.0, 1.0, 0.48390572390572384], "class": 1}