{"image": "4590c526-084f-11ef-b20b-64d2c4ecd148.jpg", "bboxes": [0.16545454545454552, 0.2608080808080808, 0.8085521885521884, 0.9977777777777778], "class": 1}