{"image": "4590c526-084f-11ef-b20b-64d2c4ecd148.jpg", "bboxes": [0.22478114478114497, 0.0, 0.8678787878787878, 0.7503030303030302], "class": 1}