{"image": "4590c526-084f-11ef-b20b-64d2c4ecd148.jpg", "bboxes": [0.8314478114478117, 0.0, 1.0, 0.7191919191919192], "class": 1}