{"image": "4590c526-084f-11ef-b20b-64d2c4ecd148.jpg", "bboxes": [0.0, 0.0, 0.044107744107743874, 0.6261279461279461], "class": 1}