{"image": "4590c526-084f-11ef-b20b-64d2c4ecd148.jpg", "bboxes": [0.15589225589225608, 0.014141414141414121, 0.7989898989898989, 0.7683501683501683], "class": 1}