{"image": "4590c526-084f-11ef-b20b-64d2c4ecd148.jpg", "bboxes": [0.0, 0.31609427609427615, 0.22565656565656556, 0.9977777777777778], "class": 1}