{"image": "4590c526-084f-11ef-b20b-64d2c4ecd148.jpg", "bboxes": [0.41878787878787893, 0.0, 1.0, 0.676969696969697], "class": 1}