{"image": "4590c526-084f-11ef-b20b-64d2c4ecd148.jpg", "bboxes": [0.18989898989899, 0.22276094276094283, 0.8329966329966327, 0.9769696969696969], "class": 1}