{"image": "4590c526-084f-11ef-b20b-64d2c4ecd148.jpg", "bboxes": [0.3143434343434345, 0.37164983164983173, 0.9574410774410772, 0.9977777777777778], "class": 1}