{"image": "4590c526-084f-11ef-b20b-64d2c4ecd148.jpg", "bboxes": [0.03656565656565669, 0.0, 0.6796632996632994, 0.4927946127946127], "class": 1}