{"image": "4590c526-084f-11ef-b20b-64d2c4ecd148.jpg", "bboxes": [0.0, 0.12525252525252528, 0.25010101010101, 0.8794612794612794], "class": 1}