{"image": "4590c526-084f-11ef-b20b-64d2c4ecd148.jpg", "bboxes": [0.7181144781144783, 0.038316498316498394, 0.9977777777777778, 0.7925252525252525], "class": 1}