{"image": "4590c526-084f-11ef-b20b-64d2c4ecd148.jpg", "bboxes": [0.0, 0.2605387205387206, 0.21454545454545446, 1.0], "class": 1}