{"image": "4590c526-084f-11ef-b20b-64d2c4ecd148.jpg", "bboxes": [0.5832323232323233, 0.19191919191919193, 1.0, 0.946127946127946], "class": 1}