{"image": "4590c526-084f-11ef-b20b-64d2c4ecd148.jpg", "bboxes": [0.0, 0.2963636363636364, 0.33966329966329945, 1.0], "class": 1}