{"image": "4590c526-084f-11ef-b20b-64d2c4ecd148.jpg", "bboxes": [0.48989898989898994, 0.01609427609427617, 1.0, 0.7703030303030303], "class": 1}