{"image": "4590c526-084f-11ef-b20b-64d2c4ecd148.jpg", "bboxes": [0.0, 0.4716498316498317, 0.5589898989898989, 1.0], "class": 1}