{"image": "4590c526-084f-11ef-b20b-64d2c4ecd148.jpg", "bboxes": [0.0981144781144783, 0.5094276094276095, 0.7412121212121211, 0.9977777777777778], "class": 1}