{"image": "4590c526-084f-11ef-b20b-64d2c4ecd148.jpg", "bboxes": [0.018047138047137756, 0.0, 0.6308417508417505, 0.7171043771043772], "class": 1}