{"image": "4590c526-084f-11ef-b20b-64d2c4ecd148.jpg", "bboxes": [0.3476767676767678, 0.14720538720538728, 0.9907744107744105, 0.9014141414141414], "class": 1}