{"image": "4590c526-084f-11ef-b20b-64d2c4ecd148.jpg", "bboxes": [0.7670033670033672, 0.0696969696969697, 0.9977777777777778, 0.8239057239057238], "class": 1}