{"image": "4590c526-084f-11ef-b20b-64d2c4ecd148.jpg", "bboxes": [0.0876767676767678, 0.2719191919191919, 0.7307744107744105, 1.0], "class": 1}