{"image": "4590c526-084f-11ef-b20b-64d2c4ecd148.jpg", "bboxes": [0.10545454545454558, 0.46498316498316505, 0.7485521885521883, 0.9977777777777778], "class": 1}