{"image": "4590c526-084f-11ef-b20b-64d2c4ecd148.jpg", "bboxes": [0.04255892255892276, 0.09164983164983173, 0.6856565656565655, 0.8458585858585859], "class": 1}