{"image": "4590c526-084f-11ef-b20b-64d2c4ecd148.jpg", "bboxes": [0.7092255892255894, 0.00969696969696976, 1.0, 0.7639057239057239], "class": 1}