{"image": "4590c526-084f-11ef-b20b-64d2c4ecd148.jpg", "bboxes": [0.7321212121212122, 0.2783164983164984, 1.0, 1.0], "class": 1}