{"image": "4590c526-084f-11ef-b20b-64d2c4ecd148.jpg", "bboxes": [0.0022222222222222365, 0.0583164983164984, 0.38188552188552166, 0.8125252525252525], "class": 1}