{"image": "4590c526-084f-11ef-b20b-64d2c4ecd148.jpg", "bboxes": [0.8336700336700339, 0.4116498316498317, 1.0, 1.0], "class": 1}