{"image": "4590c526-084f-11ef-b20b-64d2c4ecd148.jpg", "bboxes": [0.0, 0.19164983164983174, 0.5856565656565655, 0.9458585858585858], "class": 1}