{"image": "4590c526-084f-11ef-b20b-64d2c4ecd148.jpg", "bboxes": [0.06767676767676778, 0.13387205387205395, 0.7107744107744105, 0.888080808080808], "class": 1}