{"image": "45e6df7e-084f-11ef-b20b-64d2c4ecd148.jpg", "bboxes": [0.31414141414141444, 0.0, 0.9774410774410778, 0.7185185185185186], "class": 1}