{"image": "45e6df7e-084f-11ef-b20b-64d2c4ecd148.jpg", "bboxes": [0.9119191919191922, 0.0, 1.0, 0.8962962962962963], "class": 1}