{"image": "45e6df7e-084f-11ef-b20b-64d2c4ecd148.jpg", "bboxes": [0.9674747474747477, 0.0, 1.0, 0.8296296296296296], "class": 1}