{"image": "45e6df7e-084f-11ef-b20b-64d2c4ecd148.jpg", "bboxes": [0.23858585858585887, 0.19124579124579136, 0.9018855218855222, 0.9977777777777778], "class": 1}