{"image": "45e6df7e-084f-11ef-b20b-64d2c4ecd148.jpg", "bboxes": [0.32747474747474775, 0.2503703703703704, 0.9907744107744111, 0.9977777777777778], "class": 1}