{"image": "45e6df7e-084f-11ef-b20b-64d2c4ecd148.jpg", "bboxes": [0.5363636363636366, 0.07037037037037042, 1.0, 1.0], "class": 1}