{"image": "45e6df7e-084f-11ef-b20b-64d2c4ecd148.jpg", "bboxes": [0.5941414141414144, 0.23037037037037042, 0.9977777777777778, 0.9977777777777778], "class": 1}