{"image": "45e6df7e-084f-11ef-b20b-64d2c4ecd148.jpg", "bboxes": [0.14255892255892222, 0.0, 0.8058585858585856, 0.842087542087542], "class": 1}