{"image": "45e6df7e-084f-11ef-b20b-64d2c4ecd148.jpg", "bboxes": [0.7208080808080811, 0.0022222222222222365, 0.9977777777777778, 0.7340740740740742], "class": 1}