{"image": "45e6df7e-084f-11ef-b20b-64d2c4ecd148.jpg", "bboxes": [0.0, 0.30814814814814817, 0.6529966329966334, 1.0], "class": 1}