{"image": "45e6df7e-084f-11ef-b20b-64d2c4ecd148.jpg", "bboxes": [0.1047811447811444, 0.14592592592592596, 0.7680808080808078, 0.9977777777777778], "class": 1}