{"image": "45e6df7e-084f-11ef-b20b-64d2c4ecd148.jpg", "bboxes": [0.0, 0.3481481481481482, 0.2169696969696967, 1.0], "class": 1}