{"image": "45e6df7e-084f-11ef-b20b-64d2c4ecd148.jpg", "bboxes": [0.8363636363636366, 0.1992592592592593, 0.9977777777777778, 0.9977777777777778], "class": 1}