{"image": "45e6df7e-084f-11ef-b20b-64d2c4ecd148.jpg", "bboxes": [0.7363636363636367, 0.033468013468013647, 1.0, 0.9829629629629629], "class": 1}