{"image": "45e6df7e-084f-11ef-b20b-64d2c4ecd148.jpg", "bboxes": [0.9474747474747478, 0.37259259259259264, 0.9977777777777778, 0.9977777777777778], "class": 1}