{"image": "45e6df7e-084f-11ef-b20b-64d2c4ecd148.jpg", "bboxes": [0.3919191919191922, 0.22814814814814818, 0.9977777777777778, 0.9977777777777778], "class": 1}