{"image": "45e6df7e-084f-11ef-b20b-64d2c4ecd148.jpg", "bboxes": [0.01636363636363664, 0.0, 0.6796632996633, 0.7443097643097641], "class": 1}