{"image": "45e6df7e-084f-11ef-b20b-64d2c4ecd148.jpg", "bboxes": [0.0, 0.2814814814814815, 0.2991919191919189, 1.0], "class": 1}