{"image": "45e6df7e-084f-11ef-b20b-64d2c4ecd148.jpg", "bboxes": [0.40969696969696995, 0.25569023569023586, 0.9977777777777778, 0.9977777777777778], "class": 1}