{"image": "45e6df7e-084f-11ef-b20b-64d2c4ecd148.jpg", "bboxes": [0.04478114478114448, 0.0014814814814815237, 0.7080808080808078, 0.9509764309764308], "class": 1}