{"image": "45e6df7e-084f-11ef-b20b-64d2c4ecd148.jpg", "bboxes": [0.01811447811447786, 0.0022222222222222365, 0.6814141414141411, 0.6274074074074074], "class": 1}