{"image": "45e6df7e-084f-11ef-b20b-64d2c4ecd148.jpg", "bboxes": [0.26478114478114445, 0.25569023569023586, 0.9280808080808078, 1.0], "class": 1}