{"image": "45e6df7e-084f-11ef-b20b-64d2c4ecd148.jpg", "bboxes": [0.1914478114478111, 0.0022222222222222365, 0.8547474747474745, 0.6185185185185185], "class": 1}