{"image": "45e6df7e-084f-11ef-b20b-64d2c4ecd148.jpg", "bboxes": [0.4003367003367, 0.0022222222222222365, 0.9977777777777778, 0.9274074074074073], "class": 1}