{"image": "45e6df7e-084f-11ef-b20b-64d2c4ecd148.jpg", "bboxes": [0.3608080808080811, 0.18148148148148152, 1.0, 1.0], "class": 1}