{"image": "45e6df7e-084f-11ef-b20b-64d2c4ecd148.jpg", "bboxes": [0.40969696969696995, 0.0, 1.0, 0.8696296296296295], "class": 1}