{"image": "45e6df7e-084f-11ef-b20b-64d2c4ecd148.jpg", "bboxes": [0.056363636363636636, 0.0022222222222222365, 0.7196632996633, 0.9229629629629629], "class": 1}