{"image": "45e6df7e-084f-11ef-b20b-64d2c4ecd148.jpg", "bboxes": [0.7008080808080811, 0.14013468013468022, 1.0, 1.0], "class": 1}