{"image": "45e6df7e-084f-11ef-b20b-64d2c4ecd148.jpg", "bboxes": [0.18525252525252553, 0.0022222222222222365, 0.8485521885521888, 0.8562962962962962], "class": 1}