{"image": "45e6df7e-084f-11ef-b20b-64d2c4ecd148.jpg", "bboxes": [0.0022222222222222365, 0.04902356902356919, 0.15474747474747452, 0.9977777777777778], "class": 1}