{"image": "45e6df7e-084f-11ef-b20b-64d2c4ecd148.jpg", "bboxes": [0.7874747474747478, 0.0, 0.9977777777777778, 0.8376430976430975], "class": 1}