{"image": "45e6df7e-084f-11ef-b20b-64d2c4ecd148.jpg", "bboxes": [0.15589225589225564, 0.12902356902356915, 0.8191919191919189, 1.0], "class": 1}