{"image": "45e6df7e-084f-11ef-b20b-64d2c4ecd148.jpg", "bboxes": [0.2803367003367, 0.1192592592592593, 0.9436363636363634, 1.0], "class": 1}