{"image": "45e6df7e-084f-11ef-b20b-64d2c4ecd148.jpg", "bboxes": [0.0022222222222222365, 0.35481481481481486, 0.23919191919191896, 0.9977777777777778], "class": 1}