{"image": "45e6df7e-084f-11ef-b20b-64d2c4ecd148.jpg", "bboxes": [0.19589225589225556, 0.21346801346801358, 0.859191919191919, 1.0], "class": 1}