{"image": "45e6df7e-084f-11ef-b20b-64d2c4ecd148.jpg", "bboxes": [0.8452525252525255, 0.2637037037037038, 0.9977777777777778, 0.9977777777777778], "class": 1}