{"image": "45e6df7e-084f-11ef-b20b-64d2c4ecd148.jpg", "bboxes": [0.52969696969697, 0.08814814814814818, 1.0, 1.0], "class": 1}