{"image": "45e6df7e-084f-11ef-b20b-64d2c4ecd148.jpg", "bboxes": [0.37414141414141444, 0.0, 1.0, 0.7807407407407407], "class": 1}