{"image": "4ee06f08-07fc-11ef-b710-64d2c4ecd148.jpg", "bboxes": [0.0022222222222222365, 0.013400673400673465, 0.5996632996632999, 0.9977777777777778], "class": 1}