{"image": "4ee06f08-07fc-11ef-b710-64d2c4ecd148.jpg", "bboxes": [0.0022222222222222365, 0.0, 0.46632996632996637, 0.894882154882155], "class": 1}