{"image": "4ee06f08-07fc-11ef-b710-64d2c4ecd148.jpg", "bboxes": [0.5925252525252522, 0.0, 0.9977777777777778, 0.8437710437710438], "class": 1}