{"image": "4ee06f08-07fc-11ef-b710-64d2c4ecd148.jpg", "bboxes": [0.4314478114478114, 0.1178451178451179, 0.9977777777777778, 0.9977777777777778], "class": 1}