{"image": "4ee06f08-07fc-11ef-b710-64d2c4ecd148.jpg", "bboxes": [0.10922558922558917, 0.03562289562289569, 0.9341414141414144, 0.9977777777777778], "class": 1}