{"image": "4ee06f08-07fc-11ef-b710-64d2c4ecd148.jpg", "bboxes": [0.0022222222222222365, 0.0, 0.2152188552188553, 0.7015488215488217], "class": 1}