{"image": "4f5c2b70-07fc-11ef-b710-64d2c4ecd148.jpg", "bboxes": [0.05205387205387208, 0.2653198653198653, 0.9005387205387205, 1.0], "class": 1}