{"image": "4f5c2b70-07fc-11ef-b710-64d2c4ecd148.jpg", "bboxes": [0.40760942760942764, 0.19420875420875416, 1.0, 1.0], "class": 1}