{"image": "4f5c2b70-07fc-11ef-b710-64d2c4ecd148.jpg", "bboxes": [0.0, 0.06531986531986533, 0.6294276094276094, 1.0], "class": 1}