{"image": "4f5c2b70-07fc-11ef-b710-64d2c4ecd148.jpg", "bboxes": [0.8061279461279461, 0.0, 1.0, 0.748013468013468], "class": 1}