{"image": "4f5c2b70-07fc-11ef-b710-64d2c4ecd148.jpg", "bboxes": [0.045387205387205413, 0.014208754208754264, 0.8938720538720539, 0.9977777777777778], "class": 1}