{"image": "4f5c2b70-07fc-11ef-b710-64d2c4ecd148.jpg", "bboxes": [0.6831649831649832, 0.00976430976430982, 0.9977777777777778, 0.9977777777777778], "class": 1}