{"image": "4f5c2b70-07fc-11ef-b710-64d2c4ecd148.jpg", "bboxes": [0.13589225589225584, 0.0, 0.9507070707070706, 0.9977777777777778], "class": 1}