{"image": "4f5c2b70-07fc-11ef-b710-64d2c4ecd148.jpg", "bboxes": [0.3320538720538721, 0.007542087542087598, 1.0, 1.0], "class": 1}