{"image": "4f5c2b70-07fc-11ef-b710-64d2c4ecd148.jpg", "bboxes": [0.0, 0.08531986531986538, 0.34350168350168353, 1.0], "class": 1}