{"image": "4f5c2b70-07fc-11ef-b710-64d2c4ecd148.jpg", "bboxes": [0.6431649831649832, 0.28754208754208754, 1.0, 1.0], "class": 1}