{"image": "4f5c2b70-07fc-11ef-b710-64d2c4ecd148.jpg", "bboxes": [0.7083501683501683, 0.0, 0.9977777777777778, 0.8613468013468014], "class": 1}