{"image": "4f5c2b70-07fc-11ef-b710-64d2c4ecd148.jpg", "bboxes": [0.7750168350168349, 0.0, 1.0, 0.7057912457912459], "class": 1}