{"image": "4f5c2b70-07fc-11ef-b710-64d2c4ecd148.jpg", "bboxes": [0.17501683501683496, 0.0, 1.0, 0.7524579124579125], "class": 1}