{"image": "4f5c2b70-07fc-11ef-b710-64d2c4ecd148.jpg", "bboxes": [0.4816835016835017, 0.0008754208754209318, 0.9977777777777778, 0.9977777777777778], "class": 1}