{"image": "4f5c2b70-07fc-11ef-b710-64d2c4ecd148.jpg", "bboxes": [0.5053872053872054, 0.07865319865319871, 1.0, 1.0], "class": 1}