{"image": "4f5c2b70-07fc-11ef-b710-64d2c4ecd148.jpg", "bboxes": [0.8372390572390572, 0.28309764309764307, 1.0, 1.0], "class": 1}