{"image": "4f5c2b70-07fc-11ef-b710-64d2c4ecd148.jpg", "bboxes": [0.0, 0.21198653198653195, 0.30572390572390573, 1.0], "class": 1}