{"image": "4f5c2b70-07fc-11ef-b710-64d2c4ecd148.jpg", "bboxes": [0.8905723905723906, 0.0, 1.0, 0.7991245791245791], "class": 1}