{"image": "4f5c2b70-07fc-11ef-b710-64d2c4ecd148.jpg", "bboxes": [0.0, 0.2897643097643098, 0.699057239057239, 1.0], "class": 1}