{"image": "4f5c2b70-07fc-11ef-b710-64d2c4ecd148.jpg", "bboxes": [0.0, 0.20531986531986524, 0.6768350168350168, 1.0], "class": 1}