{"image": "4f5c2b70-07fc-11ef-b710-64d2c4ecd148.jpg", "bboxes": [0.9239057239057239, 0.24531986531986527, 0.9977777777777778, 0.9977777777777778], "class": 1}