{"image": "4f5c2b70-07fc-11ef-b710-64d2c4ecd148.jpg", "bboxes": [0.7520538720538721, 0.0, 1.0, 0.9813468013468013], "class": 1}