{"image": "4f5c2b70-07fc-11ef-b710-64d2c4ecd148.jpg", "bboxes": [0.07723905723905722, 0.0, 0.9257239057239057, 0.908013468013468], "class": 1}