{"image": "4fba8e36-07fc-11ef-b710-64d2c4ecd148.jpg", "bboxes": [0.1893602693602694, 0.0, 0.9873400673400674, 0.8591245791245792], "class": 1}