{"image": "4fba8e36-07fc-11ef-b710-64d2c4ecd148.jpg", "bboxes": [0.564915824915825, 0.0630976430976431, 1.0, 1.0], "class": 1}