{"image": "4fba8e36-07fc-11ef-b710-64d2c4ecd148.jpg", "bboxes": [0.0, 0.1075420875420875, 0.13063973063973056, 0.9977777777777778], "class": 1}