{"image": "4fba8e36-07fc-11ef-b710-64d2c4ecd148.jpg", "bboxes": [0.984915824915825, 0.03420875420875413, 1.0, 1.0], "class": 1}