{"image": "4fba8e36-07fc-11ef-b710-64d2c4ecd148.jpg", "bboxes": [0.24269360269360274, 0.0, 1.0, 0.7969023569023569], "class": 1}