{"image": "4fba8e36-07fc-11ef-b710-64d2c4ecd148.jpg", "bboxes": [0.8993265993265993, 0.0500336700336701, 0.9977777777777778, 0.9977777777777778], "class": 1}