{"image": "4fba8e36-07fc-11ef-b710-64d2c4ecd148.jpg", "bboxes": [0.16356902356902372, 0.0022222222222222365, 0.9716498316498317, 0.9977777777777778], "class": 1}