{"image": "4fba8e36-07fc-11ef-b710-64d2c4ecd148.jpg", "bboxes": [0.7191245791245793, 0.0, 0.9977777777777778, 0.7160269360269361], "class": 1}