{"image": "4fba8e36-07fc-11ef-b710-64d2c4ecd148.jpg", "bboxes": [0.7326599326599327, 0.0, 1.0, 0.7391245791245792], "class": 1}