{"image": "4fba8e36-07fc-11ef-b710-64d2c4ecd148.jpg", "bboxes": [0.12713804713804722, 0.0, 0.9251178451178451, 0.7413468013468014], "class": 1}