{"image": "4fba8e36-07fc-11ef-b710-64d2c4ecd148.jpg", "bboxes": [0.5715824915824916, 0.0, 1.0, 0.7124579124579125], "class": 1}