{"image": "4fba8e36-07fc-11ef-b710-64d2c4ecd148.jpg", "bboxes": [0.2960269360269361, 0.0, 1.0, 0.988013468013468], "class": 1}