{"image": "4fba8e36-07fc-11ef-b710-64d2c4ecd148.jpg", "bboxes": [0.0, 0.11198653198653197, 0.4051178451178451, 1.0], "class": 1}