{"image": "4fba8e36-07fc-11ef-b710-64d2c4ecd148.jpg", "bboxes": [0.0, 0.058653198653198624, 0.23178451178451176, 1.0], "class": 1}