{"image": "4fba8e36-07fc-11ef-b710-64d2c4ecd148.jpg", "bboxes": [0.0, 0.12336700336700343, 0.5261952861952861, 0.9977777777777778], "class": 1}