{"image": "4fba8e36-07fc-11ef-b710-64d2c4ecd148.jpg", "bboxes": [0.15158249158249174, 0.0, 0.9495622895622896, 0.7213468013468014], "class": 1}