{"image": "4fba8e36-07fc-11ef-b710-64d2c4ecd148.jpg", "bboxes": [0.6416835016835016, 0.0, 0.9977777777777778, 0.9560269360269361], "class": 1}