{"image": "4fba8e36-07fc-11ef-b710-64d2c4ecd148.jpg", "bboxes": [0.7760269360269361, 0.007542087542087517, 1.0, 1.0], "class": 1}