{"image": "4fba8e36-07fc-11ef-b710-64d2c4ecd148.jpg", "bboxes": [0.9382491582491583, 0.18087542087542086, 0.9977777777777778, 0.9977777777777778], "class": 1}