{"image": "4fba8e36-07fc-11ef-b710-64d2c4ecd148.jpg", "bboxes": [0.0, 0.15420875420875413, 0.7962289562289563, 1.0], "class": 1}