{"image": "4fba8e36-07fc-11ef-b710-64d2c4ecd148.jpg", "bboxes": [0.19488215488215485, 0.0, 0.9928619528619528, 0.9457912457912458], "class": 1}