{"image": "4fba8e36-07fc-11ef-b710-64d2c4ecd148.jpg", "bboxes": [0.3082154882154882, 0.0, 0.9977777777777778, 0.9213468013468014], "class": 1}