{"image": "4fba8e36-07fc-11ef-b710-64d2c4ecd148.jpg", "bboxes": [0.4160269360269361, 0.0022222222222222365, 0.9977777777777778, 0.9977777777777778], "class": 1}