{"image": "4fba8e36-07fc-11ef-b710-64d2c4ecd148.jpg", "bboxes": [0.12491582491582498, 0.0, 0.9228956228956229, 1.0], "class": 1}