{"image": "4fba8e36-07fc-11ef-b710-64d2c4ecd148.jpg", "bboxes": [0.20599326599326598, 0.12114478114478121, 0.9977777777777778, 0.9977777777777778], "class": 1}