{"image": "4fba8e36-07fc-11ef-b710-64d2c4ecd148.jpg", "bboxes": [0.3738047138047139, 0.031986531986531896, 1.0, 1.0], "class": 1}