{"image": "4fba8e36-07fc-11ef-b710-64d2c4ecd148.jpg", "bboxes": [0.0, 0.11670033670033676, 0.7495622895622895, 1.0], "class": 1}