{"image": "4fba8e36-07fc-11ef-b710-64d2c4ecd148.jpg", "bboxes": [0.11158249158249167, 0.0, 0.9095622895622896, 0.7502356902356903], "class": 1}