{"image": "4fba8e36-07fc-11ef-b710-64d2c4ecd148.jpg", "bboxes": [0.6049158249158251, 0.3164309764309764, 0.9977777777777778, 0.9977777777777778], "class": 1}