{"image": "4fba8e36-07fc-11ef-b710-64d2c4ecd148.jpg", "bboxes": [0.0, 0.29420875420875414, 0.6073400673400673, 1.0], "class": 1}