{"image": "4fba8e36-07fc-11ef-b710-64d2c4ecd148.jpg", "bboxes": [0.17602693602693606, 0.0022222222222222365, 0.974006734006734, 0.9977777777777778], "class": 1}