{"image": "4fba8e36-07fc-11ef-b710-64d2c4ecd148.jpg", "bboxes": [0.0, 0.27643097643097636, 0.535084175084175, 0.9977777777777778], "class": 1}