{"image": "4fba8e36-07fc-11ef-b710-64d2c4ecd148.jpg", "bboxes": [0.0, 0.2853198653198653, 0.4195286195286195, 0.9977777777777778], "class": 1}