{"image": "4fba8e36-07fc-11ef-b710-64d2c4ecd148.jpg", "bboxes": [0.0, 0.2742087542087541, 0.2461952861952861, 1.0], "class": 1}