{"image": "4fba8e36-07fc-11ef-b710-64d2c4ecd148.jpg", "bboxes": [0.05946127946127944, 0.0022222222222222365, 0.8675420875420874, 0.9977777777777778], "class": 1}