{"image": "4fba8e36-07fc-11ef-b710-64d2c4ecd148.jpg", "bboxes": [0.12936026936026945, 0.05643097643097639, 0.9273400673400674, 1.0], "class": 1}