{"image": "4fba8e36-07fc-11ef-b710-64d2c4ecd148.jpg", "bboxes": [0.47488215488215485, 0.0, 1.0, 0.9613468013468014], "class": 1}