{"image": "4fba8e36-07fc-11ef-b710-64d2c4ecd148.jpg", "bboxes": [0.5226936026936028, 0.0, 0.9977777777777778, 0.7191245791245792], "class": 1}