{"image": "4fba8e36-07fc-11ef-b710-64d2c4ecd148.jpg", "bboxes": [0.6748821548821549, 0.12336700336700343, 1.0, 1.0], "class": 1}