{"image": "4fba8e36-07fc-11ef-b710-64d2c4ecd148.jpg", "bboxes": [0.0, 0.0022222222222222365, 0.5472053872053873, 0.8991245791245792], "class": 1}