{"image": "4fba8e36-07fc-11ef-b710-64d2c4ecd148.jpg", "bboxes": [0.4816835016835017, 0.0, 0.9977777777777778, 0.9071380471380472], "class": 1}