{"image": "4fba8e36-07fc-11ef-b710-64d2c4ecd148.jpg", "bboxes": [0.7437710437710437, 0.03643097643097637, 0.9977777777777778, 0.9977777777777778], "class": 1}