{"image": "4fba8e36-07fc-11ef-b710-64d2c4ecd148.jpg", "bboxes": [0.05158249158249162, 0.04336700336700343, 0.8495622895622896, 1.0], "class": 1}