{"image": "4fba8e36-07fc-11ef-b710-64d2c4ecd148.jpg", "bboxes": [0.16047138047138054, 0.023097643097643058, 0.9584511784511784, 0.9977777777777778], "class": 1}