{"image": "4fba8e36-07fc-11ef-b710-64d2c4ecd148.jpg", "bboxes": [0.6148821548821548, 0.0, 0.9977777777777778, 0.7102356902356902], "class": 1}