{"image": "4fba8e36-07fc-11ef-b710-64d2c4ecd148.jpg", "bboxes": [0.2960269360269361, 0.21420875420875418, 0.9977777777777778, 0.9977777777777778], "class": 1}