{"image": "4fba8e36-07fc-11ef-b710-64d2c4ecd148.jpg", "bboxes": [0.6993265993265994, 0.051986531986531914, 1.0, 1.0], "class": 1}