{"image": "4fba8e36-07fc-11ef-b710-64d2c4ecd148.jpg", "bboxes": [0.0, 0.04087542087542084, 0.5795286195286194, 0.9977777777777778], "class": 1}