{"image": "506c65c0-07fc-11ef-b710-64d2c4ecd148.jpg", "bboxes": [0.0, 0.384915824915825, 0.36531986531986516, 1.0], "class": 1}