{"image": "506c65c0-07fc-11ef-b710-64d2c4ecd148.jpg", "bboxes": [0.0, 0.08000000000000006, 0.24168350168350167, 1.0], "class": 1}