{"image": "506c65c0-07fc-11ef-b710-64d2c4ecd148.jpg", "bboxes": [0.06356902356902373, 0.3160269360269361, 0.7639057239057239, 0.9977777777777778], "class": 1}