{"image": "506c65c0-07fc-11ef-b710-64d2c4ecd148.jpg", "bboxes": [0.6991245791245793, 0.033333333333333395, 1.0, 1.0], "class": 1}