{"image": "506c65c0-07fc-11ef-b710-64d2c4ecd148.jpg", "bboxes": [0.10276094276094283, 0.0, 0.8030976430976428, 0.6795286195286194], "class": 1}