{"image": "506c65c0-07fc-11ef-b710-64d2c4ecd148.jpg", "bboxes": [0.3472053872053872, 0.0, 1.0, 0.9239730639730639], "class": 1}