{"image": "506c65c0-07fc-11ef-b710-64d2c4ecd148.jpg", "bboxes": [0.0302356902356904, 0.1693602693602695, 0.7305723905723905, 0.9977777777777778], "class": 1}