{"image": "506c65c0-07fc-11ef-b710-64d2c4ecd148.jpg", "bboxes": [0.7827609427609428, 0.0, 1.0, 0.6306397306397306], "class": 1}