{"image": "506c65c0-07fc-11ef-b710-64d2c4ecd148.jpg", "bboxes": [0.0, 0.06222222222222228, 0.435016835016835, 0.9977777777777778], "class": 1}