{"image": "506c65c0-07fc-11ef-b710-64d2c4ecd148.jpg", "bboxes": [0.0, 0.20269360269360281, 0.012794612794612779, 0.9977777777777778], "class": 1}