{"image": "506c65c0-07fc-11ef-b710-64d2c4ecd148.jpg", "bboxes": [0.6960942760942761, 0.18491582491582503, 1.0, 1.0], "class": 1}