{"image": "506c65c0-07fc-11ef-b710-64d2c4ecd148.jpg", "bboxes": [0.2583164983164983, 0.07777777777777783, 0.9586531986531985, 0.9977777777777778], "class": 1}