{"image": "506c65c0-07fc-11ef-b710-64d2c4ecd148.jpg", "bboxes": [0.8760942760942761, 0.16713804713804725, 1.0, 1.0], "class": 1}