{"image": "506c65c0-07fc-11ef-b710-64d2c4ecd148.jpg", "bboxes": [0.07164983164983163, 0.10491582491582496, 0.7719865319865318, 1.0], "class": 1}