{"image": "506c65c0-07fc-11ef-b710-64d2c4ecd148.jpg", "bboxes": [0.3294276094276094, 0.0, 0.9977777777777778, 0.7728619528619528], "class": 1}