{"image": "506c65c0-07fc-11ef-b710-64d2c4ecd148.jpg", "bboxes": [0.3169023569023571, 0.0, 0.9977777777777778, 0.995084175084175], "class": 1}