{"image": "506c65c0-07fc-11ef-b710-64d2c4ecd148.jpg", "bboxes": [0.0, 0.08491582491582494, 0.2608754208754207, 1.0], "class": 1}