{"image": "506c65c0-07fc-11ef-b710-64d2c4ecd148.jpg", "bboxes": [0.9924579124579126, 0.20713804713804718, 1.0, 1.0], "class": 1}