{"image": "506c65c0-07fc-11ef-b710-64d2c4ecd148.jpg", "bboxes": [0.37690235690235707, 0.08000000000000006, 1.0, 1.0], "class": 1}