{"image": "506c65c0-07fc-11ef-b710-64d2c4ecd148.jpg", "bboxes": [0.0, 0.028888888888888953, 0.2461279461279461, 0.9977777777777778], "class": 1}