{"image": "506c65c0-07fc-11ef-b710-64d2c4ecd148.jpg", "bboxes": [0.36498316498316496, 0.0, 1.0, 0.9933333333333333], "class": 1}