{"image": "506c65c0-07fc-11ef-b710-64d2c4ecd148.jpg", "bboxes": [0.21468013468013483, 0.3493602693602694, 0.915016835016835, 0.9977777777777778], "class": 1}