{"image": "506c65c0-07fc-11ef-b710-64d2c4ecd148.jpg", "bboxes": [0.7205387205387206, 0.0, 0.9977777777777778, 0.7239730639730639], "class": 1}