{"image": "506c65c0-07fc-11ef-b710-64d2c4ecd148.jpg", "bboxes": [0.9902356902356904, 0.0, 1.0, 0.9817508417508417], "class": 1}