{"image": "506c65c0-07fc-11ef-b710-64d2c4ecd148.jpg", "bboxes": [0.3035690235690237, 0.0022222222222222365, 0.9977777777777778, 0.9244444444444444], "class": 1}