{"image": "506c65c0-07fc-11ef-b710-64d2c4ecd148.jpg", "bboxes": [0.7657912457912459, 0.21158249158249165, 0.9977777777777778, 0.9977777777777778], "class": 1}