{"image": "506c65c0-07fc-11ef-b710-64d2c4ecd148.jpg", "bboxes": [0.21690235690235707, 0.24491582491582495, 0.9172390572390572, 0.9977777777777778], "class": 1}