{"image": "506c65c0-07fc-11ef-b710-64d2c4ecd148.jpg", "bboxes": [0.8102356902356904, 0.38269360269360275, 0.9977777777777778, 0.9977777777777778], "class": 1}