{"image": "506c65c0-07fc-11ef-b710-64d2c4ecd148.jpg", "bboxes": [0.0, 0.1693602693602695, 0.5905723905723905, 1.0], "class": 1}