{"image": "506c65c0-07fc-11ef-b710-64d2c4ecd148.jpg", "bboxes": [0.6494276094276095, 0.3804713804713805, 1.0, 1.0], "class": 1}