{"image": "506c65c0-07fc-11ef-b710-64d2c4ecd148.jpg", "bboxes": [0.5546801346801349, 0.0022222222222222365, 0.9977777777777778, 0.9822222222222221], "class": 1}