{"image": "506c65c0-07fc-11ef-b710-64d2c4ecd148.jpg", "bboxes": [0.0022222222222222365, 0.07824915824915835, 0.4186531986531985, 0.9977777777777778], "class": 1}