{"image": "506c65c0-07fc-11ef-b710-64d2c4ecd148.jpg", "bboxes": [0.0, 0.048888888888888954, 0.0061279461279461125, 0.9977777777777778], "class": 1}