{"image": "506c65c0-07fc-11ef-b710-64d2c4ecd148.jpg", "bboxes": [0.9494276094276094, 0.2715824915824917, 0.9977777777777778, 0.9977777777777778], "class": 1}