{"image": "506c65c0-07fc-11ef-b710-64d2c4ecd148.jpg", "bboxes": [0.0, 0.09555555555555562, 0.28309764309764296, 1.0], "class": 1}