{"image": "506c65c0-07fc-11ef-b710-64d2c4ecd148.jpg", "bboxes": [0.38579124579124596, 0.0, 1.0, 0.5995286195286195], "class": 1}