{"image": "506c65c0-07fc-11ef-b710-64d2c4ecd148.jpg", "bboxes": [0.9213468013468015, 0.0022222222222222365, 0.9977777777777778, 0.98], "class": 1}