{"image": "506c65c0-07fc-11ef-b710-64d2c4ecd148.jpg", "bboxes": [0.0022222222222222365, 0.0, 0.19865319865319853, 0.9306397306397306], "class": 1}