{"image": "506c65c0-07fc-11ef-b710-64d2c4ecd148.jpg", "bboxes": [0.7991245791245792, 0.3671380471380472, 1.0, 1.0], "class": 1}