{"image": "506c65c0-07fc-11ef-b710-64d2c4ecd148.jpg", "bboxes": [0.04579124579124596, 0.23158249158249167, 0.7461279461279461, 0.9977777777777778], "class": 1}