{"image": "50c335da-07fc-11ef-b710-64d2c4ecd148.jpg", "bboxes": [0.0022222222222222365, 0.05952861952861961, 0.43494949494949475, 0.9977777777777778], "class": 1}