{"image": "50c335da-07fc-11ef-b710-64d2c4ecd148.jpg", "bboxes": [0.09616161616161636, 0.3096296296296297, 0.9143434343434345, 1.0], "class": 1}