{"image": "50c335da-07fc-11ef-b710-64d2c4ecd148.jpg", "bboxes": [0.6450505050505052, 0.31851851851851865, 0.9977777777777778, 0.9977777777777778], "class": 1}