{"image": "50c335da-07fc-11ef-b710-64d2c4ecd148.jpg", "bboxes": [0.3523232323232322, 0.0, 0.9977777777777778, 0.7103703703703703], "class": 1}