{"image": "50c335da-07fc-11ef-b710-64d2c4ecd148.jpg", "bboxes": [0.0, 0.2718518518518519, 0.6321212121212122, 1.0], "class": 1}