{"image": "50c335da-07fc-11ef-b710-64d2c4ecd148.jpg", "bboxes": [0.561212121212121, 0.0, 0.9977777777777778, 0.9525925925925925], "class": 1}