{"image": "50c335da-07fc-11ef-b710-64d2c4ecd148.jpg", "bboxes": [0.17010101010100998, 0.0, 0.9882828282828281, 0.9626936026936026], "class": 1}