{"image": "50c335da-07fc-11ef-b710-64d2c4ecd148.jpg", "bboxes": [0.59010101010101, 0.0, 0.9977777777777778, 0.8259259259259258], "class": 1}