{"image": "50c335da-07fc-11ef-b710-64d2c4ecd148.jpg", "bboxes": [0.8806060606060608, 0.4162962962962964, 1.0, 1.0], "class": 1}