{"image": "50c335da-07fc-11ef-b710-64d2c4ecd148.jpg", "bboxes": [0.0022222222222222365, 0.21185185185185196, 0.5349494949494947, 0.9977777777777778], "class": 1}