{"image": "50c335da-07fc-11ef-b710-64d2c4ecd148.jpg", "bboxes": [0.11010101010101003, 0.2718518518518519, 0.928282828282828, 1.0], "class": 1}