{"image": "50c335da-07fc-11ef-b710-64d2c4ecd148.jpg", "bboxes": [0.010101010101010055, 0.0, 0.8282828282828281, 0.9614814814814814], "class": 1}