{"image": "50c335da-07fc-11ef-b710-64d2c4ecd148.jpg", "bboxes": [0.12282828282828304, 0.0, 0.9410101010101011, 0.8925925925925925], "class": 1}