{"image": "50c335da-07fc-11ef-b710-64d2c4ecd148.jpg", "bboxes": [0.10343434343434332, 0.0, 0.9216161616161614, 0.8414814814814814], "class": 1}