{"image": "50c335da-07fc-11ef-b710-64d2c4ecd148.jpg", "bboxes": [0.7494949494949497, 0.1629629629629631, 1.0, 1.0], "class": 1}