{"image": "50c335da-07fc-11ef-b710-64d2c4ecd148.jpg", "bboxes": [0.7894949494949497, 0.32074074074074077, 1.0, 1.0], "class": 1}