{"image": "50c335da-07fc-11ef-b710-64d2c4ecd148.jpg", "bboxes": [0.08787878787878778, 0.04296296296296309, 0.9060606060606059, 1.0], "class": 1}