{"image": "50c335da-07fc-11ef-b710-64d2c4ecd148.jpg", "bboxes": [0.34727272727272746, 0.3074074074074075, 0.9977777777777778, 0.9977777777777778], "class": 1}