{"image": "50c335da-07fc-11ef-b710-64d2c4ecd148.jpg", "bboxes": [0.9206060606060608, 0.12296296296296305, 0.9977777777777778, 0.9977777777777778], "class": 1}