{"image": "50c335da-07fc-11ef-b710-64d2c4ecd148.jpg", "bboxes": [0.5606060606060608, 0.0, 1.0, 0.6503703703703703], "class": 1}