{"image": "50c335da-07fc-11ef-b710-64d2c4ecd148.jpg", "bboxes": [0.8739393939393941, 0.22962962962962974, 0.9977777777777778, 0.9977777777777778], "class": 1}