{"image": "50c335da-07fc-11ef-b710-64d2c4ecd148.jpg", "bboxes": [0.0, 0.1962962962962964, 0.7749494949494947, 1.0], "class": 1}