{"image": "50c335da-07fc-11ef-b710-64d2c4ecd148.jpg", "bboxes": [0.35898989898989886, 0.17185185185185192, 0.9977777777777778, 0.9977777777777778], "class": 1}