{"image": "50c335da-07fc-11ef-b710-64d2c4ecd148.jpg", "bboxes": [0.004781144781144441, 0.0022222222222222365, 0.9037710437710438, 0.9977777777777778], "class": 1}