{"image": "50c335da-07fc-11ef-b710-64d2c4ecd148.jpg", "bboxes": [0.5317171717171719, 0.26074074074074083, 1.0, 1.0], "class": 1}