{"image": "50c335da-07fc-11ef-b710-64d2c4ecd148.jpg", "bboxes": [0.033939393939394144, 0.1251851851851853, 0.8521212121212122, 1.0], "class": 1}