{"image": "50c335da-07fc-11ef-b710-64d2c4ecd148.jpg", "bboxes": [0.23616161616161638, 0.0, 1.0, 0.7859259259259258], "class": 1}