{"image": "50c335da-07fc-11ef-b710-64d2c4ecd148.jpg", "bboxes": [0.17171717171717193, 0.0, 0.98989898989899, 1.0], "class": 1}