{"image": "50c335da-07fc-11ef-b710-64d2c4ecd148.jpg", "bboxes": [0.0, 0.322962962962963, 0.2121212121212122, 0.9977777777777778], "class": 1}