{"image": "50c335da-07fc-11ef-b710-64d2c4ecd148.jpg", "bboxes": [0.44060606060606083, 0.046195286195286275, 0.9977777777777778, 0.9977777777777778], "class": 1}