{"image": "50c335da-07fc-11ef-b710-64d2c4ecd148.jpg", "bboxes": [0.40282828282828304, 0.0022222222222222365, 0.9977777777777778, 0.9315824915824915], "class": 1}