{"image": "50c335da-07fc-11ef-b710-64d2c4ecd148.jpg", "bboxes": [0.0, 0.0, 0.16632996632996663, 0.584915824915825], "class": 1}