{"image": "50c335da-07fc-11ef-b710-64d2c4ecd148.jpg", "bboxes": [0.0, 0.18074074074074087, 0.40545454545454557, 1.0], "class": 1}