{"image": "50c335da-07fc-11ef-b710-64d2c4ecd148.jpg", "bboxes": [0.01838383838383859, 0.06619528619528628, 0.8365656565656566, 0.9977777777777778], "class": 1}