{"image": "50c335da-07fc-11ef-b710-64d2c4ecd148.jpg", "bboxes": [0.0022222222222222365, 0.18740740740740747, 0.3638383838383836, 0.9977777777777778], "class": 1}