{"image": "50c335da-07fc-11ef-b710-64d2c4ecd148.jpg", "bboxes": [0.19171717171717192, 0.0, 0.9977777777777778, 0.7037037037037036], "class": 1}