{"image": "50c335da-07fc-11ef-b710-64d2c4ecd148.jpg", "bboxes": [0.4383838383838386, 0.2851851851851853, 1.0, 1.0], "class": 1}