{"image": "50c335da-07fc-11ef-b710-64d2c4ecd148.jpg", "bboxes": [0.23393939393939414, 0.010639730639730722, 1.0, 1.0], "class": 1}