{"image": "50c335da-07fc-11ef-b710-64d2c4ecd148.jpg", "bboxes": [0.8056565656565655, 0.0, 1.0, 0.9570370370370369], "class": 1}