{"image": "50c335da-07fc-11ef-b710-64d2c4ecd148.jpg", "bboxes": [0.8361616161616163, 0.0, 0.9977777777777778, 0.9977777777777778], "class": 1}