{"image": "50c335da-07fc-11ef-b710-64d2c4ecd148.jpg", "bboxes": [0.9850505050505053, 0.41407407407407415, 1.0, 1.0], "class": 1}