{"image": "50c335da-07fc-11ef-b710-64d2c4ecd148.jpg", "bboxes": [0.44505050505050525, 0.06740740740740747, 1.0, 1.0], "class": 1}