{"image": "50c335da-07fc-11ef-b710-64d2c4ecd148.jpg", "bboxes": [0.0022222222222222365, 0.012861952861952797, 0.5793265993265994, 0.9977777777777778], "class": 1}