{"image": "50c335da-07fc-11ef-b710-64d2c4ecd148.jpg", "bboxes": [0.24343434343434334, 0.04518518518518522, 1.0, 1.0], "class": 1}