{"image": "50c335da-07fc-11ef-b710-64d2c4ecd148.jpg", "bboxes": [0.7584511784511785, 0.0, 0.9977777777777778, 0.9471380471380472], "class": 1}