{"image": "50c335da-07fc-11ef-b710-64d2c4ecd148.jpg", "bboxes": [0.4367676767676767, 0.0, 1.0, 0.9249158249158248], "class": 1}