{"image": "50c335da-07fc-11ef-b710-64d2c4ecd148.jpg", "bboxes": [0.0, 0.061750841750841834, 0.20161616161616136, 1.0], "class": 1}