{"image": "51194fc4-07fc-11ef-b710-64d2c4ecd148.jpg", "bboxes": [0.7333333333333333, 0.0, 0.9977777777777778, 0.6371043771043772], "class": 1}