{"image": "51194fc4-07fc-11ef-b710-64d2c4ecd148.jpg", "bboxes": [0.6044444444444445, 0.37178451178451166, 1.0, 1.0], "class": 1}