{"image": "51194fc4-07fc-11ef-b710-64d2c4ecd148.jpg", "bboxes": [0.0, 0.060673400673400546, 0.5644444444444444, 1.0], "class": 1}