{"image": "51194fc4-07fc-11ef-b710-64d2c4ecd148.jpg", "bboxes": [0.0, 0.3295622895622895, 0.3488888888888889, 1.0], "class": 1}