{"image": "51194fc4-07fc-11ef-b710-64d2c4ecd148.jpg", "bboxes": [0.4731313131313132, 0.0, 0.9977777777777778, 0.8415488215488216], "class": 1}