{"image": "51194fc4-07fc-11ef-b710-64d2c4ecd148.jpg", "bboxes": [0.6777777777777778, 0.007878787878787945, 1.0, 1.0], "class": 1}