{"image": "51194fc4-07fc-11ef-b710-64d2c4ecd148.jpg", "bboxes": [0.0, 0.14289562289562277, 0.10888888888888888, 0.9977777777777778], "class": 1}