{"image": "51194fc4-07fc-11ef-b710-64d2c4ecd148.jpg", "bboxes": [0.0, 0.37622895622895614, 0.15555555555555556, 1.0], "class": 1}