{"image": "51194fc4-07fc-11ef-b710-64d2c4ecd148.jpg", "bboxes": [0.35757575757575766, 0.0, 0.9977777777777778, 0.8215488215488217], "class": 1}