{"image": "51194fc4-07fc-11ef-b710-64d2c4ecd148.jpg", "bboxes": [0.3422222222222222, 0.03178451178451169, 0.9977777777777778, 0.9977777777777778], "class": 1}