{"image": "51194fc4-07fc-11ef-b710-64d2c4ecd148.jpg", "bboxes": [0.8533333333333334, 0.0, 0.9977777777777778, 0.6171043771043773], "class": 1}