{"image": "51194fc4-07fc-11ef-b710-64d2c4ecd148.jpg", "bboxes": [0.5177777777777778, 0.0, 0.9977777777777778, 0.9215488215488217], "class": 1}