{"image": "51194fc4-07fc-11ef-b710-64d2c4ecd148.jpg", "bboxes": [0.0, 0.42067340067340053, 0.13131313131313127, 1.0], "class": 1}