{"image": "51194fc4-07fc-11ef-b710-64d2c4ecd148.jpg", "bboxes": [0.37555555555555553, 0.0, 0.9977777777777778, 0.854882154882155], "class": 1}