{"image": "51194fc4-07fc-11ef-b710-64d2c4ecd148.jpg", "bboxes": [0.2777777777777778, 0.0, 0.9977777777777778, 0.8926599326599328], "class": 1}