{"image": "51194fc4-07fc-11ef-b710-64d2c4ecd148.jpg", "bboxes": [0.6755555555555556, 0.0022222222222222365, 0.9977777777777778, 0.921010101010101], "class": 1}