{"image": "51194fc4-07fc-11ef-b710-64d2c4ecd148.jpg", "bboxes": [0.31333333333333335, 0.0022222222222222365, 0.9977777777777778, 0.8743434343434343], "class": 1}