{"image": "51194fc4-07fc-11ef-b710-64d2c4ecd148.jpg", "bboxes": [0.610909090909091, 0.0, 0.9977777777777778, 0.8704377104377106], "class": 1}