{"image": "51194fc4-07fc-11ef-b710-64d2c4ecd148.jpg", "bboxes": [0.610909090909091, 0.09010101010101017, 1.0, 1.0], "class": 1}