{"image": "51194fc4-07fc-11ef-b710-64d2c4ecd148.jpg", "bboxes": [0.19333333333333336, 0.0, 0.9913131313131313, 0.7526599326599328], "class": 1}