{"image": "51194fc4-07fc-11ef-b710-64d2c4ecd148.jpg", "bboxes": [0.15979797979797986, 0.0, 0.9577777777777777, 0.6926599326599328], "class": 1}