{"image": "51194fc4-07fc-11ef-b710-64d2c4ecd148.jpg", "bboxes": [0.39313131313131316, 0.3317845117845116, 0.9977777777777778, 0.9977777777777778], "class": 1}