{"image": "51194fc4-07fc-11ef-b710-64d2c4ecd148.jpg", "bboxes": [0.8333333333333334, 0.09898989898989906, 1.0, 1.0], "class": 1}