{"image": "51194fc4-07fc-11ef-b710-64d2c4ecd148.jpg", "bboxes": [0.7864646464646465, 0.0, 1.0, 0.6882154882154883], "class": 1}