{"image": "51194fc4-07fc-11ef-b710-64d2c4ecd148.jpg", "bboxes": [0.5711111111111111, 0.2984511784511783, 1.0, 1.0], "class": 1}