{"image": "51194fc4-07fc-11ef-b710-64d2c4ecd148.jpg", "bboxes": [0.14222222222222225, 0.3740067340067339, 0.9402020202020202, 0.9977777777777778], "class": 1}