{"image": "51194fc4-07fc-11ef-b710-64d2c4ecd148.jpg", "bboxes": [0.0, 0.12511784511784496, 0.1402020202020201, 1.0], "class": 1}