{"image": "51194fc4-07fc-11ef-b710-64d2c4ecd148.jpg", "bboxes": [0.0, 0.20067340067340056, 0.18888888888888888, 0.9977777777777778], "class": 1}