{"image": "51194fc4-07fc-11ef-b710-64d2c4ecd148.jpg", "bboxes": [0.22868686868686874, 0.0, 1.0, 0.9726599326599328], "class": 1}