{"image": "51194fc4-07fc-11ef-b710-64d2c4ecd148.jpg", "bboxes": [0.9197979797979798, 0.0022222222222222365, 0.9977777777777778, 0.8565656565656565], "class": 1}