{"image": "51194fc4-07fc-11ef-b710-64d2c4ecd148.jpg", "bboxes": [0.0, 0.24289562289562283, 0.06464646464646462, 1.0], "class": 1}