{"image": "51194fc4-07fc-11ef-b710-64d2c4ecd148.jpg", "bboxes": [0.15333333333333332, 0.21400673400673387, 0.9513131313131312, 0.9977777777777778], "class": 1}