{"image": "51194fc4-07fc-11ef-b710-64d2c4ecd148.jpg", "bboxes": [0.0242424242424243, 0.0022222222222222365, 0.8222222222222222, 0.9276767676767677], "class": 1}