{"image": "51194fc4-07fc-11ef-b710-64d2c4ecd148.jpg", "bboxes": [0.0, 0.3028956228956228, 0.41555555555555557, 1.0], "class": 1}