{"image": "51194fc4-07fc-11ef-b710-64d2c4ecd148.jpg", "bboxes": [0.8131313131313131, 0.08565656565656572, 1.0, 1.0], "class": 1}