{"image": "51194fc4-07fc-11ef-b710-64d2c4ecd148.jpg", "bboxes": [0.07111111111111112, 0.0012121212121212783, 0.869090909090909, 0.9977777777777778], "class": 1}