{"image": "51194fc4-07fc-11ef-b710-64d2c4ecd148.jpg", "bboxes": [0.7022222222222223, 0.16289562289562276, 1.0, 1.0], "class": 1}