{"image": "51194fc4-07fc-11ef-b710-64d2c4ecd148.jpg", "bboxes": [0.0022222222222222365, 0.15400673400673393, 0.6468686868686868, 0.9977777777777778], "class": 1}