{"image": "51194fc4-07fc-11ef-b710-64d2c4ecd148.jpg", "bboxes": [0.4, 0.09898989898989906, 0.9977777777777778, 0.9977777777777778], "class": 1}