{"image": "51194fc4-07fc-11ef-b710-64d2c4ecd148.jpg", "bboxes": [0.5375757575757576, 0.0, 0.9977777777777778, 0.954882154882155], "class": 1}