{"image": "516fe2a8-07fc-11ef-b710-64d2c4ecd148.jpg", "bboxes": [0.23043771043771, 0.3158922558922559, 0.9977777777777778, 0.9977777777777778], "class": 1}