{"image": "516fe2a8-07fc-11ef-b710-64d2c4ecd148.jpg", "bboxes": [0.0018855218855220654, 0.0, 0.880673400673401, 0.9241077441077442], "class": 1}