{"image": "516fe2a8-07fc-11ef-b710-64d2c4ecd148.jpg", "bboxes": [0.07265993265993231, 0.0, 0.9514478114478113, 0.8952188552188552], "class": 1}