{"image": "516fe2a8-07fc-11ef-b710-64d2c4ecd148.jpg", "bboxes": [0.0022222222222222365, 0.0, 0.30033670033670007, 0.9929966329966331], "class": 1}