{"image": "51c70c86-07fc-11ef-b710-64d2c4ecd148.jpg", "bboxes": [0.03508417508417505, 0.0, 0.9105050505050503, 0.7284848484848486], "class": 1}