{"image": "521d5e42-07fc-11ef-b710-64d2c4ecd148.jpg", "bboxes": [0.0, 0.0, 0.2668013468013472, 0.9646464646464646], "class": 1}