{"image": "521d5e42-07fc-11ef-b710-64d2c4ecd148.jpg", "bboxes": [0.28760942760942765, 0.25151515151515136, 0.9977777777777778, 0.9977777777777778], "class": 1}