{"image": "521d5e42-07fc-11ef-b710-64d2c4ecd148.jpg", "bboxes": [0.09872053872053875, 0.0, 0.9068013468013472, 0.9977777777777778], "class": 1}