{"image": "521d5e42-07fc-11ef-b710-64d2c4ecd148.jpg", "bboxes": [0.0, 0.2781818181818181, 0.6934680134680139, 1.0], "class": 1}