{"image": "521d5e42-07fc-11ef-b710-64d2c4ecd148.jpg", "bboxes": [0.04983164983164986, 0.0, 0.8579124579124583, 0.9840404040404042], "class": 1}