{"image": "521d5e42-07fc-11ef-b710-64d2c4ecd148.jpg", "bboxes": [0.7476094276094276, 0.32040404040404025, 1.0, 1.0], "class": 1}