{"image": "521d5e42-07fc-11ef-b710-64d2c4ecd148.jpg", "bboxes": [0.0, 0.20707070707070696, 0.06127946127946127, 1.0], "class": 1}