{"image": "521d5e42-07fc-11ef-b710-64d2c4ecd148.jpg", "bboxes": [0.10653198653198614, 0.0, 0.9146127946127945, 0.8173737373737375], "class": 1}