{"image": "521d5e42-07fc-11ef-b710-64d2c4ecd148.jpg", "bboxes": [0.6976430976430973, 0.16262626262626256, 1.0, 1.0], "class": 1}