{"image": "521d5e42-07fc-11ef-b710-64d2c4ecd148.jpg", "bboxes": [0.0, 0.35151515151515145, 0.43569023569023607, 0.9977777777777778], "class": 1}