{"image": "521d5e42-07fc-11ef-b710-64d2c4ecd148.jpg", "bboxes": [0.5076094276094276, 0.0, 1.0, 0.969090909090909], "class": 1}