{"image": "521d5e42-07fc-11ef-b710-64d2c4ecd148.jpg", "bboxes": [0.33872053872053876, 0.0, 1.0, 0.8995959595959597], "class": 1}