{"image": "521d5e42-07fc-11ef-b710-64d2c4ecd148.jpg", "bboxes": [0.1831649831649832, 0.0, 0.9912457912457916, 0.9977777777777778], "class": 1}