{"image": "521d5e42-07fc-11ef-b710-64d2c4ecd148.jpg", "bboxes": [0.5843097643097639, 0.07151515151515142, 0.9977777777777778, 0.9977777777777778], "class": 1}