{"image": "521d5e42-07fc-11ef-b710-64d2c4ecd148.jpg", "bboxes": [0.0, 0.031515151515151385, 0.5179124579124583, 0.9977777777777778], "class": 1}