{"image": "521d5e42-07fc-11ef-b710-64d2c4ecd148.jpg", "bboxes": [0.17542087542087503, 0.07818181818181802, 0.9835016835016834, 1.0], "class": 1}