{"image": "521d5e42-07fc-11ef-b710-64d2c4ecd148.jpg", "bboxes": [0.0, 0.3426262626262625, 0.10457912457912497, 0.9977777777777778], "class": 1}