{"image": "521d5e42-07fc-11ef-b710-64d2c4ecd148.jpg", "bboxes": [0.44875420875420835, 0.2537373737373736, 1.0, 1.0], "class": 1}