{"image": "521d5e42-07fc-11ef-b710-64d2c4ecd148.jpg", "bboxes": [0.03319865319865278, 0.0, 0.8412794612794613, 0.9977777777777778], "class": 1}