{"image": "521d5e42-07fc-11ef-b710-64d2c4ecd148.jpg", "bboxes": [0.38430976430976393, 0.002626262626262532, 1.0, 1.0], "class": 1}