{"image": "521d5e42-07fc-11ef-b710-64d2c4ecd148.jpg", "bboxes": [0.8931986531986528, 0.0, 1.0, 0.9729292929292931], "class": 1}