{"image": "521d5e42-07fc-11ef-b710-64d2c4ecd148.jpg", "bboxes": [0.21427609427609431, 0.0, 1.0, 0.9107070707070708], "class": 1}