{"image": "521d5e42-07fc-11ef-b710-64d2c4ecd148.jpg", "bboxes": [0.7942760942760944, 0.09313131313131319, 0.9977777777777778, 0.9977777777777778], "class": 1}