{"image": "521d5e42-07fc-11ef-b710-64d2c4ecd148.jpg", "bboxes": [0.0, 0.35818181818181805, 0.6134680134680138, 1.0], "class": 1}