{"image": "521d5e42-07fc-11ef-b710-64d2c4ecd148.jpg", "bboxes": [0.395420875420875, 0.3426262626262625, 1.0, 1.0], "class": 1}