{"image": "521d5e42-07fc-11ef-b710-64d2c4ecd148.jpg", "bboxes": [0.0, 0.21818181818181803, 0.1868013468013472, 1.0], "class": 1}