{"image": "521d5e42-07fc-11ef-b710-64d2c4ecd148.jpg", "bboxes": [0.6431649831649832, 0.18262626262626247, 1.0, 1.0], "class": 1}