{"image": "521d5e42-07fc-11ef-b710-64d2c4ecd148.jpg", "bboxes": [0.2431649831649832, 0.19373737373737365, 0.9977777777777778, 0.9977777777777778], "class": 1}