{"image": "521d5e42-07fc-11ef-b710-64d2c4ecd148.jpg", "bboxes": [0.7109764309764306, 0.055959595959595876, 0.9977777777777778, 0.9977777777777778], "class": 1}