{"image": "521d5e42-07fc-11ef-b710-64d2c4ecd148.jpg", "bboxes": [0.0, 0.03979797979797985, 0.7290235690235694, 0.9977777777777778], "class": 1}