{"image": "521d5e42-07fc-11ef-b710-64d2c4ecd148.jpg", "bboxes": [0.057643097643097274, 0.0022222222222222365, 0.8657239057239057, 0.9935353535353535], "class": 1}