{"image": "521d5e42-07fc-11ef-b710-64d2c4ecd148.jpg", "bboxes": [0.7609427609427609, 0.0, 0.9977777777777778, 0.632929292929293], "class": 1}