{"image": "521d5e42-07fc-11ef-b710-64d2c4ecd148.jpg", "bboxes": [0.17649831649831652, 0.0, 0.984579124579125, 0.632929292929293], "class": 1}