{"image": "521d5e42-07fc-11ef-b710-64d2c4ecd148.jpg", "bboxes": [0.7414814814814816, 0.0, 0.9977777777777778, 0.9228956228956228], "class": 1}