{"image": "521d5e42-07fc-11ef-b710-64d2c4ecd148.jpg", "bboxes": [0.7109764309764306, 0.0022222222222222365, 0.9977777777777778, 0.9646464646464646], "class": 1}