{"image": "521d5e42-07fc-11ef-b710-64d2c4ecd148.jpg", "bboxes": [0.0022222222222222365, 0.32599326599326606, 0.15407407407407392, 0.9977777777777778], "class": 1}