{"image": "521d5e42-07fc-11ef-b710-64d2c4ecd148.jpg", "bboxes": [0.6309764309764304, 0.34484848484848474, 0.9977777777777778, 0.9977777777777778], "class": 1}