{"image": "5273e668-07fc-11ef-b710-64d2c4ecd148.jpg", "bboxes": [0.11979797979798001, 0.23737373737373746, 0.8369696969696969, 0.9977777777777778], "class": 1}