{"image": "5273e668-07fc-11ef-b710-64d2c4ecd148.jpg", "bboxes": [0.0, 0.09218855218855224, 0.24464646464646447, 1.0], "class": 1}