{"image": "5273e668-07fc-11ef-b710-64d2c4ecd148.jpg", "bboxes": [0.0, 0.1595286195286194, 0.41360269360269386, 0.9977777777777778], "class": 1}