{"image": "5273e668-07fc-11ef-b710-64d2c4ecd148.jpg", "bboxes": [0.5620202020202022, 0.32404040404040413, 0.9977777777777778, 0.9977777777777778], "class": 1}