{"image": "5273e668-07fc-11ef-b710-64d2c4ecd148.jpg", "bboxes": [0.6674747474747474, 0.0, 0.9977777777777778, 0.5915151515151514], "class": 1}