{"image": "5273e668-07fc-11ef-b710-64d2c4ecd148.jpg", "bboxes": [0.35535353535353553, 0.0, 0.9977777777777778, 0.6870707070707069], "class": 1}