{"image": "5273e668-07fc-11ef-b710-64d2c4ecd148.jpg", "bboxes": [0.1375757575757578, 0.0, 0.8547474747474747, 1.0], "class": 1}