{"image": "5273e668-07fc-11ef-b710-64d2c4ecd148.jpg", "bboxes": [0.6842424242424244, 0.0, 0.9977777777777778, 0.8981818181818181], "class": 1}