{"image": "5273e668-07fc-11ef-b710-64d2c4ecd148.jpg", "bboxes": [0.25979797979798, 0.0, 0.9769696969696969, 0.6781818181818181], "class": 1}