{"image": "5273e668-07fc-11ef-b710-64d2c4ecd148.jpg", "bboxes": [0.2264646464646467, 0.31292929292929306, 0.9436363636363636, 0.9977777777777778], "class": 1}