{"image": "5273e668-07fc-11ef-b710-64d2c4ecd148.jpg", "bboxes": [0.4308417508417506, 0.0, 0.9977777777777778, 0.664915824915825], "class": 1}