{"image": "5273e668-07fc-11ef-b710-64d2c4ecd148.jpg", "bboxes": [0.0022222222222222365, 0.421818181818182, 0.7125252525252525, 0.9977777777777778], "class": 1}