{"image": "5273e668-07fc-11ef-b710-64d2c4ecd148.jpg", "bboxes": [0.45090909090909115, 0.0, 0.9977777777777778, 0.6804040404040403], "class": 1}