{"image": "5273e668-07fc-11ef-b710-64d2c4ecd148.jpg", "bboxes": [0.0, 0.10848484848484863, 0.7068686868686866, 0.9977777777777778], "class": 1}