{"image": "5273e668-07fc-11ef-b710-64d2c4ecd148.jpg", "bboxes": [0.14989898989899, 0.0022222222222222365, 0.9977777777777778, 0.9977777777777778], "class": 1}