{"image": "5273e668-07fc-11ef-b710-64d2c4ecd148.jpg", "bboxes": [0.9175757575757577, 0.0, 0.9977777777777778, 0.8515151515151514], "class": 1}