{"image": "5273e668-07fc-11ef-b710-64d2c4ecd148.jpg", "bboxes": [0.44424242424242444, 0.32404040404040413, 1.0, 1.0], "class": 1}