{"image": "5273e668-07fc-11ef-b710-64d2c4ecd148.jpg", "bboxes": [0.09313131313131329, 0.1440404040404042, 0.8103030303030303, 1.0], "class": 1}