{"image": "5273e668-07fc-11ef-b710-64d2c4ecd148.jpg", "bboxes": [0.45979797979798, 0.0022222222222222365, 0.9977777777777778, 0.91003367003367], "class": 1}