{"image": "5273e668-07fc-11ef-b710-64d2c4ecd148.jpg", "bboxes": [0.6808080808080809, 0.0, 1.0, 0.6292929292929291], "class": 1}