{"image": "5273e668-07fc-11ef-b710-64d2c4ecd148.jpg", "bboxes": [0.0, 0.06983164983164991, 0.3736026936026939, 0.9977777777777778], "class": 1}