{"image": "5273e668-07fc-11ef-b710-64d2c4ecd148.jpg", "bboxes": [0.6375757575757577, 0.0, 1.0, 0.827070707070707], "class": 1}