{"image": "5273e668-07fc-11ef-b710-64d2c4ecd148.jpg", "bboxes": [0.09414141414141416, 0.1707070707070708, 0.8113131313131311, 1.0], "class": 1}