{"image": "5273e668-07fc-11ef-b710-64d2c4ecd148.jpg", "bboxes": [0.4541414141414142, 0.048484848484848575, 1.0, 1.0], "class": 1}