{"image": "5273e668-07fc-11ef-b710-64d2c4ecd148.jpg", "bboxes": [0.0, 0.06552188552188556, 0.061414141414141366, 1.0], "class": 1}