{"image": "5273e668-07fc-11ef-b710-64d2c4ecd148.jpg", "bboxes": [0.19191919191919193, 0.12848484848484865, 0.909090909090909, 1.0], "class": 1}