{"image": "5273e668-07fc-11ef-b710-64d2c4ecd148.jpg", "bboxes": [0.8086868686868689, 0.392929292929293, 0.9977777777777778, 0.9977777777777778], "class": 1}