{"image": "5273e668-07fc-11ef-b710-64d2c4ecd148.jpg", "bboxes": [0.0, 0.13070707070707077, 0.3313131313131311, 1.0], "class": 1}