{"image": "5273e668-07fc-11ef-b710-64d2c4ecd148.jpg", "bboxes": [0.023030303030303054, 0.05070707070707081, 0.74020202020202, 1.0], "class": 1}