{"image": "5273e668-07fc-11ef-b710-64d2c4ecd148.jpg", "bboxes": [0.2385858585858586, 0.0, 0.9557575757575756, 0.7426262626262625], "class": 1}