{"image": "5273e668-07fc-11ef-b710-64d2c4ecd148.jpg", "bboxes": [0.8452525252525253, 0.0, 1.0, 0.8181818181818181], "class": 1}