{"image": "5273e668-07fc-11ef-b710-64d2c4ecd148.jpg", "bboxes": [0.8664646464646466, 0.22404040404040415, 1.0, 1.0], "class": 1}