{"image": "5273e668-07fc-11ef-b710-64d2c4ecd148.jpg", "bboxes": [0.7896969696969697, 0.00774410774410779, 1.0, 1.0], "class": 1}