{"image": "5273e668-07fc-11ef-b710-64d2c4ecd148.jpg", "bboxes": [0.5230303030303031, 0.07959595959595966, 0.9977777777777778, 0.9977777777777778], "class": 1}