{"image": "5273e668-07fc-11ef-b710-64d2c4ecd148.jpg", "bboxes": [0.0, 0.06329966329966334, 0.026868686868686684, 0.9977777777777778], "class": 1}