{"image": "5273e668-07fc-11ef-b710-64d2c4ecd148.jpg", "bboxes": [0.6020202020202021, 0.11292929292929299, 0.9977777777777778, 0.9977777777777778], "class": 1}