{"image": "5273e668-07fc-11ef-b710-64d2c4ecd148.jpg", "bboxes": [0.9163636363636364, 0.0, 1.0, 0.8492929292929292], "class": 1}