{"image": "5273e668-07fc-11ef-b710-64d2c4ecd148.jpg", "bboxes": [0.8553535353535355, 0.26848484848484855, 1.0, 1.0], "class": 1}