{"image": "5273e668-07fc-11ef-b710-64d2c4ecd148.jpg", "bboxes": [0.0022222222222222365, 0.235084175084175, 0.3612121212121211, 0.9977777777777778], "class": 1}