{"image": "5273e668-07fc-11ef-b710-64d2c4ecd148.jpg", "bboxes": [0.4197979797979799, 0.31959595959595966, 0.9977777777777778, 0.9977777777777778], "class": 1}