{"image": "5273e668-07fc-11ef-b710-64d2c4ecd148.jpg", "bboxes": [0.5232323232323233, 0.0022222222222222365, 0.9977777777777778, 0.9212794612794613], "class": 1}