{"image": "5273e668-07fc-11ef-b710-64d2c4ecd148.jpg", "bboxes": [0.0022222222222222365, 0.10760942760942768, 0.6234343434343433, 0.9977777777777778], "class": 1}