{"image": "5273e668-07fc-11ef-b710-64d2c4ecd148.jpg", "bboxes": [0.8286868686868689, 0.3595959595959597, 1.0, 1.0], "class": 1}