{"image": "5273e668-07fc-11ef-b710-64d2c4ecd148.jpg", "bboxes": [0.0, 0.12181818181818194, 0.58020202020202, 1.0], "class": 1}