{"image": "5273e668-07fc-11ef-b710-64d2c4ecd148.jpg", "bboxes": [0.07090909090909114, 0.0, 0.788080808080808, 0.7137373737373737], "class": 1}