{"image": "5273e668-07fc-11ef-b710-64d2c4ecd148.jpg", "bboxes": [0.5563636363636364, 0.0, 1.0, 0.9944781144781144], "class": 1}