{"image": "5273e668-07fc-11ef-b710-64d2c4ecd148.jpg", "bboxes": [0.5819528619528617, 0.09649831649831657, 0.9977777777777778, 0.9977777777777778], "class": 1}