{"image": "5273e668-07fc-11ef-b710-64d2c4ecd148.jpg", "bboxes": [0.0, 0.25515151515151524, 0.6357575757575755, 0.9977777777777778], "class": 1}