{"image": "5273e668-07fc-11ef-b710-64d2c4ecd148.jpg", "bboxes": [0.0, 0.10552188552188557, 0.031313131313131126, 1.0], "class": 1}