{"image": "5273e668-07fc-11ef-b710-64d2c4ecd148.jpg", "bboxes": [0.6242424242424244, 0.13959595959595972, 0.9977777777777778, 0.9977777777777778], "class": 1}