{"image": "5273e668-07fc-11ef-b710-64d2c4ecd148.jpg", "bboxes": [0.7052525252525252, 0.0, 0.9977777777777778, 0.8226262626262625], "class": 1}