{"image": "5273e668-07fc-11ef-b710-64d2c4ecd148.jpg", "bboxes": [0.3353535353535355, 0.0, 1.0, 0.8937373737373736], "class": 1}