{"image": "5273e668-07fc-11ef-b710-64d2c4ecd148.jpg", "bboxes": [0.6908417508417506, 0.0, 0.9977777777777778, 0.6693602693602695], "class": 1}