{"image": "52caba88-07fc-11ef-b710-64d2c4ecd148.jpg", "bboxes": [0.0, 0.38303030303030305, 0.504848484848485, 1.0], "class": 1}