{"image": "52caba88-07fc-11ef-b710-64d2c4ecd148.jpg", "bboxes": [0.4862626262626262, 0.0, 0.9977777777777778, 0.8947474747474747], "class": 1}