{"image": "52caba88-07fc-11ef-b710-64d2c4ecd148.jpg", "bboxes": [0.0022222222222222365, 0.0, 0.40855218855218856, 0.9036363636363636], "class": 1}