{"image": "52caba88-07fc-11ef-b710-64d2c4ecd148.jpg", "bboxes": [0.4936700336700336, 0.0, 0.9977777777777778, 0.988080808080808], "class": 1}