{"image": "52caba88-07fc-11ef-b710-64d2c4ecd148.jpg", "bboxes": [0.3484848484848484, 0.251919191919192, 1.0, 1.0], "class": 1}