{"image": "52caba88-07fc-11ef-b710-64d2c4ecd148.jpg", "bboxes": [0.0, 0.24747474747474754, 0.19818181818181832, 0.9977777777777778], "class": 1}