{"image": "52caba88-07fc-11ef-b710-64d2c4ecd148.jpg", "bboxes": [0.0, 0.21636363636363642, 0.5937373737373739, 1.0], "class": 1}