{"image": "52caba88-07fc-11ef-b710-64d2c4ecd148.jpg", "bboxes": [0.0, 0.17414141414141415, 0.15299663299663302, 1.0], "class": 1}