{"image": "52caba88-07fc-11ef-b710-64d2c4ecd148.jpg", "bboxes": [0.14181818181818173, 0.08747474747474748, 0.9263299663299663, 0.9977777777777778], "class": 1}