{"image": "52caba88-07fc-11ef-b710-64d2c4ecd148.jpg", "bboxes": [0.955151515151515, 0.0022222222222222365, 0.9977777777777778, 0.990976430976431], "class": 1}