{"image": "52caba88-07fc-11ef-b710-64d2c4ecd148.jpg", "bboxes": [0.0022222222222222365, 0.2785858585858586, 0.6085521885521886, 0.9977777777777778], "class": 1}