{"image": "52caba88-07fc-11ef-b710-64d2c4ecd148.jpg", "bboxes": [0.6767003367003368, 0.0, 0.9977777777777778, 0.8247811447811447], "class": 1}