{"image": "52caba88-07fc-11ef-b710-64d2c4ecd148.jpg", "bboxes": [0.34525252525252503, 0.0, 0.9977777777777778, 0.718114478114478], "class": 1}