{"image": "52caba88-07fc-11ef-b710-64d2c4ecd148.jpg", "bboxes": [0.5418181818181818, 0.0, 0.9977777777777778, 0.6991919191919191], "class": 1}