{"image": "52caba88-07fc-11ef-b710-64d2c4ecd148.jpg", "bboxes": [0.5025589225589225, 0.23858585858585857, 0.9977777777777778, 0.9977777777777778], "class": 1}