{"image": "52caba88-07fc-11ef-b710-64d2c4ecd148.jpg", "bboxes": [0.6270033670033669, 0.0, 0.9977777777777778, 0.5658585858585858], "class": 1}