{"image": "52caba88-07fc-11ef-b710-64d2c4ecd148.jpg", "bboxes": [0.0, 0.28080808080808084, 0.08262626262626277, 0.9977777777777778], "class": 1}