{"image": "52caba88-07fc-11ef-b710-64d2c4ecd148.jpg", "bboxes": [0.4425589225589225, 0.0, 0.9977777777777778, 0.5791919191919191], "class": 1}