{"image": "52caba88-07fc-11ef-b710-64d2c4ecd148.jpg", "bboxes": [0.0, 0.10525252525252526, 0.10040404040404054, 1.0], "class": 1}