{"image": "52caba88-07fc-11ef-b710-64d2c4ecd148.jpg", "bboxes": [0.0, 0.23636363636363633, 0.04262626262626276, 1.0], "class": 1}