{"image": "52caba88-07fc-11ef-b710-64d2c4ecd148.jpg", "bboxes": [0.0, 0.2608080808080808, 0.552996632996633, 1.0], "class": 1}