{"image": "52caba88-07fc-11ef-b710-64d2c4ecd148.jpg", "bboxes": [0.8773737373737373, 0.0, 0.9977777777777778, 0.6747474747474748], "class": 1}