{"image": "52caba88-07fc-11ef-b710-64d2c4ecd148.jpg", "bboxes": [0.0, 0.10235690235690242, 0.2070707070707072, 1.0], "class": 1}