{"image": "52caba88-07fc-11ef-b710-64d2c4ecd148.jpg", "bboxes": [0.0, 0.42747474747474745, 0.06929292929292943, 1.0], "class": 1}