{"image": "52caba88-07fc-11ef-b710-64d2c4ecd148.jpg", "bboxes": [0.644040404040404, 0.0, 1.0, 0.8976430976430976], "class": 1}