{"image": "52caba88-07fc-11ef-b710-64d2c4ecd148.jpg", "bboxes": [0.5447811447811447, 0.21191919191919195, 1.0, 1.0], "class": 1}