{"image": "52caba88-07fc-11ef-b710-64d2c4ecd148.jpg", "bboxes": [0.09447811447811458, 0.0022222222222222365, 0.8991919191919194, 0.9473400673400673], "class": 1}