{"image": "52caba88-07fc-11ef-b710-64d2c4ecd148.jpg", "bboxes": [0.0, 0.1763636363636364, 0.32707070707070723, 1.0], "class": 1}