{"image": "52caba88-07fc-11ef-b710-64d2c4ecd148.jpg", "bboxes": [0.2625589225589225, 0.0, 1.0, 0.9503030303030303], "class": 1}