{"image": "52caba88-07fc-11ef-b710-64d2c4ecd148.jpg", "bboxes": [0.27589225589225586, 0.1401346801346802, 1.0, 1.0], "class": 1}