{"image": "52caba88-07fc-11ef-b710-64d2c4ecd148.jpg", "bboxes": [0.06181818181818166, 0.0, 0.8463299663299664, 0.8369696969696969], "class": 1}