{"image": "52caba88-07fc-11ef-b710-64d2c4ecd148.jpg", "bboxes": [0.0, 0.05346801346801353, 0.5070707070707072, 0.9977777777777778], "class": 1}