{"image": "52caba88-07fc-11ef-b710-64d2c4ecd148.jpg", "bboxes": [0.04303030303030275, 0.40632996632996643, 0.8477441077441077, 0.9977777777777778], "class": 1}