{"image": "52caba88-07fc-11ef-b710-64d2c4ecd148.jpg", "bboxes": [0.0, 0.3030303030303031, 0.48410774410774415, 1.0], "class": 1}