{"image": "52caba88-07fc-11ef-b710-64d2c4ecd148.jpg", "bboxes": [0.8522558922558924, 0.0, 0.9977777777777778, 0.8981144781144781], "class": 1}