{"image": "52caba88-07fc-11ef-b710-64d2c4ecd148.jpg", "bboxes": [0.0195959595959595, 0.28080808080808084, 0.8041077441077442, 0.9977777777777778], "class": 1}