{"image": "52caba88-07fc-11ef-b710-64d2c4ecd148.jpg", "bboxes": [0.38700336700336696, 0.011245791245791312, 1.0, 1.0], "class": 1}