{"image": "52caba88-07fc-11ef-b710-64d2c4ecd148.jpg", "bboxes": [0.0, 0.4363636363636364, 0.4026262626262628, 0.9977777777777778], "class": 1}