{"image": "52caba88-07fc-11ef-b710-64d2c4ecd148.jpg", "bboxes": [0.10969696969696952, 0.0, 0.9144107744107743, 0.9977777777777778], "class": 1}