{"image": "52caba88-07fc-11ef-b710-64d2c4ecd148.jpg", "bboxes": [0.7395959595959595, 0.0, 0.9977777777777778, 0.7125252525252525], "class": 1}