{"image": "52caba88-07fc-11ef-b710-64d2c4ecd148.jpg", "bboxes": [0.0022222222222222365, 0.24969696969696975, 0.15966329966329973, 0.9977777777777778], "class": 1}