{"image": "52caba88-07fc-11ef-b710-64d2c4ecd148.jpg", "bboxes": [0.18114478114478125, 0.0, 0.9858585858585861, 0.7825589225589225], "class": 1}