{"image": "52caba88-07fc-11ef-b710-64d2c4ecd148.jpg", "bboxes": [0.3173737373737372, 0.22303030303030302, 0.9977777777777778, 0.9977777777777778], "class": 1}