{"image": "52caba88-07fc-11ef-b710-64d2c4ecd148.jpg", "bboxes": [0.4425589225589225, 0.0, 1.0, 0.7214141414141414], "class": 1}