{"image": "52caba88-07fc-11ef-b710-64d2c4ecd148.jpg", "bboxes": [0.0022222222222222365, 0.3941414141414141, 0.4685521885521886, 0.9977777777777778], "class": 1}