{"image": "52caba88-07fc-11ef-b710-64d2c4ecd148.jpg", "bboxes": [0.0, 0.09744107744107743, 0.4080808080808083, 0.9977777777777778], "class": 1}