{"image": "52caba88-07fc-11ef-b710-64d2c4ecd148.jpg", "bboxes": [0.07589225589225584, 0.0, 0.8604040404040405, 0.5836363636363636], "class": 1}