{"image": "52caba88-07fc-11ef-b710-64d2c4ecd148.jpg", "bboxes": [0.655151515151515, 0.0, 0.9977777777777778, 0.6414141414141414], "class": 1}