{"image": "52caba88-07fc-11ef-b710-64d2c4ecd148.jpg", "bboxes": [0.7284848484848484, 0.04457912457912465, 0.9977777777777778, 0.9977777777777778], "class": 1}