{"image": "52caba88-07fc-11ef-b710-64d2c4ecd148.jpg", "bboxes": [0.9225589225589225, 0.04902356902356909, 0.9977777777777778, 0.9977777777777778], "class": 1}