{"image": "52caba88-07fc-11ef-b710-64d2c4ecd148.jpg", "bboxes": [0.05589225589225584, 0.11191919191919197, 0.8404040404040405, 0.9977777777777778], "class": 1}