{"image": "52caba88-07fc-11ef-b710-64d2c4ecd148.jpg", "bboxes": [0.46033670033670027, 0.0, 1.0, 0.8258585858585858], "class": 1}