{"image": "52caba88-07fc-11ef-b710-64d2c4ecd148.jpg", "bboxes": [0.7795959595959594, 0.04747474747474745, 1.0, 1.0], "class": 1}