{"image": "52caba88-07fc-11ef-b710-64d2c4ecd148.jpg", "bboxes": [0.5462626262626261, 0.2008080808080809, 0.9977777777777778, 0.9977777777777778], "class": 1}