{"image": "52caba88-07fc-11ef-b710-64d2c4ecd148.jpg", "bboxes": [0.11292929292929277, 0.0, 0.8974410774410775, 0.7058585858585859], "class": 1}