{"image": "52caba88-07fc-11ef-b710-64d2c4ecd148.jpg", "bboxes": [0.6529292929292928, 0.0, 1.0, 0.7725252525252525], "class": 1}