{"image": "52caba88-07fc-11ef-b710-64d2c4ecd148.jpg", "bboxes": [0.0, 0.11858585858585857, 0.30262626262626274, 0.9977777777777778], "class": 1}