{"image": "5320e0de-07fc-11ef-b710-64d2c4ecd148.jpg", "bboxes": [0.7352861952861951, 0.15973063973063972, 1.0, 1.0], "class": 1}