{"image": "5320e0de-07fc-11ef-b710-64d2c4ecd148.jpg", "bboxes": [0.7983838383838386, 0.36417508417508415, 0.9977777777777778, 0.9977777777777778], "class": 1}