{"image": "5320e0de-07fc-11ef-b710-64d2c4ecd148.jpg", "bboxes": [0.9239057239057239, 0.0, 0.9977777777777778, 0.9259259259259258], "class": 1}