{"image": "5320e0de-07fc-11ef-b710-64d2c4ecd148.jpg", "bboxes": [0.27501683501683505, 0.3096296296296297, 0.9977777777777778, 0.9977777777777778], "class": 1}