{"image": "5320e0de-07fc-11ef-b710-64d2c4ecd148.jpg", "bboxes": [0.33838383838383856, 0.11306397306397309, 0.9977777777777778, 0.9977777777777778], "class": 1}