{"image": "5320e0de-07fc-11ef-b710-64d2c4ecd148.jpg", "bboxes": [0.5997306397306394, 0.09979797979797986, 1.0, 1.0], "class": 1}