{"image": "5320e0de-07fc-11ef-b710-64d2c4ecd148.jpg", "bboxes": [0.0, 0.0, 0.29164983164983166, 0.9925925925925925], "class": 1}