{"image": "5320e0de-07fc-11ef-b710-64d2c4ecd148.jpg", "bboxes": [0.09946127946127947, 0.0022222222222222365, 0.931111111111111, 0.937037037037037], "class": 1}