{"image": "5320e0de-07fc-11ef-b710-64d2c4ecd148.jpg", "bboxes": [0.1086195286195284, 0.07084175084175082, 0.8527272727272726, 1.0], "class": 1}