{"image": "5320e0de-07fc-11ef-b710-64d2c4ecd148.jpg", "bboxes": [0.7583838383838386, 0.16195286195286196, 1.0, 1.0], "class": 1}