{"image": "5320e0de-07fc-11ef-b710-64d2c4ecd148.jpg", "bboxes": [0.7311111111111113, 0.12962962962962976, 0.9977777777777778, 0.9977777777777778], "class": 1}