{"image": "5320e0de-07fc-11ef-b710-64d2c4ecd148.jpg", "bboxes": [0.0, 0.2552861952861952, 0.5869360269360272, 1.0], "class": 1}