{"image": "5320e0de-07fc-11ef-b710-64d2c4ecd148.jpg", "bboxes": [0.6800000000000002, 0.04518518518518522, 0.9977777777777778, 0.9977777777777778], "class": 1}