{"image": "5320e0de-07fc-11ef-b710-64d2c4ecd148.jpg", "bboxes": [0.9466666666666668, 0.08296296296296304, 0.9977777777777778, 0.9977777777777778], "class": 1}