{"image": "5320e0de-07fc-11ef-b710-64d2c4ecd148.jpg", "bboxes": [0.6663973063973061, 0.035286195286195254, 1.0, 1.0], "class": 1}