{"image": "5320e0de-07fc-11ef-b710-64d2c4ecd148.jpg", "bboxes": [0.3039057239057239, 0.0, 0.9977777777777778, 0.9392592592592591], "class": 1}