{"image": "5320e0de-07fc-11ef-b710-64d2c4ecd148.jpg", "bboxes": [0.971717171717172, 0.0, 0.9977777777777778, 0.6891582491582492], "class": 1}