{"image": "5320e0de-07fc-11ef-b710-64d2c4ecd148.jpg", "bboxes": [0.0, 0.1385185185185186, 0.5894276094276094, 0.9977777777777778], "class": 1}