{"image": "5320e0de-07fc-11ef-b710-64d2c4ecd148.jpg", "bboxes": [0.9086195286195283, 0.15528619528619525, 0.9977777777777778, 0.9977777777777778], "class": 1}