{"image": "5320e0de-07fc-11ef-b710-64d2c4ecd148.jpg", "bboxes": [0.8105723905723906, 0.0, 0.9977777777777778, 0.9977777777777778], "class": 1}