{"image": "5320e0de-07fc-11ef-b710-64d2c4ecd148.jpg", "bboxes": [0.0, 0.41528619528619526, 0.01050505050505035, 1.0], "class": 1}