{"image": "5320e0de-07fc-11ef-b710-64d2c4ecd148.jpg", "bboxes": [0.6444444444444446, 0.0, 0.9977777777777778, 0.6637037037037036], "class": 1}