{"image": "5320e0de-07fc-11ef-b710-64d2c4ecd148.jpg", "bboxes": [0.7250505050505053, 0.0, 1.0, 0.9358249158249158], "class": 1}