{"image": "5320e0de-07fc-11ef-b710-64d2c4ecd148.jpg", "bboxes": [0.44666666666666677, 0.0022222222222222365, 0.9977777777777778, 0.9948148148148147], "class": 1}