{"image": "5320e0de-07fc-11ef-b710-64d2c4ecd148.jpg", "bboxes": [0.6961616161616163, 0.33750841750841754, 1.0, 1.0], "class": 1}