{"image": "5320e0de-07fc-11ef-b710-64d2c4ecd148.jpg", "bboxes": [0.23171717171717193, 0.035286195286195254, 0.975824915824916, 1.0], "class": 1}