{"image": "5320e0de-07fc-11ef-b710-64d2c4ecd148.jpg", "bboxes": [0.675286195286195, 0.0, 1.0, 0.818047138047138], "class": 1}