{"image": "5320e0de-07fc-11ef-b710-64d2c4ecd148.jpg", "bboxes": [0.06888888888888901, 0.0022222222222222365, 0.9005387205387205, 0.9977777777777778], "class": 1}