{"image": "5320e0de-07fc-11ef-b710-64d2c4ecd148.jpg", "bboxes": [0.0, 0.0022222222222222365, 0.05138047138047164, 0.9846464646464645], "class": 1}