{"image": "5320e0de-07fc-11ef-b710-64d2c4ecd148.jpg", "bboxes": [0.0, 0.26195286195286194, 0.026060606060605895, 1.0], "class": 1}