{"image": "5320e0de-07fc-11ef-b710-64d2c4ecd148.jpg", "bboxes": [0.6494949494949497, 0.0, 1.0, 0.9935353535353535], "class": 1}