{"image": "5320e0de-07fc-11ef-b710-64d2c4ecd148.jpg", "bboxes": [0.29528619528619504, 0.0, 0.9977777777777778, 0.7491582491582491], "class": 1}