{"image": "5320e0de-07fc-11ef-b710-64d2c4ecd148.jpg", "bboxes": [0.10444444444444458, 0.2585185185185186, 0.9360942760942761, 0.9977777777777778], "class": 1}