{"image": "5320e0de-07fc-11ef-b710-64d2c4ecd148.jpg", "bboxes": [0.2761616161616164, 0.07750841750841753, 1.0, 1.0], "class": 1}