{"image": "5320e0de-07fc-11ef-b710-64d2c4ecd148.jpg", "bboxes": [0.5041750841750838, 0.0, 0.9977777777777778, 0.9624915824915825], "class": 1}