{"image": "5320e0de-07fc-11ef-b710-64d2c4ecd148.jpg", "bboxes": [0.0, 0.06861952861952858, 0.27717171717171696, 1.0], "class": 1}