{"image": "5320e0de-07fc-11ef-b710-64d2c4ecd148.jpg", "bboxes": [0.5228282828282831, 0.057575757575757634, 0.9977777777777778, 0.9977777777777778], "class": 1}