{"image": "5320e0de-07fc-11ef-b710-64d2c4ecd148.jpg", "bboxes": [0.0, 0.03313131313131319, 0.23050505050505032, 1.0], "class": 1}