{"image": "5320e0de-07fc-11ef-b710-64d2c4ecd148.jpg", "bboxes": [0.5739393939393942, 0.0, 1.0, 0.7002693602693603], "class": 1}