{"image": "5320e0de-07fc-11ef-b710-64d2c4ecd148.jpg", "bboxes": [0.7930639730639728, 0.0, 0.9977777777777778, 0.5936026936026936], "class": 1}