{"image": "5320e0de-07fc-11ef-b710-64d2c4ecd148.jpg", "bboxes": [0.0, 0.3041750841750842, 0.2536026936026939, 1.0], "class": 1}