{"image": "5320e0de-07fc-11ef-b710-64d2c4ecd148.jpg", "bboxes": [0.046666666666666794, 0.014074074074074126, 0.8783164983164984, 0.9977777777777778], "class": 1}