{"image": "5320e0de-07fc-11ef-b710-64d2c4ecd148.jpg", "bboxes": [0.013333333333333459, 0.0, 0.844983164983165, 0.8481481481481481], "class": 1}