{"image": "5320e0de-07fc-11ef-b710-64d2c4ecd148.jpg", "bboxes": [0.1783838383838386, 0.4241750841750842, 0.9224915824915828, 1.0], "class": 1}