{"image": "5320e0de-07fc-11ef-b710-64d2c4ecd148.jpg", "bboxes": [0.3686195286195284, 0.0, 0.9977777777777778, 0.8336026936026936], "class": 1}