{"image": "5320e0de-07fc-11ef-b710-64d2c4ecd148.jpg", "bboxes": [0.0022222222222222365, 0.3585185185185185, 0.039999999999999925, 0.9977777777777778], "class": 1}