{"image": "5320e0de-07fc-11ef-b710-64d2c4ecd148.jpg", "bboxes": [0.0022222222222222365, 0.43084175084175086, 0.22161616161616138, 0.9977777777777778], "class": 1}