{"image": "5320e0de-07fc-11ef-b710-64d2c4ecd148.jpg", "bboxes": [0.0022222222222222365, 0.08202020202020208, 0.548282828282828, 0.9977777777777778], "class": 1}