{"image": "5320e0de-07fc-11ef-b710-64d2c4ecd148.jpg", "bboxes": [0.5730639730639728, 0.0, 1.0, 0.7358249158249158], "class": 1}