{"image": "5320e0de-07fc-11ef-b710-64d2c4ecd148.jpg", "bboxes": [0.15616161616161636, 0.0, 0.9002693602693606, 0.7713804713804714], "class": 1}