{"image": "5320e0de-07fc-11ef-b710-64d2c4ecd148.jpg", "bboxes": [0.7619528619528617, 0.0, 0.9977777777777778, 0.9847138047138048], "class": 1}