{"image": "5320e0de-07fc-11ef-b710-64d2c4ecd148.jpg", "bboxes": [0.0, 0.2962962962962964, 0.12053872053872056, 0.9977777777777778], "class": 1}