{"image": "5320e0de-07fc-11ef-b710-64d2c4ecd148.jpg", "bboxes": [0.41528619528619504, 0.05313131313131319, 0.9977777777777778, 0.9977777777777778], "class": 1}