{"image": "5320e0de-07fc-11ef-b710-64d2c4ecd148.jpg", "bboxes": [0.6130639730639728, 0.0, 0.9977777777777778, 0.6380471380471381], "class": 1}