{"image": "53772dae-07fc-11ef-b710-64d2c4ecd148.jpg", "bboxes": [0.8888888888888891, 0.05750841750841751, 0.9977777777777778, 0.9977777777777778], "class": 1}