{"image": "53772dae-07fc-11ef-b710-64d2c4ecd148.jpg", "bboxes": [0.38531986531986506, 0.41528619528619526, 1.0, 1.0], "class": 1}