{"image": "53772dae-07fc-11ef-b710-64d2c4ecd148.jpg", "bboxes": [0.5377777777777779, 0.27528619528619525, 0.9977777777777778, 0.9977777777777778], "class": 1}