{"image": "53772dae-07fc-11ef-b710-64d2c4ecd148.jpg", "bboxes": [0.3977777777777779, 0.0, 0.9977777777777778, 0.7358249158249158], "class": 1}