{"image": "53772dae-07fc-11ef-b710-64d2c4ecd148.jpg", "bboxes": [0.1177777777777779, 0.3419528619528619, 0.9191245791245795, 1.0], "class": 1}