{"image": "53772dae-07fc-11ef-b710-64d2c4ecd148.jpg", "bboxes": [0.0, 0.006531986531986591, 0.6302356902356905, 0.9977777777777778], "class": 1}