{"image": "53772dae-07fc-11ef-b710-64d2c4ecd148.jpg", "bboxes": [0.545319865319865, 0.0, 1.0, 0.9223569023569023], "class": 1}