{"image": "53772dae-07fc-11ef-b710-64d2c4ecd148.jpg", "bboxes": [0.1066666666666668, 0.03750841750841749, 0.9080134680134683, 1.0], "class": 1}