{"image": "53772dae-07fc-11ef-b710-64d2c4ecd148.jpg", "bboxes": [0.0, 0.3797306397306397, 0.40801346801346833, 1.0], "class": 1}