{"image": "53772dae-07fc-11ef-b710-64d2c4ecd148.jpg", "bboxes": [0.10222222222222235, 0.201952861952862, 0.9035690235690239, 1.0], "class": 1}