{"image": "53772dae-07fc-11ef-b710-64d2c4ecd148.jpg", "bboxes": [0.7164309764309762, 0.0, 1.0, 0.9512457912457912], "class": 1}