{"image": "53772dae-07fc-11ef-b710-64d2c4ecd148.jpg", "bboxes": [0.26309764309764283, 0.0, 0.9977777777777778, 0.9869360269360269], "class": 1}