{"image": "53772dae-07fc-11ef-b710-64d2c4ecd148.jpg", "bboxes": [0.4586531986531983, 0.0022222222222222365, 0.9977777777777778, 0.9356902356902357], "class": 1}