{"image": "53772dae-07fc-11ef-b710-64d2c4ecd148.jpg", "bboxes": [0.0, 0.0, 0.7413468013468016, 0.6847138047138047], "class": 1}