{"image": "53772dae-07fc-11ef-b710-64d2c4ecd148.jpg", "bboxes": [0.6319865319865317, 0.0, 1.0, 0.9134680134680134], "class": 1}