{"image": "53772dae-07fc-11ef-b710-64d2c4ecd148.jpg", "bboxes": [0.0, 0.23084175084175085, 0.514680134680135, 1.0], "class": 1}