{"image": "53772dae-07fc-11ef-b710-64d2c4ecd148.jpg", "bboxes": [0.11111111111111124, 0.0, 0.9124579124579127, 0.9202693602693602], "class": 1}