{"image": "53772dae-07fc-11ef-b710-64d2c4ecd148.jpg", "bboxes": [0.4155555555555557, 0.0, 1.0, 0.8669360269360269], "class": 1}