{"image": "53772dae-07fc-11ef-b710-64d2c4ecd148.jpg", "bboxes": [0.5022222222222223, 0.3041750841750842, 0.9977777777777778, 0.9977777777777778], "class": 1}