{"image": "53772dae-07fc-11ef-b710-64d2c4ecd148.jpg", "bboxes": [0.39865319865319837, 0.16195286195286193, 0.9977777777777778, 0.9977777777777778], "class": 1}