{"image": "53772dae-07fc-11ef-b710-64d2c4ecd148.jpg", "bboxes": [0.0, 0.042087542087542146, 0.6102356902356906, 1.0], "class": 1}