{"image": "53772dae-07fc-11ef-b710-64d2c4ecd148.jpg", "bboxes": [0.9266666666666667, 0.1641750841750842, 1.0, 1.0], "class": 1}