{"image": "53772dae-07fc-11ef-b710-64d2c4ecd148.jpg", "bboxes": [0.0, 0.04861952861952856, 0.04444444444444429, 1.0], "class": 1}