{"image": "53772dae-07fc-11ef-b710-64d2c4ecd148.jpg", "bboxes": [0.6733333333333335, 0.0, 0.9977777777777778, 0.8647138047138048], "class": 1}