{"image": "53772dae-07fc-11ef-b710-64d2c4ecd148.jpg", "bboxes": [0.0022222222222222365, 0.13084175084175087, 0.7866666666666665, 0.9977777777777778], "class": 1}