{"image": "53772dae-07fc-11ef-b710-64d2c4ecd148.jpg", "bboxes": [0.8533333333333335, 0.08430976430976436, 1.0, 1.0], "class": 1}