{"image": "53772dae-07fc-11ef-b710-64d2c4ecd148.jpg", "bboxes": [0.07111111111111124, 0.2797306397306397, 0.8724579124579127, 1.0], "class": 1}