{"image": "53772dae-07fc-11ef-b710-64d2c4ecd148.jpg", "bboxes": [0.0022222222222222365, 0.21306397306397307, 0.6199999999999999, 0.9977777777777778], "class": 1}