{"image": "53772dae-07fc-11ef-b710-64d2c4ecd148.jpg", "bboxes": [0.0, 0.32639730639730635, 0.00356902356902386, 0.9977777777777778], "class": 1}