{"image": "53772dae-07fc-11ef-b710-64d2c4ecd148.jpg", "bboxes": [0.8733333333333334, 0.1176430976430977, 1.0, 1.0], "class": 1}