{"image": "53772dae-07fc-11ef-b710-64d2c4ecd148.jpg", "bboxes": [0.0, 0.42639730639730644, 0.0769023569023572, 1.0], "class": 1}