{"image": "53772dae-07fc-11ef-b710-64d2c4ecd148.jpg", "bboxes": [0.04444444444444457, 0.10195286195286192, 0.8457912457912461, 0.9977777777777778], "class": 1}