{"image": "53772dae-07fc-11ef-b710-64d2c4ecd148.jpg", "bboxes": [0.13198653198653165, 0.05319865319865326, 0.9333333333333332, 0.9977777777777778], "class": 1}