{"image": "53772dae-07fc-11ef-b710-64d2c4ecd148.jpg", "bboxes": [0.0, 0.4108417508417508, 0.10801346801346831, 1.0], "class": 1}