{"image": "53772dae-07fc-11ef-b710-64d2c4ecd148.jpg", "bboxes": [0.013333333333333459, 0.03750841750841749, 0.814680134680135, 1.0], "class": 1}