{"image": "53772dae-07fc-11ef-b710-64d2c4ecd148.jpg", "bboxes": [0.19333333333333347, 0.0, 0.9946801346801349, 0.966936026936027], "class": 1}