{"image": "53772dae-07fc-11ef-b710-64d2c4ecd148.jpg", "bboxes": [0.008888888888889016, 0.0, 0.8102356902356905, 0.6180471380471381], "class": 1}