{"image": "53772dae-07fc-11ef-b710-64d2c4ecd148.jpg", "bboxes": [0.6119865319865316, 0.1575084175084175, 1.0, 1.0], "class": 1}