{"image": "53772dae-07fc-11ef-b710-64d2c4ecd148.jpg", "bboxes": [0.2644444444444446, 0.10430976430976437, 1.0, 1.0], "class": 1}