{"image": "53772dae-07fc-11ef-b710-64d2c4ecd148.jpg", "bboxes": [0.07420875420875395, 0.3486195286195286, 0.8755555555555554, 0.9977777777777778], "class": 1}