{"image": "53772dae-07fc-11ef-b710-64d2c4ecd148.jpg", "bboxes": [0.4075420875420872, 0.0, 1.0, 0.7024915824915825], "class": 1}