{"image": "53772dae-07fc-11ef-b710-64d2c4ecd148.jpg", "bboxes": [0.0022222222222222365, 0.3197306397306397, 0.04222222222222205, 0.9977777777777778], "class": 1}