{"image": "53772dae-07fc-11ef-b710-64d2c4ecd148.jpg", "bboxes": [0.6942087542087539, 0.0, 0.9977777777777778, 0.8891582491582491], "class": 1}