{"image": "53ce7046-07fc-11ef-b710-64d2c4ecd148.jpg", "bboxes": [0.0, 0.0, 0.08734006734006723, 0.6934680134680133], "class": 1}