{"image": "53ce7046-07fc-11ef-b710-64d2c4ecd148.jpg", "bboxes": [0.46222222222222237, 0.042087542087542174, 1.0, 1.0], "class": 1}