{"image": "53ce7046-07fc-11ef-b710-64d2c4ecd148.jpg", "bboxes": [0.0, 0.042087542087542174, 0.16734006734006723, 1.0], "class": 1}