{"image": "53ce7046-07fc-11ef-b710-64d2c4ecd148.jpg", "bboxes": [0.08599326599326607, 0.0, 0.8199999999999998, 0.6579124579124578], "class": 1}