{"image": "53ce7046-07fc-11ef-b710-64d2c4ecd148.jpg", "bboxes": [0.0, 0.39986531986532003, 0.5806734006734006, 0.9977777777777778], "class": 1}