{"image": "53ce7046-07fc-11ef-b710-64d2c4ecd148.jpg", "bboxes": [0.7800000000000001, 0.10208754208754223, 1.0, 1.0], "class": 1}