{"image": "53ce7046-07fc-11ef-b710-64d2c4ecd148.jpg", "bboxes": [0.2377777777777779, 0.0, 0.9717845117845116, 0.9179797979797979], "class": 1}