{"image": "53ce7046-07fc-11ef-b710-64d2c4ecd148.jpg", "bboxes": [0.8934006734006733, 0.3088215488215489, 0.9977777777777778, 0.9977777777777778], "class": 1}