{"image": "53ce7046-07fc-11ef-b710-64d2c4ecd148.jpg", "bboxes": [0.9215488215488217, 0.0, 0.9977777777777778, 0.7979124579124578], "class": 1}