{"image": "53ce7046-07fc-11ef-b710-64d2c4ecd148.jpg", "bboxes": [0.0, 0.18659932659932665, 0.43771043771043777, 0.9977777777777778], "class": 1}