{"image": "53ce7046-07fc-11ef-b710-64d2c4ecd148.jpg", "bboxes": [0.5259932659932661, 0.0, 1.0, 0.6868013468013466], "class": 1}