{"image": "53ce7046-07fc-11ef-b710-64d2c4ecd148.jpg", "bboxes": [0.0, 0.1820875420875422, 0.5162289562289561, 0.9977777777777778], "class": 1}