{"image": "53ce7046-07fc-11ef-b710-64d2c4ecd148.jpg", "bboxes": [0.8422222222222223, 0.44430976430976443, 0.9977777777777778, 0.9977777777777778], "class": 1}