{"image": "53ce7046-07fc-11ef-b710-64d2c4ecd148.jpg", "bboxes": [0.32377104377104393, 0.0, 0.9977777777777778, 0.7134680134680134], "class": 1}