{"image": "53ce7046-07fc-11ef-b710-64d2c4ecd148.jpg", "bboxes": [0.7593265993265994, 0.0, 1.0, 0.6556902356902355], "class": 1}