{"image": "53ce7046-07fc-11ef-b710-64d2c4ecd148.jpg", "bboxes": [0.9428956228956229, 0.0, 0.9977777777777778, 0.7534006734006733], "class": 1}