{"image": "53ce7046-07fc-11ef-b710-64d2c4ecd148.jpg", "bboxes": [0.11488215488215503, 0.0, 0.8488888888888888, 0.8756902356902355], "class": 1}