{"image": "53ce7046-07fc-11ef-b710-64d2c4ecd148.jpg", "bboxes": [0.16154882154882166, 0.0, 0.8955555555555554, 0.9977777777777778], "class": 1}