{"image": "53ce7046-07fc-11ef-b710-64d2c4ecd148.jpg", "bboxes": [0.46377104377104383, 0.0, 0.9977777777777778, 0.9912457912457912], "class": 1}