{"image": "53ce7046-07fc-11ef-b710-64d2c4ecd148.jpg", "bboxes": [0.0, 0.3043097643097644, 0.5266666666666666, 1.0], "class": 1}