{"image": "53ce7046-07fc-11ef-b710-64d2c4ecd148.jpg", "bboxes": [0.0, 0.0, 0.41845117845117835, 0.7823569023569023], "class": 1}