{"image": "53ce7046-07fc-11ef-b710-64d2c4ecd148.jpg", "bboxes": [0.6873400673400674, 0.06713804713804722, 0.9977777777777778, 0.9977777777777778], "class": 1}