{"image": "53ce7046-07fc-11ef-b710-64d2c4ecd148.jpg", "bboxes": [0.0, 0.17319865319865335, 0.5473400673400672, 1.0], "class": 1}