{"image": "53ce7046-07fc-11ef-b710-64d2c4ecd148.jpg", "bboxes": [0.0, 0.0, 0.0006734006734005662, 0.7534680134680134], "class": 1}