{"image": "53ce7046-07fc-11ef-b710-64d2c4ecd148.jpg", "bboxes": [0.07333333333333346, 0.31097643097643113, 0.8073400673400672, 1.0], "class": 1}