{"image": "53ce7046-07fc-11ef-b710-64d2c4ecd148.jpg", "bboxes": [0.0, 0.41986531986531994, 0.3377777777777776, 1.0], "class": 1}