{"image": "53ce7046-07fc-11ef-b710-64d2c4ecd148.jpg", "bboxes": [0.31932659932659946, 0.053198653198653356, 0.9977777777777778, 0.9977777777777778], "class": 1}