{"image": "53ce7046-07fc-11ef-b710-64d2c4ecd148.jpg", "bboxes": [0.6326599326599327, 0.0, 1.0, 0.8112457912457911], "class": 1}