{"image": "53ce7046-07fc-11ef-b710-64d2c4ecd148.jpg", "bboxes": [0.754006734006734, 0.28215488215488227, 0.9977777777777778, 0.9977777777777778], "class": 1}