{"image": "53ce7046-07fc-11ef-b710-64d2c4ecd148.jpg", "bboxes": [0.0, 0.4109764309764311, 0.005117845117845011, 1.0], "class": 1}