{"image": "53ce7046-07fc-11ef-b710-64d2c4ecd148.jpg", "bboxes": [0.21043771043771053, 0.07757575757575763, 0.9444444444444443, 0.9977777777777778], "class": 1}