{"image": "53ce7046-07fc-11ef-b710-64d2c4ecd148.jpg", "bboxes": [0.10289562289562292, 0.26215488215488225, 0.9177104377104378, 0.9977777777777778], "class": 1}