{"image": "53ce7046-07fc-11ef-b710-64d2c4ecd148.jpg", "bboxes": [0.22821548821548832, 0.0, 0.9622222222222221, 0.9179124579124578], "class": 1}