{"image": "53ce7046-07fc-11ef-b710-64d2c4ecd148.jpg", "bboxes": [0.2155555555555557, 0.0, 0.9495622895622895, 0.949090909090909], "class": 1}