{"image": "53ce7046-07fc-11ef-b710-64d2c4ecd148.jpg", "bboxes": [0.35333333333333344, 0.21319865319865328, 1.0, 1.0], "class": 1}