{"image": "53ce7046-07fc-11ef-b710-64d2c4ecd148.jpg", "bboxes": [0.6393265993265994, 0.03757575757575763, 0.9977777777777778, 0.9977777777777778], "class": 1}