{"image": "53ce7046-07fc-11ef-b710-64d2c4ecd148.jpg", "bboxes": [0.4911111111111112, 0.36875420875420883, 1.0, 1.0], "class": 1}