{"image": "53ce7046-07fc-11ef-b710-64d2c4ecd148.jpg", "bboxes": [0.0, 0.4354208754208756, 0.5844444444444443, 1.0], "class": 1}