{"image": "53ce7046-07fc-11ef-b710-64d2c4ecd148.jpg", "bboxes": [0.0, 0.07319865319865337, 0.6073400673400672, 1.0], "class": 1}