{"image": "53ce7046-07fc-11ef-b710-64d2c4ecd148.jpg", "bboxes": [0.9955555555555556, 0.0, 1.0, 0.9356902356902356], "class": 1}