{"image": "53ce7046-07fc-11ef-b710-64d2c4ecd148.jpg", "bboxes": [0.7933333333333334, 0.0, 0.9977777777777778, 0.6179124579124577], "class": 1}