{"image": "53ce7046-07fc-11ef-b710-64d2c4ecd148.jpg", "bboxes": [0.0, 0.059865319865319955, 0.6228956228956228, 0.9977777777777778], "class": 1}