{"image": "53ce7046-07fc-11ef-b710-64d2c4ecd148.jpg", "bboxes": [0.0, 0.16215488215488216, 0.5621548821548822, 0.9977777777777778], "class": 1}