{"image": "53ce7046-07fc-11ef-b710-64d2c4ecd148.jpg", "bboxes": [0.9771043771043773, 0.03979797979797985, 0.9977777777777778, 0.9977777777777778], "class": 1}