{"image": "53ce7046-07fc-11ef-b710-64d2c4ecd148.jpg", "bboxes": [0.9400000000000002, 0.0, 0.9977777777777778, 0.6845791245791245], "class": 1}