{"image": "53ce7046-07fc-11ef-b710-64d2c4ecd148.jpg", "bboxes": [0.02154882154882165, 0.0022222222222222365, 0.7555555555555554, 0.9757575757575757], "class": 1}