{"image": "53ce7046-07fc-11ef-b710-64d2c4ecd148.jpg", "bboxes": [0.2637710437710439, 0.0, 0.9977777777777777, 0.8134680134680133], "class": 1}