{"image": "53ce7046-07fc-11ef-b710-64d2c4ecd148.jpg", "bboxes": [0.22444444444444456, 0.0022222222222222365, 0.9584511784511783, 0.977979797979798], "class": 1}