{"image": "54251bda-07fc-11ef-b710-64d2c4ecd148.jpg", "bboxes": [0.4534680134680136, 0.08457912457912475, 1.0, 1.0], "class": 1}