{"image": "54251bda-07fc-11ef-b710-64d2c4ecd148.jpg", "bboxes": [0.7059259259259261, 0.0, 1.0, 0.9846464646464645], "class": 1}