{"image": "54251bda-07fc-11ef-b710-64d2c4ecd148.jpg", "bboxes": [0.9392592592592595, 0.0623569023569025, 0.9977777777777778, 0.9977777777777778], "class": 1}