{"image": "54251bda-07fc-11ef-b710-64d2c4ecd148.jpg", "bboxes": [0.11346801346801359, 0.07346801346801357, 0.9518518518518517, 0.9977777777777778], "class": 1}