{"image": "54251bda-07fc-11ef-b710-64d2c4ecd148.jpg", "bboxes": [0.7645791245791247, 0.17569023569023579, 0.9977777777777778, 0.9977777777777778], "class": 1}