{"image": "54251bda-07fc-11ef-b710-64d2c4ecd148.jpg", "bboxes": [0.5325925925925927, 0.0, 0.9977777777777778, 0.9398653198653197], "class": 1}