{"image": "54251bda-07fc-11ef-b710-64d2c4ecd148.jpg", "bboxes": [0.2703703703703706, 0.0, 0.9977777777777778, 0.8576430976430975], "class": 1}