{"image": "54251bda-07fc-11ef-b710-64d2c4ecd148.jpg", "bboxes": [0.36902356902356914, 0.1823569023569025, 0.9977777777777778, 0.9977777777777778], "class": 1}