{"image": "54251bda-07fc-11ef-b710-64d2c4ecd148.jpg", "bboxes": [0.2845791245791247, 0.0, 1.0, 0.969090909090909], "class": 1}