{"image": "54251bda-07fc-11ef-b710-64d2c4ecd148.jpg", "bboxes": [0.11124579124579137, 0.0, 0.9496296296296295, 0.8154208754208753], "class": 1}