{"image": "54251bda-07fc-11ef-b710-64d2c4ecd148.jpg", "bboxes": [0.3903703703703706, 0.3401346801346803, 0.9977777777777778, 0.9977777777777778], "class": 1}