{"image": "54251bda-07fc-11ef-b710-64d2c4ecd148.jpg", "bboxes": [0.777912457912458, 0.20680134680134699, 0.9977777777777778, 0.9977777777777778], "class": 1}