{"image": "54251bda-07fc-11ef-b710-64d2c4ecd148.jpg", "bboxes": [0.6556902356902358, 0.0, 0.9977777777777778, 0.6398653198653197], "class": 1}