{"image": "54251bda-07fc-11ef-b710-64d2c4ecd148.jpg", "bboxes": [0.0, 0.09569023569023583, 0.6585185185185184, 1.0], "class": 1}