{"image": "54251bda-07fc-11ef-b710-64d2c4ecd148.jpg", "bboxes": [0.0, 0.08457912457912475, 0.005185185185185017, 0.9977777777777778], "class": 1}