{"image": "54251bda-07fc-11ef-b710-64d2c4ecd148.jpg", "bboxes": [0.0, 0.24235690235690244, 0.5198653198653198, 1.0], "class": 1}