{"image": "54251bda-07fc-11ef-b710-64d2c4ecd148.jpg", "bboxes": [0.0, 0.35791245791245807, 0.15185185185185168, 1.0], "class": 1}