{"image": "54251bda-07fc-11ef-b710-64d2c4ecd148.jpg", "bboxes": [0.6490235690235692, 0.0, 1.0, 0.9957575757575757], "class": 1}