{"image": "54251bda-07fc-11ef-b710-64d2c4ecd148.jpg", "bboxes": [0.9948148148148149, 0.0, 1.0, 0.7287542087542086], "class": 1}