{"image": "54251bda-07fc-11ef-b710-64d2c4ecd148.jpg", "bboxes": [0.0, 0.11791245791245808, 0.41542087542087525, 1.0], "class": 1}