{"image": "54251bda-07fc-11ef-b710-64d2c4ecd148.jpg", "bboxes": [0.0, 0.0022222222222222365, 0.5607407407407405, 0.9977777777777778], "class": 1}