{"image": "54251bda-07fc-11ef-b710-64d2c4ecd148.jpg", "bboxes": [0.046801346801346934, 0.0, 0.885185185185185, 0.9198653198653197], "class": 1}