{"image": "54251bda-07fc-11ef-b710-64d2c4ecd148.jpg", "bboxes": [0.14902356902356914, 0.3534680134680136, 0.9874074074074073, 0.9977777777777778], "class": 1}