{"image": "54251bda-07fc-11ef-b710-64d2c4ecd148.jpg", "bboxes": [0.49703703703703717, 0.0, 1.0, 0.9043097643097642], "class": 1}