{"image": "54251bda-07fc-11ef-b710-64d2c4ecd148.jpg", "bboxes": [0.6268013468013469, 0.1690235690235692, 0.9977777777777778, 0.9977777777777778], "class": 1}