{"image": "54251bda-07fc-11ef-b710-64d2c4ecd148.jpg", "bboxes": [0.6801346801346803, 0.06868686868686874, 1.0, 1.0], "class": 1}