{"image": "54251bda-07fc-11ef-b710-64d2c4ecd148.jpg", "bboxes": [0.36013468013468025, 0.0, 1.0, 0.7820875420875419], "class": 1}