{"image": "54251bda-07fc-11ef-b710-64d2c4ecd148.jpg", "bboxes": [0.0022222222222222365, 0.0, 0.23097643097643084, 0.7620875420875419], "class": 1}