{"image": "54251bda-07fc-11ef-b710-64d2c4ecd148.jpg", "bboxes": [0.0, 0.09757575757575764, 0.46962962962962945, 0.9977777777777778], "class": 1}