{"image": "54251bda-07fc-11ef-b710-64d2c4ecd148.jpg", "bboxes": [0.9637037037037038, 0.0, 1.0, 0.8443097643097642], "class": 1}