{"image": "54251bda-07fc-11ef-b710-64d2c4ecd148.jpg", "bboxes": [0.0022222222222222365, 0.0, 0.32653198653198645, 0.8176430976430975], "class": 1}