{"image": "54251bda-07fc-11ef-b710-64d2c4ecd148.jpg", "bboxes": [0.0, 0.36457912457912467, 0.21851851851851836, 1.0], "class": 1}