{"image": "54251bda-07fc-11ef-b710-64d2c4ecd148.jpg", "bboxes": [0.0, 0.12235690235690244, 0.4229629629629628, 0.9977777777777778], "class": 1}