{"image": "54251bda-07fc-11ef-b710-64d2c4ecd148.jpg", "bboxes": [0.7579124579124581, 0.022356902356902464, 1.0, 1.0], "class": 1}