{"image": "54251bda-07fc-11ef-b710-64d2c4ecd148.jpg", "bboxes": [0.0, 0.3534680134680136, 0.19319865319865304, 1.0], "class": 1}