{"image": "54251bda-07fc-11ef-b710-64d2c4ecd148.jpg", "bboxes": [0.5970370370370373, 0.04457912457912472, 0.9977777777777778, 0.9977777777777778], "class": 1}