{"image": "54251bda-07fc-11ef-b710-64d2c4ecd148.jpg", "bboxes": [0.5512457912457914, 0.0042424242424243, 0.9977777777777778, 0.9977777777777778], "class": 1}