{"image": "54251bda-07fc-11ef-b710-64d2c4ecd148.jpg", "bboxes": [0.7556902356902359, 0.0, 0.9977777777777778, 0.7954208754208753], "class": 1}