{"image": "54251bda-07fc-11ef-b710-64d2c4ecd148.jpg", "bboxes": [0.18370370370370392, 0.26680134680134693, 1.0, 1.0], "class": 1}