{"image": "547b89de-07fc-11ef-b710-64d2c4ecd148.jpg", "bboxes": [0.6580471380471382, 0.1832996632996633, 1.0, 1.0], "class": 1}