{"image": "547b89de-07fc-11ef-b710-64d2c4ecd148.jpg", "bboxes": [0.3091582491582493, 0.0, 0.9977777777777778, 0.8344781144781145], "class": 1}