{"image": "547b89de-07fc-11ef-b710-64d2c4ecd148.jpg", "bboxes": [0.0022222222222222365, 0.05885521885521894, 0.8663973063973063, 0.9977777777777778], "class": 1}