{"image": "547b89de-07fc-11ef-b710-64d2c4ecd148.jpg", "bboxes": [0.27360269360269374, 0.0, 0.9977777777777778, 0.9189225589225589], "class": 1}