{"image": "547b89de-07fc-11ef-b710-64d2c4ecd148.jpg", "bboxes": [0.0, 0.16107744107744115, 0.524713804713805, 1.0], "class": 1}