{"image": "547b89de-07fc-11ef-b710-64d2c4ecd148.jpg", "bboxes": [0.6736026936026938, 0.06996632996633001, 0.9977777777777778, 0.9977777777777778], "class": 1}