{"image": "547b89de-07fc-11ef-b710-64d2c4ecd148.jpg", "bboxes": [0.04713804713804734, 0.0, 0.9865319865319867, 0.8546801346801347], "class": 1}