{"image": "547b89de-07fc-11ef-b710-64d2c4ecd148.jpg", "bboxes": [0.7575084175084172, 0.21885521885521886, 1.0, 1.0], "class": 1}