{"image": "547b89de-07fc-11ef-b710-64d2c4ecd148.jpg", "bboxes": [0.8463973063973061, 0.15441077441077444, 0.9977777777777778, 0.9977777777777778], "class": 1}