{"image": "547b89de-07fc-11ef-b710-64d2c4ecd148.jpg", "bboxes": [0.0022222222222222365, 0.20329966329966329, 0.4975084175084174, 0.9977777777777778], "class": 1}