{"image": "547b89de-07fc-11ef-b710-64d2c4ecd148.jpg", "bboxes": [0.19973063973063943, 0.0, 1.0, 0.6722558922558922], "class": 1}