{"image": "547b89de-07fc-11ef-b710-64d2c4ecd148.jpg", "bboxes": [0.0, 0.02653198653198659, 0.6202693602693605, 1.0], "class": 1}