{"image": "547b89de-07fc-11ef-b710-64d2c4ecd148.jpg", "bboxes": [0.9441750841750839, 0.0, 1.0, 0.8722558922558922], "class": 1}