{"image": "547b89de-07fc-11ef-b710-64d2c4ecd148.jpg", "bboxes": [0.0, 0.0, 0.3469360269360272, 0.9977777777777778], "class": 1}