{"image": "547b89de-07fc-11ef-b710-64d2c4ecd148.jpg", "bboxes": [0.6263973063973061, 0.0, 0.9977777777777778, 0.9977777777777778], "class": 1}