{"image": "547b89de-07fc-11ef-b710-64d2c4ecd148.jpg", "bboxes": [0.026397306397306086, 0.21885521885521886, 0.9152861952861951, 0.9977777777777778], "class": 1}