{"image": "547b89de-07fc-11ef-b710-64d2c4ecd148.jpg", "bboxes": [0.25306397306397277, 0.0, 0.9977777777777778, 0.91003367003367], "class": 1}