{"image": "547b89de-07fc-11ef-b710-64d2c4ecd148.jpg", "bboxes": [0.40417508417508397, 0.0, 0.9977777777777778, 0.9322558922558922], "class": 1}