{"image": "547b89de-07fc-11ef-b710-64d2c4ecd148.jpg", "bboxes": [0.49582491582491595, 0.0022222222222222365, 0.9977777777777778, 0.9645791245791245], "class": 1}