{"image": "547b89de-07fc-11ef-b710-64d2c4ecd148.jpg", "bboxes": [0.0, 0.22329966329966333, 0.7669360269360272, 1.0], "class": 1}