{"image": "547b89de-07fc-11ef-b710-64d2c4ecd148.jpg", "bboxes": [0.0, 0.0022222222222222365, 0.1580471380471383, 0.8956902356902356], "class": 1}