{"image": "547b89de-07fc-11ef-b710-64d2c4ecd148.jpg", "bboxes": [0.10249158249158262, 0.0, 0.9913804713804717, 0.9977777777777778], "class": 1}