{"image": "547b89de-07fc-11ef-b710-64d2c4ecd148.jpg", "bboxes": [0.6308417508417505, 0.0665319865319866, 0.9977777777777778, 0.9977777777777778], "class": 1}