{"image": "547b89de-07fc-11ef-b710-64d2c4ecd148.jpg", "bboxes": [0.0, 0.30774410774410776, 0.5736026936026939, 0.9977777777777778], "class": 1}