{"image": "547b89de-07fc-11ef-b710-64d2c4ecd148.jpg", "bboxes": [0.04195286195286174, 0.0, 0.9308417508417507, 0.8167003367003367], "class": 1}