{"image": "547b89de-07fc-11ef-b710-64d2c4ecd148.jpg", "bboxes": [0.2863973063973061, 0.08875420875420881, 1.0, 1.0], "class": 1}