{"image": "547b89de-07fc-11ef-b710-64d2c4ecd148.jpg", "bboxes": [0.0, 0.0, 0.8802693602693605, 0.8801346801346801], "class": 1}