{"image": "547b89de-07fc-11ef-b710-64d2c4ecd148.jpg", "bboxes": [0.5736026936026938, 0.0022222222222222365, 0.9977777777777778, 0.9977777777777778], "class": 1}