{"image": "547b89de-07fc-11ef-b710-64d2c4ecd148.jpg", "bboxes": [0.0, 0.07218855218855225, 0.3663973063973063, 1.0], "class": 1}