{"image": "547b89de-07fc-11ef-b710-64d2c4ecd148.jpg", "bboxes": [0.3619528619528617, 0.02653198653198659, 1.0, 1.0], "class": 1}