{"image": "547b89de-07fc-11ef-b710-64d2c4ecd148.jpg", "bboxes": [0.3352861952861951, 0.06875420875420882, 0.9977777777777778, 0.9977777777777778], "class": 1}