{"image": "547b89de-07fc-11ef-b710-64d2c4ecd148.jpg", "bboxes": [0.39360269360269373, 0.0022222222222222365, 0.9977777777777778, 0.9801346801346802], "class": 1}