{"image": "547b89de-07fc-11ef-b710-64d2c4ecd148.jpg", "bboxes": [0.0022222222222222365, 0.0020875420875421467, 0.473063973063973, 0.9977777777777778], "class": 1}