{"image": "547b89de-07fc-11ef-b710-64d2c4ecd148.jpg", "bboxes": [0.5068013468013467, 0.0, 0.9977777777777778, 0.7080134680134681], "class": 1}