{"image": "547b89de-07fc-11ef-b710-64d2c4ecd148.jpg", "bboxes": [0.29804713804713817, 0.0, 0.9977777777777778, 0.8655892255892256], "class": 1}