{"image": "547b89de-07fc-11ef-b710-64d2c4ecd148.jpg", "bboxes": [0.0, 0.054410774410774465, 0.8158249158249161, 1.0], "class": 1}