{"image": "54d1835c-07fc-11ef-b710-64d2c4ecd148.jpg", "bboxes": [0.0, 0.0, 0.49542087542087554, 0.7311111111111112], "class": 1}