{"image": "54d1835c-07fc-11ef-b710-64d2c4ecd148.jpg", "bboxes": [0.02067340067340069, 0.26222222222222225, 0.93986531986532, 0.9977777777777778], "class": 1}