{"image": "54d1835c-07fc-11ef-b710-64d2c4ecd148.jpg", "bboxes": [0.9179124579124578, 0.0822222222222222, 0.9977777777777778, 0.9977777777777778], "class": 1}