{"image": "54d1835c-07fc-11ef-b710-64d2c4ecd148.jpg", "bboxes": [0.0022222222222222365, 0.10309764309764316, 0.8126599326599326, 0.9977777777777778], "class": 1}