{"image": "54d1835c-07fc-11ef-b710-64d2c4ecd148.jpg", "bboxes": [0.6251178451178452, 0.24888888888888897, 0.9977777777777778, 0.9977777777777778], "class": 1}