{"image": "5527e4b8-07fc-11ef-b710-64d2c4ecd148.jpg", "bboxes": [0.04484848484848486, 0.0, 0.8562962962962961, 1.0], "class": 1}