{"image": "5527e4b8-07fc-11ef-b710-64d2c4ecd148.jpg", "bboxes": [0.018451178451178385, 0.0, 0.9140740740740739, 0.9977777777777778], "class": 1}