{"image": "5527e4b8-07fc-11ef-b710-64d2c4ecd148.jpg", "bboxes": [0.0, 0.0508417508417508, 0.5962962962962961, 1.0], "class": 1}