{"image": "5527e4b8-07fc-11ef-b710-64d2c4ecd148.jpg", "bboxes": [0.0, 0.32639730639730635, 0.164040404040404, 1.0], "class": 1}