{"image": "5527e4b8-07fc-11ef-b710-64d2c4ecd148.jpg", "bboxes": [0.09373737373737374, 0.04006734006734013, 0.905185185185185, 0.9977777777777778], "class": 1}