{"image": "5527e4b8-07fc-11ef-b710-64d2c4ecd148.jpg", "bboxes": [0.0, 0.17973063973063974, 0.5373737373737373, 1.0], "class": 1}