{"image": "5527e4b8-07fc-11ef-b710-64d2c4ecd148.jpg", "bboxes": [0.3962289562289561, 0.06962962962962971, 0.9977777777777778, 0.9977777777777778], "class": 1}