{"image": "5527e4b8-07fc-11ef-b710-64d2c4ecd148.jpg", "bboxes": [0.2703703703703706, 0.29973063973063974, 1.0, 1.0], "class": 1}