{"image": "5527e4b8-07fc-11ef-b710-64d2c4ecd148.jpg", "bboxes": [0.049292929292929305, 0.14417508417508418, 0.8607407407407406, 1.0], "class": 1}