{"image": "5527e4b8-07fc-11ef-b710-64d2c4ecd148.jpg", "bboxes": [0.0, 0.13528619528619523, 0.16626262626262622, 1.0], "class": 1}