{"image": "5527e4b8-07fc-11ef-b710-64d2c4ecd148.jpg", "bboxes": [0.0, 0.12895622895622902, 0.5318518518518517, 1.0], "class": 1}