{"image": "5527e4b8-07fc-11ef-b710-64d2c4ecd148.jpg", "bboxes": [0.18707070707070708, 0.0, 0.9977777777777778, 0.7691582491582492], "class": 1}