{"image": "5527e4b8-07fc-11ef-b710-64d2c4ecd148.jpg", "bboxes": [0.3703703703703706, 0.09784511784511792, 0.9977777777777778, 0.9977777777777778], "class": 1}