{"image": "5527e4b8-07fc-11ef-b710-64d2c4ecd148.jpg", "bboxes": [0.0, 0.28639730639730643, 0.6340740740740739, 1.0], "class": 1}