{"image": "5527e4b8-07fc-11ef-b710-64d2c4ecd148.jpg", "bboxes": [0.0022222222222222365, 0.0022222222222222365, 0.5218181818181817, 0.9043771043771043], "class": 1}