{"image": "5527e4b8-07fc-11ef-b710-64d2c4ecd148.jpg", "bboxes": [0.8592592592592594, 0.07784511784511791, 0.9977777777777778, 0.9977777777777778], "class": 1}