{"image": "5527e4b8-07fc-11ef-b710-64d2c4ecd148.jpg", "bboxes": [0.0022222222222222365, 0.028619528619528656, 0.15959595959595962, 0.9977777777777778], "class": 1}