{"image": "5527e4b8-07fc-11ef-b710-64d2c4ecd148.jpg", "bboxes": [0.04814814814814827, 0.0, 0.8595959595959596, 1.0], "class": 1}