{"image": "5527e4b8-07fc-11ef-b710-64d2c4ecd148.jpg", "bboxes": [0.9925925925925928, 0.0, 1.0, 0.9647138047138047], "class": 1}