{"image": "5527e4b8-07fc-11ef-b710-64d2c4ecd148.jpg", "bboxes": [0.001481481481481639, 0.0, 0.812929292929293, 1.0], "class": 1}