{"image": "5527e4b8-07fc-11ef-b710-64d2c4ecd148.jpg", "bboxes": [0.26262626262626265, 0.04006734006734013, 0.9977777777777778, 0.9977777777777778], "class": 1}