{"image": "5527e4b8-07fc-11ef-b710-64d2c4ecd148.jpg", "bboxes": [0.18040404040404043, 0.0022222222222222365, 0.9918518518518517, 0.9132659932659932], "class": 1}