{"image": "5527e4b8-07fc-11ef-b710-64d2c4ecd148.jpg", "bboxes": [0.6004040404040404, 0.12895622895622902, 1.0, 1.0], "class": 1}