{"image": "5527e4b8-07fc-11ef-b710-64d2c4ecd148.jpg", "bboxes": [0.1892929292929293, 0.0022222222222222365, 0.9977777777777778, 0.9843771043771044], "class": 1}