{"image": "5527e4b8-07fc-11ef-b710-64d2c4ecd148.jpg", "bboxes": [0.8448484848484848, 6.734006734013241e-05, 0.9977777777777778, 0.9977777777777778], "class": 1}