{"image": "5527e4b8-07fc-11ef-b710-64d2c4ecd148.jpg", "bboxes": [0.06707070707070709, 0.30861952861952857, 0.8785185185185184, 1.0], "class": 1}