{"image": "5527e4b8-07fc-11ef-b710-64d2c4ecd148.jpg", "bboxes": [0.0, 0.0, 0.4884848484848485, 0.698047138047138], "class": 1}