{"image": "5527e4b8-07fc-11ef-b710-64d2c4ecd148.jpg", "bboxes": [0.6915151515151515, 0.0, 0.9977777777777778, 0.718047138047138], "class": 1}