{"image": "5527e4b8-07fc-11ef-b710-64d2c4ecd148.jpg", "bboxes": [0.0, 0.11117845117845124, 0.3307070707070707, 1.0], "class": 1}