{"image": "5527e4b8-07fc-11ef-b710-64d2c4ecd148.jpg", "bboxes": [0.20592592592592607, 0.0022895622895623548, 1.0, 1.0], "class": 1}