{"image": "5527e4b8-07fc-11ef-b710-64d2c4ecd148.jpg", "bboxes": [0.13595959595959597, 0.0, 0.9474074074074073, 0.8024915824915825], "class": 1}