{"image": "5527e4b8-07fc-11ef-b710-64d2c4ecd148.jpg", "bboxes": [0.0022222222222222365, 0.020067340067340133, 0.42404040404040394, 0.9977777777777778], "class": 1}