{"image": "5527e4b8-07fc-11ef-b710-64d2c4ecd148.jpg", "bboxes": [0.0, 0.053063973063973036, 0.6607407407407405, 0.9977777777777778], "class": 1}