{"image": "5527e4b8-07fc-11ef-b710-64d2c4ecd148.jpg", "bboxes": [0.0, 0.24195286195286192, 0.14848484848484844, 1.0], "class": 1}