{"image": "5527e4b8-07fc-11ef-b710-64d2c4ecd148.jpg", "bboxes": [0.0, 0.27407407407407414, 0.4659932659932661, 0.9977777777777778], "class": 1}