{"image": "557f0aa4-07fc-11ef-b710-64d2c4ecd148.jpg", "bboxes": [0.8663299663299662, 0.0, 0.9977777777777778, 0.9814814814814814], "class": 1}