{"image": "557f0aa4-07fc-11ef-b710-64d2c4ecd148.jpg", "bboxes": [0.3639057239057239, 0.0, 0.9977777777777778, 0.768148148148148], "class": 1}