{"image": "557f0aa4-07fc-11ef-b710-64d2c4ecd148.jpg", "bboxes": [0.3683501683501683, 0.18074074074074087, 1.0, 1.0], "class": 1}