{"image": "557f0aa4-07fc-11ef-b710-64d2c4ecd148.jpg", "bboxes": [0.5016835016835016, 0.0, 1.0, 0.8659259259259259], "class": 1}