{"image": "557f0aa4-07fc-11ef-b710-64d2c4ecd148.jpg", "bboxes": [0.30538720538720554, 0.12841750841750832, 0.9977777777777778, 0.9977777777777778], "class": 1}