{"image": "557f0aa4-07fc-11ef-b710-64d2c4ecd148.jpg", "bboxes": [0.0022222222222222365, 6.734006734013241e-05, 0.5227609427609428, 0.9977777777777778], "class": 1}