{"image": "557f0aa4-07fc-11ef-b710-64d2c4ecd148.jpg", "bboxes": [0.0, 0.03784511784511791, 0.5316498316498317, 1.0], "class": 1}