{"image": "557f0aa4-07fc-11ef-b710-64d2c4ecd148.jpg", "bboxes": [0.04188552188552164, 0.0, 0.7960942760942761, 0.897037037037037], "class": 1}