{"image": "557f0aa4-07fc-11ef-b710-64d2c4ecd148.jpg", "bboxes": [0.29521885521885505, 0.0, 0.9977777777777778, 0.8703703703703702], "class": 1}