{"image": "557f0aa4-07fc-11ef-b710-64d2c4ecd148.jpg", "bboxes": [0.1439057239057239, 0.09851851851851856, 0.8981144781144783, 1.0], "class": 1}