{"image": "557f0aa4-07fc-11ef-b710-64d2c4ecd148.jpg", "bboxes": [0.4574410774410772, 0.0940740740740742, 0.9977777777777778, 0.9977777777777778], "class": 1}