{"image": "557f0aa4-07fc-11ef-b710-64d2c4ecd148.jpg", "bboxes": [0.0063299663299661866, 0.17851851851851863, 0.7605387205387205, 0.9977777777777778], "class": 1}