{"image": "557f0aa4-07fc-11ef-b710-64d2c4ecd148.jpg", "bboxes": [0.4283501683501683, 0.19185185185185194, 1.0, 1.0], "class": 1}