{"image": "557f0aa4-07fc-11ef-b710-64d2c4ecd148.jpg", "bboxes": [0.3307744107744106, 0.28074074074074085, 1.0, 1.0], "class": 1}