{"image": "557f0aa4-07fc-11ef-b710-64d2c4ecd148.jpg", "bboxes": [0.059461279461279444, 0.0022222222222222365, 0.8136700336700339, 0.9843771043771044], "class": 1}