{"image": "557f0aa4-07fc-11ef-b710-64d2c4ecd148.jpg", "bboxes": [0.19205387205387228, 0.0, 0.9977777777777778, 0.9738047138047139], "class": 1}