{"image": "557f0aa4-07fc-11ef-b710-64d2c4ecd148.jpg", "bboxes": [0.6529966329966328, 0.0022222222222222365, 0.9977777777777778, 0.891043771043771], "class": 1}