{"image": "557f0aa4-07fc-11ef-b710-64d2c4ecd148.jpg", "bboxes": [0.9129966329966328, 0.0, 1.0, 0.9125925925925925], "class": 1}