{"image": "557f0aa4-07fc-11ef-b710-64d2c4ecd148.jpg", "bboxes": [0.0, 0.011178451178451244, 0.3805387205387205, 1.0], "class": 1}