{"image": "557f0aa4-07fc-11ef-b710-64d2c4ecd148.jpg", "bboxes": [0.9574410774410772, 0.0, 0.9977777777777778, 0.8059259259259258], "class": 1}