{"image": "557f0aa4-07fc-11ef-b710-64d2c4ecd148.jpg", "bboxes": [0.0, 0.12740740740740752, 0.7292255892255894, 0.9977777777777778], "class": 1}