{"image": "557f0aa4-07fc-11ef-b710-64d2c4ecd148.jpg", "bboxes": [0.0, 0.1267340067340068, 0.5760942760942761, 1.0], "class": 1}