{"image": "557f0aa4-07fc-11ef-b710-64d2c4ecd148.jpg", "bboxes": [0.29723905723905725, 0.002962962962963056, 1.0, 1.0], "class": 1}