{"image": "557f0aa4-07fc-11ef-b710-64d2c4ecd148.jpg", "bboxes": [0.43946127946127944, 0.0, 1.0, 0.8837037037037037], "class": 1}