{"image": "557f0aa4-07fc-11ef-b710-64d2c4ecd148.jpg", "bboxes": [0.0, 0.05117845117845125, 0.04255892255892276, 0.9977777777777778], "class": 1}