{"image": "557f0aa4-07fc-11ef-b710-64d2c4ecd148.jpg", "bboxes": [0.395016835016835, 0.004511784511784577, 0.9977777777777778, 0.9977777777777778], "class": 1}