{"image": "557f0aa4-07fc-11ef-b710-64d2c4ecd148.jpg", "bboxes": [0.355218855218855, 0.0, 1.0, 0.8325925925925926], "class": 1}