{"image": "557f0aa4-07fc-11ef-b710-64d2c4ecd148.jpg", "bboxes": [0.3216835016835017, 0.0022895622895623548, 1.0, 1.0], "class": 1}