{"image": "557f0aa4-07fc-11ef-b710-64d2c4ecd148.jpg", "bboxes": [0.2285521885521884, 0.08296296296296302, 0.9827609427609427, 1.0], "class": 1}