{"image": "557f0aa4-07fc-11ef-b710-64d2c4ecd148.jpg", "bboxes": [0.0, 0.07952861952861945, 0.26794612794612777, 0.9977777777777778], "class": 1}