{"image": "557f0aa4-07fc-11ef-b710-64d2c4ecd148.jpg", "bboxes": [0.6327946127946128, 0.0, 0.9977777777777778, 0.8125925925925925], "class": 1}