{"image": "557f0aa4-07fc-11ef-b710-64d2c4ecd148.jpg", "bboxes": [0.0, 0.26296296296296306, 0.45589225589225607, 0.9977777777777778], "class": 1}