{"image": "557f0aa4-07fc-11ef-b710-64d2c4ecd148.jpg", "bboxes": [0.215016835016835, 0.0022222222222222365, 0.9692255892255894, 0.9977777777777778], "class": 1}