{"image": "6439c3cc-084c-11ef-9b27-64d2c4ecd148.jpg", "bboxes": [0.0, 0.26356902356902356, 0.10222222222222223, 1.0], "class": 1}