{"image": "6439c3cc-084c-11ef-9b27-64d2c4ecd148.jpg", "bboxes": [0.0, 0.15690235690235696, 0.03111111111111111, 0.9977777777777778], "class": 1}