{"image": "6439c3cc-084c-11ef-9b27-64d2c4ecd148.jpg", "bboxes": [0.04222222222222227, 0.16956228956228958, 0.7930639730639729, 0.9977777777777778], "class": 1}