{"image": "6439c3cc-084c-11ef-9b27-64d2c4ecd148.jpg", "bboxes": [0.3977777777777778, 0.0022222222222222365, 0.9977777777777778, 0.7171043771043769], "class": 1}