{"image": "6439c3cc-084c-11ef-9b27-64d2c4ecd148.jpg", "bboxes": [0.11138047138047151, 0.0, 0.8622222222222222, 0.9977777777777778], "class": 1}