{"image": "6439c3cc-084c-11ef-9b27-64d2c4ecd148.jpg", "bboxes": [0.6580471380471382, 0.0, 1.0, 0.6882154882154882], "class": 1}