{"image": "6439c3cc-084c-11ef-9b27-64d2c4ecd148.jpg", "bboxes": [0.0022222222222222365, 0.03400673400673403, 0.13306397306397288, 0.9977777777777778], "class": 1}