{"image": "6439c3cc-084c-11ef-9b27-64d2c4ecd148.jpg", "bboxes": [0.28888888888888886, 0.0, 0.9977777777777778, 0.8764309764309763], "class": 1}