{"image": "6439c3cc-084c-11ef-9b27-64d2c4ecd148.jpg", "bboxes": [0.0, 0.16956228956228958, 0.31333333333333335, 0.9977777777777778], "class": 1}