{"image": "6439c3cc-084c-11ef-9b27-64d2c4ecd148.jpg", "bboxes": [0.5666666666666667, 0.04511784511784514, 1.0, 1.0], "class": 1}