{"image": "6439c3cc-084c-11ef-9b27-64d2c4ecd148.jpg", "bboxes": [0.02693602693602707, 0.0, 0.7777777777777778, 0.743097643097643], "class": 1}