{"image": "6439c3cc-084c-11ef-9b27-64d2c4ecd148.jpg", "bboxes": [0.8377777777777777, 0.0, 1.0, 0.9875420875420875], "class": 1}