{"image": "6439c3cc-084c-11ef-9b27-64d2c4ecd148.jpg", "bboxes": [0.48888888888888893, 0.0, 1.0, 0.7726599326599326], "class": 1}