{"image": "6439c3cc-084c-11ef-9b27-64d2c4ecd148.jpg", "bboxes": [0.06888888888888889, 0.0022222222222222365, 0.8197306397306396, 0.7771043771043771], "class": 1}