{"image": "6439c3cc-084c-11ef-9b27-64d2c4ecd148.jpg", "bboxes": [0.0022222222222222365, 0.21912457912457917, 0.6197306397306396, 0.9977777777777778], "class": 1}