{"image": "6439c3cc-084c-11ef-9b27-64d2c4ecd148.jpg", "bboxes": [0.0, 0.022895622895622914, 0.18444444444444444, 1.0], "class": 1}