{"image": "6439c3cc-084c-11ef-9b27-64d2c4ecd148.jpg", "bboxes": [0.0, 0.0, 0.7377777777777778, 0.8453198653198652], "class": 1}