{"image": "6439c3cc-084c-11ef-9b27-64d2c4ecd148.jpg", "bboxes": [0.4244444444444444, 0.13622895622895626, 1.0, 1.0], "class": 1}