{"image": "6439c3cc-084c-11ef-9b27-64d2c4ecd148.jpg", "bboxes": [0.00693602693602707, 0.0, 0.7577777777777778, 0.9742087542087542], "class": 1}