{"image": "6439c3cc-084c-11ef-9b27-64d2c4ecd148.jpg", "bboxes": [0.1266666666666667, 0.23400673400673402, 0.8775084175084173, 1.0], "class": 1}