{"image": "6439c3cc-084c-11ef-9b27-64d2c4ecd148.jpg", "bboxes": [0.38888888888888884, 0.0, 1.0, 0.8386531986531987], "class": 1}