{"image": "6439c3cc-084c-11ef-9b27-64d2c4ecd148.jpg", "bboxes": [0.0, 0.13690235690235697, 0.47333333333333333, 0.9977777777777778], "class": 1}