{"image": "6439c3cc-084c-11ef-9b27-64d2c4ecd148.jpg", "bboxes": [0.22915824915824928, 0.1902356902356903, 0.98, 1.0], "class": 1}