{"image": "6439c3cc-084c-11ef-9b27-64d2c4ecd148.jpg", "bboxes": [0.5447138047138048, 0.012457912457912501, 1.0, 1.0], "class": 1}