{"image": "6439c3cc-084c-11ef-9b27-64d2c4ecd148.jpg", "bboxes": [0.9022222222222223, 0.0, 1.0, 0.7882154882154881], "class": 1}