{"image": "6439c3cc-084c-11ef-9b27-64d2c4ecd148.jpg", "bboxes": [0.26471380471380485, 0.0, 1.0, 0.8193265993265993], "class": 1}