{"image": "6439c3cc-084c-11ef-9b27-64d2c4ecd148.jpg", "bboxes": [0.0, 0.0022222222222222365, 0.011111111111111112, 0.8882154882154882], "class": 1}