{"image": "6439c3cc-084c-11ef-9b27-64d2c4ecd148.jpg", "bboxes": [0.13582491582491596, 0.0022222222222222365, 0.8866666666666667, 0.997104377104377], "class": 1}