{"image": "6439c3cc-084c-11ef-9b27-64d2c4ecd148.jpg", "bboxes": [0.5066666666666666, 0.18067340067340068, 0.9977777777777778, 0.9977777777777778], "class": 1}