{"image": "6439c3cc-084c-11ef-9b27-64d2c4ecd148.jpg", "bboxes": [0.506936026936027, 0.11690235690235695, 1.0, 1.0], "class": 1}