{"image": "6439c3cc-084c-11ef-9b27-64d2c4ecd148.jpg", "bboxes": [0.8602693602693604, 0.13400673400673402, 1.0, 1.0], "class": 1}