{"image": "6439c3cc-084c-11ef-9b27-64d2c4ecd148.jpg", "bboxes": [0.0, 0.06067340067340069, 0.4886195286195285, 1.0], "class": 1}