{"image": "6439c3cc-084c-11ef-9b27-64d2c4ecd148.jpg", "bboxes": [0.0, 0.09845117845117847, 0.03084175084175067, 1.0], "class": 1}