{"image": "6439c3cc-084c-11ef-9b27-64d2c4ecd148.jpg", "bboxes": [0.2155555555555555, 0.0022222222222222365, 0.9663973063973063, 0.9148821548821549], "class": 1}