{"image": "6439c3cc-084c-11ef-9b27-64d2c4ecd148.jpg", "bboxes": [0.0, 0.023569023569023573, 0.28861952861952844, 1.0], "class": 1}