{"image": "6439c3cc-084c-11ef-9b27-64d2c4ecd148.jpg", "bboxes": [0.0, 0.034680134680134755, 0.744175084175084, 1.0], "class": 1}