{"image": "6439c3cc-084c-11ef-9b27-64d2c4ecd148.jpg", "bboxes": [0.8136026936026938, 0.0022222222222222365, 0.9977777777777778, 0.997104377104377], "class": 1}