{"image": "6439c3cc-084c-11ef-9b27-64d2c4ecd148.jpg", "bboxes": [0.4469360269360271, 0.0, 1.0, 0.7904377104377104], "class": 1}