{"image": "6439c3cc-084c-11ef-9b27-64d2c4ecd148.jpg", "bboxes": [0.13111111111111107, 0.0022222222222222365, 0.8819528619528618, 0.9437710437710437], "class": 1}