{"image": "6439c3cc-084c-11ef-9b27-64d2c4ecd148.jpg", "bboxes": [0.26222222222222225, 0.3095622895622896, 0.9977777777777778, 0.9977777777777778], "class": 1}