{"image": "6439c3cc-084c-11ef-9b27-64d2c4ecd148.jpg", "bboxes": [0.16249158249158263, 0.17912457912457913, 0.9133333333333333, 1.0], "class": 1}