{"image": "6439c3cc-084c-11ef-9b27-64d2c4ecd148.jpg", "bboxes": [0.2913804713804715, 0.26067340067340067, 1.0, 1.0], "class": 1}