{"image": "6439c3cc-084c-11ef-9b27-64d2c4ecd148.jpg", "bboxes": [0.19333333333333336, 0.12801346801346802, 0.944175084175084, 1.0], "class": 1}