{"image": "6439c3cc-084c-11ef-9b27-64d2c4ecd148.jpg", "bboxes": [0.040269360269360406, 0.0, 0.7911111111111111, 0.8653198653198653], "class": 1}