{"image": "6439c3cc-084c-11ef-9b27-64d2c4ecd148.jpg", "bboxes": [0.5260606060606062, 0.11461279461279472, 0.9977777777777778, 0.9977777777777778], "class": 1}