{"image": "6439c3cc-084c-11ef-9b27-64d2c4ecd148.jpg", "bboxes": [0.8977777777777778, 0.24511784511784512, 0.9977777777777778, 0.9977777777777778], "class": 1}