{"image": "6439c3cc-084c-11ef-9b27-64d2c4ecd148.jpg", "bboxes": [0.9491582491582493, 0.0569023569023569, 0.9977777777777778, 0.9977777777777778], "class": 1}