{"image": "6439c3cc-084c-11ef-9b27-64d2c4ecd148.jpg", "bboxes": [0.05777777777777782, 0.0022222222222222365, 0.8086195286195285, 0.8504377104377104], "class": 1}