{"image": "6439c3cc-084c-11ef-9b27-64d2c4ecd148.jpg", "bboxes": [0.7780471380471382, 0.0, 1.0, 0.8608754208754208], "class": 1}