{"image": "6439c3cc-084c-11ef-9b27-64d2c4ecd148.jpg", "bboxes": [0.5047138047138049, 0.0, 1.0, 0.7504377104377105], "class": 1}