{"image": "64ae7a5a-084c-11ef-9b27-64d2c4ecd148.jpg", "bboxes": [0.14309764309764283, 0.0, 0.8232323232323233, 0.7964983164983164], "class": 1}