{"image": "64ae7a5a-084c-11ef-9b27-64d2c4ecd148.jpg", "bboxes": [0.0, 0.07683501683501692, 0.15878787878787892, 1.0], "class": 1}