{"image": "64ae7a5a-084c-11ef-9b27-64d2c4ecd148.jpg", "bboxes": [0.0, 0.1835690235690236, 0.19023569023569054, 1.0], "class": 1}