{"image": "64ae7a5a-084c-11ef-9b27-64d2c4ecd148.jpg", "bboxes": [0.6475420875420872, 0.22579124579124582, 0.9977777777777778, 0.9977777777777778], "class": 1}