{"image": "64ae7a5a-084c-11ef-9b27-64d2c4ecd148.jpg", "bboxes": [0.0, 0.03468013468013472, 0.40356902356902385, 0.9942760942760942], "class": 1}