{"image": "64ae7a5a-084c-11ef-9b27-64d2c4ecd148.jpg", "bboxes": [0.23454545454545445, 0.19912457912457918, 0.914680134680135, 0.9977777777777778], "class": 1}