{"image": "64ae7a5a-084c-11ef-9b27-64d2c4ecd148.jpg", "bboxes": [0.2808754208754206, 0.05239057239057254, 0.9610101010101011, 1.0], "class": 1}