{"image": "64ae7a5a-084c-11ef-9b27-64d2c4ecd148.jpg", "bboxes": [0.0, 0.2835690235690236, 0.6369023569023572, 0.9977777777777778], "class": 1}