{"image": "64ae7a5a-084c-11ef-9b27-64d2c4ecd148.jpg", "bboxes": [0.9323232323232322, 0.0, 1.0, 0.8497643097643097], "class": 1}