{"image": "64ae7a5a-084c-11ef-9b27-64d2c4ecd148.jpg", "bboxes": [0.27676767676767666, 0.19016835016835032, 0.9569023569023571, 0.9977777777777778], "class": 1}