{"image": "64ae7a5a-084c-11ef-9b27-64d2c4ecd148.jpg", "bboxes": [0.6523232323232322, 0.0, 1.0, 0.883164983164983], "class": 1}