{"image": "64ae7a5a-084c-11ef-9b27-64d2c4ecd148.jpg", "bboxes": [0.2612121212121211, 0.16572390572390583, 0.9413468013468016, 1.0], "class": 1}