{"image": "64ae7a5a-084c-11ef-9b27-64d2c4ecd148.jpg", "bboxes": [0.7430976430976428, 0.039124579124579166, 0.9977777777777778, 0.9977777777777778], "class": 1}