{"image": "64ae7a5a-084c-11ef-9b27-64d2c4ecd148.jpg", "bboxes": [0.3078787878787878, 0.0, 0.9880134680134683, 0.9498316498316497], "class": 1}