{"image": "64ae7a5a-084c-11ef-9b27-64d2c4ecd148.jpg", "bboxes": [0.09232323232323224, 0.0, 0.7724579124579127, 0.6586531986531986], "class": 1}