{"image": "64ae7a5a-084c-11ef-9b27-64d2c4ecd148.jpg", "bboxes": [0.9367676767676767, 0.12801346801346805, 1.0, 1.0], "class": 1}