{"image": "64ae7a5a-084c-11ef-9b27-64d2c4ecd148.jpg", "bboxes": [0.2389898989898989, 0.0, 0.9191245791245795, 0.7808754208754208], "class": 1}