{"image": "64ae7a5a-084c-11ef-9b27-64d2c4ecd148.jpg", "bboxes": [0.06787878787878779, 0.05239057239057254, 0.7480134680134684, 1.0], "class": 1}