{"image": "64ae7a5a-084c-11ef-9b27-64d2c4ecd148.jpg", "bboxes": [0.03010101010101001, 0.06127946127946138, 0.7102356902356906, 1.0], "class": 1}