{"image": "64ae7a5a-084c-11ef-9b27-64d2c4ecd148.jpg", "bboxes": [0.8189898989898989, 0.0, 1.0, 0.7142087542087542], "class": 1}