{"image": "64ae7a5a-084c-11ef-9b27-64d2c4ecd148.jpg", "bboxes": [0.5612121212121212, 0.24127946127946143, 1.0, 1.0], "class": 1}