{"image": "64ae7a5a-084c-11ef-9b27-64d2c4ecd148.jpg", "bboxes": [0.0, 0.2702356902356903, 0.4232323232323233, 1.0], "class": 1}