{"image": "64ae7a5a-084c-11ef-9b27-64d2c4ecd148.jpg", "bboxes": [0.48531986531986504, 0.04794612794612807, 1.0, 1.0], "class": 1}