{"image": "64ae7a5a-084c-11ef-9b27-64d2c4ecd148.jpg", "bboxes": [0.39232323232323224, 0.0, 1.0, 0.7987205387205386], "class": 1}