{"image": "64ae7a5a-084c-11ef-9b27-64d2c4ecd148.jpg", "bboxes": [0.9919865319865317, 0.0, 1.0, 0.8653872053872053], "class": 1}