{"image": "64ae7a5a-084c-11ef-9b27-64d2c4ecd148.jpg", "bboxes": [0.55010101010101, 0.0, 1.0, 0.7986531986531986], "class": 1}