{"image": "64ae7a5a-084c-11ef-9b27-64d2c4ecd148.jpg", "bboxes": [0.0, 0.15023569023569028, 0.2569023569023572, 0.9977777777777778], "class": 1}