{"image": "64ae7a5a-084c-11ef-9b27-64d2c4ecd148.jpg", "bboxes": [0.0, 0.19683501683501692, 0.0013468013468016377, 1.0], "class": 1}