{"image": "64ae7a5a-084c-11ef-9b27-64d2c4ecd148.jpg", "bboxes": [0.0022222222222222365, 0.20579124579124583, 0.04989898989899, 0.9977777777777778], "class": 1}