{"image": "64ae7a5a-084c-11ef-9b27-64d2c4ecd148.jpg", "bboxes": [0.0022222222222222365, 0.3080134680134681, 0.3165656565656566, 0.9977777777777778], "class": 1}