{"image": "64ae7a5a-084c-11ef-9b27-64d2c4ecd148.jpg", "bboxes": [0.4389898989898989, 0.0022222222222222365, 0.9977777777777778, 0.8319865319865319], "class": 1}