{"image": "64ae7a5a-084c-11ef-9b27-64d2c4ecd148.jpg", "bboxes": [0.345319865319865, 0.061346801346801386, 1.0, 1.0], "class": 1}