{"image": "64ae7a5a-084c-11ef-9b27-64d2c4ecd148.jpg", "bboxes": [0.9567676767676767, 0.0, 1.0, 0.6408754208754208], "class": 1}