{"image": "64ae7a5a-084c-11ef-9b27-64d2c4ecd148.jpg", "bboxes": [0.6767676767676767, 0.0022222222222222365, 0.9977777777777778, 0.9586531986531986], "class": 1}