{"image": "64ae7a5a-084c-11ef-9b27-64d2c4ecd148.jpg", "bboxes": [0.7412121212121211, 0.3724579124579125, 1.0, 1.0], "class": 1}