{"image": "64ae7a5a-084c-11ef-9b27-64d2c4ecd148.jpg", "bboxes": [0.30343434343434333, 0.21912457912457917, 0.9835690235690239, 1.0], "class": 1}