{"image": "64ae7a5a-084c-11ef-9b27-64d2c4ecd148.jpg", "bboxes": [0.0022222222222222365, 0.01683501683501698, 0.20323232323232332, 0.9764309764309764], "class": 1}