{"image": "64ae7a5a-084c-11ef-9b27-64d2c4ecd148.jpg", "bboxes": [0.0022222222222222365, 0.0, 0.6587878787878789, 0.852053872053872], "class": 1}