{"image": "64ae7a5a-084c-11ef-9b27-64d2c4ecd148.jpg", "bboxes": [0.7078787878787878, 0.0, 1.0, 0.8876094276094275], "class": 1}