{"image": "64ae7a5a-084c-11ef-9b27-64d2c4ecd148.jpg", "bboxes": [0.0, 0.2012794612794614, 0.3369023569023572, 0.9977777777777778], "class": 1}