{"image": "64ae7a5a-084c-11ef-9b27-64d2c4ecd148.jpg", "bboxes": [0.6456565656565656, 0.11690235690235694, 1.0, 1.0], "class": 1}