{"image": "64ae7a5a-084c-11ef-9b27-64d2c4ecd148.jpg", "bboxes": [0.19676767676767667, 0.0, 0.8769023569023572, 0.852053872053872], "class": 1}