{"image": "6509a0e2-084c-11ef-9b27-64d2c4ecd148.jpg", "bboxes": [0.0022222222222222365, 0.06404040404040409, 0.5474747474747474, 0.98996632996633], "class": 1}