{"image": "6509a0e2-084c-11ef-9b27-64d2c4ecd148.jpg", "bboxes": [0.7791919191919193, 0.0633670033670033, 1.0, 0.9892929292929292], "class": 1}