{"image": "6509a0e2-084c-11ef-9b27-64d2c4ecd148.jpg", "bboxes": [0.9147474747474749, 0.23292929292929299, 1.0, 1.0], "class": 1}