{"image": "6509a0e2-084c-11ef-9b27-64d2c4ecd148.jpg", "bboxes": [0.7569696969696971, 0.08781144781144778, 1.0, 1.0], "class": 1}