{"image": "6509a0e2-084c-11ef-9b27-64d2c4ecd148.jpg", "bboxes": [0.4391919191919193, 0.12404040404040409, 0.9977777777777778, 0.9977777777777778], "class": 1}