{"image": "6509a0e2-084c-11ef-9b27-64d2c4ecd148.jpg", "bboxes": [0.5806060606060606, 0.0, 1.0, 0.8048484848484848], "class": 1}