{"image": "6509a0e2-084c-11ef-9b27-64d2c4ecd148.jpg", "bboxes": [0.0, 0.10114478114478109, 0.5874747474747474, 1.0], "class": 1}