{"image": "6509a0e2-084c-11ef-9b27-64d2c4ecd148.jpg", "bboxes": [0.0, 0.008484848484848536, 0.12828282828282833, 0.9344107744107745], "class": 1}