{"image": "6509a0e2-084c-11ef-9b27-64d2c4ecd148.jpg", "bboxes": [0.08060606060606057, 0.07070707070707076, 0.7674747474747474, 0.9966329966329966], "class": 1}