{"image": "6509a0e2-084c-11ef-9b27-64d2c4ecd148.jpg", "bboxes": [0.0, 0.13959595959595963, 0.36161616161616167, 0.9977777777777778], "class": 1}