{"image": "6509a0e2-084c-11ef-9b27-64d2c4ecd148.jpg", "bboxes": [0.0, 0.12781144781144782, 0.5482828282828284, 0.9977777777777778], "class": 1}