{"image": "6509a0e2-084c-11ef-9b27-64d2c4ecd148.jpg", "bboxes": [0.14363636363636373, 0.2173737373737374, 0.8305050505050505, 1.0], "class": 1}