{"image": "6509a0e2-084c-11ef-9b27-64d2c4ecd148.jpg", "bboxes": [0.0, 0.014478114478114423, 0.6860606060606061, 0.9404040404040405], "class": 1}