{"image": "6509a0e2-084c-11ef-9b27-64d2c4ecd148.jpg", "bboxes": [0.10060606060606059, 0.0, 0.7874747474747474, 0.7544107744107744], "class": 1}