{"image": "6509a0e2-084c-11ef-9b27-64d2c4ecd148.jpg", "bboxes": [0.6903030303030304, 0.11292929292929298, 1.0, 1.0], "class": 1}