{"image": "6509a0e2-084c-11ef-9b27-64d2c4ecd148.jpg", "bboxes": [0.8583838383838384, 0.33892255892255885, 1.0, 1.0], "class": 1}