{"image": "6509a0e2-084c-11ef-9b27-64d2c4ecd148.jpg", "bboxes": [0.0, 0.19447811447811447, 0.00828282828282833, 0.9977777777777778], "class": 1}