{"image": "6509a0e2-084c-11ef-9b27-64d2c4ecd148.jpg", "bboxes": [0.745858585858586, 0.20558922558922554, 1.0, 1.0], "class": 1}