{"image": "6509a0e2-084c-11ef-9b27-64d2c4ecd148.jpg", "bboxes": [0.6917171717171717, 0.0, 1.0, 0.7026262626262626], "class": 1}