{"image": "6509a0e2-084c-11ef-9b27-64d2c4ecd148.jpg", "bboxes": [0.0, 0.13737373737373743, 0.6682828282828284, 0.9977777777777778], "class": 1}