{"image": "6509a0e2-084c-11ef-9b27-64d2c4ecd148.jpg", "bboxes": [0.0022222222222222365, 0.14114478114478113, 0.6652525252525251, 0.9977777777777778], "class": 1}