{"image": "6509a0e2-084c-11ef-9b27-64d2c4ecd148.jpg", "bboxes": [0.6250505050505051, 0.0, 0.9977777777777778, 0.6921885521885522], "class": 1}