{"image": "6509a0e2-084c-11ef-9b27-64d2c4ecd148.jpg", "bboxes": [0.6317171717171717, 0.1144781144781144, 0.9977777777777778, 0.9977777777777778], "class": 1}