{"image": "6509a0e2-084c-11ef-9b27-64d2c4ecd148.jpg", "bboxes": [0.7717171717171717, 0.20181818181818187, 1.0, 1.0], "class": 1}