{"image": "6509a0e2-084c-11ef-9b27-64d2c4ecd148.jpg", "bboxes": [0.2806060606060605, 0.20114478114478107, 0.9674747474747474, 1.0], "class": 1}