{"image": "6509a0e2-084c-11ef-9b27-64d2c4ecd148.jpg", "bboxes": [0.32060606060606056, 0.17003367003366998, 0.9977777777777778, 0.9977777777777778], "class": 1}