{"image": "6509a0e2-084c-11ef-9b27-64d2c4ecd148.jpg", "bboxes": [0.0, 0.13959595959595963, 0.6208080808080807, 1.0], "class": 1}