{"image": "6509a0e2-084c-11ef-9b27-64d2c4ecd148.jpg", "bboxes": [0.0, 0.10404040404040409, 0.2793939393939394, 0.9977777777777778], "class": 1}