{"image": "6509a0e2-084c-11ef-9b27-64d2c4ecd148.jpg", "bboxes": [0.014747474747474851, 0.07959595959595965, 0.7016161616161617, 1.0], "class": 1}