{"image": "6509a0e2-084c-11ef-9b27-64d2c4ecd148.jpg", "bboxes": [0.47838383838383836, 0.17892255892255893, 1.0, 1.0], "class": 1}