{"image": "6509a0e2-084c-11ef-9b27-64d2c4ecd148.jpg", "bboxes": [0.6214141414141415, 0.24781144781144782, 0.9977777777777778, 0.9977777777777778], "class": 1}