{"image": "6509a0e2-084c-11ef-9b27-64d2c4ecd148.jpg", "bboxes": [0.6236363636363638, 0.06781144781144777, 0.9977777777777778, 0.9937373737373737], "class": 1}