{"image": "6509a0e2-084c-11ef-9b27-64d2c4ecd148.jpg", "bboxes": [0.0, 0.23670033670033663, 0.12383838383838389, 0.9977777777777778], "class": 1}