{"image": "6509a0e2-084c-11ef-9b27-64d2c4ecd148.jpg", "bboxes": [0.7050505050505049, 0.0, 1.0, 0.7610774410774411], "class": 1}