{"image": "6509a0e2-084c-11ef-9b27-64d2c4ecd148.jpg", "bboxes": [0.05474747474747485, 0.17737373737373743, 0.7416161616161616, 1.0], "class": 1}