{"image": "6509a0e2-084c-11ef-9b27-64d2c4ecd148.jpg", "bboxes": [0.0, 0.21292929292929297, 0.3808080808080807, 1.0], "class": 1}