{"image": "6509a0e2-084c-11ef-9b27-64d2c4ecd148.jpg", "bboxes": [0.705858585858586, 0.0, 1.0, 0.7581818181818181], "class": 1}