{"image": "6509a0e2-084c-11ef-9b27-64d2c4ecd148.jpg", "bboxes": [0.0, 0.21959595959595965, 0.1519191919191918, 1.0], "class": 1}