{"image": "6509a0e2-084c-11ef-9b27-64d2c4ecd148.jpg", "bboxes": [0.0, 0.09292929292929299, 0.27717171717171724, 0.9977777777777778], "class": 1}