{"image": "6509a0e2-084c-11ef-9b27-64d2c4ecd148.jpg", "bboxes": [0.8961616161616162, 0.0, 1.0, 0.7432996632996633], "class": 1}