{"image": "6509a0e2-084c-11ef-9b27-64d2c4ecd148.jpg", "bboxes": [0.42727272727272725, 0.0, 1.0, 0.8432996632996633], "class": 1}