{"image": "6509a0e2-084c-11ef-9b27-64d2c4ecd148.jpg", "bboxes": [0.9294949494949495, 0.0, 0.9977777777777778, 0.90996632996633], "class": 1}