{"image": "6509a0e2-084c-11ef-9b27-64d2c4ecd148.jpg", "bboxes": [0.7294949494949494, 0.0, 1.0, 0.707070707070707], "class": 1}