{"image": "6509a0e2-084c-11ef-9b27-64d2c4ecd148.jpg", "bboxes": [0.6806060606060605, 0.29959595959595964, 1.0, 1.0], "class": 1}