{"image": "6565037e-084c-11ef-9b27-64d2c4ecd148.jpg", "bboxes": [0.17616161616161624, 0.1892929292929293, 0.9472053872053874, 0.9977777777777778], "class": 1}