{"image": "6565037e-084c-11ef-9b27-64d2c4ecd148.jpg", "bboxes": [0.0, 0.24801346801346802, 0.2605387205387207, 0.9977777777777778], "class": 1}