{"image": "6565037e-084c-11ef-9b27-64d2c4ecd148.jpg", "bboxes": [0.0, 0.07468013468013468, 0.48720538720538736, 1.0], "class": 1}