{"image": "6565037e-084c-11ef-9b27-64d2c4ecd148.jpg", "bboxes": [0.0, 0.10484848484848486, 0.5716498316498317, 1.0], "class": 1}