{"image": "6565037e-084c-11ef-9b27-64d2c4ecd148.jpg", "bboxes": [0.37057239057239044, 0.37373737373737376, 1.0, 1.0], "class": 1}