{"image": "6565037e-084c-11ef-9b27-64d2c4ecd148.jpg", "bboxes": [0.6572390572390572, 0.029292929292929305, 1.0, 0.9653198653198652], "class": 1}