{"image": "6565037e-084c-11ef-9b27-64d2c4ecd148.jpg", "bboxes": [0.2517171717171718, 0.0, 1.0, 0.6884848484848485], "class": 1}