{"image": "6565037e-084c-11ef-9b27-64d2c4ecd148.jpg", "bboxes": [0.4372390572390571, 0.0022222222222222365, 0.9977777777777778, 0.9373737373737374], "class": 1}