{"image": "6565037e-084c-11ef-9b27-64d2c4ecd148.jpg", "bboxes": [0.3094949494949496, 0.20707070707070707, 1.0, 1.0], "class": 1}