{"image": "6565037e-084c-11ef-9b27-64d2c4ecd148.jpg", "bboxes": [0.566127946127946, 0.0, 1.0, 0.8853198653198653], "class": 1}