{"image": "6565037e-084c-11ef-9b27-64d2c4ecd148.jpg", "bboxes": [0.0, 0.2292929292929293, 0.45387205387205404, 1.0], "class": 1}