{"image": "6565037e-084c-11ef-9b27-64d2c4ecd148.jpg", "bboxes": [0.020606060606060687, 0.0, 0.7916498316498318, 0.8907070707070707], "class": 1}