{"image": "6565037e-084c-11ef-9b27-64d2c4ecd148.jpg", "bboxes": [0.5039057239057237, 0.0, 1.0, 0.6129292929292929], "class": 1}