{"image": "6565037e-084c-11ef-9b27-64d2c4ecd148.jpg", "bboxes": [0.0022222222222222365, 0.0569023569023569, 0.7727272727272726, 0.9929292929292929], "class": 1}