{"image": "6565037e-084c-11ef-9b27-64d2c4ecd148.jpg", "bboxes": [0.13723905723905705, 0.1292929292929293, 0.9082828282828282, 0.9977777777777778], "class": 1}