{"image": "6565037e-084c-11ef-9b27-64d2c4ecd148.jpg", "bboxes": [0.3039057239057238, 0.3115151515151515, 1.0, 1.0], "class": 1}