{"image": "6565037e-084c-11ef-9b27-64d2c4ecd148.jpg", "bboxes": [0.4372390572390571, 0.24356902356902366, 1.0, 1.0], "class": 1}