{"image": "6565037e-084c-11ef-9b27-64d2c4ecd148.jpg", "bboxes": [0.0, 0.3692929292929293, 0.5916498316498318, 1.0], "class": 1}