{"image": "6565037e-084c-11ef-9b27-64d2c4ecd148.jpg", "bboxes": [0.19838383838383847, 0.0022222222222222365, 0.9694276094276095, 0.6351515151515151], "class": 1}