{"image": "6565037e-084c-11ef-9b27-64d2c4ecd148.jpg", "bboxes": [0.7750168350168349, 0.1292929292929293, 1.0, 1.0], "class": 1}