{"image": "6565037e-084c-11ef-9b27-64d2c4ecd148.jpg", "bboxes": [0.6194612794612793, 0.09151515151515152, 0.9977777777777778, 0.9977777777777778], "class": 1}