{"image": "6565037e-084c-11ef-9b27-64d2c4ecd148.jpg", "bboxes": [0.33946127946127935, 0.09595959595959597, 1.0, 1.0], "class": 1}