{"image": "6565037e-084c-11ef-9b27-64d2c4ecd148.jpg", "bboxes": [0.24727272727272737, 0.0, 1.0, 0.8608754208754208], "class": 1}