{"image": "6565037e-084c-11ef-9b27-64d2c4ecd148.jpg", "bboxes": [0.0, 0.10040404040404041, 0.36498316498316513, 1.0], "class": 1}