{"image": "6565037e-084c-11ef-9b27-64d2c4ecd148.jpg", "bboxes": [0.25057239057239045, 0.16801346801346806, 1.0, 1.0], "class": 1}