{"image": "6565037e-084c-11ef-9b27-64d2c4ecd148.jpg", "bboxes": [0.0, 0.13690235690235697, 0.353872053872054, 1.0], "class": 1}