{"image": "6565037e-084c-11ef-9b27-64d2c4ecd148.jpg", "bboxes": [0.0, 0.0, 0.6360942760942763, 0.8773737373737374], "class": 1}