{"image": "65bb7830-084c-11ef-9b27-64d2c4ecd148.jpg", "bboxes": [0.0022222222222222365, 0.018922558922558896, 0.4946127946127945, 0.9212794612794613], "class": 1}