{"image": "65bb7830-084c-11ef-9b27-64d2c4ecd148.jpg", "bboxes": [0.32545454545454555, 0.0, 1.0, 0.6746127946127947], "class": 1}