{"image": "65bb7830-084c-11ef-9b27-64d2c4ecd148.jpg", "bboxes": [0.7743434343434344, 0.0, 1.0, 0.8410774410774411], "class": 1}