{"image": "65bb7830-084c-11ef-9b27-64d2c4ecd148.jpg", "bboxes": [0.4410101010101011, 0.02781144781144773, 1.0, 0.9301683501683502], "class": 1}