{"image": "65bb7830-084c-11ef-9b27-64d2c4ecd148.jpg", "bboxes": [0.4565656565656566, 0.1431649831649832, 1.0, 1.0], "class": 1}