{"image": "65bb7830-084c-11ef-9b27-64d2c4ecd148.jpg", "bboxes": [0.23872053872053886, 0.06760942760942763, 0.9323232323232322, 0.96996632996633], "class": 1}