{"image": "65bb7830-084c-11ef-9b27-64d2c4ecd148.jpg", "bboxes": [0.0, 0.15649831649831653, 0.59016835016835, 1.0], "class": 1}