{"image": "65bb7830-084c-11ef-9b27-64d2c4ecd148.jpg", "bboxes": [0.15872053872053887, 0.0, 0.8523232323232323, 0.7677441077441077], "class": 1}