{"image": "65bb7830-084c-11ef-9b27-64d2c4ecd148.jpg", "bboxes": [0.0, 0.1031649831649832, 0.034545454545454456, 0.9977777777777778], "class": 1}