{"image": "65bb7830-084c-11ef-9b27-64d2c4ecd148.jpg", "bboxes": [0.0022222222222222365, 0.029090909090909167, 0.7168350168350166, 0.9314478114478114], "class": 1}