{"image": "65bb7830-084c-11ef-9b27-64d2c4ecd148.jpg", "bboxes": [0.2454545454545456, 0.0, 0.9390572390572389, 0.6655218855218855], "class": 1}