{"image": "65bb7830-084c-11ef-9b27-64d2c4ecd148.jpg", "bboxes": [0.5631649831649833, 0.20760942760942763, 1.0, 1.0], "class": 1}