{"image": "65bb7830-084c-11ef-9b27-64d2c4ecd148.jpg", "bboxes": [0.04538720538720554, 0.0, 0.7389898989898989, 0.7988552188552189], "class": 1}