{"image": "65bb7830-084c-11ef-9b27-64d2c4ecd148.jpg", "bboxes": [0.0, 0.04094276094276097, 0.6523232323232322, 0.9432996632996633], "class": 1}