{"image": "65bb7830-084c-11ef-9b27-64d2c4ecd148.jpg", "bboxes": [0.45872053872053886, 0.19872053872053874, 1.0, 1.0], "class": 1}