{"image": "65bb7830-084c-11ef-9b27-64d2c4ecd148.jpg", "bboxes": [0.6476767676767679, 0.0, 1.0, 0.7723905723905724], "class": 1}