{"image": "65bb7830-084c-11ef-9b27-64d2c4ecd148.jpg", "bboxes": [0.0, 0.17205387205387207, 0.11454545454545445, 1.0], "class": 1}