{"image": "65bb7830-084c-11ef-9b27-64d2c4ecd148.jpg", "bboxes": [0.0, 0.0944781144781145, 0.5123232323232322, 0.9968350168350169], "class": 1}