{"image": "65bb7830-084c-11ef-9b27-64d2c4ecd148.jpg", "bboxes": [0.6943434343434345, 0.0, 0.9977777777777778, 0.6677441077441078], "class": 1}