{"image": "65bb7830-084c-11ef-9b27-64d2c4ecd148.jpg", "bboxes": [0.24760942760942775, 0.21872053872053876, 0.9412121212121212, 0.9977777777777778], "class": 1}