{"image": "65bb7830-084c-11ef-9b27-64d2c4ecd148.jpg", "bboxes": [0.26983164983165, 0.0, 0.9634343434343433, 0.8101683501683501], "class": 1}