{"image": "65bb7830-084c-11ef-9b27-64d2c4ecd148.jpg", "bboxes": [0.02538720538720554, 0.0, 0.7189898989898988, 0.8632996632996633], "class": 1}