{"image": "65bb7830-084c-11ef-9b27-64d2c4ecd148.jpg", "bboxes": [0.5876767676767678, 0.1078114478114478, 1.0, 1.0], "class": 1}