{"image": "65bb7830-084c-11ef-9b27-64d2c4ecd148.jpg", "bboxes": [0.7943434343434345, 0.0022222222222222365, 0.9977777777777778, 0.8123905723905723], "class": 1}