{"image": "65bb7830-084c-11ef-9b27-64d2c4ecd148.jpg", "bboxes": [0.5810101010101011, 0.28114478114478114, 0.9977777777777778, 0.9977777777777778], "class": 1}