{"image": "65bb7830-084c-11ef-9b27-64d2c4ecd148.jpg", "bboxes": [0.11212121212121218, 0.1589225589225589, 0.8057239057239056, 0.9977777777777778], "class": 1}