{"image": "65bb7830-084c-11ef-9b27-64d2c4ecd148.jpg", "bboxes": [0.20538720538720553, 0.0022222222222222365, 0.8989898989898989, 0.8235016835016835], "class": 1}