{"image": "65bb7830-084c-11ef-9b27-64d2c4ecd148.jpg", "bboxes": [0.13656565656565667, 0.0, 0.83016835016835, 0.699057239057239], "class": 1}