{"image": "65bb7830-084c-11ef-9b27-64d2c4ecd148.jpg", "bboxes": [0.09205387205387221, 0.16781144781144774, 0.7856565656565656, 0.9977777777777778], "class": 1}