{"image": "65bb7830-084c-11ef-9b27-64d2c4ecd148.jpg", "bboxes": [0.24760942760942775, 0.12316498316498319, 0.9412121212121212, 1.0], "class": 1}