{"image": "65bb7830-084c-11ef-9b27-64d2c4ecd148.jpg", "bboxes": [0.2632323232323234, 0.038922558922558914, 0.9568350168350167, 0.9412794612794613], "class": 1}