{"image": "65bb7830-084c-11ef-9b27-64d2c4ecd148.jpg", "bboxes": [0.0, 0.3033670033670033, 0.5323232323232322, 0.9977777777777778], "class": 1}