{"image": "65bb7830-084c-11ef-9b27-64d2c4ecd148.jpg", "bboxes": [0.0022222222222222365, 0.08094276094276097, 0.6323905723905723, 0.9832996632996633], "class": 1}