{"image": "65bb7830-084c-11ef-9b27-64d2c4ecd148.jpg", "bboxes": [0.46989898989899004, 0.29649831649831654, 1.0, 1.0], "class": 1}