{"image": "65bb7830-084c-11ef-9b27-64d2c4ecd148.jpg", "bboxes": [0.5787878787878789, 0.0, 0.9977777777777778, 0.8077441077441078], "class": 1}