{"image": "65bb7830-084c-11ef-9b27-64d2c4ecd148.jpg", "bboxes": [0.5164983164983167, 0.15649831649831653, 0.9977777777777778, 0.9977777777777778], "class": 1}