{"image": "65bb7830-084c-11ef-9b27-64d2c4ecd148.jpg", "bboxes": [0.0022222222222222365, 0.2211447811447811, 0.6835016835016834, 0.9977777777777778], "class": 1}