{"image": "65bb7830-084c-11ef-9b27-64d2c4ecd148.jpg", "bboxes": [0.4121212121212122, 0.09225589225589226, 1.0, 0.9946127946127946], "class": 1}