{"image": "65bb7830-084c-11ef-9b27-64d2c4ecd148.jpg", "bboxes": [0.1321212121212122, 0.0, 0.8257239057239056, 0.8188552188552188], "class": 1}