{"image": "65bb7830-084c-11ef-9b27-64d2c4ecd148.jpg", "bboxes": [0.8510437710437712, 0.05353535353535366, 0.9977777777777778, 0.9558922558922558], "class": 1}