{"image": "65bb7830-084c-11ef-9b27-64d2c4ecd148.jpg", "bboxes": [0.05649831649831665, 0.23892255892255887, 0.75010101010101, 0.9977777777777778], "class": 1}