{"image": "65bb7830-084c-11ef-9b27-64d2c4ecd148.jpg", "bboxes": [0.3609427609427611, 0.15205387205387208, 1.0, 1.0], "class": 1}