{"image": "65bb7830-084c-11ef-9b27-64d2c4ecd148.jpg", "bboxes": [0.48323232323232335, 0.0, 0.9977777777777778, 0.6544107744107744], "class": 1}