{"image": "65bb7830-084c-11ef-9b27-64d2c4ecd148.jpg", "bboxes": [0.3920538720538722, 0.0022222222222222365, 0.9977777777777778, 0.6923905723905723], "class": 1}