{"image": "661274aa-084c-11ef-9b27-64d2c4ecd148.jpg", "bboxes": [0.2727946127946129, 0.0, 0.9562962962962961, 0.7483501683501683], "class": 1}