{"image": "661274aa-084c-11ef-9b27-64d2c4ecd148.jpg", "bboxes": [0.24814814814814834, 0.164983164983165, 0.9316498316498315, 0.9966329966329966], "class": 1}