{"image": "661274aa-084c-11ef-9b27-64d2c4ecd148.jpg", "bboxes": [0.9237037037037039, 0.2272053872053872, 1.0, 1.0], "class": 1}