{"image": "661274aa-084c-11ef-9b27-64d2c4ecd148.jpg", "bboxes": [0.8214814814814817, 0.03609427609427607, 1.0, 0.8677441077441077], "class": 1}