{"image": "661274aa-084c-11ef-9b27-64d2c4ecd148.jpg", "bboxes": [0.5637037037037038, 0.0, 1.0, 0.7788552188552188], "class": 1}