{"image": "661274aa-084c-11ef-9b27-64d2c4ecd148.jpg", "bboxes": [0.8103703703703705, 0.20781144781144784, 0.9977777777777778, 0.9977777777777778], "class": 1}