{"image": "661274aa-084c-11ef-9b27-64d2c4ecd148.jpg", "bboxes": [0.37501683501683514, 0.30781144781144787, 1.0, 1.0], "class": 1}