{"image": "661274aa-084c-11ef-9b27-64d2c4ecd148.jpg", "bboxes": [0.32835016835016845, 0.14053872053872052, 1.0, 0.9721885521885522], "class": 1}