{"image": "661274aa-084c-11ef-9b27-64d2c4ecd148.jpg", "bboxes": [0.0022222222222222365, 0.0, 0.4383164983164982, 0.7016835016835017], "class": 1}