{"image": "661274aa-084c-11ef-9b27-64d2c4ecd148.jpg", "bboxes": [0.5459259259259261, 0.3294276094276094, 0.9977777777777778, 0.9977777777777778], "class": 1}