{"image": "661274aa-084c-11ef-9b27-64d2c4ecd148.jpg", "bboxes": [0.303905723905724, 0.40720538720538724, 0.9874074074074073, 1.0], "class": 1}