{"image": "661274aa-084c-11ef-9b27-64d2c4ecd148.jpg", "bboxes": [0.3014814814814817, 0.09609427609427612, 0.9849831649831648, 0.9277441077441078], "class": 1}