{"image": "661274aa-084c-11ef-9b27-64d2c4ecd148.jpg", "bboxes": [0.0, 0.021144781144781178, 0.5807407407407406, 0.8527946127946128], "class": 1}