{"image": "661274aa-084c-11ef-9b27-64d2c4ecd148.jpg", "bboxes": [0.0, 0.061144781144781175, 0.28074074074074057, 0.8927946127946128], "class": 1}