{"image": "661274aa-084c-11ef-9b27-64d2c4ecd148.jpg", "bboxes": [0.0, 0.28720538720538724, 0.365185185185185, 1.0], "class": 1}