{"image": "661274aa-084c-11ef-9b27-64d2c4ecd148.jpg", "bboxes": [0.294814814814815, 0.2811447811447812, 0.9783164983164983, 1.0], "class": 1}