{"image": "661274aa-084c-11ef-9b27-64d2c4ecd148.jpg", "bboxes": [0.5992592592592594, 0.11164983164983167, 1.0, 0.9432996632996633], "class": 1}