{"image": "661274aa-084c-11ef-9b27-64d2c4ecd148.jpg", "bboxes": [0.28148148148148167, 0.18781144781144785, 0.9649831649831648, 0.9977777777777778], "class": 1}