{"image": "661274aa-084c-11ef-9b27-64d2c4ecd148.jpg", "bboxes": [0.0, 0.16781144781144786, 0.3629629629629628, 0.9994612794612795], "class": 1}