{"image": "661274aa-084c-11ef-9b27-64d2c4ecd148.jpg", "bboxes": [0.2416835016835018, 0.08781144781144784, 0.925185185185185, 0.9194612794612794], "class": 1}