{"image": "661274aa-084c-11ef-9b27-64d2c4ecd148.jpg", "bboxes": [0.4725925925925928, 0.0, 1.0, 0.7032996632996633], "class": 1}