{"image": "661274aa-084c-11ef-9b27-64d2c4ecd148.jpg", "bboxes": [0.6792592592592595, 0.0, 0.9977777777777778, 0.6772390572390572], "class": 1}