{"image": "661274aa-084c-11ef-9b27-64d2c4ecd148.jpg", "bboxes": [0.06148148148148169, 0.08276094276094281, 0.7449831649831649, 0.9144107744107743], "class": 1}