{"image": "661274aa-084c-11ef-9b27-64d2c4ecd148.jpg", "bboxes": [0.6350168350168351, 0.0, 0.9977777777777778, 0.6394612794612794], "class": 1}