{"image": "661274aa-084c-11ef-9b27-64d2c4ecd148.jpg", "bboxes": [0.6194612794612796, 0.0, 1.0, 0.635016835016835], "class": 1}