{"image": "661274aa-084c-11ef-9b27-64d2c4ecd148.jpg", "bboxes": [0.0, 0.1722558922558923, 0.30296296296296277, 0.9977777777777778], "class": 1}