{"image": "661274aa-084c-11ef-9b27-64d2c4ecd148.jpg", "bboxes": [0.0, 0.0022222222222222365, 0.24962962962962945, 0.8121885521885521], "class": 1}