{"image": "661274aa-084c-11ef-9b27-64d2c4ecd148.jpg", "bboxes": [0.10814814814814833, 0.0, 0.7916498316498315, 0.76996632996633], "class": 1}