{"image": "661274aa-084c-11ef-9b27-64d2c4ecd148.jpg", "bboxes": [0.5637037037037038, 0.1560942760942761, 0.9977777777777778, 0.9877441077441077], "class": 1}