{"image": "661274aa-084c-11ef-9b27-64d2c4ecd148.jpg", "bboxes": [0.6970370370370372, 0.030033670033670065, 1.0, 0.8616835016835017], "class": 1}