{"image": "661274aa-084c-11ef-9b27-64d2c4ecd148.jpg", "bboxes": [0.03925925925925944, 0.3294276094276094, 0.7227609427609427, 1.0], "class": 1}