{"image": "661274aa-084c-11ef-9b27-64d2c4ecd148.jpg", "bboxes": [0.283905723905724, 0.16781144781144786, 0.9674074074074073, 0.9977777777777778], "class": 1}