{"image": "661274aa-084c-11ef-9b27-64d2c4ecd148.jpg", "bboxes": [0.23037037037037056, 0.0, 0.9138720538720537, 0.7194612794612795], "class": 1}