{"image": "661274aa-084c-11ef-9b27-64d2c4ecd148.jpg", "bboxes": [0.32390572390572403, 0.15447811447811452, 1.0, 0.9861279461279461], "class": 1}