{"image": "661274aa-084c-11ef-9b27-64d2c4ecd148.jpg", "bboxes": [0.0, 0.36942760942760944, 0.5072053872053871, 1.0], "class": 1}