{"image": "661274aa-084c-11ef-9b27-64d2c4ecd148.jpg", "bboxes": [0.0, 0.03447811447811451, 0.676094276094276, 0.8661279461279461], "class": 1}