{"image": "661274aa-084c-11ef-9b27-64d2c4ecd148.jpg", "bboxes": [0.0022222222222222365, 0.3716498316498317, 0.42053872053872043, 0.9977777777777778], "class": 1}