{"image": "661274aa-084c-11ef-9b27-64d2c4ecd148.jpg", "bboxes": [0.5927946127946129, 0.10114478114478118, 0.9977777777777778, 0.9327946127946127], "class": 1}