{"image": "661274aa-084c-11ef-9b27-64d2c4ecd148.jpg", "bboxes": [0.31057239057239067, 0.05831649831649832, 0.9940740740740739, 0.88996632996633], "class": 1}