{"image": "661274aa-084c-11ef-9b27-64d2c4ecd148.jpg", "bboxes": [0.41925925925925944, 0.0, 0.9977777777777778, 0.755016835016835], "class": 1}