{"image": "661274aa-084c-11ef-9b27-64d2c4ecd148.jpg", "bboxes": [0.3505723905723907, 0.14720538720538723, 0.9977777777777778, 0.9788552188552189], "class": 1}