{"image": "661274aa-084c-11ef-9b27-64d2c4ecd148.jpg", "bboxes": [0.0, 0.03609427609427607, 0.676094276094276, 0.8677441077441077], "class": 1}