{"image": "661274aa-084c-11ef-9b27-64d2c4ecd148.jpg", "bboxes": [0.5327946127946129, 0.32053872053872057, 0.9977777777777778, 0.9977777777777778], "class": 1}