{"image": "661274aa-084c-11ef-9b27-64d2c4ecd148.jpg", "bboxes": [0.0022222222222222365, 0.13892255892255895, 0.3916498316498316, 0.9705723905723905], "class": 1}