{"image": "661274aa-084c-11ef-9b27-64d2c4ecd148.jpg", "bboxes": [0.0, 0.21225589225589228, 0.4427609427609427, 1.0], "class": 1}