{"image": "661274aa-084c-11ef-9b27-64d2c4ecd148.jpg", "bboxes": [0.4592592592592595, 0.10276094276094283, 1.0, 0.9344107744107744], "class": 1}