{"image": "661274aa-084c-11ef-9b27-64d2c4ecd148.jpg", "bboxes": [0.9281481481481483, 0.03609427609427607, 0.9977777777777778, 0.8677441077441076], "class": 1}