{"image": "661274aa-084c-11ef-9b27-64d2c4ecd148.jpg", "bboxes": [0.0, 0.20498316498316504, 0.46074074074074056, 1.0], "class": 1}