{"image": "661274aa-084c-11ef-9b27-64d2c4ecd148.jpg", "bboxes": [0.0, 0.2811447811447812, 0.19851851851851834, 1.0], "class": 1}