{"image": "661274aa-084c-11ef-9b27-64d2c4ecd148.jpg", "bboxes": [0.32390572390572403, 0.33003367003367007, 0.9977777777777778, 0.9977777777777778], "class": 1}