{"image": "661274aa-084c-11ef-9b27-64d2c4ecd148.jpg", "bboxes": [0.5125925925925927, 0.0, 1.0, 0.7166329966329966], "class": 1}