{"image": "66692cfa-084c-11ef-9b27-64d2c4ecd148.jpg", "bboxes": [0.38626262626262636, 0.0022222222222222365, 0.9977777777777778, 0.8750841750841751], "class": 1}