{"image": "66692cfa-084c-11ef-9b27-64d2c4ecd148.jpg", "bboxes": [0.9934006734006733, 0.06808080808080808, 1.0, 0.9906397306397307], "class": 1}