{"image": "66692cfa-084c-11ef-9b27-64d2c4ecd148.jpg", "bboxes": [0.0, 0.050303030303030294, 0.6270707070707069, 0.9728619528619529], "class": 1}