{"image": "66692cfa-084c-11ef-9b27-64d2c4ecd148.jpg", "bboxes": [0.21784511784511773, 0.030303030303030276, 0.9181818181818181, 0.9528619528619529], "class": 1}