{"image": "66692cfa-084c-11ef-9b27-64d2c4ecd148.jpg", "bboxes": [0.6222895622895622, 0.25030303030303025, 0.9977777777777778, 0.9977777777777778], "class": 1}