{"image": "66692cfa-084c-11ef-9b27-64d2c4ecd148.jpg", "bboxes": [0.5062626262626264, 0.30585858585858583, 1.0, 1.0], "class": 1}