{"image": "66692cfa-084c-11ef-9b27-64d2c4ecd148.jpg", "bboxes": [0.7756228956228955, 0.0, 1.0, 0.6585858585858586], "class": 1}