{"image": "66692cfa-084c-11ef-9b27-64d2c4ecd148.jpg", "bboxes": [0.0, 0.3858585858585858, 0.2310437710437711, 1.0], "class": 1}