{"image": "66692cfa-084c-11ef-9b27-64d2c4ecd148.jpg", "bboxes": [0.5156228956228955, 0.03252525252525251, 0.9977777777777778, 0.9550841750841751], "class": 1}