{"image": "66692cfa-084c-11ef-9b27-64d2c4ecd148.jpg", "bboxes": [0.0022222222222222365, 0.17824915824915827, 0.46707070707070697, 0.9977777777777778], "class": 1}