{"image": "66692cfa-084c-11ef-9b27-64d2c4ecd148.jpg", "bboxes": [0.0, 0.03919191919191922, 0.36215488215488223, 0.9617508417508417], "class": 1}