{"image": "66692cfa-084c-11ef-9b27-64d2c4ecd148.jpg", "bboxes": [0.0, 0.036969696969696986, 0.36659932659932665, 0.9595286195286196], "class": 1}