{"image": "66692cfa-084c-11ef-9b27-64d2c4ecd148.jpg", "bboxes": [0.0, 0.0, 0.6977104377104377, 0.9096969696969697], "class": 1}