{"image": "66692cfa-084c-11ef-9b27-64d2c4ecd148.jpg", "bboxes": [0.28404040404040415, 0.20936026936026939, 0.9843771043771045, 1.0], "class": 1}