{"image": "66692cfa-084c-11ef-9b27-64d2c4ecd148.jpg", "bboxes": [0.6595959595959597, 0.26808080808080803, 1.0, 1.0], "class": 1}