{"image": "66692cfa-084c-11ef-9b27-64d2c4ecd148.jpg", "bboxes": [0.3556228956228955, 0.0022222222222222365, 0.9977777777777778, 0.8573063973063972], "class": 1}