{"image": "66692cfa-084c-11ef-9b27-64d2c4ecd148.jpg", "bboxes": [0.0, 0.1604713804713805, 0.09993265993266, 1.0], "class": 1}