{"image": "66692cfa-084c-11ef-9b27-64d2c4ecd148.jpg", "bboxes": [0.39562289562289554, 0.3369696969696969, 0.9977777777777778, 0.9977777777777778], "class": 1}