{"image": "66692cfa-084c-11ef-9b27-64d2c4ecd148.jpg", "bboxes": [0.05070707070707082, 0.2115824915824916, 0.7510437710437711, 0.9977777777777778], "class": 1}