{"image": "66692cfa-084c-11ef-9b27-64d2c4ecd148.jpg", "bboxes": [0.6084848484848486, 0.0, 1.0, 0.723030303030303], "class": 1}