{"image": "66692cfa-084c-11ef-9b27-64d2c4ecd148.jpg", "bboxes": [0.0, 0.05919191919191913, 0.011043771043771106, 0.9817508417508417], "class": 1}