{"image": "66692cfa-084c-11ef-9b27-64d2c4ecd148.jpg", "bboxes": [0.30181818181818193, 0.011582491582491595, 0.9977777777777778, 0.9341414141414142], "class": 1}