{"image": "66692cfa-084c-11ef-9b27-64d2c4ecd148.jpg", "bboxes": [0.18181818181818193, 0.014747474747474733, 0.8821548821548822, 0.9373063973063973], "class": 1}