{"image": "66692cfa-084c-11ef-9b27-64d2c4ecd148.jpg", "bboxes": [0.29562289562289557, 0.031582491582491594, 0.9959595959595958, 0.9541414141414142], "class": 1}