{"image": "66692cfa-084c-11ef-9b27-64d2c4ecd148.jpg", "bboxes": [0.0022222222222222365, 0.0, 0.527070707070707, 0.8274747474747475], "class": 1}