{"image": "66692cfa-084c-11ef-9b27-64d2c4ecd148.jpg", "bboxes": [0.17340067340067333, 0.0, 0.8737373737373736, 0.8408080808080808], "class": 1}