{"image": "66692cfa-084c-11ef-9b27-64d2c4ecd148.jpg", "bboxes": [0.024040404040404154, 0.0, 0.7243771043771045, 0.8874747474747475], "class": 1}