{"image": "66692cfa-084c-11ef-9b27-64d2c4ecd148.jpg", "bboxes": [0.0, 0.20141414141414138, 0.1888215488215489, 1.0], "class": 1}