{"image": "66692cfa-084c-11ef-9b27-64d2c4ecd148.jpg", "bboxes": [0.0, 0.30808080808080807, 0.1910437710437711, 0.9977777777777778], "class": 1}