{"image": "66692cfa-084c-11ef-9b27-64d2c4ecd148.jpg", "bboxes": [0.2645117845117845, 0.0, 0.9648484848484847, 0.7808080808080808], "class": 1}