{"image": "66692cfa-084c-11ef-9b27-64d2c4ecd148.jpg", "bboxes": [0.03737373737373749, 0.0, 0.7377104377104378, 0.9074747474747475], "class": 1}