{"image": "66692cfa-084c-11ef-9b27-64d2c4ecd148.jpg", "bboxes": [0.44626262626262636, 0.18936026936026937, 1.0, 1.0], "class": 1}