{"image": "66692cfa-084c-11ef-9b27-64d2c4ecd148.jpg", "bboxes": [0.0484848484848486, 0.12491582491582492, 0.7488215488215488, 0.9977777777777778], "class": 1}