{"image": "66692cfa-084c-11ef-9b27-64d2c4ecd148.jpg", "bboxes": [0.7889562289562289, 0.15030303030303027, 0.9977777777777778, 0.9977777777777778], "class": 1}