{"image": "66692cfa-084c-11ef-9b27-64d2c4ecd148.jpg", "bboxes": [0.9667340067340067, 0.0, 0.9977777777777778, 0.9096969696969697], "class": 1}