{"image": "66692cfa-084c-11ef-9b27-64d2c4ecd148.jpg", "bboxes": [0.041818181818181935, 0.26047138047138046, 0.7421548821548822, 1.0], "class": 1}