{"image": "66692cfa-084c-11ef-9b27-64d2c4ecd148.jpg", "bboxes": [0.07737373737373748, 0.0, 0.7777104377104378, 0.8439730639730639], "class": 1}