{"image": "66692cfa-084c-11ef-9b27-64d2c4ecd148.jpg", "bboxes": [0.13117845117845117, 0.0, 0.8315151515151514, 0.823030303030303], "class": 1}