{"image": "66692cfa-084c-11ef-9b27-64d2c4ecd148.jpg", "bboxes": [0.7045117845117845, 0.2582491582491583, 1.0, 1.0], "class": 1}