{"image": "66692cfa-084c-11ef-9b27-64d2c4ecd148.jpg", "bboxes": [0.18228956228956228, 0.2836363636363636, 0.8826262626262625, 0.9977777777777778], "class": 1}