{"image": "66692cfa-084c-11ef-9b27-64d2c4ecd148.jpg", "bboxes": [0.03340067340067332, 0.020471380471380484, 0.7337373737373736, 0.9430303030303031], "class": 1}