{"image": "66692cfa-084c-11ef-9b27-64d2c4ecd148.jpg", "bboxes": [0.11562289562289552, 0.0, 0.8159595959595959, 0.8173063973063973], "class": 1}