{"image": "66692cfa-084c-11ef-9b27-64d2c4ecd148.jpg", "bboxes": [0.0, 0.019191919191919204, 0.51993265993266, 0.9417508417508418], "class": 1}