{"image": "66692cfa-084c-11ef-9b27-64d2c4ecd148.jpg", "bboxes": [0.0, 0.1626936026936027, 0.5754882154882156, 1.0], "class": 1}