{"image": "66692cfa-084c-11ef-9b27-64d2c4ecd148.jpg", "bboxes": [0.5395959595959597, 0.31252525252525254, 1.0, 1.0], "class": 1}