{"image": "66bf47fc-084c-11ef-9b27-64d2c4ecd148.jpg", "bboxes": [0.0, 0.402087542087542, 0.4025589225589228, 0.9977777777777778], "class": 1}