{"image": "66bf47fc-084c-11ef-9b27-64d2c4ecd148.jpg", "bboxes": [0.82, 0.0, 0.9977777777777778, 0.5512457912457912], "class": 1}