{"image": "6715ac32-084c-11ef-9b27-64d2c4ecd148.jpg", "bboxes": [0.165117845117845, 0.2793939393939395, 0.7543434343434344, 0.9325925925925926], "class": 1}