{"image": "6715ac32-084c-11ef-9b27-64d2c4ecd148.jpg", "bboxes": [0.10565656565656556, 0.030505050505050615, 0.694882154882155, 0.6837037037037037], "class": 1}