{"image": "6715ac32-084c-11ef-9b27-64d2c4ecd148.jpg", "bboxes": [0.0, 0.3985185185185185, 0.23932659932659944, 1.0], "class": 1}