{"image": "6715ac32-084c-11ef-9b27-64d2c4ecd148.jpg", "bboxes": [0.0, 0.3593939393939395, 0.5876767676767678, 1.0], "class": 1}