{"image": "6715ac32-084c-11ef-9b27-64d2c4ecd148.jpg", "bboxes": [0.7945454545454544, 0.0696296296296296, 0.9977777777777778, 0.7228282828282827], "class": 1}