{"image": "6715ac32-084c-11ef-9b27-64d2c4ecd148.jpg", "bboxes": [0.4367676767676767, 0.14161616161616172, 0.9977777777777778, 0.7948148148148149], "class": 1}