{"image": "6715ac32-084c-11ef-9b27-64d2c4ecd148.jpg", "bboxes": [0.0022222222222222365, 0.3393939393939395, 0.22989898989898994, 0.9925925925925926], "class": 1}