{"image": "6715ac32-084c-11ef-9b27-64d2c4ecd148.jpg", "bboxes": [0.6028956228956228, 0.29717171717171725, 1.0, 0.9503703703703704], "class": 1}