{"image": "6715ac32-084c-11ef-9b27-64d2c4ecd148.jpg", "bboxes": [0.6984511784511783, 0.034074074074074034, 0.9977777777777778, 0.6872727272727271], "class": 1}