{"image": "6715ac32-084c-11ef-9b27-64d2c4ecd148.jpg", "bboxes": [0.0, 0.5051851851851852, 0.050437710437710545, 1.0], "class": 1}