{"image": "6715ac32-084c-11ef-9b27-64d2c4ecd148.jpg", "bboxes": [0.5673400673400673, 0.051851851851851816, 1.0, 0.7050505050505049], "class": 1}