{"image": "6715ac32-084c-11ef-9b27-64d2c4ecd148.jpg", "bboxes": [0.5206734006734006, 0.3193939393939395, 1.0, 0.9725925925925927], "class": 1}