{"image": "6715ac32-084c-11ef-9b27-64d2c4ecd148.jpg", "bboxes": [0.425117845117845, 0.0, 0.9977777777777778, 0.5148148148148148], "class": 1}