{"image": "6715ac32-084c-11ef-9b27-64d2c4ecd148.jpg", "bboxes": [0.24121212121212113, 0.0, 0.8304377104377105, 0.5481481481481482], "class": 1}