{"image": "6715ac32-084c-11ef-9b27-64d2c4ecd148.jpg", "bboxes": [0.7723232323232322, 0.24962962962962953, 0.9977777777777778, 0.9028282828282828], "class": 1}