{"image": "6715ac32-084c-11ef-9b27-64d2c4ecd148.jpg", "bboxes": [0.0022222222222222365, 0.30518518518518517, 0.10545454545454558, 0.9583838383838382], "class": 1}