{"image": "6715ac32-084c-11ef-9b27-64d2c4ecd148.jpg", "bboxes": [0.33010101010101, 0.45851851851851844, 0.9193265993265994, 1.0], "class": 1}