{"image": "6715ac32-084c-11ef-9b27-64d2c4ecd148.jpg", "bboxes": [0.44734006734006726, 0.0, 0.9977777777777778, 0.6214814814814815], "class": 1}