{"image": "6715ac32-084c-11ef-9b27-64d2c4ecd148.jpg", "bboxes": [0.6762289562289561, 0.2718518518518518, 1.0, 0.9250505050505049], "class": 1}