{"image": "6715ac32-084c-11ef-9b27-64d2c4ecd148.jpg", "bboxes": [0.0, 0.11272727272727284, 0.15656565656565669, 0.765925925925926], "class": 1}