{"image": "6715ac32-084c-11ef-9b27-64d2c4ecd148.jpg", "bboxes": [0.2212121212121211, 0.4016161616161617, 0.8104377104377105, 1.0], "class": 1}