{"image": "6715ac32-084c-11ef-9b27-64d2c4ecd148.jpg", "bboxes": [0.7428956228956226, 0.3851851851851852, 0.9977777777777778, 0.9977777777777778], "class": 1}