{"image": "6715ac32-084c-11ef-9b27-64d2c4ecd148.jpg", "bboxes": [0.0, 0.49185185185185176, 0.174882154882155, 0.9977777777777778], "class": 1}