{"image": "6715ac32-084c-11ef-9b27-64d2c4ecd148.jpg", "bboxes": [0.2028956228956228, 0.0, 0.7921212121212122, 0.5303703703703704], "class": 1}