{"image": "6715ac32-084c-11ef-9b27-64d2c4ecd148.jpg", "bboxes": [0.3962289562289561, 0.24828282828282838, 0.9854545454545456, 0.9014814814814816], "class": 1}