{"image": "6715ac32-084c-11ef-9b27-64d2c4ecd148.jpg", "bboxes": [0.19454545454545447, 0.254074074074074, 0.7837710437710439, 0.9072727272727271], "class": 1}