{"image": "6715ac32-084c-11ef-9b27-64d2c4ecd148.jpg", "bboxes": [0.0, 0.1718518518518518, 0.08989898989899003, 0.8250505050505049], "class": 1}