{"image": "6715ac32-084c-11ef-9b27-64d2c4ecd148.jpg", "bboxes": [0.0, 0.24161616161616173, 0.17932659932659945, 0.8948148148148148], "class": 1}