{"image": "6715ac32-084c-11ef-9b27-64d2c4ecd148.jpg", "bboxes": [0.2917845117845117, 0.3362962962962962, 0.8810101010101011, 0.9894949494949494], "class": 1}