{"image": "6715ac32-084c-11ef-9b27-64d2c4ecd148.jpg", "bboxes": [0.4762289562289561, 0.0, 1.0, 0.5103703703703704], "class": 1}