{"image": "6715ac32-084c-11ef-9b27-64d2c4ecd148.jpg", "bboxes": [0.9812121212121211, 0.04383838383838395, 0.9977777777777778, 0.6970370370370371], "class": 1}