{"image": "6715ac32-084c-11ef-9b27-64d2c4ecd148.jpg", "bboxes": [0.23676767676767668, 0.3118518518518518, 0.8259932659932661, 0.9650505050505049], "class": 1}