{"image": "6715ac32-084c-11ef-9b27-64d2c4ecd148.jpg", "bboxes": [0.2473400673400672, 0.22161616161616174, 0.8365656565656566, 0.8748148148148148], "class": 1}