{"image": "6715ac32-084c-11ef-9b27-64d2c4ecd148.jpg", "bboxes": [0.01622895622895615, 0.0, 0.6054545454545455, 0.6392592592592593], "class": 1}