{"image": "6715ac32-084c-11ef-9b27-64d2c4ecd148.jpg", "bboxes": [0.8945454545454544, 0.2162962962962962, 1.0, 0.8694949494949493], "class": 1}