{"image": "6715ac32-084c-11ef-9b27-64d2c4ecd148.jpg", "bboxes": [0.9367676767676767, 0.15629629629629627, 1.0, 0.8094949494949494], "class": 1}