{"image": "6715ac32-084c-11ef-9b27-64d2c4ecd148.jpg", "bboxes": [0.0, 0.13185185185185178, 0.46154882154882165, 0.785050505050505], "class": 1}