{"image": "6715ac32-084c-11ef-9b27-64d2c4ecd148.jpg", "bboxes": [0.0022222222222222365, 0.1985185185185184, 0.3298989898989901, 0.8517171717171717], "class": 1}