{"image": "6715ac32-084c-11ef-9b27-64d2c4ecd148.jpg", "bboxes": [0.2834343434343433, 0.18740740740740736, 0.8726599326599328, 0.8406060606060605], "class": 1}