{"image": "6715ac32-084c-11ef-9b27-64d2c4ecd148.jpg", "bboxes": [0.0022222222222222365, 0.39050505050505063, 0.5187878787878788, 0.9977777777777778], "class": 1}