{"image": "6715ac32-084c-11ef-9b27-64d2c4ecd148.jpg", "bboxes": [0.0, 0.34383838383838394, 0.38821548821548835, 0.997037037037037], "class": 1}