{"image": "6715ac32-084c-11ef-9b27-64d2c4ecd148.jpg", "bboxes": [0.9540067340067339, 0.14383838383838396, 1.0, 0.7970370370370371], "class": 1}