{"image": "6715ac32-084c-11ef-9b27-64d2c4ecd148.jpg", "bboxes": [0.15232323232323222, 0.0, 0.7415488215488216, 0.5614814814814815], "class": 1}