{"image": "6715ac32-084c-11ef-9b27-64d2c4ecd148.jpg", "bboxes": [0.0, 0.11494949494949507, 0.49265993265993274, 0.7681481481481481], "class": 1}