{"image": "6715ac32-084c-11ef-9b27-64d2c4ecd148.jpg", "bboxes": [0.3028956228956228, 0.502962962962963, 0.8921212121212122, 0.9977777777777778], "class": 1}