{"image": "6715ac32-084c-11ef-9b27-64d2c4ecd148.jpg", "bboxes": [0.01010101010101001, 0.0393939393939395, 0.5993265993265995, 0.6925925925925926], "class": 1}