{"image": "6715ac32-084c-11ef-9b27-64d2c4ecd148.jpg", "bboxes": [0.0, 0.18074074074074065, 0.18821548821548834, 0.8339393939393939], "class": 1}