{"image": "6715ac32-084c-11ef-9b27-64d2c4ecd148.jpg", "bboxes": [0.0022222222222222365, 0.11851851851851847, 0.25656565656565666, 0.7717171717171716], "class": 1}