{"image": "6715ac32-084c-11ef-9b27-64d2c4ecd148.jpg", "bboxes": [0.0, 0.05272727272727284, 0.565993265993266, 0.705925925925926], "class": 1}