{"image": "6715ac32-084c-11ef-9b27-64d2c4ecd148.jpg", "bboxes": [0.0022222222222222365, 0.4829629629629629, 0.027676767676767744, 0.9977777777777778], "class": 1}