{"image": "6715ac32-084c-11ef-9b27-64d2c4ecd148.jpg", "bboxes": [0.11454545454545445, 0.5362962962962963, 0.7037710437710438, 0.9977777777777778], "class": 1}