{"image": "6715ac32-084c-11ef-9b27-64d2c4ecd148.jpg", "bboxes": [0.11010101010101, 0.48962962962962964, 0.6993265993265995, 0.9977777777777778], "class": 1}