{"image": "6715ac32-084c-11ef-9b27-64d2c4ecd148.jpg", "bboxes": [0.10067340067340058, 0.3505050505050506, 0.68989898989899, 1.0], "class": 1}