{"image": "6715ac32-084c-11ef-9b27-64d2c4ecd148.jpg", "bboxes": [0.8834343434343433, 0.0, 1.0, 0.5414814814814816], "class": 1}