{"image": "6715ac32-084c-11ef-9b27-64d2c4ecd148.jpg", "bboxes": [0.12289562289562284, 0.09272727272727284, 0.7121212121212122, 0.745925925925926], "class": 1}