{"image": "6715ac32-084c-11ef-9b27-64d2c4ecd148.jpg", "bboxes": [0.0, 0.24296296296296294, 0.3276767676767678, 0.896161616161616], "class": 1}