{"image": "6715ac32-084c-11ef-9b27-64d2c4ecd148.jpg", "bboxes": [0.44067340067340055, 0.06518518518518512, 1.0, 0.7183838383838383], "class": 1}