{"image": "6715ac32-084c-11ef-9b27-64d2c4ecd148.jpg", "bboxes": [0.3012121212121211, 0.3918518518518518, 0.8904377104377106, 0.9977777777777778], "class": 1}