{"image": "6715ac32-084c-11ef-9b27-64d2c4ecd148.jpg", "bboxes": [0.6606734006734005, 0.39629629629629626, 1.0, 1.0], "class": 1}