{"image": "6715ac32-084c-11ef-9b27-64d2c4ecd148.jpg", "bboxes": [0.0, 0.10296296296296292, 0.47656565656565664, 0.756161616161616], "class": 1}