{"image": "6715ac32-084c-11ef-9b27-64d2c4ecd148.jpg", "bboxes": [0.0, 0.08606060606060617, 0.2971043771043772, 0.7392592592592593], "class": 1}