{"image": "676cc4fe-084c-11ef-9b27-64d2c4ecd148.jpg", "bboxes": [0.1471380471380472, 0.31878787878787884, 0.8104377104377105, 1.0], "class": 1}