{"image": "676cc4fe-084c-11ef-9b27-64d2c4ecd148.jpg", "bboxes": [0.5382491582491583, 0.0, 1.0, 0.768956228956229], "class": 1}