{"image": "676cc4fe-084c-11ef-9b27-64d2c4ecd148.jpg", "bboxes": [0.12289562289562284, 0.0022222222222222365, 0.7861952861952861, 0.7456565656565657], "class": 1}