{"image": "676cc4fe-084c-11ef-9b27-64d2c4ecd148.jpg", "bboxes": [0.31400673400673385, 0.062154882154882185, 0.9773063973063972, 0.9678787878787879], "class": 1}