{"image": "676cc4fe-084c-11ef-9b27-64d2c4ecd148.jpg", "bboxes": [0.05380471380471388, 0.11993265993265999, 0.7171043771043772, 0.9977777777777778], "class": 1}