{"image": "676cc4fe-084c-11ef-9b27-64d2c4ecd148.jpg", "bboxes": [0.5184511784511783, 0.0, 1.0, 0.7089562289562289], "class": 1}