{"image": "676cc4fe-084c-11ef-9b27-64d2c4ecd148.jpg", "bboxes": [0.009360269360269437, 0.045454545454545484, 0.6726599326599327, 0.9511784511784511], "class": 1}