{"image": "676cc4fe-084c-11ef-9b27-64d2c4ecd148.jpg", "bboxes": [0.6582491582491583, 0.0, 0.9977777777777778, 0.9045117845117845], "class": 1}