{"image": "676cc4fe-084c-11ef-9b27-64d2c4ecd148.jpg", "bboxes": [0.26269360269360276, 0.2565656565656566, 0.9259932659932661, 1.0], "class": 1}