{"image": "676cc4fe-084c-11ef-9b27-64d2c4ecd148.jpg", "bboxes": [0.0, 0.04215488215488217, 0.394882154882155, 0.9478787878787879], "class": 1}