{"image": "676cc4fe-084c-11ef-9b27-64d2c4ecd148.jpg", "bboxes": [0.8338047138047139, 0.0, 1.0, 0.7334006734006734], "class": 1}