{"image": "676cc4fe-084c-11ef-9b27-64d2c4ecd148.jpg", "bboxes": [0.0, 0.0022222222222222365, 0.41488215488215496, 0.8878787878787878], "class": 1}