{"image": "676cc4fe-084c-11ef-9b27-64d2c4ecd148.jpg", "bboxes": [0.6026936026936027, 0.0022222222222222365, 0.9977777777777778, 0.8856565656565656], "class": 1}