{"image": "676cc4fe-084c-11ef-9b27-64d2c4ecd148.jpg", "bboxes": [0.7560269360269362, 0.22323232323232325, 0.9977777777777778, 0.9977777777777778], "class": 1}