{"image": "676cc4fe-084c-11ef-9b27-64d2c4ecd148.jpg", "bboxes": [0.17602693602693611, 0.0, 0.8393265993265995, 0.84006734006734], "class": 1}