{"image": "676cc4fe-084c-11ef-9b27-64d2c4ecd148.jpg", "bboxes": [0.9026936026936028, 0.32437710437710443, 1.0, 1.0], "class": 1}