{"image": "676cc4fe-084c-11ef-9b27-64d2c4ecd148.jpg", "bboxes": [0.0, 0.3298989898989899, 0.6504377104377106, 0.9977777777777778], "class": 1}