{"image": "676cc4fe-084c-11ef-9b27-64d2c4ecd148.jpg", "bboxes": [0.0, 0.3054545454545455, 0.41932659932659944, 0.9977777777777778], "class": 1}