{"image": "676cc4fe-084c-11ef-9b27-64d2c4ecd148.jpg", "bboxes": [0.3360269360269361, 0.14659932659932662, 0.9993265993265994, 1.0], "class": 1}