{"image": "676cc4fe-084c-11ef-9b27-64d2c4ecd148.jpg", "bboxes": [0.0, 0.15548821548821556, 0.3459932659932661, 1.0], "class": 1}