{"image": "676cc4fe-084c-11ef-9b27-64d2c4ecd148.jpg", "bboxes": [0.0022222222222222365, 0.3354882154882155, 0.3217508417508417, 0.9977777777777778], "class": 1}