{"image": "676cc4fe-084c-11ef-9b27-64d2c4ecd148.jpg", "bboxes": [0.16289562289562276, 0.0, 0.8261952861952861, 0.6534006734006733], "class": 1}