{"image": "676cc4fe-084c-11ef-9b27-64d2c4ecd148.jpg", "bboxes": [0.9226936026936028, 0.0, 0.9977777777777778, 0.8867340067340067], "class": 1}