{"image": "676cc4fe-084c-11ef-9b27-64d2c4ecd148.jpg", "bboxes": [0.38289562289562273, 0.33771043771043774, 1.0, 1.0], "class": 1}