{"image": "676cc4fe-084c-11ef-9b27-64d2c4ecd148.jpg", "bboxes": [0.3871380471380472, 0.2365656565656566, 1.0, 1.0], "class": 1}