{"image": "676cc4fe-084c-11ef-9b27-64d2c4ecd148.jpg", "bboxes": [0.124915824915825, 0.0, 0.7882154882154884, 0.8523232323232323], "class": 1}