{"image": "676cc4fe-084c-11ef-9b27-64d2c4ecd148.jpg", "bboxes": [0.8893602693602695, 0.0, 1.0, 0.7822895622895623], "class": 1}