{"image": "676cc4fe-084c-11ef-9b27-64d2c4ecd148.jpg", "bboxes": [0.8915824915824917, 0.0, 1.0, 0.6578451178451178], "class": 1}