{"image": "676cc4fe-084c-11ef-9b27-64d2c4ecd148.jpg", "bboxes": [0.884915824915825, 0.021010101010101038, 1.0, 0.9267340067340066], "class": 1}