{"image": "676cc4fe-084c-11ef-9b27-64d2c4ecd148.jpg", "bboxes": [0.4206734006734005, 0.13548821548821555, 0.9977777777777778, 0.9977777777777778], "class": 1}