{"image": "676cc4fe-084c-11ef-9b27-64d2c4ecd148.jpg", "bboxes": [0.0, 0.019932659932660024, 0.4371043771043772, 0.9256565656565656], "class": 1}