{"image": "676cc4fe-084c-11ef-9b27-64d2c4ecd148.jpg", "bboxes": [0.0, 0.2954882154882155, 0.3571043771043772, 0.9977777777777778], "class": 1}