{"image": "676cc4fe-084c-11ef-9b27-64d2c4ecd148.jpg", "bboxes": [0.4428956228956228, 0.3110437710437711, 0.9977777777777778, 0.9977777777777778], "class": 1}