{"image": "676cc4fe-084c-11ef-9b27-64d2c4ecd148.jpg", "bboxes": [0.0022222222222222365, 0.2254545454545455, 0.06619528619528614, 0.9977777777777778], "class": 1}