{"image": "676cc4fe-084c-11ef-9b27-64d2c4ecd148.jpg", "bboxes": [0.6004713804713806, 0.0, 1.0, 0.8478787878787879], "class": 1}