{"image": "676cc4fe-084c-11ef-9b27-64d2c4ecd148.jpg", "bboxes": [0.0022222222222222365, 0.0, 0.36841750841750837, 0.8845117845117845], "class": 1}