{"image": "676cc4fe-084c-11ef-9b27-64d2c4ecd148.jpg", "bboxes": [0.0, 0.3177104377104377, 0.4037710437710439, 1.0], "class": 1}