{"image": "676cc4fe-084c-11ef-9b27-64d2c4ecd148.jpg", "bboxes": [0.20936026936026944, 0.0, 0.8726599326599328, 0.7967676767676768], "class": 1}