{"image": "676cc4fe-084c-11ef-9b27-64d2c4ecd148.jpg", "bboxes": [0.0022222222222222365, 0.24545454545454548, 0.5861952861952862, 0.9977777777777778], "class": 1}