{"image": "676cc4fe-084c-11ef-9b27-64d2c4ecd148.jpg", "bboxes": [0.0022222222222222365, 0.11771043771043777, 0.2328619528619528, 0.9977777777777778], "class": 1}