{"image": "676cc4fe-084c-11ef-9b27-64d2c4ecd148.jpg", "bboxes": [0.525117845117845, 0.32659932659932667, 1.0, 1.0], "class": 1}