{"image": "676cc4fe-084c-11ef-9b27-64d2c4ecd148.jpg", "bboxes": [0.1917845117845117, 0.23993265993266, 0.855084175084175, 0.9977777777777778], "class": 1}