{"image": "676cc4fe-084c-11ef-9b27-64d2c4ecd148.jpg", "bboxes": [0.7004713804713806, 0.0, 0.9977777777777778, 0.8111784511784511], "class": 1}