{"image": "67c2cfb6-084c-11ef-9b27-64d2c4ecd148.jpg", "bboxes": [0.9484175084175084, 0.03946127946127954, 0.9977777777777778, 0.9977777777777778], "class": 1}