{"image": "67c2cfb6-084c-11ef-9b27-64d2c4ecd148.jpg", "bboxes": [0.7573063973063973, 0.0, 1.0, 0.9405387205387205], "class": 1}