{"image": "67c2cfb6-084c-11ef-9b27-64d2c4ecd148.jpg", "bboxes": [0.09286195286195278, 0.13946127946127954, 0.9884848484848489, 1.0], "class": 1}