{"image": "67c2cfb6-084c-11ef-9b27-64d2c4ecd148.jpg", "bboxes": [0.5084175084175083, 0.07683501683501692, 1.0, 1.0], "class": 1}