{"image": "67c2cfb6-084c-11ef-9b27-64d2c4ecd148.jpg", "bboxes": [0.2661952861952861, 0.0022222222222222365, 0.9977777777777778, 0.9672053872053872], "class": 1}