{"image": "67c2cfb6-084c-11ef-9b27-64d2c4ecd148.jpg", "bboxes": [0.09818181818181781, 0.0022222222222222365, 0.9938047138047139, 0.8805387205387205], "class": 1}