{"image": "67c2cfb6-084c-11ef-9b27-64d2c4ecd148.jpg", "bboxes": [0.04707070707070671, 0.0, 0.9426936026936028, 1.0], "class": 1}