{"image": "67c2cfb6-084c-11ef-9b27-64d2c4ecd148.jpg", "bboxes": [0.9106397306397306, 0.0, 0.9977777777777778, 0.8942760942760942], "class": 1}