{"image": "67c2cfb6-084c-11ef-9b27-64d2c4ecd148.jpg", "bboxes": [0.0, 0.1861279461279462, 0.7426936026936029, 1.0], "class": 1}