{"image": "67c2cfb6-084c-11ef-9b27-64d2c4ecd148.jpg", "bboxes": [0.017306397306397228, 0.0, 0.9129292929292933, 0.8672053872053871], "class": 1}