{"image": "67c2cfb6-084c-11ef-9b27-64d2c4ecd148.jpg", "bboxes": [0.0, 0.08572390572390587, 0.5538047138047139, 1.0], "class": 1}