{"image": "67c2cfb6-084c-11ef-9b27-64d2c4ecd148.jpg", "bboxes": [0.3373063973063972, 0.0, 0.9977777777777778, 0.9431649831649831], "class": 1}