{"image": "67c2cfb6-084c-11ef-9b27-64d2c4ecd148.jpg", "bboxes": [0.02619528619528612, 0.06127946127946138, 0.9218181818181822, 0.9977777777777778], "class": 1}