{"image": "67c2cfb6-084c-11ef-9b27-64d2c4ecd148.jpg", "bboxes": [0.0022222222222222365, 0.0022222222222222365, 0.44491582491582504, 0.9805387205387204], "class": 1}