{"image": "67c2cfb6-084c-11ef-9b27-64d2c4ecd148.jpg", "bboxes": [0.0022222222222222365, 0.0022222222222222365, 0.864915824915825, 0.8316498316498315], "class": 1}