{"image": "67c2cfb6-084c-11ef-9b27-64d2c4ecd148.jpg", "bboxes": [0.006195286195286118, 0.0, 0.9018181818181822, 0.8783164983164983], "class": 1}