{"image": "67c2cfb6-084c-11ef-9b27-64d2c4ecd148.jpg", "bboxes": [0.12707070707070667, 0.023905723905723986, 0.9977777777777778, 0.9977777777777778], "class": 1}