{"image": "67c2cfb6-084c-11ef-9b27-64d2c4ecd148.jpg", "bboxes": [0.0, 0.021683501683501763, 0.784915824915825, 1.0], "class": 1}