{"image": "681998b4-084c-11ef-9b27-64d2c4ecd148.jpg", "bboxes": [0.3478787878787878, 0.1584511784511784, 1.0, 1.0], "class": 1}