{"image": "681998b4-084c-11ef-9b27-64d2c4ecd148.jpg", "bboxes": [0.0022222222222222365, 0.0022222222222222365, 0.16545454545454552, 0.779057239057239], "class": 1}