{"image": "681998b4-084c-11ef-9b27-64d2c4ecd148.jpg", "bboxes": [0.2278787878787878, 0.042895622895622765, 1.0, 1.0], "class": 1}