{"image": "681998b4-084c-11ef-9b27-64d2c4ecd148.jpg", "bboxes": [0.23010101010101, 0.0, 1.0, 0.7923905723905723], "class": 1}