{"image": "681998b4-084c-11ef-9b27-64d2c4ecd148.jpg", "bboxes": [0.8167676767676767, 0.16094276094276103, 1.0, 1.0], "class": 1}