{"image": "681998b4-084c-11ef-9b27-64d2c4ecd148.jpg", "bboxes": [0.1278787878787878, 0.0, 1.0, 0.8635016835016834], "class": 1}