{"image": "681998b4-084c-11ef-9b27-64d2c4ecd148.jpg", "bboxes": [0.3256565656565656, 0.11845117845117836, 0.9977777777777778, 0.9977777777777778], "class": 1}