{"image": "681998b4-084c-11ef-9b27-64d2c4ecd148.jpg", "bboxes": [0.21454545454545446, 0.1964983164983166, 0.9977777777777778, 0.9977777777777778], "class": 1}