{"image": "681998b4-084c-11ef-9b27-64d2c4ecd148.jpg", "bboxes": [0.23676767676767668, 0.05178451178451171, 1.0, 1.0], "class": 1}