{"image": "681998b4-084c-11ef-9b27-64d2c4ecd148.jpg", "bboxes": [0.6989898989898989, 0.0, 0.9977777777777778, 0.9926599326599328], "class": 1}