{"image": "681998b4-084c-11ef-9b27-64d2c4ecd148.jpg", "bboxes": [0.7789898989898989, 0.09845117845117834, 1.0, 1.0], "class": 1}