{"image": "681998b4-084c-11ef-9b27-64d2c4ecd148.jpg", "bboxes": [0.0, 0.18067340067340054, 0.7454545454545456, 1.0], "class": 1}