{"image": "681998b4-084c-11ef-9b27-64d2c4ecd148.jpg", "bboxes": [0.7034343434343433, 0.15622895622895616, 1.0, 1.0], "class": 1}