{"image": "681998b4-084c-11ef-9b27-64d2c4ecd148.jpg", "bboxes": [0.0589898989898989, 0.14289562289562277, 0.9512457912457911, 0.9977777777777778], "class": 1}