{"image": "681998b4-084c-11ef-9b27-64d2c4ecd148.jpg", "bboxes": [0.3789898989898989, 0.036228956228956166, 0.9977777777777778, 0.9977777777777778], "class": 1}