{"image": "681998b4-084c-11ef-9b27-64d2c4ecd148.jpg", "bboxes": [0.18121212121212113, 0.036498316498316585, 1.0, 1.0], "class": 1}