{"image": "681998b4-084c-11ef-9b27-64d2c4ecd148.jpg", "bboxes": [0.1131986531986533, 0.1387205387205388, 0.9977777777777778, 0.9977777777777778], "class": 1}