{"image": "681998b4-084c-11ef-9b27-64d2c4ecd148.jpg", "bboxes": [0.0022222222222222365, 0.1876094276094277, 0.6343434343434344, 0.9977777777777778], "class": 1}