{"image": "681998b4-084c-11ef-9b27-64d2c4ecd148.jpg", "bboxes": [0.5967676767676767, 0.0022222222222222365, 0.9977777777777778, 0.8301683501683501], "class": 1}