{"image": "681998b4-084c-11ef-9b27-64d2c4ecd148.jpg", "bboxes": [0.5345454545454544, 0.025387205387205476, 0.9977777777777778, 0.9977777777777778], "class": 1}