{"image": "681998b4-084c-11ef-9b27-64d2c4ecd148.jpg", "bboxes": [0.6012121212121211, 0.15427609427609437, 1.0, 1.0], "class": 1}