{"image": "681998b4-084c-11ef-9b27-64d2c4ecd148.jpg", "bboxes": [0.018989898989898897, 0.0, 0.9112457912457911, 1.0], "class": 1}