{"image": "681998b4-084c-11ef-9b27-64d2c4ecd148.jpg", "bboxes": [0.0022222222222222365, 0.0022222222222222365, 0.40101010101010115, 0.8879461279461278], "class": 1}