{"image": "681998b4-084c-11ef-9b27-64d2c4ecd148.jpg", "bboxes": [0.01232323232323223, 0.0, 0.9045791245791245, 0.9215488215488217], "class": 1}