{"image": "681998b4-084c-11ef-9b27-64d2c4ecd148.jpg", "bboxes": [0.44343434343434335, 0.10511784511784505, 1.0, 1.0], "class": 1}