{"image": "687020a8-084c-11ef-9b27-64d2c4ecd148.jpg", "bboxes": [0.06282828282828279, 0.1952188552188553, 0.9685521885521888, 1.0], "class": 1}