{"image": "687020a8-084c-11ef-9b27-64d2c4ecd148.jpg", "bboxes": [0.825050505050505, 0.0, 1.0, 0.8422222222222222], "class": 1}