{"image": "687020a8-084c-11ef-9b27-64d2c4ecd148.jpg", "bboxes": [0.0022222222222222365, 0.19111111111111112, 0.15494949494949492, 0.9977777777777778], "class": 1}