{"image": "687020a8-084c-11ef-9b27-64d2c4ecd148.jpg", "bboxes": [0.0, 0.08444444444444443, 0.8438383838383838, 1.0], "class": 1}