{"image": "687020a8-084c-11ef-9b27-64d2c4ecd148.jpg", "bboxes": [0.20949494949494946, 0.15744107744107752, 0.9977777777777778, 0.9977777777777778], "class": 1}