{"image": "687020a8-084c-11ef-9b27-64d2c4ecd148.jpg", "bboxes": [0.9806060606060606, 0.053333333333333344, 1.0, 1.0], "class": 1}