{"image": "687020a8-084c-11ef-9b27-64d2c4ecd148.jpg", "bboxes": [0.0, 0.11744107744107753, 0.6793939393939394, 1.0], "class": 1}