{"image": "687020a8-084c-11ef-9b27-64d2c4ecd148.jpg", "bboxes": [0.029225589225588933, 0.0, 0.934949494949495, 0.9777777777777777], "class": 1}