{"image": "687020a8-084c-11ef-9b27-64d2c4ecd148.jpg", "bboxes": [0.6294949494949494, 0.0, 1.0, 0.9355555555555556], "class": 1}