{"image": "687020a8-084c-11ef-9b27-64d2c4ecd148.jpg", "bboxes": [0.365050505050505, 0.011111111111111072, 1.0, 1.0], "class": 1}