{"image": "687020a8-084c-11ef-9b27-64d2c4ecd148.jpg", "bboxes": [0.6428282828282827, 0.046666666666666634, 1.0, 1.0], "class": 1}