{"image": "687020a8-084c-11ef-9b27-64d2c4ecd148.jpg", "bboxes": [0.7894949494949495, 0.06855218855218864, 0.9977777777777778, 0.9977777777777778], "class": 1}