{"image": "687020a8-084c-11ef-9b27-64d2c4ecd148.jpg", "bboxes": [0.07616161616161611, 0.07777777777777772, 0.9818855218855221, 0.9977777777777778], "class": 1}