{"image": "687020a8-084c-11ef-9b27-64d2c4ecd148.jpg", "bboxes": [0.14922558922558893, 0.0022222222222222365, 0.9977777777777778, 0.8114478114478114], "class": 1}