{"image": "687020a8-084c-11ef-9b27-64d2c4ecd148.jpg", "bboxes": [0.265050505050505, 0.0022222222222222365, 0.9977777777777778, 0.8803367003367002], "class": 1}