{"image": "687020a8-084c-11ef-9b27-64d2c4ecd148.jpg", "bboxes": [0.0, 0.05111111111111111, 0.2838383838383839, 1.0], "class": 1}