{"image": "687020a8-084c-11ef-9b27-64d2c4ecd148.jpg", "bboxes": [0.07838383838383833, 0.0022222222222222365, 0.9841077441077444, 0.9892255892255891], "class": 1}