{"image": "687020a8-084c-11ef-9b27-64d2c4ecd148.jpg", "bboxes": [0.15838383838383835, 0.0, 0.9977777777777778, 0.8377777777777777], "class": 1}