{"image": "687020a8-084c-11ef-9b27-64d2c4ecd148.jpg", "bboxes": [0.3317171717171717, 0.0955555555555555, 0.9977777777777778, 0.9977777777777778], "class": 1}