{"image": "687020a8-084c-11ef-9b27-64d2c4ecd148.jpg", "bboxes": [0.0, 0.1241077441077442, 0.8752188552188556, 1.0], "class": 1}