{"image": "687020a8-084c-11ef-9b27-64d2c4ecd148.jpg", "bboxes": [0.0, 0.0444444444444444, 0.6527272727272728, 1.0], "class": 1}