{"image": "687020a8-084c-11ef-9b27-64d2c4ecd148.jpg", "bboxes": [0.3361616161616161, 0.022222222222222254, 1.0, 1.0], "class": 1}