{"image": "687020a8-084c-11ef-9b27-64d2c4ecd148.jpg", "bboxes": [0.41838383838383836, 0.13299663299663309, 1.0, 1.0], "class": 1}