{"image": "687020a8-084c-11ef-9b27-64d2c4ecd148.jpg", "bboxes": [0.14727272727272722, 0.0, 1.0, 0.8977777777777778], "class": 1}