{"image": "687020a8-084c-11ef-9b27-64d2c4ecd148.jpg", "bboxes": [0.0, 0.12444444444444447, 0.2860606060606061, 1.0], "class": 1}