{"image": "687020a8-084c-11ef-9b27-64d2c4ecd148.jpg", "bboxes": [0.0, 0.06666666666666665, 0.7482828282828283, 1.0], "class": 1}