{"image": "687020a8-084c-11ef-9b27-64d2c4ecd148.jpg", "bboxes": [0.10282828282828278, 0.024107744107744192, 0.9977777777777778, 0.9977777777777778], "class": 1}