{"image": "687020a8-084c-11ef-9b27-64d2c4ecd148.jpg", "bboxes": [0.16060606060606056, 0.0, 0.9977777777777778, 0.9777777777777777], "class": 1}