{"image": "687020a8-084c-11ef-9b27-64d2c4ecd148.jpg", "bboxes": [0.0022222222222222365, 0.06666666666666665, 0.16161616161616166, 0.9977777777777778], "class": 1}