{"image": "691d8748-084c-11ef-9b27-64d2c4ecd148.jpg", "bboxes": [0.2421548821548822, 0.07696969696969701, 0.8818855218855222, 0.8715824915824917], "class": 1}