{"image": "691d8748-084c-11ef-9b27-64d2c4ecd148.jpg", "bboxes": [0.0022222222222222365, 0.07030303030303034, 0.028956228956228847, 0.864915824915825], "class": 1}