{"image": "691d8748-084c-11ef-9b27-64d2c4ecd148.jpg", "bboxes": [0.65993265993266, 0.07063973063973061, 1.0, 0.8652525252525252], "class": 1}