{"image": "691d8748-084c-11ef-9b27-64d2c4ecd148.jpg", "bboxes": [0.7021548821548822, 0.015084175084175033, 0.9977777777777778, 0.8096969696969697], "class": 1}