{"image": "691d8748-084c-11ef-9b27-64d2c4ecd148.jpg", "bboxes": [0.0, 0.043636363636363674, 0.48006734006734, 0.8382491582491584], "class": 1}