{"image": "691d8748-084c-11ef-9b27-64d2c4ecd148.jpg", "bboxes": [0.0, 0.256969696969697, 0.5085521885521889, 0.9977777777777778], "class": 1}