{"image": "691d8748-084c-11ef-9b27-64d2c4ecd148.jpg", "bboxes": [0.04437710437710444, 0.2880808080808081, 0.6841077441077444, 0.9977777777777778], "class": 1}