{"image": "691d8748-084c-11ef-9b27-64d2c4ecd148.jpg", "bboxes": [0.9665993265993267, 0.095084175084175, 0.9977777777777778, 0.8896969696969695], "class": 1}