{"image": "691d8748-084c-11ef-9b27-64d2c4ecd148.jpg", "bboxes": [0.0, 0.07952861952861945, 0.4907744107744111, 0.8741414141414142], "class": 1}