{"image": "691d8748-084c-11ef-9b27-64d2c4ecd148.jpg", "bboxes": [0.0, 0.30175084175084166, 0.48855218855218885, 0.9977777777777778], "class": 1}