{"image": "691d8748-084c-11ef-9b27-64d2c4ecd148.jpg", "bboxes": [0.6070033670033669, 0.0, 0.9977777777777778, 0.6626936026936028], "class": 1}