{"image": "691d8748-084c-11ef-9b27-64d2c4ecd148.jpg", "bboxes": [0.6865993265993267, 0.0, 0.9977777777777778, 0.7938047138047138], "class": 1}