{"image": "691d8748-084c-11ef-9b27-64d2c4ecd148.jpg", "bboxes": [0.7554882154882155, 0.33952861952861946, 1.0, 1.0], "class": 1}