{"image": "691d8748-084c-11ef-9b27-64d2c4ecd148.jpg", "bboxes": [0.44255892255892226, 0.3039730639730639, 1.0, 1.0], "class": 1}