{"image": "691d8748-084c-11ef-9b27-64d2c4ecd148.jpg", "bboxes": [0.6732659932659933, 0.050639730639730596, 0.9977777777777778, 0.8452525252525251], "class": 1}