{"image": "691d8748-084c-11ef-9b27-64d2c4ecd148.jpg", "bboxes": [0.013670033670033388, 0.3458585858585859, 0.6534006734006733, 0.9977777777777778], "class": 1}