{"image": "691d8748-084c-11ef-9b27-64d2c4ecd148.jpg", "bboxes": [0.33548821548821556, 0.06808080808080812, 0.9752188552188555, 0.8626936026936027], "class": 1}