{"image": "691d8748-084c-11ef-9b27-64d2c4ecd148.jpg", "bboxes": [0.15326599326599333, 0.35286195286195277, 0.7929966329966333, 1.0], "class": 1}