{"image": "691d8748-084c-11ef-9b27-64d2c4ecd148.jpg", "bboxes": [0.0022222222222222365, 0.09696969696969701, 0.3356228956228956, 0.8915824915824917], "class": 1}