{"image": "691d8748-084c-11ef-9b27-64d2c4ecd148.jpg", "bboxes": [0.9510437710437711, 0.043973063973063886, 0.9977777777777778, 0.8385858585858587], "class": 1}