{"image": "691d8748-084c-11ef-9b27-64d2c4ecd148.jpg", "bboxes": [0.0022222222222222365, 0.12363636363636368, 0.42895622895622887, 0.9182491582491583], "class": 1}