{"image": "691d8748-084c-11ef-9b27-64d2c4ecd148.jpg", "bboxes": [0.1510437710437711, 0.32141414141414143, 0.7907744107744111, 0.9977777777777778], "class": 1}