{"image": "691d8748-084c-11ef-9b27-64d2c4ecd148.jpg", "bboxes": [0.46033670033670004, 0.0, 1.0, 0.7515824915824917], "class": 1}