{"image": "691d8748-084c-11ef-9b27-64d2c4ecd148.jpg", "bboxes": [0.1914478114478111, 0.19474747474747478, 0.8311784511784511, 0.9893602693602694], "class": 1}