{"image": "691d8748-084c-11ef-9b27-64d2c4ecd148.jpg", "bboxes": [0.36215488215488223, 0.1658585858585859, 0.9977777777777778, 0.9604713804713806], "class": 1}