{"image": "691d8748-084c-11ef-9b27-64d2c4ecd148.jpg", "bboxes": [0.5665993265993267, 0.0022222222222222365, 0.9977777777777778, 0.7674747474747474], "class": 1}