{"image": "691d8748-084c-11ef-9b27-64d2c4ecd148.jpg", "bboxes": [0.0022222222222222365, 0.14175084175084163, 0.5845117845117844, 0.9363636363636363], "class": 1}