{"image": "691d8748-084c-11ef-9b27-64d2c4ecd148.jpg", "bboxes": [0.0, 0.3928619528619528, 0.12006734006733999, 1.0], "class": 1}