{"image": "691d8748-084c-11ef-9b27-64d2c4ecd148.jpg", "bboxes": [0.27144781144781116, 0.12808080808080813, 0.9111784511784511, 0.9226936026936028], "class": 1}