{"image": "691d8748-084c-11ef-9b27-64d2c4ecd148.jpg", "bboxes": [0.8821548821548822, 0.0, 1.0, 0.684915824915825], "class": 1}