{"image": "691d8748-084c-11ef-9b27-64d2c4ecd148.jpg", "bboxes": [0.0022222222222222365, 0.34619528619528617, 0.5845117845117844, 0.9977777777777778], "class": 1}