{"image": "691d8748-084c-11ef-9b27-64d2c4ecd148.jpg", "bboxes": [0.4510437710437711, 0.24141414141414144, 1.0, 1.0], "class": 1}