{"image": "691d8748-084c-11ef-9b27-64d2c4ecd148.jpg", "bboxes": [0.0, 0.3284175084175084, 0.13562289562289553, 1.0], "class": 1}