{"image": "691d8748-084c-11ef-9b27-64d2c4ecd148.jpg", "bboxes": [0.02659932659932666, 0.1395286195286195, 0.6663299663299667, 0.9341414141414142], "class": 1}