{"image": "691d8748-084c-11ef-9b27-64d2c4ecd148.jpg", "bboxes": [0.19548821548821554, 0.19030303030303033, 0.8352188552188555, 0.984915824915825], "class": 1}