{"image": "691d8748-084c-11ef-9b27-64d2c4ecd148.jpg", "bboxes": [0.13326599326599334, 0.3684175084175083, 0.7729966329966333, 1.0], "class": 1}