{"image": "691d8748-084c-11ef-9b27-64d2c4ecd148.jpg", "bboxes": [0.0, 0.0, 0.6067340067340067, 0.6515824915824917], "class": 1}