{"image": "691d8748-084c-11ef-9b27-64d2c4ecd148.jpg", "bboxes": [0.21589225589225558, 0.22808080808080813, 0.8556228956228955, 1.0], "class": 1}