{"image": "691d8748-084c-11ef-9b27-64d2c4ecd148.jpg", "bboxes": [0.13548821548821555, 0.17919191919191924, 0.7752188552188555, 0.9738047138047139], "class": 1}