{"image": "691d8748-084c-11ef-9b27-64d2c4ecd148.jpg", "bboxes": [0.34700336700336665, 0.31030303030303036, 0.9867340067340067, 1.0], "class": 1}