{"image": "6973ae48-084c-11ef-9b27-64d2c4ecd148.jpg", "bboxes": [0.9936026936026938, 0.0022222222222222365, 0.9977777777777778, 0.7321885521885522], "class": 1}