{"image": "6973ae48-084c-11ef-9b27-64d2c4ecd148.jpg", "bboxes": [0.7204713804713805, 0.0, 1.0, 0.80996632996633], "class": 1}