{"image": "6973ae48-084c-11ef-9b27-64d2c4ecd148.jpg", "bboxes": [0.6760269360269361, 0.0, 1.0, 0.6893602693602694], "class": 1}