{"image": "6973ae48-084c-11ef-9b27-64d2c4ecd148.jpg", "bboxes": [0.002491582491582752, 0.28841750841750835, 0.595084175084175, 1.0], "class": 1}