{"image": "6973ae48-084c-11ef-9b27-64d2c4ecd148.jpg", "bboxes": [0.0022222222222222365, 0.20781144781144784, 0.30861952861952835, 0.9977777777777778], "class": 1}