{"image": "6973ae48-084c-11ef-9b27-64d2c4ecd148.jpg", "bboxes": [0.0022222222222222365, 0.3261952861952861, 0.3308417508417506, 0.9977777777777778], "class": 1}