{"image": "6973ae48-084c-11ef-9b27-64d2c4ecd148.jpg", "bboxes": [0.34915824915824945, 0.0, 0.9417508417508417, 0.6477441077441077], "class": 1}