{"image": "6973ae48-084c-11ef-9b27-64d2c4ecd148.jpg", "bboxes": [0.0, 0.2973063973063972, 0.3417508417508417, 0.9977777777777778], "class": 1}