{"image": "6973ae48-084c-11ef-9b27-64d2c4ecd148.jpg", "bboxes": [0.33360269360269384, 0.0, 0.9261952861952861, 0.7671380471380472], "class": 1}