{"image": "6973ae48-084c-11ef-9b27-64d2c4ecd148.jpg", "bboxes": [0.4958249158249161, 0.03730639730639718, 0.9977777777777778, 0.8588552188552188], "class": 1}