{"image": "6973ae48-084c-11ef-9b27-64d2c4ecd148.jpg", "bboxes": [0.7226936026936027, 0.0, 0.9977777777777778, 0.7760269360269361], "class": 1}