{"image": "6973ae48-084c-11ef-9b27-64d2c4ecd148.jpg", "bboxes": [0.10693602693602719, 0.07730639730639721, 0.6995286195286194, 0.8988552188552188], "class": 1}