{"image": "6973ae48-084c-11ef-9b27-64d2c4ecd148.jpg", "bboxes": [0.22693602693602719, 0.21447811447811452, 0.8195286195286194, 0.9977777777777778], "class": 1}