{"image": "6973ae48-084c-11ef-9b27-64d2c4ecd148.jpg", "bboxes": [0.3115824915824916, 0.16114478114478117, 0.904175084175084, 0.9826936026936027], "class": 1}