{"image": "6973ae48-084c-11ef-9b27-64d2c4ecd148.jpg", "bboxes": [0.31824915824915834, 0.07892255892255895, 0.9108417508417506, 0.9004713804713805], "class": 1}