{"image": "6973ae48-084c-11ef-9b27-64d2c4ecd148.jpg", "bboxes": [0.0, 0.0, 0.5797306397306394, 0.7832996632996633], "class": 1}