{"image": "6973ae48-084c-11ef-9b27-64d2c4ecd148.jpg", "bboxes": [0.9069360269360272, 0.0, 0.9977777777777778, 0.7915824915824916], "class": 1}