{"image": "6973ae48-084c-11ef-9b27-64d2c4ecd148.jpg", "bboxes": [0.0, 0.11730639730639725, 0.02417508417508396, 0.9388552188552188], "class": 1}