{"image": "6973ae48-084c-11ef-9b27-64d2c4ecd148.jpg", "bboxes": [0.060471380471380565, 0.0022222222222222365, 0.6530639730639728, 0.7566329966329965], "class": 1}