{"image": "6973ae48-084c-11ef-9b27-64d2c4ecd148.jpg", "bboxes": [0.20713804713804718, 0.25063973063973055, 0.7997306397306393, 0.9977777777777778], "class": 1}