{"image": "6973ae48-084c-11ef-9b27-64d2c4ecd148.jpg", "bboxes": [0.0, 0.07892255892255895, 0.5617508417508417, 0.9004713804713805], "class": 1}