{"image": "6973ae48-084c-11ef-9b27-64d2c4ecd148.jpg", "bboxes": [0.4202693602693605, 0.0, 1.0, 0.7188552188552189], "class": 1}