{"image": "6973ae48-084c-11ef-9b27-64d2c4ecd148.jpg", "bboxes": [0.0, 0.043973063973063886, 0.5284175084175083, 0.8655218855218855], "class": 1}