{"image": "6973ae48-084c-11ef-9b27-64d2c4ecd148.jpg", "bboxes": [0.36693602693602717, 0.31286195286195273, 0.9595286195286195, 0.9977777777777778], "class": 1}