{"image": "6973ae48-084c-11ef-9b27-64d2c4ecd148.jpg", "bboxes": [0.0, 0.14558922558922563, 0.3239730639730639, 0.9671380471380472], "class": 1}