{"image": "6973ae48-084c-11ef-9b27-64d2c4ecd148.jpg", "bboxes": [0.9558249158249161, 0.18175084175084166, 1.0, 1.0], "class": 1}