{"image": "6973ae48-084c-11ef-9b27-64d2c4ecd148.jpg", "bboxes": [0.17602693602693606, 0.0, 0.7686195286195283, 0.8004713804713806], "class": 1}