{"image": "6973ae48-084c-11ef-9b27-64d2c4ecd148.jpg", "bboxes": [0.7513804713804716, 0.0022222222222222365, 0.9977777777777778, 0.7832996632996634], "class": 1}