{"image": "6973ae48-084c-11ef-9b27-64d2c4ecd148.jpg", "bboxes": [0.0022222222222222365, 0.0, 0.3508417508417506, 0.7804713804713805], "class": 1}