{"image": "6973ae48-084c-11ef-9b27-64d2c4ecd148.jpg", "bboxes": [0.0, 0.2728619528619528, 0.2930639730639728, 1.0], "class": 1}