{"image": "6973ae48-084c-11ef-9b27-64d2c4ecd148.jpg", "bboxes": [0.08026936026936053, 0.13892255892255895, 0.6728619528619528, 0.9604713804713806], "class": 1}