{"image": "6973ae48-084c-11ef-9b27-64d2c4ecd148.jpg", "bboxes": [0.22269360269360272, 0.0, 0.8152861952861951, 0.8026936026936028], "class": 1}