{"image": "6973ae48-084c-11ef-9b27-64d2c4ecd148.jpg", "bboxes": [0.4760269360269361, 0.10114478114478118, 0.9977777777777778, 0.9226936026936028], "class": 1}