{"image": "6973ae48-084c-11ef-9b27-64d2c4ecd148.jpg", "bboxes": [0.7824915824915828, 0.3995286195286194, 1.0, 1.0], "class": 1}