{"image": "6973ae48-084c-11ef-9b27-64d2c4ecd148.jpg", "bboxes": [0.5558249158249161, 0.0, 1.0, 0.784915824915825], "class": 1}