{"image": "6973ae48-084c-11ef-9b27-64d2c4ecd148.jpg", "bboxes": [0.36249158249158275, 0.16558922558922562, 0.955084175084175, 0.9871380471380472], "class": 1}