{"image": "6973ae48-084c-11ef-9b27-64d2c4ecd148.jpg", "bboxes": [0.0, 0.16841750841750835, 0.18861952861952835, 0.9899663299663299], "class": 1}