{"image": "6973ae48-084c-11ef-9b27-64d2c4ecd148.jpg", "bboxes": [0.14026936026936054, 0.38397306397306386, 0.7328619528619528, 0.9977777777777778], "class": 1}