{"image": "6973ae48-084c-11ef-9b27-64d2c4ecd148.jpg", "bboxes": [0.0, 0.3455892255892256, 0.37063973063973055, 1.0], "class": 1}