{"image": "6973ae48-084c-11ef-9b27-64d2c4ecd148.jpg", "bboxes": [0.7426936026936029, 0.3233670033670034, 1.0, 1.0], "class": 1}