{"image": "6973ae48-084c-11ef-9b27-64d2c4ecd148.jpg", "bboxes": [0.0, 0.0, 0.5173063973063973, 0.7426936026936027], "class": 1}