{"image": "6973ae48-084c-11ef-9b27-64d2c4ecd148.jpg", "bboxes": [0.6515824915824917, 0.31508417508417497, 1.0, 1.0], "class": 1}