{"image": "69ca9366-084c-11ef-9b27-64d2c4ecd148.jpg", "bboxes": [0.04720538720538722, 0.0022222222222222365, 0.6330639730639733, 0.7705723905723906], "class": 1}