{"image": "69ca9366-084c-11ef-9b27-64d2c4ecd148.jpg", "bboxes": [0.39804713804713776, 0.11609427609427611, 0.9839057239057238, 0.9073400673400672], "class": 1}