{"image": "69ca9366-084c-11ef-9b27-64d2c4ecd148.jpg", "bboxes": [0.0, 0.15387205387205388, 0.38390572390572386, 0.945117845117845], "class": 1}