{"image": "69ca9366-084c-11ef-9b27-64d2c4ecd148.jpg", "bboxes": [0.5916498316498316, 0.25831649831649833, 1.0, 1.0], "class": 1}