{"image": "69ca9366-084c-11ef-9b27-64d2c4ecd148.jpg", "bboxes": [0.02942760942760944, 0.07043771043771052, 0.6152861952861955, 0.8616835016835017], "class": 1}