{"image": "69ca9366-084c-11ef-9b27-64d2c4ecd148.jpg", "bboxes": [0.7069360269360268, 0.35043771043771055, 1.0, 1.0], "class": 1}