{"image": "69ca9366-084c-11ef-9b27-64d2c4ecd148.jpg", "bboxes": [0.0, 0.28154882154882166, 0.3483501683501683, 1.0], "class": 1}