{"image": "69ca9366-084c-11ef-9b27-64d2c4ecd148.jpg", "bboxes": [0.05804713804713779, 0.0, 0.6439057239057239, 0.6628956228956228], "class": 1}