{"image": "69ca9366-084c-11ef-9b27-64d2c4ecd148.jpg", "bboxes": [0.16942760942760945, 0.10276094276094278, 0.7552861952861956, 0.8940067340067339], "class": 1}