{"image": "69ca9366-084c-11ef-9b27-64d2c4ecd148.jpg", "bboxes": [0.44915824915824887, 0.144983164983165, 1.0, 0.9362289562289561], "class": 1}