{"image": "69ca9366-084c-11ef-9b27-64d2c4ecd148.jpg", "bboxes": [0.2338720538720539, 0.0022222222222222365, 0.81973063973064, 0.7505723905723906], "class": 1}