{"image": "69ca9366-084c-11ef-9b27-64d2c4ecd148.jpg", "bboxes": [0.7516498316498317, 0.19932659932659946, 1.0, 0.9905723905723905], "class": 1}