{"image": "69ca9366-084c-11ef-9b27-64d2c4ecd148.jpg", "bboxes": [0.031649831649831664, 0.18154882154882168, 0.6175084175084178, 0.9727946127946128], "class": 1}