{"image": "69ca9366-084c-11ef-9b27-64d2c4ecd148.jpg", "bboxes": [0.06276094276094278, 0.0, 0.6486195286195289, 0.7216835016835017], "class": 1}