{"image": "69ca9366-084c-11ef-9b27-64d2c4ecd148.jpg", "bboxes": [0.23360269360269337, 0.21609427609427612, 0.8194612794612794, 0.9977777777777778], "class": 1}