{"image": "69ca9366-084c-11ef-9b27-64d2c4ecd148.jpg", "bboxes": [0.6580471380471378, 0.022760942760942777, 0.9977777777777778, 0.8140067340067338], "class": 1}