{"image": "69ca9366-084c-11ef-9b27-64d2c4ecd148.jpg", "bboxes": [0.5672053872053873, 0.0, 1.0, 0.7439057239057238], "class": 1}