{"image": "69ca9366-084c-11ef-9b27-64d2c4ecd148.jpg", "bboxes": [0.8094276094276095, 0.0, 0.9977777777777778, 0.7384511784511784], "class": 1}