{"image": "69ca9366-084c-11ef-9b27-64d2c4ecd148.jpg", "bboxes": [0.1713804713804712, 0.05831649831649833, 0.7572390572390573, 0.8495622895622894], "class": 1}