{"image": "69ca9366-084c-11ef-9b27-64d2c4ecd148.jpg", "bboxes": [0.9027609427609428, 0.29488215488215497, 1.0, 1.0], "class": 1}