{"image": "69ca9366-084c-11ef-9b27-64d2c4ecd148.jpg", "bboxes": [0.4360942760942761, 0.0, 0.9977777777777778, 0.6806734006734005], "class": 1}