{"image": "69ca9366-084c-11ef-9b27-64d2c4ecd148.jpg", "bboxes": [0.8783164983164984, 0.0022222222222222365, 0.9977777777777778, 0.7261279461279463], "class": 1}