{"image": "69ca9366-084c-11ef-9b27-64d2c4ecd148.jpg", "bboxes": [0.5805387205387206, 0.1272053872053872, 0.9977777777777778, 0.9184511784511783], "class": 1}