{"image": "69ca9366-084c-11ef-9b27-64d2c4ecd148.jpg", "bboxes": [0.0022222222222222365, 0.12053872053872056, 0.29723905723905714, 0.9117845117845117], "class": 1}