{"image": "69ca9366-084c-11ef-9b27-64d2c4ecd148.jpg", "bboxes": [0.1024915824915823, 0.1637710437710439, 0.6883501683501683, 0.955016835016835], "class": 1}