{"image": "69ca9366-084c-11ef-9b27-64d2c4ecd148.jpg", "bboxes": [0.0, 0.1326599326599328, 0.5819528619528622, 0.9239057239057239], "class": 1}