{"image": "69ca9366-084c-11ef-9b27-64d2c4ecd148.jpg", "bboxes": [0.6247138047138044, 0.32599326599326606, 1.0, 1.0], "class": 1}