{"image": "69ca9366-084c-11ef-9b27-64d2c4ecd148.jpg", "bboxes": [0.6938720538720539, 0.16821548821548837, 1.0, 0.9594612794612795], "class": 1}