{"image": "69ca9366-084c-11ef-9b27-64d2c4ecd148.jpg", "bboxes": [0.0, 0.214882154882155, 0.47723905723905724, 1.0], "class": 1}