{"image": "69ca9366-084c-11ef-9b27-64d2c4ecd148.jpg", "bboxes": [0.3491582491582489, 0.040538720538720555, 0.935016835016835, 0.8317845117845116], "class": 1}