{"image": "69ca9366-084c-11ef-9b27-64d2c4ecd148.jpg", "bboxes": [0.0022222222222222365, 0.11488215488215503, 0.3083501683501684, 0.9061279461279461], "class": 1}