{"image": "69ca9366-084c-11ef-9b27-64d2c4ecd148.jpg", "bboxes": [0.42915824915824896, 0.1360942760942761, 0.9977777777777778, 0.9273400673400672], "class": 1}