{"image": "69ca9366-084c-11ef-9b27-64d2c4ecd148.jpg", "bboxes": [0.0, 0.364983164983165, 0.23057239057239054, 1.0], "class": 1}