{"image": "69ca9366-084c-11ef-9b27-64d2c4ecd148.jpg", "bboxes": [0.0, 0.3104377104377105, 0.28168350168350165, 1.0], "class": 1}