{"image": "69ca9366-084c-11ef-9b27-64d2c4ecd148.jpg", "bboxes": [0.14942760942760944, 0.3859932659932661, 0.7352861952861955, 1.0], "class": 1}