{"image": "69ca9366-084c-11ef-9b27-64d2c4ecd148.jpg", "bboxes": [0.0, 0.3827609427609428, 0.49057239057239055, 1.0], "class": 1}