{"image": "69ca9366-084c-11ef-9b27-64d2c4ecd148.jpg", "bboxes": [0.7538720538720539, 0.2560942760942761, 1.0, 1.0], "class": 1}