{"image": "69ca9366-084c-11ef-9b27-64d2c4ecd148.jpg", "bboxes": [0.39831649831649835, 0.25710437710437717, 0.9841750841750844, 1.0], "class": 1}