{"image": "69ca9366-084c-11ef-9b27-64d2c4ecd148.jpg", "bboxes": [0.7316498316498317, 0.39710437710437724, 0.9977777777777778, 0.9977777777777778], "class": 1}