{"image": "69ca9366-084c-11ef-9b27-64d2c4ecd148.jpg", "bboxes": [0.40471380471380447, 0.0, 0.9905723905723905, 0.6562289562289562], "class": 1}