{"image": "69ca9366-084c-11ef-9b27-64d2c4ecd148.jpg", "bboxes": [0.0, 0.1872053872053872, 0.3994612794612794, 0.9784511784511783], "class": 1}