{"image": "69ca9366-084c-11ef-9b27-64d2c4ecd148.jpg", "bboxes": [0.0, 0.0027609427609427764, 0.5530639730639733, 0.7940067340067339], "class": 1}