{"image": "69ca9366-084c-11ef-9b27-64d2c4ecd148.jpg", "bboxes": [0.9072053872053872, 0.1760942760942761, 1.0, 0.9673400673400673], "class": 1}