{"image": "69ca9366-084c-11ef-9b27-64d2c4ecd148.jpg", "bboxes": [0.37138047138047114, 0.3482154882154883, 0.9572390572390572, 1.0], "class": 1}