{"image": "6a77371a-084c-11ef-9b27-64d2c4ecd148.jpg", "bboxes": [0.74983164983165, 0.2022222222222222, 0.9977777777777778, 0.9977777777777778], "class": 1}