{"image": "6a77371a-084c-11ef-9b27-64d2c4ecd148.jpg", "bboxes": [0.19973063973063943, 0.26121212121212123, 0.91016835016835, 0.9977777777777778], "class": 1}