{"image": "6a77371a-084c-11ef-9b27-64d2c4ecd148.jpg", "bboxes": [0.4308417508417506, 0.21111111111111114, 0.9977777777777778, 0.9977777777777778], "class": 1}