{"image": "6a77371a-084c-11ef-9b27-64d2c4ecd148.jpg", "bboxes": [0.0022222222222222365, 0.2367676767676768, 0.34127946127946107, 0.9977777777777778], "class": 1}