{"image": "6a77371a-084c-11ef-9b27-64d2c4ecd148.jpg", "bboxes": [0.0, 0.14787878787878792, 0.22915824915824942, 0.9977777777777778], "class": 1}