{"image": "6a77371a-084c-11ef-9b27-64d2c4ecd148.jpg", "bboxes": [0.555286195286195, 0.07232323232323236, 0.9977777777777778, 0.9511111111111111], "class": 1}