{"image": "6a77371a-084c-11ef-9b27-64d2c4ecd148.jpg", "bboxes": [0.0022222222222222365, 0.14888888888888885, 0.7035016835016833, 0.9977777777777778], "class": 1}