{"image": "6a77371a-084c-11ef-9b27-64d2c4ecd148.jpg", "bboxes": [0.13973063973063948, 0.0022222222222222365, 0.85016835016835, 0.7054545454545454], "class": 1}