{"image": "6ace3966-084c-11ef-9b27-64d2c4ecd148.jpg", "bboxes": [0.6516498316498318, 0.07797979797979798, 1.0, 1.0], "class": 1}