{"image": "6ace3966-084c-11ef-9b27-64d2c4ecd148.jpg", "bboxes": [0.7393939393939396, 0.0022222222222222365, 0.9977777777777778, 0.6643097643097642], "class": 1}