{"image": "6ace3966-084c-11ef-9b27-64d2c4ecd148.jpg", "bboxes": [0.0, 0.15353535353535355, 0.15629629629629663, 1.0], "class": 1}