{"image": "6ace3966-084c-11ef-9b27-64d2c4ecd148.jpg", "bboxes": [0.21481481481481446, 0.0, 0.9977777777777778, 0.9127946127946128], "class": 1}