{"image": "6ace3966-084c-11ef-9b27-64d2c4ecd148.jpg", "bboxes": [0.0022222222222222365, 0.04276094276094278, 0.015016835016834928, 0.9686868686868687], "class": 1}