{"image": "6ace3966-084c-11ef-9b27-64d2c4ecd148.jpg", "bboxes": [0.313872053872054, 0.02276094276094276, 0.9977777777777778, 0.9486868686868687], "class": 1}