{"image": "6ace3966-084c-11ef-9b27-64d2c4ecd148.jpg", "bboxes": [0.05164983164983179, 0.09609427609427612, 0.84962962962963, 0.9977777777777778], "class": 1}