{"image": "6ace3966-084c-11ef-9b27-64d2c4ecd148.jpg", "bboxes": [0.06370370370370337, 0.0022222222222222365, 0.8616835016835017, 0.6331313131313131], "class": 1}