{"image": "6ace3966-084c-11ef-9b27-64d2c4ecd148.jpg", "bboxes": [0.7614814814814812, 0.013872053872053924, 1.0, 0.9397979797979797], "class": 1}