{"image": "6ace3966-084c-11ef-9b27-64d2c4ecd148.jpg", "bboxes": [0.35925925925925895, 0.28053872053872053, 0.9977777777777778, 0.9977777777777778], "class": 1}