{"image": "6ace3966-084c-11ef-9b27-64d2c4ecd148.jpg", "bboxes": [0.8405387205387207, 0.24909090909090909, 1.0, 1.0], "class": 1}