{"image": "6ace3966-084c-11ef-9b27-64d2c4ecd148.jpg", "bboxes": [0.8214814814814811, 0.0027609427609427417, 0.9977777777777778, 0.9286868686868687], "class": 1}