{"image": "6ace3966-084c-11ef-9b27-64d2c4ecd148.jpg", "bboxes": [0.0, 0.32686868686868686, 0.7518518518518522, 0.9977777777777778], "class": 1}