{"image": "6ace3966-084c-11ef-9b27-64d2c4ecd148.jpg", "bboxes": [0.0, 0.004646464646464652, 0.31851851851851887, 0.9305723905723906], "class": 1}