{"image": "6ace3966-084c-11ef-9b27-64d2c4ecd148.jpg", "bboxes": [0.02814814814814781, 0.3490909090909091, 0.8261279461279459, 0.9977777777777778], "class": 1}