{"image": "6ace3966-084c-11ef-9b27-64d2c4ecd148.jpg", "bboxes": [0.45387205387205404, 0.0, 1.0, 0.7039057239057239], "class": 1}