{"image": "6ace3966-084c-11ef-9b27-64d2c4ecd148.jpg", "bboxes": [0.0, 0.011313131313131318, 0.2429629629629633, 0.9372390572390572], "class": 1}