{"image": "6ace3966-084c-11ef-9b27-64d2c4ecd148.jpg", "bboxes": [0.0, 0.15434343434343445, 0.47569023569023555, 0.9977777777777778], "class": 1}