{"image": "6ace3966-084c-11ef-9b27-64d2c4ecd148.jpg", "bboxes": [0.30148148148148113, 0.04942760942760949, 0.9977777777777778, 0.9753535353535353], "class": 1}