{"image": "6ace3966-084c-11ef-9b27-64d2c4ecd148.jpg", "bboxes": [0.0, 0.04276094276094278, 0.4327946127946126, 0.9686868686868687], "class": 1}