{"image": "6ace3966-084c-11ef-9b27-64d2c4ecd148.jpg", "bboxes": [0.6282828282828284, 0.08902356902356909, 0.9977777777777778, 0.9745454545454545], "class": 1}