{"image": "6ace3966-084c-11ef-9b27-64d2c4ecd148.jpg", "bboxes": [0.0, 0.0022222222222222365, 0.7718518518518522, 0.6909090909090909], "class": 1}