{"image": "6ace3966-084c-11ef-9b27-64d2c4ecd148.jpg", "bboxes": [0.3449831649831651, 0.0, 1.0, 0.7283501683501683], "class": 1}