{"image": "6ace3966-084c-11ef-9b27-64d2c4ecd148.jpg", "bboxes": [0.6827609427609429, 0.26276094276094275, 0.9977777777777778, 0.9977777777777778], "class": 1}