{"image": "6ace3966-084c-11ef-9b27-64d2c4ecd148.jpg", "bboxes": [0.9503703703703701, 0.3090909090909091, 1.0, 1.0], "class": 1}