{"image": "6ace3966-084c-11ef-9b27-64d2c4ecd148.jpg", "bboxes": [0.0, 0.28020202020202023, 0.26835016835016823, 1.0], "class": 1}