{"image": "6ace3966-084c-11ef-9b27-64d2c4ecd148.jpg", "bboxes": [0.01037037037037003, 0.0022222222222222365, 0.8083501683501683, 0.6842424242424243], "class": 1}