{"image": "6ace3966-084c-11ef-9b27-64d2c4ecd148.jpg", "bboxes": [0.2649831649831651, 0.1005387205387206, 1.0, 1.0], "class": 1}