{"image": "6ace3966-084c-11ef-9b27-64d2c4ecd148.jpg", "bboxes": [0.2859259259259256, 0.28276094276094277, 1.0, 1.0], "class": 1}