{"image": "6ace3966-084c-11ef-9b27-64d2c4ecd148.jpg", "bboxes": [0.0, 0.27609427609427606, 0.7140740740740744, 0.9977777777777778], "class": 1}