{"image": "6ace3966-084c-11ef-9b27-64d2c4ecd148.jpg", "bboxes": [0.0, 0.2543434343434344, 0.4468013468013467, 0.9977777777777778], "class": 1}