{"image": "6ace3966-084c-11ef-9b27-64d2c4ecd148.jpg", "bboxes": [0.0, 0.20464646464646466, 0.36390572390572373, 1.0], "class": 1}