{"image": "6ace3966-084c-11ef-9b27-64d2c4ecd148.jpg", "bboxes": [0.0022222222222222365, 0.21212121212121227, 0.1028282828282826, 0.9977777777777778], "class": 1}