{"image": "6ace3966-084c-11ef-9b27-64d2c4ecd148.jpg", "bboxes": [0.5370370370370368, 0.0022222222222222365, 0.9977777777777778, 0.8397979797979798], "class": 1}