{"image": "6ace3966-084c-11ef-9b27-64d2c4ecd148.jpg", "bboxes": [0.8309764309764311, 0.28989898989899, 0.9977777777777778, 0.9977777777777778], "class": 1}