{"image": "6ace3966-084c-11ef-9b27-64d2c4ecd148.jpg", "bboxes": [0.17097643097643114, 0.0022222222222222365, 0.9117171717171716, 0.7576430976430976], "class": 1}