{"image": "6ace3966-084c-11ef-9b27-64d2c4ecd148.jpg", "bboxes": [0.0, 0.026868686868686875, 0.13946127946127929, 0.9527946127946127], "class": 1}