{"image": "6ace3966-084c-11ef-9b27-64d2c4ecd148.jpg", "bboxes": [0.9294276094276096, 0.013535353535353541, 1.0, 0.9394612794612794], "class": 1}