{"image": "6ace3966-084c-11ef-9b27-64d2c4ecd148.jpg", "bboxes": [0.0, 0.2454545454545456, 0.08457912457912446, 0.9977777777777778], "class": 1}