{"image": "6ace3966-084c-11ef-9b27-64d2c4ecd148.jpg", "bboxes": [0.08053872053872069, 0.03797979797979799, 0.8785185185185188, 0.9639057239057239], "class": 1}