{"image": "6ace3966-084c-11ef-9b27-64d2c4ecd148.jpg", "bboxes": [0.38828282828282845, 0.22545454545454557, 0.9977777777777778, 0.9977777777777778], "class": 1}