{"image": "6ace3966-084c-11ef-9b27-64d2c4ecd148.jpg", "bboxes": [0.0, 0.12989898989898996, 0.09791245791245778, 0.9977777777777778], "class": 1}