{"image": "6ace3966-084c-11ef-9b27-64d2c4ecd148.jpg", "bboxes": [0.6087542087542088, 0.0, 0.9977777777777778, 0.7056565656565655], "class": 1}