{"image": "6ace3966-084c-11ef-9b27-64d2c4ecd148.jpg", "bboxes": [0.6548148148148145, 0.07387205387205387, 0.9977777777777778, 0.9977777777777778], "class": 1}