{"image": "6ace3966-084c-11ef-9b27-64d2c4ecd148.jpg", "bboxes": [0.7294276094276095, 0.19164983164983163, 1.0, 1.0], "class": 1}