{"image": "6ace3966-084c-11ef-9b27-64d2c4ecd148.jpg", "bboxes": [0.011649831649831792, 0.19831649831649834, 0.8096296296296299, 0.9977777777777778], "class": 1}