{"image": "6ace3966-084c-11ef-9b27-64d2c4ecd148.jpg", "bboxes": [0.1348148148148145, 0.24242424242424243, 0.9327946127946126, 1.0], "class": 1}