{"image": "6ace3966-084c-11ef-9b27-64d2c4ecd148.jpg", "bboxes": [0.7416161616161618, 0.0, 0.9977777777777778, 0.8234343434343433], "class": 1}