{"image": "6ace3966-084c-11ef-9b27-64d2c4ecd148.jpg", "bboxes": [0.4437037037037034, 0.17387205387205384, 1.0, 1.0], "class": 1}