{"image": "77bbd9d6-1aaf-11ef-a30d-bd5cfcf36af4.jpg", "bboxes": [0.6118203309692671, 0.3334278959810875, 0.9936170212765957, 0.7707801418439716], "class": 2}