{"image": "77bbd9d6-1aaf-11ef-a30d-bd5cfcf36af4.jpg", "bboxes": [0.36959810874704496, 0.3623167848699764, 0.7513947990543735, 0.7996690307328604], "class": 2}