{"image": "77bbd9d6-1aaf-11ef-a30d-bd5cfcf36af4.jpg", "bboxes": [0.36193853427895983, 0.3467612293144209, 0.7437352245862884, 0.7841134751773049], "class": 2}