{"image": "77bbd9d6-1aaf-11ef-a30d-bd5cfcf36af4.jpg", "bboxes": [0.4673758865248227, 0.23144208037825065, 0.8491725768321512, 0.6687943262411347], "class": 2}