{"image": "77bbd9d6-1aaf-11ef-a30d-bd5cfcf36af4.jpg", "bboxes": [0.4629314420803783, 0.21810874704491734, 0.8447281323877068, 0.6554609929078014], "class": 2}