{"image": "77bbd9d6-1aaf-11ef-a30d-bd5cfcf36af4.jpg", "bboxes": [0.0022222222222222365, 0.3200945626477542, 0.35040189125295507, 0.7574468085106383], "class": 2}