{"image": "77bbd9d6-1aaf-11ef-a30d-bd5cfcf36af4.jpg", "bboxes": [0.3651536643026005, 0.36453900709219866, 0.746950354609929, 0.8018912529550827], "class": 2}