{"image": "77bbd9d6-1aaf-11ef-a30d-bd5cfcf36af4.jpg", "bboxes": [0.5095981087470449, 0.3400945626477542, 0.8913947990543735, 0.7774468085106383], "class": 2}