{"image": "77bbd9d6-1aaf-11ef-a30d-bd5cfcf36af4.jpg", "bboxes": [0.22193853427895993, 0.17588652482269507, 0.6037352245862884, 0.6132387706855791], "class": 2}