{"image": "77bbd9d6-1aaf-11ef-a30d-bd5cfcf36af4.jpg", "bboxes": [0.29971631205673765, 0.235886524822695, 0.6815130023640661, 0.6732387706855791], "class": 2}