{"image": "77bbd9d6-1aaf-11ef-a30d-bd5cfcf36af4.jpg", "bboxes": [0.24959810874704494, 0.3845390070921986, 0.6313947990543735, 0.8218912529550827], "class": 2}