{"image": "77bbd9d6-1aaf-11ef-a30d-bd5cfcf36af4.jpg", "bboxes": [0.45626477541371163, 0.32676122931442086, 0.8380614657210401, 0.764113475177305], "class": 2}