{"image": "77bbd9d6-1aaf-11ef-a30d-bd5cfcf36af4.jpg", "bboxes": [0.2774940898345154, 0.3556501182033098, 0.659290780141844, 0.7930023640661938], "class": 2}