{"image": "77bbd9d6-1aaf-11ef-a30d-bd5cfcf36af4.jpg", "bboxes": [0.24959810874704494, 0.22699763593380617, 0.6313947990543735, 0.6643498817966903], "class": 2}