{"image": "77bbd9d6-1aaf-11ef-a30d-bd5cfcf36af4.jpg", "bboxes": [0.11082742316784877, 0.38676122931442086, 0.4926241134751773, 0.8241134751773049], "class": 2}