{"image": "77bbd9d6-1aaf-11ef-a30d-bd5cfcf36af4.jpg", "bboxes": [0.2886052009456266, 0.3845390070921986, 0.670401891252955, 0.8218912529550827], "class": 2}