{"image": "77bbd9d6-1aaf-11ef-a30d-bd5cfcf36af4.jpg", "bboxes": [0.29971631205673765, 0.34453900709219865, 0.6815130023640661, 0.7818912529550827], "class": 2}