{"image": "77bbd9d6-1aaf-11ef-a30d-bd5cfcf36af4.jpg", "bboxes": [0.5384869976359338, 0.32231678486997645, 0.9202836879432623, 0.7596690307328605], "class": 2}