{"image": "77bbd9d6-1aaf-11ef-a30d-bd5cfcf36af4.jpg", "bboxes": [0.6251536643026004, 0.20699763593380616, 1.0, 0.6443498817966902], "class": 2}