{"image": "77bbd9d6-1aaf-11ef-a30d-bd5cfcf36af4.jpg", "bboxes": [0.3162647754137116, 0.22477541371158394, 0.6980614657210401, 0.6621276595744681], "class": 2}