{"image": "77bbd9d6-1aaf-11ef-a30d-bd5cfcf36af4.jpg", "bboxes": [0.07749408983451544, 0.21366430260047287, 0.459290780141844, 0.651016548463357], "class": 2}