{"image": "77bbd9d6-1aaf-11ef-a30d-bd5cfcf36af4.jpg", "bboxes": [0.26959810874704493, 0.20477541371158392, 0.6513947990543735, 0.642127659574468], "class": 2}