{"image": "77bbd9d6-1aaf-11ef-a30d-bd5cfcf36af4.jpg", "bboxes": [0.5029314420803783, 0.3623167848699764, 0.8847281323877068, 0.7996690307328604], "class": 2}