{"image": "77bbd9d6-1aaf-11ef-a30d-bd5cfcf36af4.jpg", "bboxes": [0.3397163120567377, 0.3400945626477542, 0.7215130023640661, 0.7774468085106383], "class": 2}