{"image": "77bbd9d6-1aaf-11ef-a30d-bd5cfcf36af4.jpg", "bboxes": [0.6029314420803783, 0.18255319148936178, 0.9847281323877067, 0.6199054373522458], "class": 2}