{"image": "77bbd9d6-1aaf-11ef-a30d-bd5cfcf36af4.jpg", "bboxes": [0.35527186761229324, 0.3712056737588653, 0.7370685579196217, 0.8085579196217494], "class": 2}