{"image": "77bbd9d6-1aaf-11ef-a30d-bd5cfcf36af4.jpg", "bboxes": [0.3286052009456265, 0.34898345153664306, 0.710401891252955, 0.7863356973995271], "class": 2}