{"image": "77bbd9d6-1aaf-11ef-a30d-bd5cfcf36af4.jpg", "bboxes": [0.30737588652482273, 0.22033096926713946, 0.6891725768321513, 0.6576832151300236], "class": 2}