{"image": "77bbd9d6-1aaf-11ef-a30d-bd5cfcf36af4.jpg", "bboxes": [0.6095981087470449, 0.33565011820330976, 0.9913947990543734, 0.7730023640661938], "class": 2}