{"image": "77bbd9d6-1aaf-11ef-a30d-bd5cfcf36af4.jpg", "bboxes": [0.021938534278959865, 0.3623167848699764, 0.4037352245862884, 0.7996690307328604], "class": 2}