{"image": "77bbd9d6-1aaf-11ef-a30d-bd5cfcf36af4.jpg", "bboxes": [0.3895981087470449, 0.33120567375886534, 0.7713947990543735, 0.7685579196217494], "class": 2}