{"image": "77bbd9d6-1aaf-11ef-a30d-bd5cfcf36af4.jpg", "bboxes": [0.1574940898345154, 0.1914420803782506, 0.539290780141844, 0.6287943262411345], "class": 2}