{"image": "77bbd9d6-1aaf-11ef-a30d-bd5cfcf36af4.jpg", "bboxes": [0.4962647754137116, 0.20699763593380616, 0.8780614657210402, 0.6443498817966902], "class": 2}