{"image": "77bbd9d6-1aaf-11ef-a30d-bd5cfcf36af4.jpg", "bboxes": [0.27304964539007104, 0.32676122931442086, 0.6548463356973995, 0.764113475177305], "class": 2}