{"image": "77bbd9d6-1aaf-11ef-a30d-bd5cfcf36af4.jpg", "bboxes": [0.4962647754137116, 0.38231678486997644, 0.8780614657210402, 0.8196690307328605], "class": 2}