{"image": "77bbd9d6-1aaf-11ef-a30d-bd5cfcf36af4.jpg", "bboxes": [0.0022222222222222365, 0.3556501182033098, 0.3459574468085106, 0.7930023640661938], "class": 2}