{"image": "77bbd9d6-1aaf-11ef-a30d-bd5cfcf36af4.jpg", "bboxes": [0.08638297872340428, 0.36453900709219866, 0.4681796690307328, 0.8018912529550827], "class": 2}