{"image": "77bbd9d6-1aaf-11ef-a30d-bd5cfcf36af4.jpg", "bboxes": [0.38293144208037827, 0.32676122931442086, 0.7647281323877068, 0.764113475177305], "class": 2}