{"image": "77bbd9d6-1aaf-11ef-a30d-bd5cfcf36af4.jpg", "bboxes": [0.0, 0.3512056737588653, 0.37484633569739956, 0.7885579196217494], "class": 2}