{"image": "77bbd9d6-1aaf-11ef-a30d-bd5cfcf36af4.jpg", "bboxes": [0.4451536643026005, 0.2092198581560284, 0.826950354609929, 0.6465721040189125], "class": 2}