{"image": "77bbd9d6-1aaf-11ef-a30d-bd5cfcf36af4.jpg", "bboxes": [0.0022222222222222365, 0.32676122931442086, 0.3326241134751773, 0.764113475177305], "class": 2}