{"image": "77bbd9d6-1aaf-11ef-a30d-bd5cfcf36af4.jpg", "bboxes": [0.41404255319148936, 0.23810874704491725, 0.7958392434988178, 0.6754609929078014], "class": 2}