{"image": "77bbd9d6-1aaf-11ef-a30d-bd5cfcf36af4.jpg", "bboxes": [0.3108274231678487, 0.23366430260047288, 0.6926241134751773, 0.6710165484633569], "class": 2}