{"image": "77bbd9d6-1aaf-11ef-a30d-bd5cfcf36af4.jpg", "bboxes": [0.1708274231678487, 0.3556501182033098, 0.5526241134751773, 0.7930023640661938], "class": 2}