{"image": "77bbd9d6-1aaf-11ef-a30d-bd5cfcf36af4.jpg", "bboxes": [0.1574940898345154, 0.37342789598108755, 0.539290780141844, 0.8107801418439716], "class": 2}