{"image": "77bbd9d6-1aaf-11ef-a30d-bd5cfcf36af4.jpg", "bboxes": [0.3895981087470449, 0.22033096926713946, 0.7713947990543735, 0.6576832151300236], "class": 2}