{"image": "77bbd9d6-1aaf-11ef-a30d-bd5cfcf36af4.jpg", "bboxes": [0.6229314420803783, 0.34898345153664306, 0.9977777777777778, 0.7863356973995271], "class": 2}