{"image": "77bbd9d6-1aaf-11ef-a30d-bd5cfcf36af4.jpg", "bboxes": [0.2197163120567377, 0.24255319148936172, 0.6015130023640664, 0.6799054373522456], "class": 2}