{"image": "77bbd9d6-1aaf-11ef-a30d-bd5cfcf36af4.jpg", "bboxes": [0.23082742316784877, 0.3512056737588653, 0.6126241134751773, 0.7885579196217494], "class": 2}