{"image": "77bbd9d6-1aaf-11ef-a30d-bd5cfcf36af4.jpg", "bboxes": [0.373049645390071, 0.3423167848699764, 0.7548463356973996, 0.7796690307328605], "class": 2}