{"image": "77bbd9d6-1aaf-11ef-a30d-bd5cfcf36af4.jpg", "bboxes": [0.1308274231678488, 0.33120567375886534, 0.5126241134751772, 0.7685579196217494], "class": 2}