{"image": "77bbd9d6-1aaf-11ef-a30d-bd5cfcf36af4.jpg", "bboxes": [0.3219385342789599, 0.3845390070921986, 0.7037352245862885, 0.8218912529550827], "class": 2}