{"image": "77bbd9d6-1aaf-11ef-a30d-bd5cfcf36af4.jpg", "bboxes": [0.25527186761229326, 0.36453900709219866, 0.6370685579196218, 0.8018912529550827], "class": 2}