{"image": "77bbd9d6-1aaf-11ef-a30d-bd5cfcf36af4.jpg", "bboxes": [0.059716312056737664, 0.3845390070921986, 0.4415130023640662, 0.8218912529550827], "class": 2}