{"image": "77bbd9d6-1aaf-11ef-a30d-bd5cfcf36af4.jpg", "bboxes": [0.30638297872340436, 0.20255319148936168, 0.6881796690307329, 0.6399054373522458], "class": 2}