{"image": "77bbd9d6-1aaf-11ef-a30d-bd5cfcf36af4.jpg", "bboxes": [0.10860520094562653, 0.38231678486997644, 0.4904018912529551, 0.8196690307328605], "class": 2}