{"image": "77bbd9d6-1aaf-11ef-a30d-bd5cfcf36af4.jpg", "bboxes": [0.5673758865248227, 0.18033096926713954, 0.9491725768321513, 0.6176832151300236], "class": 2}