{"image": "77bbd9d6-1aaf-11ef-a30d-bd5cfcf36af4.jpg", "bboxes": [0.35082742316784876, 0.23366430260047288, 0.7326241134751773, 0.6710165484633569], "class": 2}