{"image": "780c8ebd-1aaf-11ef-93f2-bd5cfcf36af4.jpg", "bboxes": [0.21739952718676123, 0.1711583924349881, 0.730401891252955, 0.6451536643026003], "class": 2}