{"image": "780c8ebd-1aaf-11ef-93f2-bd5cfcf36af4.jpg", "bboxes": [0.18070921985815613, 0.399290780141844, 0.69371158392435, 0.8732860520094563], "class": 2}