{"image": "780c8ebd-1aaf-11ef-93f2-bd5cfcf36af4.jpg", "bboxes": [0.27073286052009454, 0.3481796690307329, 0.7837352245862883, 0.8221749408983452], "class": 2}