{"image": "780c8ebd-1aaf-11ef-93f2-bd5cfcf36af4.jpg", "bboxes": [0.19848699763593391, 0.140047281323877, 0.7114893617021276, 0.6140425531914893], "class": 2}