{"image": "780c8ebd-1aaf-11ef-93f2-bd5cfcf36af4.jpg", "bboxes": [0.3862884160756501, 0.3548463356973996, 0.8992907801418438, 0.8288416075650119], "class": 2}