{"image": "780c8ebd-1aaf-11ef-93f2-bd5cfcf36af4.jpg", "bboxes": [0.31962174940898347, 0.36151300236406625, 0.8326241134751772, 0.8355082742316785], "class": 2}