{"image": "780c8ebd-1aaf-11ef-93f2-bd5cfcf36af4.jpg", "bboxes": [0.5707328605200945, 0.40151300236406623, 0.9977777777777778, 0.8755082742316785], "class": 2}