{"image": "780c8ebd-1aaf-11ef-93f2-bd5cfcf36af4.jpg", "bboxes": [0.4640661938534279, 0.1333806146572104, 0.9770685579196215, 0.6073758865248227], "class": 2}