{"image": "780c8ebd-1aaf-11ef-93f2-bd5cfcf36af4.jpg", "bboxes": [0.06293144208037837, 0.4104018912529551, 0.5759338061465721, 0.8843971631205674], "class": 2}