{"image": "780c8ebd-1aaf-11ef-93f2-bd5cfcf36af4.jpg", "bboxes": [0.3229314420803784, 0.14449172576832148, 0.8359338061465721, 0.6184869976359337], "class": 2}