{"image": "780c8ebd-1aaf-11ef-93f2-bd5cfcf36af4.jpg", "bboxes": [0.011820330969267268, 0.15782505910165479, 0.524822695035461, 0.6318203309692672], "class": 2}