{"image": "780c8ebd-1aaf-11ef-93f2-bd5cfcf36af4.jpg", "bboxes": [0.22737588652482288, 0.4104018912529551, 0.7403782505910166, 0.8843971631205674], "class": 2}