{"image": "780c8ebd-1aaf-11ef-93f2-bd5cfcf36af4.jpg", "bboxes": [0.3118203309692673, 0.3481796690307329, 0.824822695035461, 0.8221749408983452], "class": 2}