{"image": "780c8ebd-1aaf-11ef-93f2-bd5cfcf36af4.jpg", "bboxes": [0.10070921985815617, 0.12449172576832146, 0.6137115839243499, 0.5984869976359337], "class": 2}