{"image": "780c8ebd-1aaf-11ef-93f2-bd5cfcf36af4.jpg", "bboxes": [0.20184397163120568, 0.3948463356973996, 0.7148463356973994, 0.8688416075650118], "class": 2}