{"image": "780c8ebd-1aaf-11ef-93f2-bd5cfcf36af4.jpg", "bboxes": [0.5218439716312057, 0.39262411347517734, 1.0, 0.8666193853427896], "class": 2}