{"image": "780c8ebd-1aaf-11ef-93f2-bd5cfcf36af4.jpg", "bboxes": [0.33739952718676125, 0.40373522458628847, 0.850401891252955, 0.8777304964539008], "class": 2}