{"image": "780c8ebd-1aaf-11ef-93f2-bd5cfcf36af4.jpg", "bboxes": [0.13182033096926726, 0.14449172576832148, 0.644822695035461, 0.6184869976359337], "class": 2}