{"image": "780c8ebd-1aaf-11ef-93f2-bd5cfcf36af4.jpg", "bboxes": [0.5440661938534279, 0.36151300236406625, 0.9977777777777778, 0.8355082742316785], "class": 2}