{"image": "780c8ebd-1aaf-11ef-93f2-bd5cfcf36af4.jpg", "bboxes": [0.0, 0.140047281323877, 0.5026004728132387, 0.6140425531914893], "class": 2}