{"image": "780c8ebd-1aaf-11ef-93f2-bd5cfcf36af4.jpg", "bboxes": [0.335177304964539, 0.11782505910165486, 0.8481796690307327, 0.5918203309692671], "class": 2}