{"image": "780c8ebd-1aaf-11ef-93f2-bd5cfcf36af4.jpg", "bboxes": [0.25848699763593397, 0.3948463356973996, 0.7714893617021277, 0.8688416075650118], "class": 2}