{"image": "780c8ebd-1aaf-11ef-93f2-bd5cfcf36af4.jpg", "bboxes": [0.2885106382978723, 0.11560283687943262, 0.8015130023640661, 0.5895981087470449], "class": 2}