{"image": "780c8ebd-1aaf-11ef-93f2-bd5cfcf36af4.jpg", "bboxes": [0.15962174940898347, 0.4059574468085107, 0.6726241134751771, 0.879952718676123], "class": 2}