{"image": "780c8ebd-1aaf-11ef-93f2-bd5cfcf36af4.jpg", "bboxes": [0.27962174940898343, 0.15560283687943255, 0.7926241134751771, 0.6295981087470448], "class": 2}