{"image": "780c8ebd-1aaf-11ef-93f2-bd5cfcf36af4.jpg", "bboxes": [0.25739952718676123, 0.37040189125295514, 0.7704018912529549, 0.8443971631205675], "class": 2}