{"image": "780c8ebd-1aaf-11ef-93f2-bd5cfcf36af4.jpg", "bboxes": [0.5129550827423168, 0.37484633569739956, 0.9977777777777778, 0.8488416075650118], "class": 2}