{"image": "780c8ebd-1aaf-11ef-93f2-bd5cfcf36af4.jpg", "bboxes": [0.33073286052009454, 0.4104018912529551, 0.8437352245862882, 0.8843971631205674], "class": 2}