{"image": "780c8ebd-1aaf-11ef-93f2-bd5cfcf36af4.jpg", "bboxes": [0.16070921985815623, 0.18004728132387704, 0.6737115839243499, 0.6540425531914893], "class": 2}