{"image": "780c8ebd-1aaf-11ef-93f2-bd5cfcf36af4.jpg", "bboxes": [0.2040661938534279, 0.40373522458628847, 0.7170685579196217, 0.8777304964539008], "class": 2}