{"image": "780c8ebd-1aaf-11ef-93f2-bd5cfcf36af4.jpg", "bboxes": [0.0022222222222222365, 0.3904018912529551, 0.42926713947990547, 0.8643971631205674], "class": 2}