{"image": "780c8ebd-1aaf-11ef-93f2-bd5cfcf36af4.jpg", "bboxes": [0.35517730496453903, 0.14893617021276595, 0.8681796690307327, 0.6229314420803781], "class": 2}