{"image": "780c8ebd-1aaf-11ef-93f2-bd5cfcf36af4.jpg", "bboxes": [0.0022222222222222365, 0.36151300236406625, 0.47148936170212763, 0.8355082742316785], "class": 2}