{"image": "780c8ebd-1aaf-11ef-93f2-bd5cfcf36af4.jpg", "bboxes": [0.23404255319148948, 0.40373522458628847, 0.7470449172576832, 0.8777304964539008], "class": 2}