{"image": "780c8ebd-1aaf-11ef-93f2-bd5cfcf36af4.jpg", "bboxes": [0.2418439716312057, 0.35262411347517736, 0.7548463356973993, 0.8266193853427897], "class": 2}