{"image": "780c8ebd-1aaf-11ef-93f2-bd5cfcf36af4.jpg", "bboxes": [0.23182033096926724, 0.15560283687943255, 0.7448226950354611, 0.6295981087470448], "class": 2}