{"image": "780c8ebd-1aaf-11ef-93f2-bd5cfcf36af4.jpg", "bboxes": [0.46628841607565014, 0.3726241134751773, 0.9792907801418438, 0.8466193853427896], "class": 2}