{"image": "780c8ebd-1aaf-11ef-93f2-bd5cfcf36af4.jpg", "bboxes": [0.40184397163120567, 0.34373522458628847, 0.9148463356973994, 0.8177304964539007], "class": 2}