{"image": "780c8ebd-1aaf-11ef-93f2-bd5cfcf36af4.jpg", "bboxes": [0.11848699763593395, 0.1511583924349882, 0.6314893617021277, 0.6251536643026004], "class": 2}