{"image": "780c8ebd-1aaf-11ef-93f2-bd5cfcf36af4.jpg", "bboxes": [0.47962174940898344, 0.12893617021276593, 0.9926241134751772, 0.6029314420803782], "class": 2}