{"image": "780c8ebd-1aaf-11ef-93f2-bd5cfcf36af4.jpg", "bboxes": [0.19182033096926732, 0.14449172576832148, 0.704822695035461, 0.6184869976359337], "class": 2}