{"image": "780c8ebd-1aaf-11ef-93f2-bd5cfcf36af4.jpg", "bboxes": [0.31962174940898347, 0.140047281323877, 0.8326241134751772, 0.6140425531914893], "class": 2}