{"image": "780c8ebd-1aaf-11ef-93f2-bd5cfcf36af4.jpg", "bboxes": [0.0022222222222222365, 0.14893617021276595, 0.4537115839243499, 0.6229314420803781], "class": 2}