{"image": "780c8ebd-1aaf-11ef-93f2-bd5cfcf36af4.jpg", "bboxes": [0.3051536643026006, 0.15338061465721042, 0.8181560283687943, 0.6273758865248227], "class": 2}