{"image": "780c8ebd-1aaf-11ef-93f2-bd5cfcf36af4.jpg", "bboxes": [0.08737588652482287, 0.1511583924349882, 0.6003782505910165, 0.6251536643026004], "class": 2}