{"image": "780c8ebd-1aaf-11ef-93f2-bd5cfcf36af4.jpg", "bboxes": [0.0, 0.359290780141844, 0.4826004728132388, 0.8332860520094563], "class": 2}