{"image": "780c8ebd-1aaf-11ef-93f2-bd5cfcf36af4.jpg", "bboxes": [0.045153664302600593, 0.11782505910165486, 0.5581560283687943, 0.5918203309692671], "class": 2}