{"image": "780c8ebd-1aaf-11ef-93f2-bd5cfcf36af4.jpg", "bboxes": [0.44851063829787235, 0.3481796690307329, 0.961513002364066, 0.8221749408983452], "class": 2}