{"image": "780c8ebd-1aaf-11ef-93f2-bd5cfcf36af4.jpg", "bboxes": [0.1818439716312057, 0.3504018912529551, 0.6948463356973994, 0.8243971631205674], "class": 2}