{"image": "780c8ebd-1aaf-11ef-93f2-bd5cfcf36af4.jpg", "bboxes": [0.31404255319148955, 0.40151300236406623, 0.8270449172576833, 0.8755082742316785], "class": 2}