{"image": "780c8ebd-1aaf-11ef-93f2-bd5cfcf36af4.jpg", "bboxes": [0.16184397163120567, 0.13782505910165477, 0.6748463356973994, 0.6118203309692671], "class": 2}