{"image": "780c8ebd-1aaf-11ef-93f2-bd5cfcf36af4.jpg", "bboxes": [0.06293144208037837, 0.15782505910165479, 0.5759338061465721, 0.6318203309692672], "class": 2}