{"image": "780c8ebd-1aaf-11ef-93f2-bd5cfcf36af4.jpg", "bboxes": [0.2240661938534279, 0.18004728132387704, 0.7370685579196216, 0.6540425531914893], "class": 2}