{"image": "780c8ebd-1aaf-11ef-93f2-bd5cfcf36af4.jpg", "bboxes": [0.01626477541371174, 0.12004728132387699, 0.5292671394799054, 0.5940425531914892], "class": 2}