{"image": "780c8ebd-1aaf-11ef-93f2-bd5cfcf36af4.jpg", "bboxes": [0.0022222222222222365, 0.359290780141844, 0.46260047281323874, 0.8332860520094563], "class": 2}