{"image": "780c8ebd-1aaf-11ef-93f2-bd5cfcf36af4.jpg", "bboxes": [0.0, 0.13560283687943264, 0.4514893617021276, 0.6095981087470449], "class": 2}