{"image": "780c8ebd-1aaf-11ef-93f2-bd5cfcf36af4.jpg", "bboxes": [0.16959810874704506, 0.37929078014184403, 0.6826004728132388, 0.8532860520094563], "class": 2}