{"image": "780c8ebd-1aaf-11ef-93f2-bd5cfcf36af4.jpg", "bboxes": [0.4729550827423168, 0.36595744680851067, 0.9859574468085105, 0.839952718676123], "class": 2}