{"image": "780c8ebd-1aaf-11ef-93f2-bd5cfcf36af4.jpg", "bboxes": [0.5218439716312057, 0.4081796690307329, 0.9977777777777778, 0.8821749408983451], "class": 2}