{"image": "780c8ebd-1aaf-11ef-93f2-bd5cfcf36af4.jpg", "bboxes": [0.20737588652482286, 0.13115839243498817, 0.7203782505910166, 0.6051536643026004], "class": 2}