{"image": "780c8ebd-1aaf-11ef-93f2-bd5cfcf36af4.jpg", "bboxes": [0.32851063829787236, 0.1711583924349881, 0.841513002364066, 0.6451536643026003], "class": 2}