{"image": "780c8ebd-1aaf-11ef-93f2-bd5cfcf36af4.jpg", "bboxes": [0.4129550827423168, 0.15782505910165479, 0.9259574468085104, 0.6318203309692672], "class": 2}