{"image": "785c88a6-1aaf-11ef-a0aa-bd5cfcf36af4.jpg", "bboxes": [0.04075650118203322, 0.3217494089834516, 0.4343735224586289, 0.7886524822695036], "class": 2}