{"image": "785c88a6-1aaf-11ef-a0aa-bd5cfcf36af4.jpg", "bboxes": [0.2567375886524822, 0.17356973995271865, 0.6503546099290779, 0.6404728132387706], "class": 2}