{"image": "785c88a6-1aaf-11ef-a0aa-bd5cfcf36af4.jpg", "bboxes": [0.4256264775413711, 0.3106382978723405, 0.8192434988179668, 0.7775413711583925], "class": 2}