{"image": "785c88a6-1aaf-11ef-a0aa-bd5cfcf36af4.jpg", "bboxes": [0.47229314420803775, 0.2091252955082742, 0.8659101654846335, 0.6760283687943262], "class": 2}