{"image": "785c88a6-1aaf-11ef-a0aa-bd5cfcf36af4.jpg", "bboxes": [0.16075650118203322, 0.3706382978723405, 0.5543735224586288, 0.8375413711583924], "class": 2}