{"image": "785c88a6-1aaf-11ef-a0aa-bd5cfcf36af4.jpg", "bboxes": [0.2874231678486999, 0.3128605200945627, 0.6810401891252955, 0.7797635933806147], "class": 2}