{"image": "785c88a6-1aaf-11ef-a0aa-bd5cfcf36af4.jpg", "bboxes": [0.51451536643026, 0.21134751773049643, 0.9081323877068557, 0.6782505910165484], "class": 2}