{"image": "785c88a6-1aaf-11ef-a0aa-bd5cfcf36af4.jpg", "bboxes": [0.0022222222222222365, 0.20245862884160748, 0.38548463356974005, 0.6693617021276596], "class": 2}