{"image": "785c88a6-1aaf-11ef-a0aa-bd5cfcf36af4.jpg", "bboxes": [0.1340898345153665, 0.1713475177304964, 0.5277068557919622, 0.6382505910165484], "class": 2}