{"image": "785c88a6-1aaf-11ef-a0aa-bd5cfcf36af4.jpg", "bboxes": [0.298534278959811, 0.1913475177304964, 0.6921513002364066, 0.6582505910165484], "class": 2}