{"image": "785c88a6-1aaf-11ef-a0aa-bd5cfcf36af4.jpg", "bboxes": [0.3034042553191489, 0.19801418439716312, 0.6970212765957445, 0.6649172576832151], "class": 2}