{"image": "785c88a6-1aaf-11ef-a0aa-bd5cfcf36af4.jpg", "bboxes": [0.49007092198581553, 0.3350827423167849, 0.8836879432624112, 0.8019858156028369], "class": 2}