{"image": "785c88a6-1aaf-11ef-a0aa-bd5cfcf36af4.jpg", "bboxes": [0.17631205673758876, 0.33286052009456274, 0.5699290780141845, 0.7997635933806146], "class": 2}