{"image": "785c88a6-1aaf-11ef-a0aa-bd5cfcf36af4.jpg", "bboxes": [0.24964539007092212, 0.21356973995271866, 0.6432624113475178, 0.6804728132387706], "class": 2}