{"image": "785c88a6-1aaf-11ef-a0aa-bd5cfcf36af4.jpg", "bboxes": [0.4834042553191489, 0.19356973995271864, 0.8770212765957446, 0.6604728132387706], "class": 2}