{"image": "785c88a6-1aaf-11ef-a0aa-bd5cfcf36af4.jpg", "bboxes": [0.26964539007092214, 0.2091252955082742, 0.663262411347518, 0.6760283687943262], "class": 2}