{"image": "785c88a6-1aaf-11ef-a0aa-bd5cfcf36af4.jpg", "bboxes": [0.23186761229314434, 0.15801418439716308, 0.6254846335697399, 0.624917257683215], "class": 2}