{"image": "785c88a6-1aaf-11ef-a0aa-bd5cfcf36af4.jpg", "bboxes": [0.0, 0.17356973995271863, 0.3499290780141845, 0.6404728132387706], "class": 2}