{"image": "785c88a6-1aaf-11ef-a0aa-bd5cfcf36af4.jpg", "bboxes": [0.0, 0.1646808510638298, 0.3699290780141844, 0.6315839243498818], "class": 2}