{"image": "785c88a6-1aaf-11ef-a0aa-bd5cfcf36af4.jpg", "bboxes": [0.5834042553191489, 0.34619385342789605, 0.9770212765957446, 0.8130969267139481], "class": 2}