{"image": "785c88a6-1aaf-11ef-a0aa-bd5cfcf36af4.jpg", "bboxes": [0.08742316784869986, 0.3439716312056738, 0.48104018912529556, 0.8108747044917258], "class": 2}