{"image": "785c88a6-1aaf-11ef-a0aa-bd5cfcf36af4.jpg", "bboxes": [0.03408983451536651, 0.15579196217494085, 0.4277068557919622, 0.6226950354609928], "class": 2}