{"image": "785c88a6-1aaf-11ef-a0aa-bd5cfcf36af4.jpg", "bboxes": [0.3363120567375888, 0.17579196217494086, 0.7299290780141845, 0.6426950354609928], "class": 2}