{"image": "785c88a6-1aaf-11ef-a0aa-bd5cfcf36af4.jpg", "bboxes": [0.06964539007092208, 0.2224586288416075, 0.4632624113475178, 0.6893617021276595], "class": 2}