{"image": "785c88a6-1aaf-11ef-a0aa-bd5cfcf36af4.jpg", "bboxes": [0.21186761229314433, 0.16912529550827415, 0.60548463356974, 0.6360283687943262], "class": 2}