{"image": "785c88a6-1aaf-11ef-a0aa-bd5cfcf36af4.jpg", "bboxes": [0.39007092198581556, 0.3528605200945627, 0.7836879432624112, 0.8197635933806147], "class": 2}