{"image": "785c88a6-1aaf-11ef-a0aa-bd5cfcf36af4.jpg", "bboxes": [0.5989598108747044, 0.3195271867612294, 0.9925768321513001, 0.7864302600472813], "class": 2}