{"image": "785c88a6-1aaf-11ef-a0aa-bd5cfcf36af4.jpg", "bboxes": [0.24118203309692668, 0.18690307328605194, 0.6347990543735224, 0.6538061465721039], "class": 2}