{"image": "785c88a6-1aaf-11ef-a0aa-bd5cfcf36af4.jpg", "bboxes": [0.018534278959810968, 0.3617494089834516, 0.41215130023640667, 0.8286524822695036], "class": 2}