{"image": "785c88a6-1aaf-11ef-a0aa-bd5cfcf36af4.jpg", "bboxes": [0.26118203309692667, 0.36841607565011825, 0.6547990543735224, 0.8353191489361702], "class": 2}