{"image": "785c88a6-1aaf-11ef-a0aa-bd5cfcf36af4.jpg", "bboxes": [0.29673758865248223, 0.33286052009456274, 0.6903546099290779, 0.7997635933806146], "class": 2}