{"image": "785c88a6-1aaf-11ef-a0aa-bd5cfcf36af4.jpg", "bboxes": [0.6522931442080377, 0.18690307328605194, 0.9977777777777778, 0.6538061465721039], "class": 2}