{"image": "785c88a6-1aaf-11ef-a0aa-bd5cfcf36af4.jpg", "bboxes": [0.45007092198581555, 0.34174940898345163, 0.8436879432624113, 0.8086524822695036], "class": 2}