{"image": "785c88a6-1aaf-11ef-a0aa-bd5cfcf36af4.jpg", "bboxes": [0.36118203309692665, 0.3728605200945627, 0.7547990543735223, 0.8397635933806147], "class": 2}