{"image": "785c88a6-1aaf-11ef-a0aa-bd5cfcf36af4.jpg", "bboxes": [0.27451536643026, 0.37508274231678496, 0.6681323877068557, 0.8419858156028369], "class": 2}