{"image": "785c88a6-1aaf-11ef-a0aa-bd5cfcf36af4.jpg", "bboxes": [0.2096453900709221, 0.19356973995271864, 0.6032624113475178, 0.6604728132387706], "class": 2}