{"image": "785c88a6-1aaf-11ef-a0aa-bd5cfcf36af4.jpg", "bboxes": [0.45895981087470444, 0.3484160756501183, 0.8525768321513001, 0.8153191489361703], "class": 2}