{"image": "785c88a6-1aaf-11ef-a0aa-bd5cfcf36af4.jpg", "bboxes": [0.42118203309692664, 0.36397163120567383, 0.8147990543735223, 0.8308747044917258], "class": 2}