{"image": "785c88a6-1aaf-11ef-a0aa-bd5cfcf36af4.jpg", "bboxes": [0.57451536643026, 0.21801418439716314, 0.9681323877068557, 0.684917257683215], "class": 2}