{"image": "785c88a6-1aaf-11ef-a0aa-bd5cfcf36af4.jpg", "bboxes": [0.6100709219858156, 0.34174940898345163, 1.0, 0.8086524822695036], "class": 2}