{"image": "785c88a6-1aaf-11ef-a0aa-bd5cfcf36af4.jpg", "bboxes": [0.5211820330969267, 0.36619385342789607, 0.9147990543735224, 0.833096926713948], "class": 2}