{"image": "785c88a6-1aaf-11ef-a0aa-bd5cfcf36af4.jpg", "bboxes": [0.30075650118203323, 0.3484160756501183, 0.6943735224586289, 0.8153191489361703], "class": 2}