{"image": "785c88a6-1aaf-11ef-a0aa-bd5cfcf36af4.jpg", "bboxes": [0.3429787234042554, 0.36619385342789607, 0.7365957446808511, 0.833096926713948], "class": 2}