{"image": "785c88a6-1aaf-11ef-a0aa-bd5cfcf36af4.jpg", "bboxes": [0.30118203309692665, 0.33286052009456274, 0.6947990543735223, 0.7997635933806146], "class": 2}