{"image": "785c88a6-1aaf-11ef-a0aa-bd5cfcf36af4.jpg", "bboxes": [0.43229314420803777, 0.31730496453900714, 0.8259101654846335, 0.7842080378250591], "class": 2}