{"image": "785c88a6-1aaf-11ef-a0aa-bd5cfcf36af4.jpg", "bboxes": [0.5500709219858155, 0.33730496453900716, 0.9436879432624112, 0.8042080378250591], "class": 2}