{"image": "785c88a6-1aaf-11ef-a0aa-bd5cfcf36af4.jpg", "bboxes": [0.2940898345153665, 0.16023640661938532, 0.6877068557919622, 0.6271394799054373], "class": 2}