{"image": "785c88a6-1aaf-11ef-a0aa-bd5cfcf36af4.jpg", "bboxes": [0.26520094562647767, 0.19801418439716312, 0.6588179669030734, 0.6649172576832151], "class": 2}