{"image": "785c88a6-1aaf-11ef-a0aa-bd5cfcf36af4.jpg", "bboxes": [0.5122931442080377, 0.31508274231678496, 0.9059101654846334, 0.7819858156028369], "class": 2}