{"image": "785c88a6-1aaf-11ef-a0aa-bd5cfcf36af4.jpg", "bboxes": [0.4989598108747044, 0.37508274231678496, 0.8925768321513001, 0.8419858156028369], "class": 2}