{"image": "785c88a6-1aaf-11ef-a0aa-bd5cfcf36af4.jpg", "bboxes": [0.37673758865248225, 0.20023640661938535, 0.7703546099290779, 0.6671394799054373], "class": 2}