{"image": "785c88a6-1aaf-11ef-a0aa-bd5cfcf36af4.jpg", "bboxes": [0.0029787234042554234, 0.32619385342789603, 0.3965957446808511, 0.793096926713948], "class": 2}