{"image": "785c88a6-1aaf-11ef-a0aa-bd5cfcf36af4.jpg", "bboxes": [0.3163120567375888, 0.3728605200945627, 0.7099290780141845, 0.8397635933806147], "class": 2}