{"image": "785c88a6-1aaf-11ef-a0aa-bd5cfcf36af4.jpg", "bboxes": [0.35186761229314434, 0.3595271867612294, 0.74548463356974, 0.8264302600472814], "class": 2}