{"image": "785c88a6-1aaf-11ef-a0aa-bd5cfcf36af4.jpg", "bboxes": [0.07853427895981102, 0.3573049645390072, 0.4721513002364066, 0.8242080378250591], "class": 2}