{"image": "78acde78-1aaf-11ef-b115-bd5cfcf36af4.jpg", "bboxes": [0.5902127659574468, 0.32586288416075654, 0.9977777777777778, 0.7880378250591016], "class": 2}