{"image": "78acde78-1aaf-11ef-b115-bd5cfcf36af4.jpg", "bboxes": [0.0022222222222222365, 0.18751773049645393, 0.40534278959810877, 0.649692671394799], "class": 2}