{"image": "78acde78-1aaf-11ef-b115-bd5cfcf36af4.jpg", "bboxes": [0.2435460992907801, 0.3525295508274232, 0.6548936170212767, 0.8147044917257683], "class": 2}