{"image": "78acde78-1aaf-11ef-b115-bd5cfcf36af4.jpg", "bboxes": [0.4902127659574468, 0.147517730496454, 0.9015602836879434, 0.609692671394799], "class": 2}