{"image": "78acde78-1aaf-11ef-b115-bd5cfcf36af4.jpg", "bboxes": [0.2746572104018912, 0.15862884160756507, 0.6860047281323878, 0.6208037825059102], "class": 2}