{"image": "78acde78-1aaf-11ef-b115-bd5cfcf36af4.jpg", "bboxes": [0.37465721040189126, 0.14973995271867616, 0.7860047281323878, 0.6119148936170212], "class": 2}