{"image": "78acde78-1aaf-11ef-b115-bd5cfcf36af4.jpg", "bboxes": [0.2628841607565011, 0.18751773049645393, 0.6742316784869977, 0.649692671394799], "class": 2}