{"image": "78acde78-1aaf-11ef-b115-bd5cfcf36af4.jpg", "bboxes": [0.2051063829787233, 0.15862884160756507, 0.6164539007092199, 0.6208037825059101], "class": 2}