{"image": "78acde78-1aaf-11ef-b115-bd5cfcf36af4.jpg", "bboxes": [0.2673286052009456, 0.3791962174940899, 0.6786761229314421, 0.8413711583924349], "class": 2}