{"image": "78acde78-1aaf-11ef-b115-bd5cfcf36af4.jpg", "bboxes": [0.5946572104018912, 0.3614184397163121, 1.0, 0.8235933806146571], "class": 2}