{"image": "78acde78-1aaf-11ef-b115-bd5cfcf36af4.jpg", "bboxes": [0.40576832151300235, 0.19862884160756508, 0.8171158392434988, 0.6608037825059101], "class": 2}