{"image": "78acde78-1aaf-11ef-b115-bd5cfcf36af4.jpg", "bboxes": [0.5746572104018912, 0.3614184397163121, 0.9860047281323878, 0.8235933806146571], "class": 2}