{"image": "78acde78-1aaf-11ef-b115-bd5cfcf36af4.jpg", "bboxes": [0.12510638297872334, 0.1786288416075651, 0.5364539007092199, 0.6408037825059101], "class": 2}