{"image": "78acde78-1aaf-11ef-b115-bd5cfcf36af4.jpg", "bboxes": [0.26510638297872335, 0.17418439716312062, 0.6764539007092198, 0.6363593380614656], "class": 2}