{"image": "78acde78-1aaf-11ef-b115-bd5cfcf36af4.jpg", "bboxes": [0.41021276595744677, 0.1852955082742317, 0.8215602836879433, 0.6474704491725768], "class": 2}