{"image": "78acde78-1aaf-11ef-b115-bd5cfcf36af4.jpg", "bboxes": [0.5213238770685579, 0.3880851063829788, 0.9326713947990545, 0.8502600472813239], "class": 2}