{"image": "78acde78-1aaf-11ef-b115-bd5cfcf36af4.jpg", "bboxes": [0.6546572104018913, 0.38586288416075654, 1.0, 0.8480378250591016], "class": 2}