{"image": "78acde78-1aaf-11ef-b115-bd5cfcf36af4.jpg", "bboxes": [0.3835460992907801, 0.3791962174940899, 0.7948936170212767, 0.8413711583924349], "class": 2}