{"image": "78acde78-1aaf-11ef-b115-bd5cfcf36af4.jpg", "bboxes": [0.0022222222222222365, 0.1608510638297873, 0.38534278959810875, 0.6230260047281325], "class": 2}