{"image": "78acde78-1aaf-11ef-b115-bd5cfcf36af4.jpg", "bboxes": [0.0022222222222222365, 0.20307328605200947, 0.387565011820331, 0.6652482269503546], "class": 2}