{"image": "78acde78-1aaf-11ef-b115-bd5cfcf36af4.jpg", "bboxes": [0.22732860520094555, 0.3391962174940899, 0.638676122931442, 0.8013711583924349], "class": 2}