{"image": "78acde78-1aaf-11ef-b115-bd5cfcf36af4.jpg", "bboxes": [0.0022222222222222365, 0.147517730496454, 0.3408983451536643, 0.609692671394799], "class": 2}