{"image": "78acde78-1aaf-11ef-b115-bd5cfcf36af4.jpg", "bboxes": [0.23177304964539003, 0.15418439716312057, 0.6431205673758865, 0.6163593380614657], "class": 2}