{"image": "78acde78-1aaf-11ef-b115-bd5cfcf36af4.jpg", "bboxes": [0.3702127659574468, 0.1919621749408984, 0.7815602836879433, 0.6541371158392435], "class": 2}