{"image": "78acde78-1aaf-11ef-b115-bd5cfcf36af4.jpg", "bboxes": [0.16288416075650114, 0.18307328605200945, 0.5742316784869976, 0.6452482269503546], "class": 2}