{"image": "78acde78-1aaf-11ef-b115-bd5cfcf36af4.jpg", "bboxes": [0.44799054373522457, 0.1852955082742317, 0.8593380614657211, 0.6474704491725768], "class": 2}