{"image": "78acde78-1aaf-11ef-b115-bd5cfcf36af4.jpg", "bboxes": [0.24066193853427886, 0.33697399527186767, 0.6520094562647754, 0.7991489361702128], "class": 2}