{"image": "78acde78-1aaf-11ef-b115-bd5cfcf36af4.jpg", "bboxes": [0.12510638297872334, 0.3436406619385343, 0.5364539007092199, 0.8058156028368794], "class": 2}