{"image": "78acde78-1aaf-11ef-b115-bd5cfcf36af4.jpg", "bboxes": [0.2606619385342789, 0.21418439716312065, 0.6720094562647754, 0.6763593380614656], "class": 2}