{"image": "78acde78-1aaf-11ef-b115-bd5cfcf36af4.jpg", "bboxes": [0.652434988179669, 0.15640661938534284, 0.9977777777777778, 0.6185815602836879], "class": 2}