{"image": "78acde78-1aaf-11ef-b115-bd5cfcf36af4.jpg", "bboxes": [0.22288416075650108, 0.20751773049645394, 0.6342316784869977, 0.669692671394799], "class": 2}