{"image": "78acde78-1aaf-11ef-b115-bd5cfcf36af4.jpg", "bboxes": [0.25243498817966903, 0.19640661938534287, 0.6637825059101655, 0.658581560283688], "class": 2}