{"image": "78acde78-1aaf-11ef-b115-bd5cfcf36af4.jpg", "bboxes": [0.2739952718676122, 0.21418439716312065, 0.6853427895981088, 0.6763593380614656], "class": 2}