{"image": "78acde78-1aaf-11ef-b115-bd5cfcf36af4.jpg", "bboxes": [0.42799054373522455, 0.3525295508274232, 0.8393380614657211, 0.8147044917257683], "class": 2}