{"image": "78acde78-1aaf-11ef-b115-bd5cfcf36af4.jpg", "bboxes": [0.3568794326241135, 0.16307328605200955, 0.76822695035461, 0.6252482269503545], "class": 2}