{"image": "78acde78-1aaf-11ef-b115-bd5cfcf36af4.jpg", "bboxes": [0.3495508274231678, 0.3391962174940899, 0.7608983451536645, 0.8013711583924349], "class": 2}