{"image": "78acde78-1aaf-11ef-b115-bd5cfcf36af4.jpg", "bboxes": [0.33177304964539, 0.18085106382978733, 0.7431205673758865, 0.6430260047281324], "class": 2}