{"image": "78acde78-1aaf-11ef-b115-bd5cfcf36af4.jpg", "bboxes": [0.14510638297872336, 0.3747517730496454, 0.5564539007092199, 0.8369267139479905], "class": 2}