{"image": "78acde78-1aaf-11ef-b115-bd5cfcf36af4.jpg", "bboxes": [0.6502127659574468, 0.18085106382978733, 0.9977777777777778, 0.6430260047281324], "class": 2}