{"image": "78acde78-1aaf-11ef-b115-bd5cfcf36af4.jpg", "bboxes": [0.2695508274231678, 0.32586288416075654, 0.6808983451536643, 0.7880378250591016], "class": 2}