{"image": "78acde78-1aaf-11ef-b115-bd5cfcf36af4.jpg", "bboxes": [0.2428841607565011, 0.37252955082742323, 0.6542316784869977, 0.8347044917257682], "class": 2}