{"image": "78acde78-1aaf-11ef-b115-bd5cfcf36af4.jpg", "bboxes": [0.0, 0.330307328605201, 0.3697872340425532, 0.792482269503546], "class": 2}