{"image": "78acde78-1aaf-11ef-b115-bd5cfcf36af4.jpg", "bboxes": [0.32066193853427893, 0.18751773049645393, 0.7320094562647754, 0.649692671394799], "class": 2}