{"image": "78acde78-1aaf-11ef-b115-bd5cfcf36af4.jpg", "bboxes": [0.21399527186761225, 0.17196217494089838, 0.6253427895981087, 0.6341371158392435], "class": 2}