{"image": "78acde78-1aaf-11ef-b115-bd5cfcf36af4.jpg", "bboxes": [0.6457683215130023, 0.19418439716312064, 1.0, 0.6563593380614656], "class": 2}