{"image": "78acde78-1aaf-11ef-b115-bd5cfcf36af4.jpg", "bboxes": [0.5879905437352245, 0.3236406619385343, 0.9977777777777778, 0.7858156028368793], "class": 2}