{"image": "78acde78-1aaf-11ef-b115-bd5cfcf36af4.jpg", "bboxes": [0.5279905437352246, 0.34586288416075656, 0.9393380614657211, 0.8080378250591016], "class": 2}