{"image": "78acde78-1aaf-11ef-b115-bd5cfcf36af4.jpg", "bboxes": [0.41021276595744677, 0.20307328605200947, 0.8215602836879433, 0.6652482269503546], "class": 2}