{"image": "78acde78-1aaf-11ef-b115-bd5cfcf36af4.jpg", "bboxes": [0.6279905437352246, 0.37697399527186765, 1.0, 0.8391489361702127], "class": 2}