{"image": "78acde78-1aaf-11ef-b115-bd5cfcf36af4.jpg", "bboxes": [0.3384397163120567, 0.3525295508274232, 0.7497872340425532, 0.8147044917257683], "class": 2}