{"image": "78acde78-1aaf-11ef-b115-bd5cfcf36af4.jpg", "bboxes": [0.29910165484633566, 0.15196217494089836, 0.7104491725768323, 0.6141371158392435], "class": 2}