{"image": "78acde78-1aaf-11ef-b115-bd5cfcf36af4.jpg", "bboxes": [0.10510638297872332, 0.3525295508274232, 0.5164539007092199, 0.8147044917257683], "class": 2}