{"image": "78acde78-1aaf-11ef-b115-bd5cfcf36af4.jpg", "bboxes": [0.05621749408983445, 0.18751773049645393, 0.46756501182033094, 0.649692671394799], "class": 2}