{"image": "78acde78-1aaf-11ef-b115-bd5cfcf36af4.jpg", "bboxes": [0.6368794326241135, 0.17640661938534283, 0.9977777777777778, 0.638581560283688], "class": 2}