{"image": "78acde78-1aaf-11ef-b115-bd5cfcf36af4.jpg", "bboxes": [0.5346572104018912, 0.1786288416075651, 0.9460047281323878, 0.6408037825059101], "class": 2}