{"image": "78acde78-1aaf-11ef-b115-bd5cfcf36af4.jpg", "bboxes": [0.3006619385342789, 0.16529550827423178, 0.7120094562647754, 0.6274704491725768], "class": 2}