{"image": "78acde78-1aaf-11ef-b115-bd5cfcf36af4.jpg", "bboxes": [0.3435460992907801, 0.3747517730496454, 0.7548936170212767, 0.8369267139479905], "class": 2}