{"image": "78acde78-1aaf-11ef-b115-bd5cfcf36af4.jpg", "bboxes": [0.0, 0.350307328605201, 0.37867612293144215, 0.8124822695035461], "class": 2}