{"image": "78acde78-1aaf-11ef-b115-bd5cfcf36af4.jpg", "bboxes": [0.06732860520094552, 0.19418439716312064, 0.4786761229314421, 0.6563593380614656], "class": 2}