{"image": "78acde78-1aaf-11ef-b115-bd5cfcf36af4.jpg", "bboxes": [0.04510638297872338, 0.390307328605201, 0.4564539007092199, 0.852482269503546], "class": 2}