{"image": "78fbac10-1aaf-11ef-9182-bd5cfcf36af4.jpg", "bboxes": [0.6846808510638297, 0.3403782505910166, 1.0, 0.7777304964539007], "class": 2}