{"image": "78fbac10-1aaf-11ef-9182-bd5cfcf36af4.jpg", "bboxes": [0.3380141843971631, 0.2089361702127659, 0.6985342789598109, 0.6462884160756501], "class": 2}