{"image": "78fbac10-1aaf-11ef-9182-bd5cfcf36af4.jpg", "bboxes": [0.010354609929077996, 0.37815602836879436, 0.3708747044917257, 0.8155082742316785], "class": 2}