{"image": "78fbac10-1aaf-11ef-9182-bd5cfcf36af4.jpg", "bboxes": [0.4291252955082742, 0.3714893617021277, 0.7896453900709219, 0.8088416075650119], "class": 2}