{"image": "78fbac10-1aaf-11ef-9182-bd5cfcf36af4.jpg", "bboxes": [0.0, 0.38260047281323883, 0.2975413711583925, 0.819952718676123], "class": 2}