{"image": "78fbac10-1aaf-11ef-9182-bd5cfcf36af4.jpg", "bboxes": [0.6046808510638297, 0.3537115839243499, 0.9652009456264775, 0.7910638297872341], "class": 2}