{"image": "78fbac10-1aaf-11ef-9182-bd5cfcf36af4.jpg", "bboxes": [0.4180141843971631, 0.17560283687943257, 0.7785342789598109, 0.6129550827423167], "class": 2}