{"image": "78fbac10-1aaf-11ef-9182-bd5cfcf36af4.jpg", "bboxes": [0.0022222222222222365, 0.33593380614657214, 0.3597635933806147, 0.7732860520094563], "class": 2}