{"image": "78fbac10-1aaf-11ef-9182-bd5cfcf36af4.jpg", "bboxes": [0.22813238770685584, 0.22004728132387708, 0.5886524822695036, 0.6573995271867612], "class": 2}