{"image": "78fbac10-1aaf-11ef-9182-bd5cfcf36af4.jpg", "bboxes": [0.4735697399527186, 0.1844917257683215, 0.8340898345153664, 0.6218439716312056], "class": 2}