{"image": "78fbac10-1aaf-11ef-9182-bd5cfcf36af4.jpg", "bboxes": [0.3980141843971631, 0.34704491725768327, 0.7585342789598108, 0.7843971631205674], "class": 2}