{"image": "78fbac10-1aaf-11ef-9182-bd5cfcf36af4.jpg", "bboxes": [0.5624586288416076, 0.36482269503546105, 0.9229787234042554, 0.8021749408983452], "class": 2}