{"image": "78fbac10-1aaf-11ef-9182-bd5cfcf36af4.jpg", "bboxes": [0.5424586288416076, 0.20671394799054368, 0.9029787234042553, 0.6440661938534278], "class": 2}