{"image": "78fbac10-1aaf-11ef-9182-bd5cfcf36af4.jpg", "bboxes": [0.23924349881796692, 0.23115839243498815, 0.5997635933806147, 0.6685106382978723], "class": 2}