{"image": "78fbac10-1aaf-11ef-9182-bd5cfcf36af4.jpg", "bboxes": [0.32245862884160753, 0.1711583924349881, 0.6829787234042554, 0.6085106382978722], "class": 2}