{"image": "78fbac10-1aaf-11ef-9182-bd5cfcf36af4.jpg", "bboxes": [0.0022222222222222365, 0.22671394799054367, 0.2842080378250591, 0.6640661938534278], "class": 2}