{"image": "78fbac10-1aaf-11ef-9182-bd5cfcf36af4.jpg", "bboxes": [0.6646808510638298, 0.3892671394799055, 0.9977777777777778, 0.8266193853427897], "class": 2}