{"image": "78fbac10-1aaf-11ef-9182-bd5cfcf36af4.jpg", "bboxes": [0.40690307328605196, 0.21115839243498813, 0.7674231678486998, 0.6485106382978723], "class": 2}