{"image": "78fbac10-1aaf-11ef-9182-bd5cfcf36af4.jpg", "bboxes": [0.5957919621749409, 0.20449172576832153, 0.9563120567375887, 0.6418439716312057], "class": 2}