{"image": "78fbac10-1aaf-11ef-9182-bd5cfcf36af4.jpg", "bboxes": [0.5424586288416076, 0.20449172576832153, 0.9029787234042553, 0.6418439716312057], "class": 2}