{"image": "78fbac10-1aaf-11ef-9182-bd5cfcf36af4.jpg", "bboxes": [0.49579196217494087, 0.23115839243498815, 0.8563120567375886, 0.6685106382978723], "class": 2}