{"image": "78fbac10-1aaf-11ef-9182-bd5cfcf36af4.jpg", "bboxes": [0.25479905437352246, 0.3248226950354611, 0.6153191489361702, 0.7621749408983451], "class": 2}