{"image": "78fbac10-1aaf-11ef-9182-bd5cfcf36af4.jpg", "bboxes": [0.10146572104018914, 0.19782505910165482, 0.4619858156028369, 0.6351773049645388], "class": 2}