{"image": "78fbac10-1aaf-11ef-9182-bd5cfcf36af4.jpg", "bboxes": [0.21035460992907806, 0.33371158392434996, 0.5708747044917257, 0.7710638297872341], "class": 2}