{"image": "78fbac10-1aaf-11ef-9182-bd5cfcf36af4.jpg", "bboxes": [0.5357919621749409, 0.3537115839243499, 0.8963120567375886, 0.7910638297872341], "class": 2}