{"image": "78fbac10-1aaf-11ef-9182-bd5cfcf36af4.jpg", "bboxes": [0.7202364066193853, 0.3248226950354611, 0.9977777777777778, 0.7621749408983451], "class": 2}