{"image": "78fbac10-1aaf-11ef-9182-bd5cfcf36af4.jpg", "bboxes": [0.0022222222222222365, 0.23782505910165486, 0.34420803782505915, 0.6751773049645389], "class": 2}