{"image": "78fbac10-1aaf-11ef-9182-bd5cfcf36af4.jpg", "bboxes": [0.34690307328605197, 0.23115839243498815, 0.7074231678486997, 0.6685106382978723], "class": 2}