{"image": "78fbac10-1aaf-11ef-9182-bd5cfcf36af4.jpg", "bboxes": [0.6135697399527187, 0.3537115839243499, 0.9740898345153665, 0.7910638297872341], "class": 2}