{"image": "78fbac10-1aaf-11ef-9182-bd5cfcf36af4.jpg", "bboxes": [0.3380141843971631, 0.3292671394799055, 0.6985342789598109, 0.7666193853427896], "class": 2}