{"image": "78fbac10-1aaf-11ef-9182-bd5cfcf36af4.jpg", "bboxes": [0.5757919621749409, 0.20004728132387706, 0.9363120567375887, 0.6373995271867612], "class": 2}