{"image": "78fbac10-1aaf-11ef-9182-bd5cfcf36af4.jpg", "bboxes": [0.44468085106382976, 0.2289361702127659, 0.8052009456264775, 0.66628841607565], "class": 2}