{"image": "78fbac10-1aaf-11ef-9182-bd5cfcf36af4.jpg", "bboxes": [0.10813238770685585, 0.35148936170212774, 0.4686524822695036, 0.7888416075650119], "class": 2}