{"image": "78fbac10-1aaf-11ef-9182-bd5cfcf36af4.jpg", "bboxes": [0.34468085106382973, 0.21782505910165484, 0.7052009456264775, 0.655177304964539], "class": 2}