{"image": "78fbac10-1aaf-11ef-9182-bd5cfcf36af4.jpg", "bboxes": [0.5646808510638297, 0.22893617021276594, 0.9252009456264775, 0.66628841607565], "class": 2}