{"image": "78fbac10-1aaf-11ef-9182-bd5cfcf36af4.jpg", "bboxes": [0.0022222222222222365, 0.34704491725768327, 0.2842080378250591, 0.7843971631205674], "class": 2}