{"image": "78fbac10-1aaf-11ef-9182-bd5cfcf36af4.jpg", "bboxes": [0.5646808510638297, 0.3581560283687944, 0.9252009456264775, 0.7955082742316785], "class": 2}