{"image": "78fbac10-1aaf-11ef-9182-bd5cfcf36af4.jpg", "bboxes": [0.6002364066193853, 0.23782505910165486, 0.960756501182033, 0.6751773049645389], "class": 2}