{"image": "78fbac10-1aaf-11ef-9182-bd5cfcf36af4.jpg", "bboxes": [0.15479905437352248, 0.19338061465721035, 0.5153191489361703, 0.6307328605200946], "class": 2}