{"image": "78fbac10-1aaf-11ef-9182-bd5cfcf36af4.jpg", "bboxes": [0.7180141843971631, 0.2156028368794326, 0.9977777777777778, 0.6529550827423168], "class": 2}