{"image": "78fbac10-1aaf-11ef-9182-bd5cfcf36af4.jpg", "bboxes": [0.3313475177304964, 0.17560283687943257, 0.6918676122931442, 0.6129550827423167], "class": 2}