{"image": "78fbac10-1aaf-11ef-9182-bd5cfcf36af4.jpg", "bboxes": [0.5335697399527186, 0.33371158392434996, 0.8940898345153664, 0.7710638297872341], "class": 2}