{"image": "78fbac10-1aaf-11ef-9182-bd5cfcf36af4.jpg", "bboxes": [0.048132387706855795, 0.3803782505910166, 0.40865248226950357, 0.8177304964539007], "class": 2}