{"image": "78fbac10-1aaf-11ef-9182-bd5cfcf36af4.jpg", "bboxes": [0.2747990543735225, 0.21338061465721037, 0.6353191489361703, 0.6507328605200945], "class": 2}