{"image": "78fbac10-1aaf-11ef-9182-bd5cfcf36af4.jpg", "bboxes": [0.506903073286052, 0.3626004728132388, 0.8674231678486998, 0.7999527186761229], "class": 2}