{"image": "78fbac10-1aaf-11ef-9182-bd5cfcf36af4.jpg", "bboxes": [0.37356973995271864, 0.3292671394799055, 0.7340898345153665, 0.7666193853427896], "class": 2}