{"image": "78fbac10-1aaf-11ef-9182-bd5cfcf36af4.jpg", "bboxes": [0.20813238770685583, 0.3892671394799055, 0.5686524822695036, 0.8266193853427897], "class": 2}