{"image": "78fbac10-1aaf-11ef-9182-bd5cfcf36af4.jpg", "bboxes": [0.1681323877068558, 0.18226950354609928, 0.5286524822695036, 0.6196217494089834], "class": 2}