{"image": "78fbac10-1aaf-11ef-9182-bd5cfcf36af4.jpg", "bboxes": [0.5513475177304964, 0.3314893617021277, 0.9118676122931442, 0.7688416075650119], "class": 2}