{"image": "78fbac10-1aaf-11ef-9182-bd5cfcf36af4.jpg", "bboxes": [0.23924349881796692, 0.3403782505910166, 0.5997635933806147, 0.7777304964539007], "class": 2}