{"image": "78fbac10-1aaf-11ef-9182-bd5cfcf36af4.jpg", "bboxes": [0.04591016548463356, 0.38704491725768325, 0.40643026004728133, 0.8243971631205674], "class": 2}