{"image": "78fbac10-1aaf-11ef-9182-bd5cfcf36af4.jpg", "bboxes": [0.48468085106382974, 0.3714893617021277, 0.8452009456264775, 0.8088416075650119], "class": 2}