{"image": "78fbac10-1aaf-11ef-9182-bd5cfcf36af4.jpg", "bboxes": [0.486903073286052, 0.18671394799054372, 0.8474231678486998, 0.6240661938534278], "class": 2}