{"image": "78fbac10-1aaf-11ef-9182-bd5cfcf36af4.jpg", "bboxes": [0.12146572104018916, 0.3537115839243499, 0.48198581560283693, 0.7910638297872341], "class": 2}