{"image": "78fbac10-1aaf-11ef-9182-bd5cfcf36af4.jpg", "bboxes": [0.39356973995271866, 0.34260047281323885, 0.7540898345153664, 0.7799527186761229], "class": 2}