{"image": "78fbac10-1aaf-11ef-9182-bd5cfcf36af4.jpg", "bboxes": [0.010354609929077996, 0.20004728132387706, 0.37087470449172577, 0.6373995271867612], "class": 2}