{"image": "78fbac10-1aaf-11ef-9182-bd5cfcf36af4.jpg", "bboxes": [0.5202364066193853, 0.1911583924349881, 0.8807565011820331, 0.6285106382978722], "class": 2}