{"image": "799bcc0d-1aaf-11ef-bf79-bd5cfcf36af4.jpg", "bboxes": [0.536406619385343, 0.19049645390070924, 0.9572104018912528, 0.6798581560283687], "class": 2}