{"image": "799bcc0d-1aaf-11ef-bf79-bd5cfcf36af4.jpg", "bboxes": [0.3919621749408985, 0.188274231678487, 0.8127659574468084, 0.6776359338061466], "class": 2}