{"image": "799bcc0d-1aaf-11ef-bf79-bd5cfcf36af4.jpg", "bboxes": [0.20501182033096943, 0.3023640661938535, 0.6258156028368793, 0.791725768321513], "class": 2}