{"image": "799bcc0d-1aaf-11ef-bf79-bd5cfcf36af4.jpg", "bboxes": [0.08501182033096943, 0.1571631205673759, 0.5058156028368792, 0.6465248226950354], "class": 2}