{"image": "799bcc0d-1aaf-11ef-bf79-bd5cfcf36af4.jpg", "bboxes": [0.3119621749408985, 0.16160756501182036, 0.7327659574468084, 0.6509692671394799], "class": 2}