{"image": "799bcc0d-1aaf-11ef-bf79-bd5cfcf36af4.jpg", "bboxes": [0.31418439716312074, 0.3245862884160757, 0.7349881796690306, 0.8139479905437352], "class": 2}