{"image": "799bcc0d-1aaf-11ef-bf79-bd5cfcf36af4.jpg", "bboxes": [0.2716784869976361, 0.35569739952718676, 0.692482269503546, 0.8450591016548463], "class": 2}