{"image": "799bcc0d-1aaf-11ef-bf79-bd5cfcf36af4.jpg", "bboxes": [0.45418439716312076, 0.17049645390070922, 0.8749881796690306, 0.6598581560283687], "class": 2}