{"image": "799bcc0d-1aaf-11ef-bf79-bd5cfcf36af4.jpg", "bboxes": [0.36085106382978743, 0.19716312056737595, 0.7816548463356973, 0.6865248226950355], "class": 2}