{"image": "799bcc0d-1aaf-11ef-bf79-bd5cfcf36af4.jpg", "bboxes": [0.6652955082742319, 0.3245862884160757, 0.9977777777777778, 0.8139479905437352], "class": 2}