{"image": "799bcc0d-1aaf-11ef-bf79-bd5cfcf36af4.jpg", "bboxes": [0.0022222222222222365, 0.357919621749409, 0.3702600472813236, 0.8472813238770686], "class": 2}