{"image": "799bcc0d-1aaf-11ef-bf79-bd5cfcf36af4.jpg", "bboxes": [0.31418439716312074, 0.20160756501182042, 0.7349881796690306, 0.6909692671394798], "class": 2}