{"image": "799bcc0d-1aaf-11ef-bf79-bd5cfcf36af4.jpg", "bboxes": [0.5897399527186763, 0.17049645390070922, 1.0, 0.6598581560283687], "class": 2}