{"image": "799bcc0d-1aaf-11ef-bf79-bd5cfcf36af4.jpg", "bboxes": [0.7097399527186763, 0.1571631205673759, 1.0, 0.6465248226950354], "class": 2}