{"image": "799bcc0d-1aaf-11ef-bf79-bd5cfcf36af4.jpg", "bboxes": [0.191678486997636, 0.19938534278959819, 0.6124822695035459, 0.6887470449172577], "class": 2}