{"image": "799bcc0d-1aaf-11ef-bf79-bd5cfcf36af4.jpg", "bboxes": [0.5630732860520097, 0.35125295508274235, 0.9838770685579195, 0.8406146572104018], "class": 2}