{"image": "799bcc0d-1aaf-11ef-bf79-bd5cfcf36af4.jpg", "bboxes": [0.12501182033096936, 0.20160756501182042, 0.5458156028368792, 0.6909692671394798], "class": 2}