{"image": "799bcc0d-1aaf-11ef-bf79-bd5cfcf36af4.jpg", "bboxes": [0.7230732860520096, 0.18382978723404264, 1.0, 0.6731914893617021], "class": 2}