{"image": "799bcc0d-1aaf-11ef-bf79-bd5cfcf36af4.jpg", "bboxes": [0.05612293144208047, 0.15049645390070931, 0.47692671394799036, 0.6398581560283688], "class": 2}