{"image": "799bcc0d-1aaf-11ef-bf79-bd5cfcf36af4.jpg", "bboxes": [0.42529550827423185, 0.14160756501182037, 0.8460992907801417, 0.6309692671394799], "class": 2}