{"image": "799bcc0d-1aaf-11ef-bf79-bd5cfcf36af4.jpg", "bboxes": [0.4830732860520096, 0.20382978723404255, 0.9038770685579195, 0.6931914893617022], "class": 2}