{"image": "799bcc0d-1aaf-11ef-bf79-bd5cfcf36af4.jpg", "bboxes": [0.5208510638297874, 0.19938534278959819, 0.9416548463356973, 0.6887470449172577], "class": 2}