{"image": "799bcc0d-1aaf-11ef-bf79-bd5cfcf36af4.jpg", "bboxes": [0.3297399527186763, 0.3401418439716312, 0.7505437352245862, 0.8295035460992908], "class": 2}