{"image": "799bcc0d-1aaf-11ef-bf79-bd5cfcf36af4.jpg", "bboxes": [0.0, 0.15049645390070931, 0.41248226950354594, 0.6398581560283687], "class": 2}