{"image": "799bcc0d-1aaf-11ef-bf79-bd5cfcf36af4.jpg", "bboxes": [0.24278959810874712, 0.1616075650118204, 0.663593380614657, 0.6509692671394799], "class": 2}