{"image": "799bcc0d-1aaf-11ef-bf79-bd5cfcf36af4.jpg", "bboxes": [0.19390070921985825, 0.15494089834515368, 0.6147044917257681, 0.6443026004728132], "class": 2}