{"image": "799bcc0d-1aaf-11ef-bf79-bd5cfcf36af4.jpg", "bboxes": [0.5164066193853429, 0.16827423167848699, 0.9372104018912528, 0.6576359338061466], "class": 2}