{"image": "799bcc0d-1aaf-11ef-bf79-bd5cfcf36af4.jpg", "bboxes": [0.24278959810874712, 0.15938534278959815, 0.663593380614657, 0.6487470449172577], "class": 2}