{"image": "799bcc0d-1aaf-11ef-bf79-bd5cfcf36af4.jpg", "bboxes": [0.0, 0.3534751773049646, 0.27914893617021264, 0.8428368794326241], "class": 2}