{"image": "799bcc0d-1aaf-11ef-bf79-bd5cfcf36af4.jpg", "bboxes": [0.020567375886524908, 0.1571631205673759, 0.4413711583924348, 0.6465248226950354], "class": 2}