{"image": "799bcc0d-1aaf-11ef-bf79-bd5cfcf36af4.jpg", "bboxes": [0.0022222222222222365, 0.3623640661938535, 0.3169267139479903, 0.8517257683215129], "class": 2}