{"image": "799bcc0d-1aaf-11ef-bf79-bd5cfcf36af4.jpg", "bboxes": [0.5430732860520097, 0.14160756501182037, 0.9638770685579195, 0.6309692671394799], "class": 2}