{"image": "799bcc0d-1aaf-11ef-bf79-bd5cfcf36af4.jpg", "bboxes": [0.596406619385343, 0.14605200945626484, 0.9977777777777778, 0.6354137115839243], "class": 2}