{"image": "799bcc0d-1aaf-11ef-bf79-bd5cfcf36af4.jpg", "bboxes": [0.10723404255319158, 0.15271867612293144, 0.5280378250591015, 0.6420803782505912], "class": 2}