{"image": "799bcc0d-1aaf-11ef-bf79-bd5cfcf36af4.jpg", "bboxes": [0.5097399527186763, 0.1749408983451537, 0.9305437352245862, 0.6643026004728132], "class": 2}