{"image": "799bcc0d-1aaf-11ef-bf79-bd5cfcf36af4.jpg", "bboxes": [0.4830732860520096, 0.208274231678487, 0.9038770685579195, 0.6976359338061465], "class": 2}