{"image": "799bcc0d-1aaf-11ef-bf79-bd5cfcf36af4.jpg", "bboxes": [0.38307328605200963, 0.19271867612293148, 0.8038770685579195, 0.682080378250591], "class": 2}