{"image": "799bcc0d-1aaf-11ef-bf79-bd5cfcf36af4.jpg", "bboxes": [0.4186288416075652, 0.36014184397163124, 0.8394326241134751, 0.8495035460992907], "class": 2}