{"image": "799bcc0d-1aaf-11ef-bf79-bd5cfcf36af4.jpg", "bboxes": [0.3541843971631207, 0.357919621749409, 0.7749881796690307, 0.8472813238770686], "class": 2}