{"image": "799bcc0d-1aaf-11ef-bf79-bd5cfcf36af4.jpg", "bboxes": [0.03834515366430269, 0.34680851063829793, 0.4591489361702126, 0.8361702127659574], "class": 2}