{"image": "799bcc0d-1aaf-11ef-bf79-bd5cfcf36af4.jpg", "bboxes": [0.016122931442080546, 0.17938534278959817, 0.4369267139479903, 0.6687470449172577], "class": 2}