{"image": "799bcc0d-1aaf-11ef-bf79-bd5cfcf36af4.jpg", "bboxes": [0.41196217494089854, 0.33347517730496457, 0.8327659574468084, 0.8228368794326241], "class": 2}