{"image": "799bcc0d-1aaf-11ef-bf79-bd5cfcf36af4.jpg", "bboxes": [0.716406619385343, 0.32014184397163126, 0.9977777777777778, 0.8095035460992908], "class": 2}