{"image": "799bcc0d-1aaf-11ef-bf79-bd5cfcf36af4.jpg", "bboxes": [0.0022222222222222365, 0.35569739952718676, 0.40137115839243476, 0.8450591016548463], "class": 2}