{"image": "799bcc0d-1aaf-11ef-bf79-bd5cfcf36af4.jpg", "bboxes": [0.676406619385343, 0.17938534278959817, 0.9977777777777778, 0.6687470449172577], "class": 2}