{"image": "799bcc0d-1aaf-11ef-bf79-bd5cfcf36af4.jpg", "bboxes": [0.656406619385343, 0.317919621749409, 1.0, 0.8072813238770685], "class": 2}