{"image": "799bcc0d-1aaf-11ef-bf79-bd5cfcf36af4.jpg", "bboxes": [0.06278959810874718, 0.32014184397163126, 0.483593380614657, 0.8095035460992908], "class": 2}