{"image": "799bcc0d-1aaf-11ef-bf79-bd5cfcf36af4.jpg", "bboxes": [0.4830732860520096, 0.317919621749409, 0.9038770685579195, 0.8072813238770685], "class": 2}