{"image": "799bcc0d-1aaf-11ef-bf79-bd5cfcf36af4.jpg", "bboxes": [0.15390070921985835, 0.317919621749409, 0.5747044917257681, 0.8072813238770685], "class": 2}