{"image": "799bcc0d-1aaf-11ef-bf79-bd5cfcf36af4.jpg", "bboxes": [0.376406619385343, 0.16827423167848699, 0.7972104018912528, 0.6576359338061466], "class": 2}