{"image": "799bcc0d-1aaf-11ef-bf79-bd5cfcf36af4.jpg", "bboxes": [0.48085106382978743, 0.31347517730496455, 0.9016548463356973, 0.802836879432624], "class": 2}