{"image": "799bcc0d-1aaf-11ef-bf79-bd5cfcf36af4.jpg", "bboxes": [0.0022222222222222365, 0.1438297872340426, 0.4213711583924348, 0.6331914893617021], "class": 2}