{"image": "799bcc0d-1aaf-11ef-bf79-bd5cfcf36af4.jpg", "bboxes": [0.20501182033096943, 0.17716312056737593, 0.6258156028368792, 0.6665248226950354], "class": 2}