{"image": "799bcc0d-1aaf-11ef-bf79-bd5cfcf36af4.jpg", "bboxes": [0.536406619385343, 0.31347517730496455, 0.9572104018912528, 0.802836879432624], "class": 2}