{"image": "799bcc0d-1aaf-11ef-bf79-bd5cfcf36af4.jpg", "bboxes": [0.18945626477541389, 0.1949408983451537, 0.6102600472813238, 0.6843026004728132], "class": 2}