{"image": "799bcc0d-1aaf-11ef-bf79-bd5cfcf36af4.jpg", "bboxes": [0.2672340425531916, 0.14605200945626484, 0.6880378250591015, 0.6354137115839243], "class": 2}