{"image": "799bcc0d-1aaf-11ef-bf79-bd5cfcf36af4.jpg", "bboxes": [0.03167848699763609, 0.30458628841607566, 0.452482269503546, 0.7939479905437352], "class": 2}