{"image": "799bcc0d-1aaf-11ef-bf79-bd5cfcf36af4.jpg", "bboxes": [0.22723404255319157, 0.1749408983451537, 0.6480378250591015, 0.6643026004728132], "class": 2}