{"image": "799bcc0d-1aaf-11ef-bf79-bd5cfcf36af4.jpg", "bboxes": [0.10056737588652498, 0.33347517730496457, 0.5213711583924348, 0.8228368794326241], "class": 2}