{"image": "799bcc0d-1aaf-11ef-bf79-bd5cfcf36af4.jpg", "bboxes": [0.38529550827423187, 0.33125295508274233, 0.8060992907801418, 0.8206146572104018], "class": 2}