{"image": "799bcc0d-1aaf-11ef-bf79-bd5cfcf36af4.jpg", "bboxes": [0.027234042553191617, 0.1949408983451537, 0.4480378250591015, 0.6843026004728132], "class": 2}