{"image": "799bcc0d-1aaf-11ef-bf79-bd5cfcf36af4.jpg", "bboxes": [0.39418439716312076, 0.14160756501182037, 0.8149881796690306, 0.6309692671394799], "class": 2}