{"image": "799bcc0d-1aaf-11ef-bf79-bd5cfcf36af4.jpg", "bboxes": [0.3697399527186763, 0.3490307328605201, 0.7905437352245862, 0.8383924349881796], "class": 2}