{"image": "799bcc0d-1aaf-11ef-bf79-bd5cfcf36af4.jpg", "bboxes": [0.1716784869976361, 0.34236406619385346, 0.5924822695035459, 0.831725768321513], "class": 2}