{"image": "799bcc0d-1aaf-11ef-bf79-bd5cfcf36af4.jpg", "bboxes": [0.3208510638297874, 0.20382978723404258, 0.7416548463356972, 0.6931914893617023], "class": 2}