{"image": "799bcc0d-1aaf-11ef-bf79-bd5cfcf36af4.jpg", "bboxes": [0.0, 0.3668085106382979, 0.3835933806146571, 0.8561702127659574], "class": 2}