{"image": "799bcc0d-1aaf-11ef-bf79-bd5cfcf36af4.jpg", "bboxes": [0.191678486997636, 0.1438297872340426, 0.6124822695035459, 0.6331914893617021], "class": 2}