{"image": "799bcc0d-1aaf-11ef-bf79-bd5cfcf36af4.jpg", "bboxes": [0.41640661938534296, 0.19716312056737595, 0.8372104018912528, 0.6865248226950355], "class": 2}