{"image": "799bcc0d-1aaf-11ef-bf79-bd5cfcf36af4.jpg", "bboxes": [0.38307328605200963, 0.3490307328605201, 0.8038770685579195, 0.8383924349881796], "class": 2}