{"image": "799bcc0d-1aaf-11ef-bf79-bd5cfcf36af4.jpg", "bboxes": [0.6341843971631207, 0.1571631205673759, 0.9977777777777778, 0.6465248226950354], "class": 2}