{"image": "799bcc0d-1aaf-11ef-bf79-bd5cfcf36af4.jpg", "bboxes": [0.0022222222222222365, 0.188274231678487, 0.3791489361702126, 0.6776359338061466], "class": 2}