{"image": "799bcc0d-1aaf-11ef-bf79-bd5cfcf36af4.jpg", "bboxes": [0.44307328605200963, 0.32236406619385344, 0.8638770685579195, 0.811725768321513], "class": 2}