{"image": "799bcc0d-1aaf-11ef-bf79-bd5cfcf36af4.jpg", "bboxes": [0.6541843971631207, 0.14827423167848708, 1.0, 0.6376359338061466], "class": 2}