{"image": "79eceec9-1aaf-11ef-87b9-bd5cfcf36af4.jpg", "bboxes": [0.0022222222222222365, 0.3513475177304965, 0.4120094562647755, 0.7946099290780142], "class": 2}