{"image": "79eceec9-1aaf-11ef-87b9-bd5cfcf36af4.jpg", "bboxes": [0.003829787234042703, 0.34912529550827426, 0.43645390070921986, 0.792387706855792], "class": 2}