{"image": "79eceec9-1aaf-11ef-87b9-bd5cfcf36af4.jpg", "bboxes": [0.07494089834515383, 0.23427895981087465, 0.507565011820331, 0.6775413711583924], "class": 2}