{"image": "79eceec9-1aaf-11ef-87b9-bd5cfcf36af4.jpg", "bboxes": [0.23049645390070939, 0.3557919621749409, 0.6631205673758865, 0.7990543735224587], "class": 2}