{"image": "79eceec9-1aaf-11ef-87b9-bd5cfcf36af4.jpg", "bboxes": [0.35465721040189124, 0.18094562647754128, 0.7872813238770684, 0.624208037825059], "class": 2}