{"image": "79eceec9-1aaf-11ef-87b9-bd5cfcf36af4.jpg", "bboxes": [0.41465721040189124, 0.23205673758865242, 0.8472813238770683, 0.6753191489361701], "class": 2}