{"image": "79eceec9-1aaf-11ef-87b9-bd5cfcf36af4.jpg", "bboxes": [0.2504964539007094, 0.35356973995271873, 0.6831205673758866, 0.7968321513002364], "class": 2}