{"image": "79eceec9-1aaf-11ef-87b9-bd5cfcf36af4.jpg", "bboxes": [0.4546572104018912, 0.17872340425531918, 0.8872813238770684, 0.6219858156028368], "class": 2}