{"image": "79eceec9-1aaf-11ef-87b9-bd5cfcf36af4.jpg", "bboxes": [0.2704964539007094, 0.22316784869976358, 0.7031205673758865, 0.6664302600472813], "class": 2}