{"image": "79eceec9-1aaf-11ef-87b9-bd5cfcf36af4.jpg", "bboxes": [0.24160756501182046, 0.22539007092198585, 0.6742316784869978, 0.6686524822695035], "class": 2}