{"image": "79eceec9-1aaf-11ef-87b9-bd5cfcf36af4.jpg", "bboxes": [0.352434988179669, 0.3646808510638298, 0.7850591016548462, 0.8079432624113475], "class": 2}