{"image": "79eceec9-1aaf-11ef-87b9-bd5cfcf36af4.jpg", "bboxes": [0.11271867612293163, 0.33801418439716313, 0.5453427895981088, 0.7812765957446809], "class": 2}