{"image": "79eceec9-1aaf-11ef-87b9-bd5cfcf36af4.jpg", "bboxes": [0.09271867612293161, 0.35356973995271873, 0.5253427895981088, 0.7968321513002364], "class": 2}