{"image": "79eceec9-1aaf-11ef-87b9-bd5cfcf36af4.jpg", "bboxes": [0.6502127659574468, 0.37134751773049646, 0.9977777777777778, 0.8146099290780142], "class": 2}