{"image": "79eceec9-1aaf-11ef-87b9-bd5cfcf36af4.jpg", "bboxes": [0.0, 0.21650118203309687, 0.36756501182033097, 0.6597635933806146], "class": 2}