{"image": "79eceec9-1aaf-11ef-87b9-bd5cfcf36af4.jpg", "bboxes": [0.0022222222222222365, 0.32912529550827424, 0.3764539007092199, 0.772387706855792], "class": 2}