{"image": "79eceec9-1aaf-11ef-87b9-bd5cfcf36af4.jpg", "bboxes": [0.0022222222222222365, 0.33579196217494095, 0.4320094562647754, 0.7790543735224587], "class": 2}