{"image": "79eceec9-1aaf-11ef-87b9-bd5cfcf36af4.jpg", "bboxes": [0.0022222222222222365, 0.34468085106382984, 0.3142316784869977, 0.7879432624113475], "class": 2}