{"image": "79eceec9-1aaf-11ef-87b9-bd5cfcf36af4.jpg", "bboxes": [0.4502127659574468, 0.36245862884160757, 0.8828368794326239, 0.8057210401891253], "class": 2}