{"image": "79eceec9-1aaf-11ef-87b9-bd5cfcf36af4.jpg", "bboxes": [0.0, 0.22761229314420806, 0.3831205673758865, 0.6708747044917258], "class": 2}