{"image": "79eceec9-1aaf-11ef-87b9-bd5cfcf36af4.jpg", "bboxes": [0.0022222222222222365, 0.3246808510638298, 0.2897872340425533, 0.7679432624113476], "class": 2}