{"image": "79eceec9-1aaf-11ef-87b9-bd5cfcf36af4.jpg", "bboxes": [0.6613238770685579, 0.20761229314420804, 0.9977777777777778, 0.6508747044917258], "class": 2}