{"image": "79eceec9-1aaf-11ef-87b9-bd5cfcf36af4.jpg", "bboxes": [0.6013238770685579, 0.38912529550827424, 1.0, 0.832387706855792], "class": 2}