{"image": "79eceec9-1aaf-11ef-87b9-bd5cfcf36af4.jpg", "bboxes": [0.04827423167848721, 0.1987234042553191, 0.48089834515366436, 0.6419858156028369], "class": 2}