{"image": "79eceec9-1aaf-11ef-87b9-bd5cfcf36af4.jpg", "bboxes": [0.0022222222222222365, 0.18761229314420802, 0.3431205673758866, 0.6308747044917258], "class": 2}