{"image": "79eceec9-1aaf-11ef-87b9-bd5cfcf36af4.jpg", "bboxes": [0.2260520094562649, 0.19650118203309697, 0.6586761229314422, 0.6397635933806146], "class": 2}