{"image": "79eceec9-1aaf-11ef-87b9-bd5cfcf36af4.jpg", "bboxes": [0.03716312056737603, 0.3313475177304965, 0.4697872340425532, 0.7746099290780142], "class": 2}