{"image": "79eceec9-1aaf-11ef-87b9-bd5cfcf36af4.jpg", "bboxes": [0.08160756501182055, 0.3224586288416076, 0.5142316784869976, 0.7657210401891253], "class": 2}