{"image": "79eceec9-1aaf-11ef-87b9-bd5cfcf36af4.jpg", "bboxes": [0.34576832151300235, 0.3646808510638298, 0.7783924349881794, 0.8079432624113475], "class": 2}