{"image": "79eceec9-1aaf-11ef-87b9-bd5cfcf36af4.jpg", "bboxes": [0.13494089834515388, 0.22094562647754135, 0.567565011820331, 0.664208037825059], "class": 2}