{"image": "79eceec9-1aaf-11ef-87b9-bd5cfcf36af4.jpg", "bboxes": [0.5568794326241134, 0.22094562647754135, 0.9895035460992906, 0.664208037825059], "class": 2}