{"image": "79eceec9-1aaf-11ef-87b9-bd5cfcf36af4.jpg", "bboxes": [0.08827423167848714, 0.20094562647754133, 0.5208983451536644, 0.6442080378250591], "class": 2}