{"image": "79eceec9-1aaf-11ef-87b9-bd5cfcf36af4.jpg", "bboxes": [0.20160756501182053, 0.20316784869976356, 0.6342316784869977, 0.6464302600472813], "class": 2}