{"image": "79eceec9-1aaf-11ef-87b9-bd5cfcf36af4.jpg", "bboxes": [0.23938534278959822, 0.19650118203309697, 0.6720094562647754, 0.6397635933806146], "class": 2}