{"image": "79eceec9-1aaf-11ef-87b9-bd5cfcf36af4.jpg", "bboxes": [0.6502127659574468, 0.2120567375886525, 1.0, 0.6553191489361702], "class": 2}