{"image": "79eceec9-1aaf-11ef-87b9-bd5cfcf36af4.jpg", "bboxes": [0.672434988179669, 0.35356973995271873, 0.9977777777777778, 0.7968321513002364], "class": 2}