{"image": "79eceec9-1aaf-11ef-87b9-bd5cfcf36af4.jpg", "bboxes": [0.0, 0.3335697399527187, 0.2920094562647755, 0.7768321513002364], "class": 2}