{"image": "79eceec9-1aaf-11ef-87b9-bd5cfcf36af4.jpg", "bboxes": [0.332434988179669, 0.3246808510638298, 0.7650591016548461, 0.7679432624113476], "class": 2}