{"image": "79eceec9-1aaf-11ef-87b9-bd5cfcf36af4.jpg", "bboxes": [0.5191016548463356, 0.34023640661938537, 0.9517257683215128, 0.7834988179669031], "class": 2}