{"image": "79eceec9-1aaf-11ef-87b9-bd5cfcf36af4.jpg", "bboxes": [0.07271867612293159, 0.22761229314420806, 0.5053427895981087, 0.6708747044917258], "class": 2}