{"image": "79eceec9-1aaf-11ef-87b9-bd5cfcf36af4.jpg", "bboxes": [0.03716312056737603, 0.3824586288416076, 0.46978723404255324, 0.8257210401891253], "class": 2}