{"image": "79eceec9-1aaf-11ef-87b9-bd5cfcf36af4.jpg", "bboxes": [0.08382978723404277, 0.36690307328605204, 0.5164539007092199, 0.8101654846335697], "class": 2}