{"image": "79eceec9-1aaf-11ef-87b9-bd5cfcf36af4.jpg", "bboxes": [0.292434988179669, 0.21650118203309687, 0.7250591016548462, 0.6597635933806146], "class": 2}