{"image": "79eceec9-1aaf-11ef-87b9-bd5cfcf36af4.jpg", "bboxes": [0.5413238770685579, 0.3735697399527187, 0.973947990543735, 0.8168321513002365], "class": 2}