{"image": "79eceec9-1aaf-11ef-87b9-bd5cfcf36af4.jpg", "bboxes": [0.6902127659574467, 0.38690307328605206, 0.9977777777777778, 0.8301654846335698], "class": 2}