{"image": "79eceec9-1aaf-11ef-87b9-bd5cfcf36af4.jpg", "bboxes": [0.0022222222222222365, 0.16983451536643024, 0.37200945626477544, 0.6130969267139479], "class": 2}