{"image": "79eceec9-1aaf-11ef-87b9-bd5cfcf36af4.jpg", "bboxes": [0.44799054373522457, 0.3557919621749409, 0.8806146572104018, 0.7990543735224587], "class": 2}