{"image": "79eceec9-1aaf-11ef-87b9-bd5cfcf36af4.jpg", "bboxes": [0.5346572104018912, 0.38912529550827424, 0.9672813238770684, 0.832387706855792], "class": 2}