{"image": "79eceec9-1aaf-11ef-87b9-bd5cfcf36af4.jpg", "bboxes": [0.0, 0.3602364066193854, 0.40978723404255324, 0.803498817966903], "class": 2}