{"image": "79eceec9-1aaf-11ef-87b9-bd5cfcf36af4.jpg", "bboxes": [0.021607565011820484, 0.38023640661938535, 0.45423167848699764, 0.823498817966903], "class": 2}