{"image": "79eceec9-1aaf-11ef-87b9-bd5cfcf36af4.jpg", "bboxes": [0.15271867612293166, 0.17205673758865248, 0.5853427895981088, 0.6153191489361702], "class": 2}