{"image": "79eceec9-1aaf-11ef-87b9-bd5cfcf36af4.jpg", "bboxes": [0.0, 0.18761229314420802, 0.4008983451536643, 0.6308747044917258], "class": 2}