{"image": "79eceec9-1aaf-11ef-87b9-bd5cfcf36af4.jpg", "bboxes": [0.0022222222222222365, 0.1742789598108747, 0.37200945626477544, 0.6175413711583924], "class": 2}