{"image": "79eceec9-1aaf-11ef-87b9-bd5cfcf36af4.jpg", "bboxes": [0.6746572104018912, 0.37579196217494093, 1.0, 0.8190543735224587], "class": 2}