{"image": "79eceec9-1aaf-11ef-87b9-bd5cfcf36af4.jpg", "bboxes": [0.7035460992907802, 0.3846808510638298, 1.0, 0.8279432624113475], "class": 2}