{"image": "79eceec9-1aaf-11ef-87b9-bd5cfcf36af4.jpg", "bboxes": [0.3991016548463357, 0.17205673758865248, 0.8317257683215128, 0.6153191489361702], "class": 2}