{"image": "79eceec9-1aaf-11ef-87b9-bd5cfcf36af4.jpg", "bboxes": [0.3813238770685579, 0.1742789598108747, 0.813947990543735, 0.6175413711583924], "class": 2}