{"image": "79eceec9-1aaf-11ef-87b9-bd5cfcf36af4.jpg", "bboxes": [0.3435460992907801, 0.3513475177304965, 0.7761702127659573, 0.7946099290780142], "class": 2}