{"image": "79eceec9-1aaf-11ef-87b9-bd5cfcf36af4.jpg", "bboxes": [0.0, 0.18316784869976355, 0.34756501182033095, 0.6264302600472813], "class": 2}