{"image": "79eceec9-1aaf-11ef-87b9-bd5cfcf36af4.jpg", "bboxes": [0.5302127659574468, 0.3691252955082743, 0.962836879432624, 0.812387706855792], "class": 2}