{"image": "79eceec9-1aaf-11ef-87b9-bd5cfcf36af4.jpg", "bboxes": [0.612434988179669, 0.3646808510638298, 0.9977777777777778, 0.8079432624113475], "class": 2}