{"image": "79eceec9-1aaf-11ef-87b9-bd5cfcf36af4.jpg", "bboxes": [0.11049645390070939, 0.37801418439716317, 0.5431205673758865, 0.8212765957446808], "class": 2}