{"image": "79eceec9-1aaf-11ef-87b9-bd5cfcf36af4.jpg", "bboxes": [0.41910165484633566, 0.16983451536643024, 0.8517257683215128, 0.6130969267139479], "class": 2}