{"image": "79eceec9-1aaf-11ef-87b9-bd5cfcf36af4.jpg", "bboxes": [0.6346572104018913, 0.2187234042553191, 1.0, 0.6619858156028369], "class": 2}