{"image": "79eceec9-1aaf-11ef-87b9-bd5cfcf36af4.jpg", "bboxes": [0.0022222222222222365, 0.33801418439716313, 0.32089834515366433, 0.7812765957446809], "class": 2}