{"image": "79eceec9-1aaf-11ef-87b9-bd5cfcf36af4.jpg", "bboxes": [0.12827423167848717, 0.22539007092198582, 0.5608983451536643, 0.6686524822695035], "class": 2}