{"image": "7a3ce911-1aaf-11ef-aa68-bd5cfcf36af4.jpg", "bboxes": [0.8770212765957446, 0.13200945626477545, 1.0, 0.5681796690307328], "class": 2}