{"image": "7a3ce911-1aaf-11ef-aa68-bd5cfcf36af4.jpg", "bboxes": [0.5925768321513001, 0.1297872340425532, 0.9542789598108745, 0.5659574468085107], "class": 2}