{"image": "7a3ce911-1aaf-11ef-aa68-bd5cfcf36af4.jpg", "bboxes": [0.0022222222222222365, 0.1608983451536643, 0.18742316784869983, 0.5970685579196218], "class": 2}