{"image": "7a3ce911-1aaf-11ef-aa68-bd5cfcf36af4.jpg", "bboxes": [0.0022222222222222365, 0.4029314420803783, 0.3318676122931443, 0.8391016548463357], "class": 2}