{"image": "7a3ce911-1aaf-11ef-aa68-bd5cfcf36af4.jpg", "bboxes": [0.0, 0.18978723404255327, 0.06297872340425548, 0.6259574468085106], "class": 2}