{"image": "7a3ce911-1aaf-11ef-aa68-bd5cfcf36af4.jpg", "bboxes": [0.0022222222222222365, 0.4162647754137116, 0.018534278959810968, 0.852434988179669], "class": 2}