{"image": "7a3ce911-1aaf-11ef-aa68-bd5cfcf36af4.jpg", "bboxes": [0.5925768321513001, 0.4273758865248227, 0.9542789598108745, 0.8635460992907801], "class": 2}