{"image": "7a3ce911-1aaf-11ef-aa68-bd5cfcf36af4.jpg", "bboxes": [0.0022222222222222365, 0.3851536643026005, 0.01186761229314437, 0.8213238770685579], "class": 2}