{"image": "7a3ce911-1aaf-11ef-aa68-bd5cfcf36af4.jpg", "bboxes": [0.9392434988179668, 0.1297872340425532, 1.0, 0.5659574468085107], "class": 2}