{"image": "7a3ce911-1aaf-11ef-aa68-bd5cfcf36af4.jpg", "bboxes": [0.6436879432624112, 0.4118203309692672, 0.9977777777777778, 0.8479905437352245], "class": 2}