{"image": "7a3ce911-1aaf-11ef-aa68-bd5cfcf36af4.jpg", "bboxes": [0.0, 0.4162647754137116, 0.2163120567375888, 0.852434988179669], "class": 2}