{"image": "7a3ce911-1aaf-11ef-aa68-bd5cfcf36af4.jpg", "bboxes": [0.0022222222222222365, 0.38737588652482274, 0.038534278959810986, 0.8235460992907802], "class": 2}