{"image": "7a3ce911-1aaf-11ef-aa68-bd5cfcf36af4.jpg", "bboxes": [0.8859101654846334, 0.18978723404255327, 0.9977777777777778, 0.6259574468085106], "class": 2}