{"image": "7a3ce911-1aaf-11ef-aa68-bd5cfcf36af4.jpg", "bboxes": [0.7059101654846335, 0.3740425531914894, 0.9977777777777778, 0.8102127659574467], "class": 2}