{"image": "7a3ce911-1aaf-11ef-aa68-bd5cfcf36af4.jpg", "bboxes": [0.0, 0.147565011820331, 0.23408983451536658, 0.5837352245862883], "class": 2}