{"image": "7a3ce911-1aaf-11ef-aa68-bd5cfcf36af4.jpg", "bboxes": [0.050165484633569846, 0.14089834515366428, 0.4118676122931443, 0.5770685579196217], "class": 2}