{"image": "7a3ce911-1aaf-11ef-aa68-bd5cfcf36af4.jpg", "bboxes": [0.9347990543735224, 0.43182033096926714, 0.9977777777777778, 0.8679905437352246], "class": 2}