{"image": "7a3ce911-1aaf-11ef-aa68-bd5cfcf36af4.jpg", "bboxes": [0.0, 0.4251536643026005, 0.18964539007092207, 0.861323877068558], "class": 2}