{"image": "7a3ce911-1aaf-11ef-aa68-bd5cfcf36af4.jpg", "bboxes": [0.7659101654846334, 0.42070921985815607, 1.0, 0.8568794326241135], "class": 2}