{"image": "7a3ce911-1aaf-11ef-aa68-bd5cfcf36af4.jpg", "bboxes": [0.0022222222222222365, 0.4073758865248227, 0.01186761229314437, 0.8435460992907802], "class": 2}