{"image": "7a3ce911-1aaf-11ef-aa68-bd5cfcf36af4.jpg", "bboxes": [0.019054373522458756, 0.13423167848699769, 0.3807565011820332, 0.570401891252955], "class": 2}