{"image": "7a3ce911-1aaf-11ef-aa68-bd5cfcf36af4.jpg", "bboxes": [0.9747990543735223, 0.4251536643026005, 0.9977777777777778, 0.861323877068558], "class": 2}