{"image": "7a3ce911-1aaf-11ef-aa68-bd5cfcf36af4.jpg", "bboxes": [0.0, 0.42293144208037825, 0.3318676122931443, 0.8591016548463357], "class": 2}