{"image": "7a3ce911-1aaf-11ef-aa68-bd5cfcf36af4.jpg", "bboxes": [0.056832151300236555, 0.38293144208037827, 0.418534278959811, 0.8191016548463357], "class": 2}