{"image": "7a3ce911-1aaf-11ef-aa68-bd5cfcf36af4.jpg", "bboxes": [0.8703546099290779, 0.15423167848699773, 0.9977777777777778, 0.5904018912529551], "class": 2}