{"image": "7a3ce911-1aaf-11ef-aa68-bd5cfcf36af4.jpg", "bboxes": [0.0022222222222222365, 0.16534278959810877, 0.1452009456264777, 0.6015130023640664], "class": 2}