{"image": "7a3ce911-1aaf-11ef-aa68-bd5cfcf36af4.jpg", "bboxes": [0.9236879432624112, 0.1542316784869977, 1.0, 0.5904018912529551], "class": 2}