{"image": "7a3ce911-1aaf-11ef-aa68-bd5cfcf36af4.jpg", "bboxes": [0.0, 0.40515366430260047, 0.08520094562647762, 0.8413238770685579], "class": 2}