{"image": "7a3ce911-1aaf-11ef-aa68-bd5cfcf36af4.jpg", "bboxes": [0.7614657210401891, 0.167565011820331, 1.0, 0.6037352245862884], "class": 2}