{"image": "7a3ce911-1aaf-11ef-aa68-bd5cfcf36af4.jpg", "bboxes": [0.01683215130023652, 0.15867612293144207, 0.37853427895981095, 0.5948463356973995], "class": 2}