{"image": "7a3ce911-1aaf-11ef-aa68-bd5cfcf36af4.jpg", "bboxes": [0.9547990543735223, 0.41848699763593383, 0.9977777777777778, 0.8546572104018912], "class": 2}