{"image": "7a3ce911-1aaf-11ef-aa68-bd5cfcf36af4.jpg", "bboxes": [0.6636879432624112, 0.36959810874704496, 1.0, 0.8057683215130024], "class": 2}