{"image": "7a3ce911-1aaf-11ef-aa68-bd5cfcf36af4.jpg", "bboxes": [0.9081323877068557, 0.13867612293144205, 0.9977777777777778, 0.5748463356973995], "class": 2}