{"image": "7a3ce911-1aaf-11ef-aa68-bd5cfcf36af4.jpg", "bboxes": [0.941465721040189, 0.3984869976359338, 0.9977777777777778, 0.8346572104018912], "class": 2}