{"image": "7a3ce911-1aaf-11ef-aa68-bd5cfcf36af4.jpg", "bboxes": [0.0022222222222222365, 0.17200945626477548, 0.07631205673758878, 0.6081796690307328], "class": 2}