{"image": "7a3ce911-1aaf-11ef-aa68-bd5cfcf36af4.jpg", "bboxes": [0.02349881796690323, 0.14534278959810876, 0.38520094562647766, 0.5815130023640662], "class": 2}