{"image": "7a3ce911-1aaf-11ef-aa68-bd5cfcf36af4.jpg", "bboxes": [0.0, 0.1920094562647754, 0.1274231678486999, 0.6281796690307329], "class": 2}