{"image": "7a3ce911-1aaf-11ef-aa68-bd5cfcf36af4.jpg", "bboxes": [0.9459101654846335, 0.42070921985815607, 1.0, 0.8568794326241135], "class": 2}