{"image": "7a3ce911-1aaf-11ef-aa68-bd5cfcf36af4.jpg", "bboxes": [0.6770212765957445, 0.16534278959810877, 1.0, 0.6015130023640662], "class": 2}