{"image": "7a3ce911-1aaf-11ef-aa68-bd5cfcf36af4.jpg", "bboxes": [0.6859101654846335, 0.147565011820331, 1.0, 0.5837352245862883], "class": 2}