{"image": "7a3ce911-1aaf-11ef-aa68-bd5cfcf36af4.jpg", "bboxes": [0.0, 0.19423167848699763, 0.18075650118203324, 0.630401891252955], "class": 2}