{"image": "7a3ce911-1aaf-11ef-aa68-bd5cfcf36af4.jpg", "bboxes": [0.9303546099290779, 0.15200945626477547, 0.9977777777777778, 0.5881796690307328], "class": 2}