{"image": "7a3ce911-1aaf-11ef-aa68-bd5cfcf36af4.jpg", "bboxes": [0.0, 0.16978723404255325, 0.09853427895981104, 0.6059574468085106], "class": 2}