{"image": "7a3ce911-1aaf-11ef-aa68-bd5cfcf36af4.jpg", "bboxes": [0.0, 0.13867612293144205, 0.00520094562647766, 0.5748463356973995], "class": 2}