{"image": "7a3ce911-1aaf-11ef-aa68-bd5cfcf36af4.jpg", "bboxes": [0.0, 0.13423167848699769, 0.10742316784869987, 0.570401891252955], "class": 2}