{"image": "7a3ce911-1aaf-11ef-aa68-bd5cfcf36af4.jpg", "bboxes": [0.0022222222222222365, 0.18089834515366432, 0.1652009456264777, 0.6170685579196217], "class": 2}