{"image": "7a3ce911-1aaf-11ef-aa68-bd5cfcf36af4.jpg", "bboxes": [0.8503546099290779, 0.14312056737588652, 1.0, 0.5792907801418439], "class": 2}