{"image": "7a3ce911-1aaf-11ef-aa68-bd5cfcf36af4.jpg", "bboxes": [0.7436879432624113, 0.1742316784869976, 1.0, 0.6104018912529551], "class": 2}