{"image": "7a3ce911-1aaf-11ef-aa68-bd5cfcf36af4.jpg", "bboxes": [0.012387706855792047, 0.19645390070921986, 0.3740898345153666, 0.6326241134751773], "class": 2}