{"image": "7a3ce911-1aaf-11ef-aa68-bd5cfcf36af4.jpg", "bboxes": [0.025721040189125466, 0.18978723404255327, 0.3874231678486999, 0.6259574468085106], "class": 2}