{"image": "7a3ce911-1aaf-11ef-aa68-bd5cfcf36af4.jpg", "bboxes": [0.8481323877068557, 0.14089834515366428, 1.0, 0.5770685579196217], "class": 2}