{"image": "7a3ce911-1aaf-11ef-aa68-bd5cfcf36af4.jpg", "bboxes": [0.8659101654846335, 0.17867612293144208, 1.0, 0.6148463356973994], "class": 2}