{"image": "7a3ce911-1aaf-11ef-aa68-bd5cfcf36af4.jpg", "bboxes": [0.03683215130023654, 0.3740425531914894, 0.398534278959811, 0.8102127659574467], "class": 2}