{"image": "7a3ce911-1aaf-11ef-aa68-bd5cfcf36af4.jpg", "bboxes": [0.7881323877068557, 0.1564539007092198, 0.9977777777777778, 0.5926241134751773], "class": 2}