{"image": "7a3ce911-1aaf-11ef-aa68-bd5cfcf36af4.jpg", "bboxes": [0.0022222222222222365, 0.18756501182033103, 0.12075650118203318, 0.6237352245862884], "class": 2}