{"image": "7a3ce911-1aaf-11ef-aa68-bd5cfcf36af4.jpg", "bboxes": [0.0022222222222222365, 0.3762647754137116, 0.09186761229314433, 0.812434988179669], "class": 2}