{"image": "7a3ce911-1aaf-11ef-aa68-bd5cfcf36af4.jpg", "bboxes": [0.0022222222222222365, 0.1853427895981088, 0.15853427895981098, 0.6215130023640661], "class": 2}