{"image": "7a3ce911-1aaf-11ef-aa68-bd5cfcf36af4.jpg", "bboxes": [0.0022222222222222365, 0.1920094562647754, 0.3229787234042555, 0.6281796690307329], "class": 2}