{"image": "7a3ce911-1aaf-11ef-aa68-bd5cfcf36af4.jpg", "bboxes": [0.050165484633569846, 0.4340425531914894, 0.4118676122931443, 0.8702127659574468], "class": 2}