{"image": "7a3ce911-1aaf-11ef-aa68-bd5cfcf36af4.jpg", "bboxes": [0.0022222222222222365, 0.41848699763593383, 0.08520094562647762, 0.8546572104018912], "class": 2}