{"image": "7a3ce911-1aaf-11ef-aa68-bd5cfcf36af4.jpg", "bboxes": [0.6859101654846335, 0.38737588652482274, 1.0, 0.8235460992907802], "class": 2}