{"image": "7a3ce911-1aaf-11ef-aa68-bd5cfcf36af4.jpg", "bboxes": [0.0, 0.14978723404255323, 0.07853427895981102, 0.5859574468085107], "class": 2}