{"image": "7a3ce911-1aaf-11ef-aa68-bd5cfcf36af4.jpg", "bboxes": [0.9947990543735223, 0.3984869976359338, 1.0, 0.8346572104018912], "class": 2}