{"image": "7a8c9d53-1aaf-11ef-b22b-bd5cfcf36af4.jpg", "bboxes": [0.9493617021276595, 0.10130384260928738, 0.9977777777777778, 0.4614657210401891], "class": 2}