{"image": "7a8c9d53-1aaf-11ef-b22b-bd5cfcf36af4.jpg", "bboxes": [0.0, 0.11685939816484292, 0.08174940898345162, 0.47702127659574467], "class": 2}