{"image": "7a8c9d53-1aaf-11ef-b22b-bd5cfcf36af4.jpg", "bboxes": [0.9293617021276595, 0.07241495372039852, 1.0, 0.4325768321513003], "class": 2}