{"image": "7a8c9d53-1aaf-11ef-b22b-bd5cfcf36af4.jpg", "bboxes": [0.0022222222222222365, 0.07685939816484288, 0.04619385342789606, 0.43702127659574475], "class": 2}