{"image": "7a8c9d53-1aaf-11ef-b22b-bd5cfcf36af4.jpg", "bboxes": [0.9249172576832151, 0.5229787234042553, 0.9977777777777778, 0.8831406018351571], "class": 2}