{"image": "7a8c9d53-1aaf-11ef-b22b-bd5cfcf36af4.jpg", "bboxes": [0.9871394799054373, 0.5363120567375886, 0.9977777777777778, 0.8964739351684904], "class": 2}