{"image": "7a8c9d53-1aaf-11ef-b22b-bd5cfcf36af4.jpg", "bboxes": [0.0022222222222222365, 0.05685939816484287, 0.10174940898345164, 0.4170212765957447], "class": 2}