{"image": "7a8c9d53-1aaf-11ef-b22b-bd5cfcf36af4.jpg", "bboxes": [0.0, 0.5474231678486997, 0.010638297872340496, 0.9075850462796016], "class": 2}