{"image": "7a8c9d53-1aaf-11ef-b22b-bd5cfcf36af4.jpg", "bboxes": [0.9160283687943261, 0.5340898345153664, 0.9977777777777778, 0.8942517129462682], "class": 2}