{"image": "7a8c9d53-1aaf-11ef-b22b-bd5cfcf36af4.jpg", "bboxes": [0.0022222222222222365, 0.5163120567375886, 0.0861938534278961, 0.8764739351684904], "class": 2}