{"image": "7a8c9d53-1aaf-11ef-b22b-bd5cfcf36af4.jpg", "bboxes": [0.0, 0.5785342789598109, 0.017304964539007206, 0.9386961573907127], "class": 2}