{"image": "7a8c9d53-1aaf-11ef-b22b-bd5cfcf36af4.jpg", "bboxes": [0.9626950354609929, 0.5318676122931442, 0.9977777777777778, 0.892029490724046], "class": 2}