{"image": "7a8c9d53-1aaf-11ef-b22b-bd5cfcf36af4.jpg", "bboxes": [0.8960283687943261, 0.08130384260928736, 1.0, 0.4414657210401891], "class": 2}