{"image": "7a8c9d53-1aaf-11ef-b22b-bd5cfcf36af4.jpg", "bboxes": [0.0, 0.1213038426092874, 0.0995271867612294, 0.48146572104018914], "class": 2}