{"image": "7a8c9d53-1aaf-11ef-b22b-bd5cfcf36af4.jpg", "bboxes": [0.0, 0.11463717594262068, 0.06841607565011831, 0.47479905437352243], "class": 2}