{"image": "7a8c9d53-1aaf-11ef-b22b-bd5cfcf36af4.jpg", "bboxes": [0.0, 0.05685939816484287, 0.10841607565011824, 0.4170212765957447], "class": 2}