{"image": "7a8c9d53-1aaf-11ef-b22b-bd5cfcf36af4.jpg", "bboxes": [0.0, 0.11241495372039845, 0.06841607565011831, 0.4725768321513002], "class": 2}