{"image": "7a8c9d53-1aaf-11ef-b22b-bd5cfcf36af4.jpg", "bboxes": [0.0022222222222222365, 0.5452009456264776, 0.05952718676122937, 0.9053628240573793], "class": 2}