{"image": "7a8c9d53-1aaf-11ef-b22b-bd5cfcf36af4.jpg", "bboxes": [0.9071394799054373, 0.5718676122931442, 1.0, 0.932029490724046], "class": 2}