{"image": "7a8c9d53-1aaf-11ef-b22b-bd5cfcf36af4.jpg", "bboxes": [0.0, 0.07463717594262065, 0.02619385342789604, 0.4347990543735225], "class": 2}