{"image": "7a8c9d53-1aaf-11ef-b22b-bd5cfcf36af4.jpg", "bboxes": [0.9449172576832151, 0.10574828705373185, 1.0, 0.4659101654846336], "class": 2}