{"image": "7bcdd79d-1aaf-11ef-b165-bd5cfcf36af4.jpg", "bboxes": [0.0022222222222222365, 0.42973995271867615, 0.11664302600472842, 0.9800519066707785], "class": 2}