{"image": "7bcdd79d-1aaf-11ef-b165-bd5cfcf36af4.jpg", "bboxes": [0.887801418439716, 0.028836982218110485, 0.9977777777777778, 0.5791489361702127], "class": 2}