{"image": "7bcdd79d-1aaf-11ef-b165-bd5cfcf36af4.jpg", "bboxes": [0.8233569739952716, 0.39862884160756507, 0.9977777777777778, 0.9489407955596673], "class": 2}