{"image": "7bcdd79d-1aaf-11ef-b165-bd5cfcf36af4.jpg", "bboxes": [0.9389125295508272, 0.015503648884777177, 0.9977777777777778, 0.5658156028368794], "class": 2}