{"image": "7bcdd79d-1aaf-11ef-b165-bd5cfcf36af4.jpg", "bboxes": [0.8700236406619383, 0.38751773049645394, 1.0, 0.9378296844485562], "class": 2}