{"image": "7bcdd79d-1aaf-11ef-b165-bd5cfcf36af4.jpg", "bboxes": [0.0, 0.43640661938534286, 0.18775413711583955, 0.9867185733374451], "class": 2}