{"image": "7bcdd79d-1aaf-11ef-b165-bd5cfcf36af4.jpg", "bboxes": [0.0022222222222222365, 0.37640661938534287, 0.15442080378250622, 0.9267185733374451], "class": 2}