{"image": "7bcdd79d-1aaf-11ef-b165-bd5cfcf36af4.jpg", "bboxes": [0.8544680851063827, 0.42529550827423174, 1.0, 0.975607462226334], "class": 2}