{"image": "7bcdd79d-1aaf-11ef-b165-bd5cfcf36af4.jpg", "bboxes": [0.0022222222222222365, 0.017725871106999413, 0.13886524822695068, 0.5680378250591016], "class": 2}