{"image": "7bcdd79d-1aaf-11ef-b165-bd5cfcf36af4.jpg", "bboxes": [0.0022222222222222365, 0.04217031555144379, 0.11664302600472842, 0.5924822695035461], "class": 2}