{"image": "7bcdd79d-1aaf-11ef-b165-bd5cfcf36af4.jpg", "bboxes": [0.0022222222222222365, 0.04439253777366603, 0.08997635933806171, 0.5947044917257682], "class": 2}