{"image": "7bcdd79d-1aaf-11ef-b165-bd5cfcf36af4.jpg", "bboxes": [0.8544680851063827, 0.3830732860520095, 0.9977777777777778, 0.9333852400041117], "class": 2}