{"image": "7bcdd79d-1aaf-11ef-b165-bd5cfcf36af4.jpg", "bboxes": [0.0, 0.015503648884777177, 0.10553191489361724, 0.5658156028368794], "class": 2}