{"image": "7bcdd79d-1aaf-11ef-b165-bd5cfcf36af4.jpg", "bboxes": [0.9989125295508271, 0.40751773049645396, 1.0, 0.9578296844485562], "class": 2}