{"image": "7bcdd79d-1aaf-11ef-b165-bd5cfcf36af4.jpg", "bboxes": [0.0022222222222222365, 0.3719621749408984, 0.18997635933806178, 0.9222741288930006], "class": 2}