{"image": "7bcdd79d-1aaf-11ef-b165-bd5cfcf36af4.jpg", "bboxes": [0.0022222222222222365, 0.37862884160756505, 0.03219858156028399, 0.9289407955596672], "class": 2}