{"image": "7bcdd79d-1aaf-11ef-b165-bd5cfcf36af4.jpg", "bboxes": [0.8633569739952716, 0.06661475999588828, 0.9977777777777778, 0.6169267139479905], "class": 2}