{"image": "7bcdd79d-1aaf-11ef-b165-bd5cfcf36af4.jpg", "bboxes": [0.0022222222222222365, 0.015503648884777177, 0.12553191489361726, 0.5658156028368794], "class": 2}