{"image": "7bcdd79d-1aaf-11ef-b165-bd5cfcf36af4.jpg", "bboxes": [0.9700236406619382, 0.42973995271867615, 1.0, 0.9800519066707785], "class": 2}