{"image": "7bcdd79d-1aaf-11ef-b165-bd5cfcf36af4.jpg", "bboxes": [0.8500236406619383, 0.3919621749408984, 1.0, 0.9422741288930007], "class": 2}