{"image": "7bcdd79d-1aaf-11ef-b165-bd5cfcf36af4.jpg", "bboxes": [0.0022222222222222365, 0.022170315551443776, 0.041087470449172825, 0.5724822695035461], "class": 2}