{"image": "7bcdd79d-1aaf-11ef-b165-bd5cfcf36af4.jpg", "bboxes": [0.8811347517730493, 0.059948093329221575, 1.0, 0.6102600472813238], "class": 2}