{"image": "7bcdd79d-1aaf-11ef-b165-bd5cfcf36af4.jpg", "bboxes": [0.8522458628841605, 0.41640661938534285, 1.0, 0.966718573337445], "class": 2}