{"image": "7bcdd79d-1aaf-11ef-b165-bd5cfcf36af4.jpg", "bboxes": [0.0, 0.024392537773666012, 0.0455319148936173, 0.5747044917257682], "class": 2}