{"image": "7c1e4a0f-1aaf-11ef-8c97-bd5cfcf36af4.jpg", "bboxes": [0.3274704491725768, 0.3697872340425532, 0.7222695035460993, 0.8106855791962175], "class": 2}