{"image": "7c1e4a0f-1aaf-11ef-8c97-bd5cfcf36af4.jpg", "bboxes": [0.1399527186761229, 0.387565011820331, 0.5347517730496454, 0.8284633569739953], "class": 2}