{"image": "7c1e4a0f-1aaf-11ef-8c97-bd5cfcf36af4.jpg", "bboxes": [0.369692671394799, 0.4186761229314421, 0.7644917257683215, 0.8595744680851064], "class": 2}