{"image": "7c1e4a0f-1aaf-11ef-8c97-bd5cfcf36af4.jpg", "bboxes": [0.5763593380614657, 0.40312056737588653, 0.9711583924349881, 0.8440189125295509], "class": 2}