{"image": "7c1e4a0f-1aaf-11ef-8c97-bd5cfcf36af4.jpg", "bboxes": [0.013286052009456317, 0.38534278959810875, 0.4080851063829788, 0.8262411347517731], "class": 2}