{"image": "7c1e4a0f-1aaf-11ef-8c97-bd5cfcf36af4.jpg", "bboxes": [0.20661938534278967, 0.37645390070921986, 0.6014184397163121, 0.8173522458628842], "class": 2}