{"image": "7c1e4a0f-1aaf-11ef-8c97-bd5cfcf36af4.jpg", "bboxes": [0.5630260047281324, 0.40089834515366435, 0.9578250591016548, 0.8417966903073286], "class": 2}