{"image": "7c1e4a0f-1aaf-11ef-8c97-bd5cfcf36af4.jpg", "bboxes": [0.2443971631205674, 0.17598108747044916, 0.6391962174940901, 0.6168794326241134], "class": 2}