{"image": "7c1e4a0f-1aaf-11ef-8c97-bd5cfcf36af4.jpg", "bboxes": [0.08661938534278968, 0.38534278959810875, 0.48141843971631215, 0.8262411347517731], "class": 2}