{"image": "7c1e4a0f-1aaf-11ef-8c97-bd5cfcf36af4.jpg", "bboxes": [0.15773049645390066, 0.4186761229314421, 0.5525295508274233, 0.8595744680851064], "class": 2}