{"image": "7c1e4a0f-1aaf-11ef-8c97-bd5cfcf36af4.jpg", "bboxes": [0.4674704491725768, 0.1982033096926713, 0.8622695035460992, 0.6391016548463359], "class": 2}