{"image": "7c1e4a0f-1aaf-11ef-8c97-bd5cfcf36af4.jpg", "bboxes": [0.2577304964539008, 0.18042553191489363, 0.652529550827423, 0.6213238770685579], "class": 2}