{"image": "7c1e4a0f-1aaf-11ef-8c97-bd5cfcf36af4.jpg", "bboxes": [0.7030260047281324, 0.36312056737588655, 1.0, 0.8040189125295508], "class": 2}