{"image": "7c1e4a0f-1aaf-11ef-8c97-bd5cfcf36af4.jpg", "bboxes": [0.6919148936170212, 0.4164539007092199, 1.0, 0.8573522458628842], "class": 2}