{"image": "7c1e4a0f-1aaf-11ef-8c97-bd5cfcf36af4.jpg", "bboxes": [0.5208037825059101, 0.14931442080378243, 0.9156028368794326, 0.5902127659574468], "class": 2}