{"image": "7c1e4a0f-1aaf-11ef-8c97-bd5cfcf36af4.jpg", "bboxes": [0.25550827423167854, 0.16709219858156021, 0.650307328605201, 0.6079905437352245], "class": 2}