{"image": "7c1e4a0f-1aaf-11ef-8c97-bd5cfcf36af4.jpg", "bboxes": [0.2799527186761229, 0.3986761229314421, 0.6747517730496455, 0.8395744680851064], "class": 2}