{"image": "7c1e4a0f-1aaf-11ef-8c97-bd5cfcf36af4.jpg", "bboxes": [0.41413711583924345, 0.3608983451536643, 0.8089361702127659, 0.8017966903073287], "class": 2}