{"image": "7c1e4a0f-1aaf-11ef-8c97-bd5cfcf36af4.jpg", "bboxes": [0.6141371158392435, 0.19375886524822694, 1.0, 0.6346572104018913], "class": 2}