{"image": "7c1e4a0f-1aaf-11ef-8c97-bd5cfcf36af4.jpg", "bboxes": [0.6341371158392435, 0.39200945626477546, 0.9977777777777778, 0.8329078014184398], "class": 2}