{"image": "7c1e4a0f-1aaf-11ef-8c97-bd5cfcf36af4.jpg", "bboxes": [0.0022222222222222365, 0.164869976359338, 0.3636406619385343, 0.6057683215130023], "class": 2}