{"image": "7c1e4a0f-1aaf-11ef-8c97-bd5cfcf36af4.jpg", "bboxes": [0.6230260047281323, 0.18709219858156023, 1.0, 0.6279905437352246], "class": 2}