{"image": "7c1e4a0f-1aaf-11ef-8c97-bd5cfcf36af4.jpg", "bboxes": [0.6852482269503546, 0.3964539007092199, 1.0, 0.8373522458628841], "class": 2}