{"image": "7c1e4a0f-1aaf-11ef-8c97-bd5cfcf36af4.jpg", "bboxes": [0.1643971631205674, 0.3786761229314421, 0.5591962174940899, 0.8195744680851064], "class": 2}