{"image": "7c1e4a0f-1aaf-11ef-8c97-bd5cfcf36af4.jpg", "bboxes": [0.0022222222222222365, 0.36312056737588655, 0.3591962174940899, 0.8040189125295508], "class": 2}