{"image": "7c1e4a0f-1aaf-11ef-8c97-bd5cfcf36af4.jpg", "bboxes": [0.4163593380614657, 0.1470921985815602, 0.8111583924349881, 0.5879905437352247], "class": 2}