{"image": "7c1e4a0f-1aaf-11ef-8c97-bd5cfcf36af4.jpg", "bboxes": [0.7274704491725767, 0.37200945626477544, 0.9977777777777778, 0.8129078014184398], "class": 2}