{"image": "7c1e4a0f-1aaf-11ef-8c97-bd5cfcf36af4.jpg", "bboxes": [0.509692671394799, 0.38089834515366433, 0.9044917257683215, 0.8217966903073286], "class": 2}