{"image": "7c1e4a0f-1aaf-11ef-8c97-bd5cfcf36af4.jpg", "bboxes": [0.5919148936170212, 0.184869976359338, 0.9867139479905437, 0.6257683215130023], "class": 2}