{"image": "7c1e4a0f-1aaf-11ef-8c97-bd5cfcf36af4.jpg", "bboxes": [0.23106382978723405, 0.19598108747044918, 0.6258628841607565, 0.6368794326241135], "class": 2}