{"image": "7c1e4a0f-1aaf-11ef-8c97-bd5cfcf36af4.jpg", "bboxes": [0.37635933806146565, 0.16264775413711585, 0.7711583924349882, 0.6035460992907802], "class": 2}