{"image": "7c1e4a0f-1aaf-11ef-8c97-bd5cfcf36af4.jpg", "bboxes": [0.5941371158392434, 0.39423167848699764, 0.9889361702127659, 0.835130023640662], "class": 2}