{"image": "7c1e4a0f-1aaf-11ef-8c97-bd5cfcf36af4.jpg", "bboxes": [0.4630260047281323, 0.3520094562647754, 0.8578250591016549, 0.7929078014184398], "class": 2}