{"image": "7c1e4a0f-1aaf-11ef-8c97-bd5cfcf36af4.jpg", "bboxes": [0.0022222222222222365, 0.37645390070921986, 0.3947517730496455, 0.8173522458628842], "class": 2}