{"image": "7c1e4a0f-1aaf-11ef-8c97-bd5cfcf36af4.jpg", "bboxes": [0.5341371158392435, 0.4120094562647754, 0.928936170212766, 0.8529078014184398], "class": 2}