{"image": "7c1e4a0f-1aaf-11ef-8c97-bd5cfcf36af4.jpg", "bboxes": [0.4763593380614657, 0.15820330969267138, 0.8711583924349882, 0.5991016548463357], "class": 2}