{"image": "7c1e4a0f-1aaf-11ef-8c97-bd5cfcf36af4.jpg", "bboxes": [0.07995271867612297, 0.407565011820331, 0.47475177304964544, 0.8484633569739953], "class": 2}