{"image": "7c1e4a0f-1aaf-11ef-8c97-bd5cfcf36af4.jpg", "bboxes": [0.5785815602836879, 0.18042553191489363, 0.9733806146572104, 0.6213238770685579], "class": 2}