{"image": "7c1e4a0f-1aaf-11ef-8c97-bd5cfcf36af4.jpg", "bboxes": [0.26884160756501185, 0.38312056737588657, 0.6636406619385343, 0.8240189125295508], "class": 2}