{"image": "7c1e4a0f-1aaf-11ef-8c97-bd5cfcf36af4.jpg", "bboxes": [0.7074704491725768, 0.16264775413711585, 1.0, 0.6035460992907802], "class": 2}