{"image": "7c1e4a0f-1aaf-11ef-8c97-bd5cfcf36af4.jpg", "bboxes": [0.0022222222222222365, 0.20042553191489354, 0.29697399527186763, 0.6413238770685579], "class": 2}