{"image": "7c1e4a0f-1aaf-11ef-8c97-bd5cfcf36af4.jpg", "bboxes": [0.022174940898345152, 0.204869976359338, 0.4169739952718676, 0.6457683215130023], "class": 2}