{"image": "7c1e4a0f-1aaf-11ef-8c97-bd5cfcf36af4.jpg", "bboxes": [0.0022222222222222365, 0.20709219858156025, 0.3436406619385344, 0.6479905437352246], "class": 2}