{"image": "7c1e4a0f-1aaf-11ef-8c97-bd5cfcf36af4.jpg", "bboxes": [0.3652482269503546, 0.1915366430260047, 0.760047281323877, 0.632434988179669], "class": 2}