{"image": "7c1e4a0f-1aaf-11ef-8c97-bd5cfcf36af4.jpg", "bboxes": [0.4630260047281323, 0.19598108747044918, 0.8578250591016549, 0.6368794326241135], "class": 2}