{"image": "7c1e4a0f-1aaf-11ef-8c97-bd5cfcf36af4.jpg", "bboxes": [0.7163593380614657, 0.4097872340425532, 1.0, 0.8506855791962176], "class": 2}