{"image": "7c1e4a0f-1aaf-11ef-8c97-bd5cfcf36af4.jpg", "bboxes": [0.05550827423167848, 0.4164539007092199, 0.45030732860520095, 0.8573522458628842], "class": 2}