{"image": "7c1e4a0f-1aaf-11ef-8c97-bd5cfcf36af4.jpg", "bboxes": [0.6052482269503545, 0.3697872340425532, 0.9977777777777778, 0.8106855791962175], "class": 2}