{"image": "7c1e4a0f-1aaf-11ef-8c97-bd5cfcf36af4.jpg", "bboxes": [0.21773049645390075, 0.19375886524822694, 0.6125295508274232, 0.6346572104018913], "class": 2}