{"image": "7c1e4a0f-1aaf-11ef-8c97-bd5cfcf36af4.jpg", "bboxes": [0.5385815602836879, 0.16931442080378245, 0.9333806146572103, 0.6102127659574468], "class": 2}