{"image": "7c1e4a0f-1aaf-11ef-8c97-bd5cfcf36af4.jpg", "bboxes": [0.026619385342789625, 0.15153664302600467, 0.4214184397163121, 0.592434988179669], "class": 2}