{"image": "7c1e4a0f-1aaf-11ef-8c97-bd5cfcf36af4.jpg", "bboxes": [0.6474704491725768, 0.38089834515366433, 0.9977777777777778, 0.8217966903073286], "class": 2}