{"image": "7c1e4a0f-1aaf-11ef-8c97-bd5cfcf36af4.jpg", "bboxes": [0.3430260047281323, 0.14264775413711583, 0.7378250591016549, 0.5835460992907802], "class": 2}