{"image": "7cc09473-1aaf-11ef-a1fb-bd5cfcf36af4.jpg", "bboxes": [0.41536643026004716, 0.15569739952718675, 0.7995271867612292, 0.5670449172576832], "class": 2}