{"image": "7cc09473-1aaf-11ef-a1fb-bd5cfcf36af4.jpg", "bboxes": [0.22425531914893604, 0.2023640661938535, 0.6084160756501181, 0.6137115839243499], "class": 2}