{"image": "7cc09473-1aaf-11ef-a1fb-bd5cfcf36af4.jpg", "bboxes": [0.18269503546099297, 0.43962174940898346, 0.5668557919621751, 0.8509692671394798], "class": 2}