{"image": "7cc09473-1aaf-11ef-a1fb-bd5cfcf36af4.jpg", "bboxes": [0.41380614657210407, 0.4173995271867612, 0.7979669030732862, 0.8287470449172577], "class": 2}