{"image": "7cc09473-1aaf-11ef-a1fb-bd5cfcf36af4.jpg", "bboxes": [0.21758865248226933, 0.17569739952718677, 0.6017494089834513, 0.5870449172576833], "class": 2}