{"image": "7cc09473-1aaf-11ef-a1fb-bd5cfcf36af4.jpg", "bboxes": [0.5182505910165485, 0.1401418439716312, 0.9024113475177307, 0.5514893617021277], "class": 2}