{"image": "7cc09473-1aaf-11ef-a1fb-bd5cfcf36af4.jpg", "bboxes": [0.184255319148936, 0.3907328605200946, 0.5684160756501182, 0.802080378250591], "class": 2}