{"image": "7cc09473-1aaf-11ef-a1fb-bd5cfcf36af4.jpg", "bboxes": [0.1760283687943263, 0.1401418439716312, 0.5601891252955083, 0.5514893617021277], "class": 2}