{"image": "7cc09473-1aaf-11ef-a1fb-bd5cfcf36af4.jpg", "bboxes": [0.3998108747044916, 0.4440661938534279, 0.7839716312056737, 0.8554137115839243], "class": 2}