{"image": "7cc09473-1aaf-11ef-a1fb-bd5cfcf36af4.jpg", "bboxes": [0.40047281323877076, 0.16236406619385346, 0.7846335697399528, 0.5737115839243498], "class": 2}