{"image": "7cc09473-1aaf-11ef-a1fb-bd5cfcf36af4.jpg", "bboxes": [0.2360283687943263, 0.4262884160756501, 0.6201891252955084, 0.8376359338061465], "class": 2}