{"image": "7cc09473-1aaf-11ef-a1fb-bd5cfcf36af4.jpg", "bboxes": [0.40269503546099294, 0.157919621749409, 0.786855791962175, 0.5692671394799055], "class": 2}