{"image": "7cc09473-1aaf-11ef-a1fb-bd5cfcf36af4.jpg", "bboxes": [0.5182505910165485, 0.18903073286052008, 0.9024113475177307, 0.6003782505910165], "class": 2}