{"image": "7cc09473-1aaf-11ef-a1fb-bd5cfcf36af4.jpg", "bboxes": [0.35092198581560274, 0.177919621749409, 0.7350827423167848, 0.5892671394799054], "class": 2}