{"image": "7cc09473-1aaf-11ef-a1fb-bd5cfcf36af4.jpg", "bboxes": [0.473144208037825, 0.41962174940898345, 0.8573049645390071, 0.8309692671394798], "class": 2}