{"image": "7cc09473-1aaf-11ef-a1fb-bd5cfcf36af4.jpg", "bboxes": [0.2360283687943263, 0.18458628841607572, 0.6201891252955084, 0.5959338061465721], "class": 2}