{"image": "7cc09473-1aaf-11ef-a1fb-bd5cfcf36af4.jpg", "bboxes": [0.5071394799054374, 0.41517730496453903, 0.8913002364066195, 0.8265248226950355], "class": 2}