{"image": "7cc09473-1aaf-11ef-a1fb-bd5cfcf36af4.jpg", "bboxes": [0.26203309692671384, 0.3862884160756501, 0.6461938534278959, 0.7976359338061465], "class": 2}