{"image": "7cc09473-1aaf-11ef-a1fb-bd5cfcf36af4.jpg", "bboxes": [0.1360283687943263, 0.43739952718676123, 0.5201891252955084, 0.8487470449172576], "class": 2}