{"image": "7cc09473-1aaf-11ef-a1fb-bd5cfcf36af4.jpg", "bboxes": [0.18203309692671388, 0.18680851063829795, 0.5661938534278959, 0.5981560283687943], "class": 2}