{"image": "7cc09473-1aaf-11ef-a1fb-bd5cfcf36af4.jpg", "bboxes": [0.44491725768321516, 0.4085106382978723, 0.8290780141843973, 0.8198581560283688], "class": 2}