{"image": "7cc09473-1aaf-11ef-a1fb-bd5cfcf36af4.jpg", "bboxes": [0.42713947990543744, 0.1712529550827423, 0.8113002364066195, 0.5826004728132388], "class": 2}