{"image": "7cc09473-1aaf-11ef-a1fb-bd5cfcf36af4.jpg", "bboxes": [0.47380614657210407, 0.4218439716312057, 0.8579669030732862, 0.8331914893617021], "class": 2}