{"image": "7cc09473-1aaf-11ef-a1fb-bd5cfcf36af4.jpg", "bboxes": [0.14869976359338044, 0.15347517730496452, 0.5328605200945626, 0.564822695035461], "class": 2}