{"image": "7cc09473-1aaf-11ef-a1fb-bd5cfcf36af4.jpg", "bboxes": [0.3471394799054374, 0.4507328605200946, 0.7313002364066196, 0.862080378250591], "class": 2}