{"image": "7cc09473-1aaf-11ef-a1fb-bd5cfcf36af4.jpg", "bboxes": [0.3664775413711583, 0.4085106382978723, 0.7506382978723404, 0.8198581560283688], "class": 2}