{"image": "7cc09473-1aaf-11ef-a1fb-bd5cfcf36af4.jpg", "bboxes": [0.46647754137115827, 0.41517730496453903, 0.8506382978723404, 0.8265248226950355], "class": 2}