{"image": "7cc09473-1aaf-11ef-a1fb-bd5cfcf36af4.jpg", "bboxes": [0.44491725768321516, 0.18014184397163124, 0.8290780141843973, 0.5914893617021277], "class": 2}