{"image": "7cc09473-1aaf-11ef-a1fb-bd5cfcf36af4.jpg", "bboxes": [0.34047281323877077, 0.42851063829787234, 0.7246335697399529, 0.8398581560283688], "class": 2}