{"image": "7cc09473-1aaf-11ef-a1fb-bd5cfcf36af4.jpg", "bboxes": [0.3664775413711583, 0.4173995271867612, 0.7506382978723404, 0.8287470449172577], "class": 2}