{"image": "7cc09473-1aaf-11ef-a1fb-bd5cfcf36af4.jpg", "bboxes": [0.16203309692671386, 0.18458628841607572, 0.546193853427896, 0.5959338061465721], "class": 2}