{"image": "7cc09473-1aaf-11ef-a1fb-bd5cfcf36af4.jpg", "bboxes": [0.38491725768321516, 0.16903073286052017, 0.7690780141843973, 0.5803782505910166], "class": 2}