{"image": "7cc09473-1aaf-11ef-a1fb-bd5cfcf36af4.jpg", "bboxes": [0.2538061465721041, 0.4507328605200946, 0.6379669030732862, 0.862080378250591], "class": 2}