{"image": "7cc09473-1aaf-11ef-a1fb-bd5cfcf36af4.jpg", "bboxes": [0.5249172576832152, 0.3907328605200946, 0.9090780141843973, 0.802080378250591], "class": 2}