{"image": "7cc09473-1aaf-11ef-a1fb-bd5cfcf36af4.jpg", "bboxes": [0.15380614657210406, 0.1645862884160757, 0.5379669030732862, 0.5759338061465721], "class": 2}