{"image": "7cc09473-1aaf-11ef-a1fb-bd5cfcf36af4.jpg", "bboxes": [0.37158392434988186, 0.41073286052009456, 0.7557446808510639, 0.822080378250591], "class": 2}