{"image": "7cc09473-1aaf-11ef-a1fb-bd5cfcf36af4.jpg", "bboxes": [0.31314420803782494, 0.4040661938534279, 0.697304964539007, 0.8154137115839243], "class": 2}