{"image": "7cc09473-1aaf-11ef-a1fb-bd5cfcf36af4.jpg", "bboxes": [0.28203309692671386, 0.18014184397163124, 0.6661938534278959, 0.5914893617021277], "class": 2}