{"image": "7cc09473-1aaf-11ef-a1fb-bd5cfcf36af4.jpg", "bboxes": [0.5182505910165485, 0.1512529550827424, 0.9024113475177307, 0.5626004728132388], "class": 2}