{"image": "7cc09473-1aaf-11ef-a1fb-bd5cfcf36af4.jpg", "bboxes": [0.10647754137115828, 0.38851063829787236, 0.49063829787234037, 0.7998581560283687], "class": 2}