{"image": "7cc09473-1aaf-11ef-a1fb-bd5cfcf36af4.jpg", "bboxes": [0.3871394799054374, 0.19347517730496455, 0.7713002364066195, 0.6048226950354609], "class": 2}