{"image": "7cc09473-1aaf-11ef-a1fb-bd5cfcf36af4.jpg", "bboxes": [0.32936170212765964, 0.13569739952718685, 0.7135224586288418, 0.5470449172576832], "class": 2}