{"image": "7cc09473-1aaf-11ef-a1fb-bd5cfcf36af4.jpg", "bboxes": [0.23092198581560275, 0.4129550827423168, 0.6150827423167848, 0.8243026004728132], "class": 2}