{"image": "7cc09473-1aaf-11ef-a1fb-bd5cfcf36af4.jpg", "bboxes": [0.3160283687943263, 0.17125295508274227, 0.7001891252955084, 0.5826004728132388], "class": 2}