{"image": "7cc09473-1aaf-11ef-a1fb-bd5cfcf36af4.jpg", "bboxes": [0.4804728132387707, 0.4462884160756501, 0.8646335697399529, 0.8576359338061466], "class": 2}