{"image": "7cc09473-1aaf-11ef-a1fb-bd5cfcf36af4.jpg", "bboxes": [0.39092198581560267, 0.4129550827423168, 0.7750827423167849, 0.8243026004728132], "class": 2}