{"image": "7cc09473-1aaf-11ef-a1fb-bd5cfcf36af4.jpg", "bboxes": [0.15981087470449162, 0.41517730496453903, 0.5439716312056737, 0.8265248226950355], "class": 2}