{"image": "7cc09473-1aaf-11ef-a1fb-bd5cfcf36af4.jpg", "bboxes": [0.12425531914893606, 0.15569739952718675, 0.5084160756501181, 0.5670449172576832], "class": 2}