{"image": "7cc09473-1aaf-11ef-a1fb-bd5cfcf36af4.jpg", "bboxes": [0.23758865248226935, 0.15569739952718675, 0.6217494089834514, 0.5670449172576832], "class": 2}