{"image": "7cc09473-1aaf-11ef-a1fb-bd5cfcf36af4.jpg", "bboxes": [0.14647754137115832, 0.4440661938534279, 0.5306382978723403, 0.8554137115839243], "class": 2}