{"image": "7cc09473-1aaf-11ef-a1fb-bd5cfcf36af4.jpg", "bboxes": [0.11981087470449159, 0.4307328605200946, 0.5039716312056737, 0.842080378250591], "class": 2}