{"image": "7cc09473-1aaf-11ef-a1fb-bd5cfcf36af4.jpg", "bboxes": [0.5338061465721041, 0.43962174940898346, 0.9179669030732862, 0.8509692671394798], "class": 2}