{"image": "7cc09473-1aaf-11ef-a1fb-bd5cfcf36af4.jpg", "bboxes": [0.4420330969267138, 0.3929550827423168, 0.826193853427896, 0.8043026004728132], "class": 2}