{"image": "7cc09473-1aaf-11ef-a1fb-bd5cfcf36af4.jpg", "bboxes": [0.15092198581560268, 0.42851063829787234, 0.5350827423167848, 0.8398581560283688], "class": 2}