{"image": "7cc09473-1aaf-11ef-a1fb-bd5cfcf36af4.jpg", "bboxes": [0.38047281323877075, 0.20014184397163126, 0.7646335697399529, 0.6114893617021276], "class": 2}