{"image": "7cc09473-1aaf-11ef-a1fb-bd5cfcf36af4.jpg", "bboxes": [0.20047281323877075, 0.16903073286052017, 0.5846335697399528, 0.5803782505910166], "class": 2}