{"image": "7cc09473-1aaf-11ef-a1fb-bd5cfcf36af4.jpg", "bboxes": [0.47092198581560274, 0.40628841607565014, 0.8550827423167848, 0.8176359338061465], "class": 2}