{"image": "7cc09473-1aaf-11ef-a1fb-bd5cfcf36af4.jpg", "bboxes": [0.15380614657210406, 0.15569739952718675, 0.5379669030732862, 0.5670449172576832], "class": 2}