{"image": "7cc09473-1aaf-11ef-a1fb-bd5cfcf36af4.jpg", "bboxes": [0.3360283687943263, 0.19791962174940902, 0.7201891252955084, 0.6092671394799054], "class": 2}