{"image": "7cc09473-1aaf-11ef-a1fb-bd5cfcf36af4.jpg", "bboxes": [0.08425531914893603, 0.19125295508274232, 0.46841607565011806, 0.6026004728132388], "class": 2}