{"image": "7cc09473-1aaf-11ef-a1fb-bd5cfcf36af4.jpg", "bboxes": [0.34647754137115827, 0.435177304964539, 0.7306382978723404, 0.8465248226950355], "class": 2}