{"image": "7cc09473-1aaf-11ef-a1fb-bd5cfcf36af4.jpg", "bboxes": [0.49092198581560276, 0.3862884160756501, 0.8750827423167848, 0.7976359338061465], "class": 2}