{"image": "7cc09473-1aaf-11ef-a1fb-bd5cfcf36af4.jpg", "bboxes": [0.4198108747044916, 0.17569739952718677, 0.8039716312056737, 0.5870449172576833], "class": 2}