{"image": "7d1266ac-1aaf-11ef-bd73-bd5cfcf36af4.jpg", "bboxes": [0.4003309692671394, 0.4851536643026005, 0.819952718676123, 0.8515839243498818], "class": 2}