{"image": "7d1266ac-1aaf-11ef-bd73-bd5cfcf36af4.jpg", "bboxes": [0.3314420803782505, 0.15952718676122923, 0.7510638297872341, 0.5259574468085106], "class": 2}