{"image": "7d1266ac-1aaf-11ef-bd73-bd5cfcf36af4.jpg", "bboxes": [0.0714420803782505, 0.4673758865248227, 0.49106382978723406, 0.8338061465721041], "class": 2}