{"image": "7d1266ac-1aaf-11ef-bd73-bd5cfcf36af4.jpg", "bboxes": [0.19560283687943258, 0.21063829787234034, 0.6152245862884161, 0.5770685579196217], "class": 2}