{"image": "7d1266ac-1aaf-11ef-bd73-bd5cfcf36af4.jpg", "bboxes": [0.45338061465721036, 0.16174940898345147, 0.8730023640661939, 0.5281796690307328], "class": 2}