{"image": "7d1266ac-1aaf-11ef-bd73-bd5cfcf36af4.jpg", "bboxes": [0.306997635933806, 0.1639716312056737, 0.7266193853427896, 0.5304018912529551], "class": 2}