{"image": "7d1266ac-1aaf-11ef-bd73-bd5cfcf36af4.jpg", "bboxes": [0.2292198581560283, 0.46515366430260047, 0.6488416075650119, 0.8315839243498818], "class": 2}