{"image": "7d1266ac-1aaf-11ef-bd73-bd5cfcf36af4.jpg", "bboxes": [0.10477541371158383, 0.14841607565011813, 0.5243971631205674, 0.5148463356973996], "class": 2}