{"image": "7d1266ac-1aaf-11ef-bd73-bd5cfcf36af4.jpg", "bboxes": [0.17144208037825048, 0.44293144208037827, 0.5910638297872342, 0.8093617021276597], "class": 2}