{"image": "7d1266ac-1aaf-11ef-bd73-bd5cfcf36af4.jpg", "bboxes": [0.42004728132387703, 0.46515366430260047, 0.8396690307328606, 0.8315839243498818], "class": 2}