{"image": "7d1266ac-1aaf-11ef-bd73-bd5cfcf36af4.jpg", "bboxes": [0.520047281323877, 0.14619385342789593, 0.9396690307328606, 0.5126241134751772], "class": 2}