{"image": "7d1266ac-1aaf-11ef-bd73-bd5cfcf36af4.jpg", "bboxes": [0.548936170212766, 0.45182033096926716, 0.9685579196217495, 0.8182505910165485], "class": 2}