{"image": "7d1266ac-1aaf-11ef-bd73-bd5cfcf36af4.jpg", "bboxes": [0.3381087470449171, 0.43182033096926714, 0.7577304964539008, 0.7982505910165485], "class": 2}