{"image": "7d1266ac-1aaf-11ef-bd73-bd5cfcf36af4.jpg", "bboxes": [0.28226950354609925, 0.47404255319148936, 0.7018912529550828, 0.8404728132387708], "class": 2}