{"image": "7d1266ac-1aaf-11ef-bd73-bd5cfcf36af4.jpg", "bboxes": [0.20004728132387703, 0.18397163120567372, 0.6196690307328606, 0.5504018912529551], "class": 2}