{"image": "7d1266ac-1aaf-11ef-bd73-bd5cfcf36af4.jpg", "bboxes": [0.29588652482269495, 0.19286052009456256, 0.7155082742316785, 0.559290780141844], "class": 2}