{"image": "7d1266ac-1aaf-11ef-bd73-bd5cfcf36af4.jpg", "bboxes": [0.5511583924349881, 0.43182033096926714, 0.9707801418439718, 0.7982505910165485], "class": 2}