{"image": "7d1266ac-1aaf-11ef-bd73-bd5cfcf36af4.jpg", "bboxes": [0.3625531914893616, 0.14619385342789593, 0.7821749408983452, 0.5126241134751772], "class": 2}