{"image": "7d1266ac-1aaf-11ef-bd73-bd5cfcf36af4.jpg", "bboxes": [0.28255319148936164, 0.4762647754137116, 0.7021749408983452, 0.842695035460993], "class": 2}