{"image": "7d1266ac-1aaf-11ef-bd73-bd5cfcf36af4.jpg", "bboxes": [0.5133806146572104, 0.17286052009456254, 0.933002364066194, 0.539290780141844], "class": 2}