{"image": "7d1266ac-1aaf-11ef-bd73-bd5cfcf36af4.jpg", "bboxes": [0.3425531914893616, 0.43848699763593385, 0.7621749408983451, 0.8049172576832152], "class": 2}