{"image": "7d1266ac-1aaf-11ef-bd73-bd5cfcf36af4.jpg", "bboxes": [0.5067139479905437, 0.4495981087470449, 0.9263356973995273, 0.8160283687943263], "class": 2}