{"image": "7d1266ac-1aaf-11ef-bd73-bd5cfcf36af4.jpg", "bboxes": [0.21338061465721037, 0.42293144208037825, 0.6330023640661939, 0.7893617021276597], "class": 2}