{"image": "7d1266ac-1aaf-11ef-bd73-bd5cfcf36af4.jpg", "bboxes": [0.08033096926713933, 0.4251536643026005, 0.499952718676123, 0.7915839243498819], "class": 2}