{"image": "7d1266ac-1aaf-11ef-bd73-bd5cfcf36af4.jpg", "bboxes": [0.03810874704491718, 0.4362647754137116, 0.45773049645390074, 0.802695035460993], "class": 2}