{"image": "7d1266ac-1aaf-11ef-bd73-bd5cfcf36af4.jpg", "bboxes": [0.2889361702127659, 0.15508274231678476, 0.7085579196217495, 0.5215130023640662], "class": 2}