{"image": "7d1266ac-1aaf-11ef-bd73-bd5cfcf36af4.jpg", "bboxes": [0.08477541371158381, 0.1884160756501182, 0.5043971631205675, 0.5548463356973995], "class": 2}