{"image": "7d1266ac-1aaf-11ef-bd73-bd5cfcf36af4.jpg", "bboxes": [0.520047281323877, 0.47404255319148936, 0.9396690307328606, 0.8404728132387708], "class": 2}