{"image": "7d1266ac-1aaf-11ef-bd73-bd5cfcf36af4.jpg", "bboxes": [0.43115839243498816, 0.4362647754137116, 0.8507801418439718, 0.802695035460993], "class": 2}