{"image": "7d1266ac-1aaf-11ef-bd73-bd5cfcf36af4.jpg", "bboxes": [0.24893617021276593, 0.47404255319148936, 0.6685579196217495, 0.8404728132387708], "class": 2}