{"image": "7d1266ac-1aaf-11ef-bd73-bd5cfcf36af4.jpg", "bboxes": [0.2358865248226949, 0.1506382978723404, 0.6555082742316786, 0.5170685579196217], "class": 2}