{"image": "7d1266ac-1aaf-11ef-bd73-bd5cfcf36af4.jpg", "bboxes": [0.44893617021276594, 0.48070921985815607, 0.8685579196217496, 0.8471394799054374], "class": 2}