{"image": "7d1266ac-1aaf-11ef-bd73-bd5cfcf36af4.jpg", "bboxes": [0.20921985815602828, 0.45626477541371163, 0.6288416075650118, 0.822695035460993], "class": 2}