{"image": "7d1266ac-1aaf-11ef-bd73-bd5cfcf36af4.jpg", "bboxes": [0.17144208037825048, 0.1639716312056737, 0.5910638297872342, 0.5304018912529551], "class": 2}