{"image": "7d1266ac-1aaf-11ef-bd73-bd5cfcf36af4.jpg", "bboxes": [0.366997635933806, 0.17286052009456254, 0.7866193853427896, 0.539290780141844], "class": 2}