{"image": "7d1266ac-1aaf-11ef-bd73-bd5cfcf36af4.jpg", "bboxes": [0.3267139479905437, 0.17952718676122925, 0.7463356973995273, 0.5459574468085107], "class": 2}