{"image": "7d1266ac-1aaf-11ef-bd73-bd5cfcf36af4.jpg", "bboxes": [0.33782505910165483, 0.46515366430260047, 0.7574468085106384, 0.8315839243498818], "class": 2}