{"image": "7d1266ac-1aaf-11ef-bd73-bd5cfcf36af4.jpg", "bboxes": [0.4933806146572104, 0.46070921985815605, 0.913002364066194, 0.8271394799054375], "class": 2}