{"image": "7d1266ac-1aaf-11ef-bd73-bd5cfcf36af4.jpg", "bboxes": [0.3044917257683215, 0.4362647754137116, 0.7241134751773051, 0.802695035460993], "class": 2}