{"image": "7d1266ac-1aaf-11ef-bd73-bd5cfcf36af4.jpg", "bboxes": [0.5822695035460993, 0.46070921985815605, 0.9977777777777778, 0.8271394799054375], "class": 2}