{"image": "7d1266ac-1aaf-11ef-bd73-bd5cfcf36af4.jpg", "bboxes": [0.35366430260047277, 0.4629314420803783, 0.7732860520094563, 0.8293617021276596], "class": 2}