{"image": "7d1266ac-1aaf-11ef-bd73-bd5cfcf36af4.jpg", "bboxes": [0.5778250591016548, 0.17508274231678478, 0.9974468085106384, 0.5415130023640662], "class": 2}