{"image": "7d1266ac-1aaf-11ef-bd73-bd5cfcf36af4.jpg", "bboxes": [0.06699763593380603, 0.17063829787234042, 0.4866193853427896, 0.5370685579196217], "class": 2}