{"image": "7d1266ac-1aaf-11ef-bd73-bd5cfcf36af4.jpg", "bboxes": [0.22033096926713935, 0.4540425531914894, 0.6399527186761229, 0.8204728132387707], "class": 2}