{"image": "7d1266ac-1aaf-11ef-bd73-bd5cfcf36af4.jpg", "bboxes": [0.4956028368794326, 0.4273758865248227, 0.9152245862884162, 0.793806146572104], "class": 2}