{"image": "7d1266ac-1aaf-11ef-bd73-bd5cfcf36af4.jpg", "bboxes": [0.4867139479905437, 0.19508274231678477, 0.9063356973995272, 0.5615130023640662], "class": 2}