{"image": "7d1266ac-1aaf-11ef-bd73-bd5cfcf36af4.jpg", "bboxes": [0.3533806146572104, 0.4451536643026005, 0.7730023640661939, 0.8115839243498818], "class": 2}