{"image": "7d1266ac-1aaf-11ef-bd73-bd5cfcf36af4.jpg", "bboxes": [0.19588652482269497, 0.16174940898345147, 0.6155082742316785, 0.5281796690307328], "class": 2}