{"image": "7d1266ac-1aaf-11ef-bd73-bd5cfcf36af4.jpg", "bboxes": [0.12699763593380609, 0.4873758865248227, 0.5466193853427896, 0.8538061465721041], "class": 2}