{"image": "7d1266ac-1aaf-11ef-bd73-bd5cfcf36af4.jpg", "bboxes": [0.2225531914893616, 0.16619385342789594, 0.6421749408983453, 0.5326241134751772], "class": 2}