{"image": "7d1266ac-1aaf-11ef-bd73-bd5cfcf36af4.jpg", "bboxes": [0.31366430260047273, 0.16841607565011818, 0.7332860520094563, 0.5348463356973996], "class": 2}