{"image": "7d1266ac-1aaf-11ef-bd73-bd5cfcf36af4.jpg", "bboxes": [0.34033096926713935, 0.43848699763593385, 0.759952718676123, 0.8049172576832152], "class": 2}