{"image": "7d1266ac-1aaf-11ef-bd73-bd5cfcf36af4.jpg", "bboxes": [0.046997635933806015, 0.18619385342789596, 0.4666193853427897, 0.5526241134751773], "class": 2}