{"image": "7d1266ac-1aaf-11ef-bd73-bd5cfcf36af4.jpg", "bboxes": [0.12255319148936161, 0.19508274231678477, 0.5421749408983452, 0.5615130023640662], "class": 2}