{"image": "7d1266ac-1aaf-11ef-bd73-bd5cfcf36af4.jpg", "bboxes": [0.17366430260047272, 0.15952718676122923, 0.5932860520094563, 0.5259574468085106], "class": 2}