{"image": "7d1266ac-1aaf-11ef-bd73-bd5cfcf36af4.jpg", "bboxes": [0.013664302600472689, 0.46959810874704494, 0.43328605200945625, 0.8360283687943263], "class": 2}