{"image": "7d1266ac-1aaf-11ef-bd73-bd5cfcf36af4.jpg", "bboxes": [0.12921985815602832, 0.19952718676122927, 0.5488416075650119, 0.5659574468085107], "class": 2}