{"image": "7d1266ac-1aaf-11ef-bd73-bd5cfcf36af4.jpg", "bboxes": [0.1847754137115838, 0.4451536643026005, 0.6043971631205673, 0.8115839243498818], "class": 2}