{"image": "7d1266ac-1aaf-11ef-bd73-bd5cfcf36af4.jpg", "bboxes": [0.41588652482269495, 0.4629314420803783, 0.8355082742316785, 0.8293617021276596], "class": 2}