{"image": "7d1266ac-1aaf-11ef-bd73-bd5cfcf36af4.jpg", "bboxes": [0.528936170212766, 0.48293144208037825, 0.9485579196217495, 0.8493617021276596], "class": 2}