{"image": "7d1266ac-1aaf-11ef-bd73-bd5cfcf36af4.jpg", "bboxes": [0.10033096926713936, 0.18397163120567372, 0.519952718676123, 0.5504018912529551], "class": 2}