{"image": "7d1266ac-1aaf-11ef-bd73-bd5cfcf36af4.jpg", "bboxes": [0.3178250591016548, 0.16174940898345147, 0.7374468085106384, 0.5281796690307328], "class": 2}