{"image": "7d1266ac-1aaf-11ef-bd73-bd5cfcf36af4.jpg", "bboxes": [0.020330969267139395, 0.15952718676122923, 0.43995271867612296, 0.5259574468085106], "class": 2}