{"image": "7d1266ac-1aaf-11ef-bd73-bd5cfcf36af4.jpg", "bboxes": [0.49115839243498816, 0.4362647754137116, 0.9107801418439717, 0.802695035460993], "class": 2}