{"image": "7d63ac54-1aaf-11ef-b243-bd5cfcf36af4.jpg", "bboxes": [0.5171631205673759, 0.39281323877068564, 0.9994326241134752, 0.8029787234042554], "class": 2}