{"image": "7d63ac54-1aaf-11ef-b243-bd5cfcf36af4.jpg", "bboxes": [0.19390070921985814, 0.446146572104019, 0.6761702127659575, 0.8563120567375886], "class": 2}