{"image": "7d63ac54-1aaf-11ef-b243-bd5cfcf36af4.jpg", "bboxes": [0.04945626477541365, 0.17035460992907803, 0.531725768321513, 0.5805200945626476], "class": 2}