{"image": "7d63ac54-1aaf-11ef-b243-bd5cfcf36af4.jpg", "bboxes": [0.42827423167848705, 0.15035460992907804, 0.9105437352245863, 0.5605200945626477], "class": 2}