{"image": "7d63ac54-1aaf-11ef-b243-bd5cfcf36af4.jpg", "bboxes": [0.18945626477541366, 0.18368794326241134, 0.671725768321513, 0.5938534278959811], "class": 2}