{"image": "7d63ac54-1aaf-11ef-b243-bd5cfcf36af4.jpg", "bboxes": [0.34827423167848703, 0.1436879432624114, 0.8305437352245862, 0.553853427895981], "class": 2}