{"image": "7d63ac54-1aaf-11ef-b243-bd5cfcf36af4.jpg", "bboxes": [0.06056737588652483, 0.38392434988179674, 0.5428368794326242, 0.7940898345153664], "class": 2}