{"image": "7d63ac54-1aaf-11ef-b243-bd5cfcf36af4.jpg", "bboxes": [0.3971631205673759, 0.17702127659574474, 0.8794326241134752, 0.5871867612293145], "class": 2}