{"image": "7d63ac54-1aaf-11ef-b243-bd5cfcf36af4.jpg", "bboxes": [0.2916784869976359, 0.15257683215130025, 0.7739479905437352, 0.56274231678487], "class": 2}