{"image": "7d63ac54-1aaf-11ef-b243-bd5cfcf36af4.jpg", "bboxes": [0.47049645390070927, 0.14146572104018917, 0.9527659574468085, 0.5516312056737589], "class": 2}