{"image": "7d63ac54-1aaf-11ef-b243-bd5cfcf36af4.jpg", "bboxes": [0.342789598108747, 0.20368794326241135, 0.8250591016548463, 0.6138534278959811], "class": 2}