{"image": "7d63ac54-1aaf-11ef-b243-bd5cfcf36af4.jpg", "bboxes": [0.15049645390070926, 0.39281323877068564, 0.6327659574468085, 0.8029787234042554], "class": 2}