{"image": "7d63ac54-1aaf-11ef-b243-bd5cfcf36af4.jpg", "bboxes": [0.16501182033096928, 0.4328132387706856, 0.6472813238770685, 0.8429787234042553], "class": 2}