{"image": "7d63ac54-1aaf-11ef-b243-bd5cfcf36af4.jpg", "bboxes": [0.3672340425531915, 0.2059101654846336, 0.8495035460992907, 0.6160756501182032], "class": 2}