{"image": "7d63ac54-1aaf-11ef-b243-bd5cfcf36af4.jpg", "bboxes": [0.00723404255319149, 0.41725768321513007, 0.4895035460992907, 0.8274231678486997], "class": 2}