{"image": "7d63ac54-1aaf-11ef-b243-bd5cfcf36af4.jpg", "bboxes": [0.37167848699763595, 0.20146572104018912, 0.8539479905437352, 0.6116312056737588], "class": 2}