{"image": "7d63ac54-1aaf-11ef-b243-bd5cfcf36af4.jpg", "bboxes": [0.5304964539007092, 0.39725768321513005, 0.9977777777777778, 0.8074231678486997], "class": 2}