{"image": "7d63ac54-1aaf-11ef-b243-bd5cfcf36af4.jpg", "bboxes": [0.08501182033096921, 0.15035460992907804, 0.5672813238770685, 0.5605200945626477], "class": 2}