{"image": "7d63ac54-1aaf-11ef-b243-bd5cfcf36af4.jpg", "bboxes": [0.21716312056737594, 0.20146572104018912, 0.6994326241134752, 0.6116312056737588], "class": 2}