{"image": "7d63ac54-1aaf-11ef-b243-bd5cfcf36af4.jpg", "bboxes": [0.005011820330969252, 0.1681323877068558, 0.4872813238770686, 0.5782978723404255], "class": 2}