{"image": "7d63ac54-1aaf-11ef-b243-bd5cfcf36af4.jpg", "bboxes": [0.2238297872340426, 0.19035460992907804, 0.7060992907801419, 0.6005200945626477], "class": 2}