{"image": "7d63ac54-1aaf-11ef-b243-bd5cfcf36af4.jpg", "bboxes": [0.0961229314420804, 0.20146572104018912, 0.5783924349881796, 0.6116312056737588], "class": 2}