{"image": "7d63ac54-1aaf-11ef-b243-bd5cfcf36af4.jpg", "bboxes": [0.28827423167848704, 0.19257683215130028, 0.7705437352245863, 0.60274231678487], "class": 2}