{"image": "7d63ac54-1aaf-11ef-b243-bd5cfcf36af4.jpg", "bboxes": [0.0, 0.43503546099290785, 0.4561702127659574, 0.8452009456264775], "class": 2}