{"image": "7d63ac54-1aaf-11ef-b243-bd5cfcf36af4.jpg", "bboxes": [0.16160756501182036, 0.16368794326241132, 0.6438770685579196, 0.573853427895981], "class": 2}