{"image": "7d63ac54-1aaf-11ef-b243-bd5cfcf36af4.jpg", "bboxes": [0.0005673758865247791, 0.40614657210401894, 0.4828368794326241, 0.8163120567375887], "class": 2}