{"image": "7d63ac54-1aaf-11ef-b243-bd5cfcf36af4.jpg", "bboxes": [0.3438297872340426, 0.43947990543735227, 0.8260992907801419, 0.849645390070922], "class": 2}