{"image": "7d63ac54-1aaf-11ef-b243-bd5cfcf36af4.jpg", "bboxes": [0.14501182033096927, 0.16368794326241132, 0.6272813238770685, 0.573853427895981], "class": 2}