{"image": "7d63ac54-1aaf-11ef-b243-bd5cfcf36af4.jpg", "bboxes": [0.19049645390070927, 0.3950354609929078, 0.6727659574468086, 0.8052009456264775], "class": 2}