{"image": "7d63ac54-1aaf-11ef-b243-bd5cfcf36af4.jpg", "bboxes": [0.5171631205673759, 0.18591016548463357, 0.9994326241134752, 0.5960756501182033], "class": 2}