{"image": "7d63ac54-1aaf-11ef-b243-bd5cfcf36af4.jpg", "bboxes": [0.13494089834515371, 0.40614657210401894, 0.617210401891253, 0.8163120567375887], "class": 2}