{"image": "7d63ac54-1aaf-11ef-b243-bd5cfcf36af4.jpg", "bboxes": [0.45049645390070925, 0.4505910165484634, 0.9327659574468086, 0.8607565011820331], "class": 2}