{"image": "7d63ac54-1aaf-11ef-b243-bd5cfcf36af4.jpg", "bboxes": [0.4149408983451537, 0.19702127659574462, 0.897210401891253, 0.6071867612293144], "class": 2}