{"image": "7d63ac54-1aaf-11ef-b243-bd5cfcf36af4.jpg", "bboxes": [0.08056737588652485, 0.19035460992907804, 0.5628368794326241, 0.6005200945626477], "class": 2}