{"image": "7d63ac54-1aaf-11ef-b243-bd5cfcf36af4.jpg", "bboxes": [0.1405673758865248, 0.19924349881796688, 0.622836879432624, 0.6094089834515365], "class": 2}