{"image": "7d63ac54-1aaf-11ef-b243-bd5cfcf36af4.jpg", "bboxes": [0.16160756501182036, 0.3861465721040189, 0.6438770685579196, 0.7963120567375886], "class": 2}