{"image": "7d63ac54-1aaf-11ef-b243-bd5cfcf36af4.jpg", "bboxes": [0.2605673758865248, 0.4283687943262412, 0.7428368794326241, 0.8385342789598109], "class": 2}