{"image": "7d63ac54-1aaf-11ef-b243-bd5cfcf36af4.jpg", "bboxes": [0.3838297872340426, 0.4305910165484634, 0.8660992907801418, 0.840756501182033], "class": 2}