{"image": "7d63ac54-1aaf-11ef-b243-bd5cfcf36af4.jpg", "bboxes": [0.027234042553191506, 0.14146572104018917, 0.5095035460992907, 0.5516312056737589], "class": 2}