{"image": "7d63ac54-1aaf-11ef-b243-bd5cfcf36af4.jpg", "bboxes": [0.5016075650118204, 0.4194799054373523, 0.9838770685579197, 0.829645390070922], "class": 2}