{"image": "7d63ac54-1aaf-11ef-b243-bd5cfcf36af4.jpg", "bboxes": [0.27834515366430257, 0.446146572104019, 0.7606146572104019, 0.8563120567375886], "class": 2}