{"image": "7d63ac54-1aaf-11ef-b243-bd5cfcf36af4.jpg", "bboxes": [0.16501182033096928, 0.14813238770685577, 0.6472813238770685, 0.5582978723404255], "class": 2}