{"image": "7d63ac54-1aaf-11ef-b243-bd5cfcf36af4.jpg", "bboxes": [0.2238297872340426, 0.4328132387706856, 0.7060992907801419, 0.8429787234042553], "class": 2}