{"image": "7d63ac54-1aaf-11ef-b243-bd5cfcf36af4.jpg", "bboxes": [0.45938534278959814, 0.41503546099290783, 0.9416548463356974, 0.8252009456264775], "class": 2}