{"image": "7d63ac54-1aaf-11ef-b243-bd5cfcf36af4.jpg", "bboxes": [0.18056737588652483, 0.19479905437352252, 0.662836879432624, 0.6049645390070921], "class": 2}