{"image": "7d63ac54-1aaf-11ef-b243-bd5cfcf36af4.jpg", "bboxes": [0.23167848699763594, 0.1681323877068558, 0.7139479905437351, 0.5782978723404255], "class": 2}