{"image": "7d63ac54-1aaf-11ef-b243-bd5cfcf36af4.jpg", "bboxes": [0.49716312056737594, 0.1814657210401891, 0.9794326241134752, 0.5916312056737587], "class": 2}