{"image": "7d63ac54-1aaf-11ef-b243-bd5cfcf36af4.jpg", "bboxes": [0.020567375886524797, 0.1881323877068558, 0.5028368794326241, 0.5982978723404255], "class": 2}