{"image": "7d63ac54-1aaf-11ef-b243-bd5cfcf36af4.jpg", "bboxes": [0.08501182033096921, 0.15924349881796696, 0.5672813238770685, 0.5694089834515366], "class": 2}