{"image": "7d63ac54-1aaf-11ef-b243-bd5cfcf36af4.jpg", "bboxes": [0.2260520094562648, 0.4194799054373523, 0.7083215130023641, 0.829645390070922], "class": 2}