{"image": "7d63ac54-1aaf-11ef-b243-bd5cfcf36af4.jpg", "bboxes": [0.1405673758865248, 0.1814657210401891, 0.622836879432624, 0.5916312056737588], "class": 2}