{"image": "7d63ac54-1aaf-11ef-b243-bd5cfcf36af4.jpg", "bboxes": [0.22056737588652486, 0.4417021276595745, 0.7028368794326241, 0.8518676122931442], "class": 2}