{"image": "7d63ac54-1aaf-11ef-b243-bd5cfcf36af4.jpg", "bboxes": [0.15938534278959815, 0.42614657210401896, 0.6416548463356974, 0.8363120567375887], "class": 2}