{"image": "7d63ac54-1aaf-11ef-b243-bd5cfcf36af4.jpg", "bboxes": [0.0205673758865248, 0.3905910165484634, 0.5028368794326241, 0.8007565011820331], "class": 2}