{"image": "7d63ac54-1aaf-11ef-b243-bd5cfcf36af4.jpg", "bboxes": [0.05390070921985812, 0.16591016548463355, 0.5361702127659573, 0.5760756501182034], "class": 2}