{"image": "7d63ac54-1aaf-11ef-b243-bd5cfcf36af4.jpg", "bboxes": [0.0716784869976359, 0.1681323877068558, 0.5539479905437352, 0.5782978723404255], "class": 2}