{"image": "7d63ac54-1aaf-11ef-b243-bd5cfcf36af4.jpg", "bboxes": [0.12501182033096925, 0.15479905437352248, 0.6072813238770686, 0.5649645390070921], "class": 2}