{"image": "7d63ac54-1aaf-11ef-b243-bd5cfcf36af4.jpg", "bboxes": [0.18723404255319143, 0.14813238770685577, 0.6695035460992907, 0.5582978723404255], "class": 2}