{"image": "7dd29ae2-07fd-11ef-914c-64d2c4ecd148.jpg", "bboxes": [0.2857239057239056, 0.0, 1.0, 0.8602693602693603], "class": 1}