{"image": "7dd29ae2-07fd-11ef-914c-64d2c4ecd148.jpg", "bboxes": [0.0566329966329967, 0.0, 0.9354208754208753, 0.6969696969696969], "class": 1}