{"image": "7dd29ae2-07fd-11ef-914c-64d2c4ecd148.jpg", "bboxes": [0.20572390572390553, 0.0, 0.9977777777777778, 0.7647138047138047], "class": 1}