{"image": "7dd29ae2-07fd-11ef-914c-64d2c4ecd148.jpg", "bboxes": [0.0, 0.10080808080808078, 0.8633670033670033, 0.9977777777777778], "class": 1}