{"image": "7dd29ae2-07fd-11ef-914c-64d2c4ecd148.jpg", "bboxes": [0.17037037037037053, 0.0, 1.0, 0.6736026936026936], "class": 1}