{"image": "7dd29ae2-07fd-11ef-914c-64d2c4ecd148.jpg", "bboxes": [0.7592592592592594, 0.0022222222222222365, 0.9977777777777778, 0.947003367003367], "class": 1}