{"image": "7dd29ae2-07fd-11ef-914c-64d2c4ecd148.jpg", "bboxes": [0.0022222222222222365, 0.0022222222222222365, 0.3554208754208753, 0.9548821548821548], "class": 1}