{"image": "7dd29ae2-07fd-11ef-914c-64d2c4ecd148.jpg", "bboxes": [0.0659259259259261, 0.0022222222222222365, 0.900942760942761, 0.9158922558922558], "class": 1}