{"image": "7dd29ae2-07fd-11ef-914c-64d2c4ecd148.jpg", "bboxes": [0.0, 0.10639730639730638, 0.3740740740740739, 1.0], "class": 1}