{"image": "7dd29ae2-07fd-11ef-914c-64d2c4ecd148.jpg", "bboxes": [0.8946127946127944, 0.09299663299663308, 1.0, 1.0], "class": 1}