{"image": "7dd29ae2-07fd-11ef-914c-64d2c4ecd148.jpg", "bboxes": [0.5459259259259261, 0.0, 0.9977777777777778, 0.8491582491582491], "class": 1}