{"image": "7dd29ae2-07fd-11ef-914c-64d2c4ecd148.jpg", "bboxes": [0.0, 0.07973063973063976, 0.3453872053872055, 1.0], "class": 1}