{"image": "7dd29ae2-07fd-11ef-914c-64d2c4ecd148.jpg", "bboxes": [0.0, 0.1397306397306397, 0.3120538720538722, 0.9977777777777778], "class": 1}