{"image": "7dd29ae2-07fd-11ef-914c-64d2c4ecd148.jpg", "bboxes": [0.7366329966329966, 0.0022222222222222365, 0.9977777777777778, 0.9437710437710437], "class": 1}