{"image": "7dd29ae2-07fd-11ef-914c-64d2c4ecd148.jpg", "bboxes": [0.0022222222222222365, 0.09750841750841754, 0.7318518518518519, 0.9977777777777778], "class": 1}