{"image": "7dd29ae2-07fd-11ef-914c-64d2c4ecd148.jpg", "bboxes": [0.40235690235690247, 0.05191919191919192, 0.9977777777777778, 0.9977777777777778], "class": 1}