{"image": "7dd29ae2-07fd-11ef-914c-64d2c4ecd148.jpg", "bboxes": [0.0022222222222222365, 0.06417508417508422, 0.25185185185185166, 0.9977777777777778], "class": 1}