{"image": "7dd29ae2-07fd-11ef-914c-64d2c4ecd148.jpg", "bboxes": [0.0, 0.11750841750841745, 0.22316498316498332, 0.9977777777777778], "class": 1}