{"image": "7dd29ae2-07fd-11ef-914c-64d2c4ecd148.jpg", "bboxes": [0.0, 0.03299663299663308, 0.34518518518518504, 1.0], "class": 1}