{"image": "7dd29ae2-07fd-11ef-914c-64d2c4ecd148.jpg", "bboxes": [0.41037037037037055, 0.10861952861952862, 1.0, 1.0], "class": 1}