{"image": "7dd29ae2-07fd-11ef-914c-64d2c4ecd148.jpg", "bboxes": [0.8503703703703706, 0.0, 1.0, 0.9070033670033669], "class": 1}