{"image": "7dd29ae2-07fd-11ef-914c-64d2c4ecd148.jpg", "bboxes": [0.0, 0.23306397306397308, 0.10296296296296281, 1.0], "class": 1}