{"image": "7dd29ae2-07fd-11ef-914c-64d2c4ecd148.jpg", "bboxes": [0.9657239057239055, 0.0, 0.9977777777777778, 0.9736026936026936], "class": 1}