{"image": "7dd29ae2-07fd-11ef-914c-64d2c4ecd148.jpg", "bboxes": [0.0, 0.037441077441077525, 0.32538720538720556, 0.9977777777777778], "class": 1}