{"image": "7dd29ae2-07fd-11ef-914c-64d2c4ecd148.jpg", "bboxes": [0.0, 0.16861952861952856, 0.5340740740740739, 1.0], "class": 1}