{"image": "7dd29ae2-07fd-11ef-914c-64d2c4ecd148.jpg", "bboxes": [0.0, 0.008552188552188637, 0.05629629629629618, 1.0], "class": 1}