{"image": "7dd29ae2-07fd-11ef-914c-64d2c4ecd148.jpg", "bboxes": [0.5001346801346802, 0.0, 0.9977777777777778, 0.776969696969697], "class": 1}