{"image": "7dd29ae2-07fd-11ef-914c-64d2c4ecd148.jpg", "bboxes": [0.0, 0.2785858585858586, 0.48336700336700333, 0.9977777777777778], "class": 1}