{"image": "7dd29ae2-07fd-11ef-914c-64d2c4ecd148.jpg", "bboxes": [0.0, 0.21973063973063978, 0.26983164983165, 0.9977777777777778], "class": 1}