{"image": "7dd29ae2-07fd-11ef-914c-64d2c4ecd148.jpg", "bboxes": [0.12902356902356915, 0.0022222222222222365, 0.9977777777777778, 0.9726599326599326], "class": 1}