{"image": "7dd29ae2-07fd-11ef-914c-64d2c4ecd148.jpg", "bboxes": [0.6970370370370372, 0.26861952861952865, 0.9977777777777778, 0.9977777777777778], "class": 1}