{"image": "7dd29ae2-07fd-11ef-914c-64d2c4ecd148.jpg", "bboxes": [0.15683501683501666, 0.2552861952861952, 0.9918518518518517, 0.9977777777777778], "class": 1}