{"image": "7dd29ae2-07fd-11ef-914c-64d2c4ecd148.jpg", "bboxes": [0.6032996632996633, 0.0, 0.9977777777777778, 0.6836363636363636], "class": 1}