{"image": "7dd29ae2-07fd-11ef-914c-64d2c4ecd148.jpg", "bboxes": [0.0022222222222222365, 0.0, 0.38875420875420863, 0.8236363636363636], "class": 1}