{"image": "7dd29ae2-07fd-11ef-914c-64d2c4ecd148.jpg", "bboxes": [0.0022222222222222365, 0.14080808080808083, 0.5976430976430975, 0.9977777777777778], "class": 1}