{"image": "7dd29ae2-07fd-11ef-914c-64d2c4ecd148.jpg", "bboxes": [0.09441077441077439, 0.029696969696969666, 0.9731986531986531, 0.9977777777777778], "class": 1}