{"image": "7dd29ae2-07fd-11ef-914c-64d2c4ecd148.jpg", "bboxes": [0.8390572390572388, 0.0, 1.0, 0.9936700336700336], "class": 1}