{"image": "7dd29ae2-07fd-11ef-914c-64d2c4ecd148.jpg", "bboxes": [0.0022222222222222365, 0.16969696969696968, 0.4487542087542086, 0.9977777777777778], "class": 1}