{"image": "7dd29ae2-07fd-11ef-914c-64d2c4ecd148.jpg", "bboxes": [0.10814814814814831, 0.0, 0.9431649831649833, 0.8224915824915825], "class": 1}