{"image": "7dd29ae2-07fd-11ef-914c-64d2c4ecd148.jpg", "bboxes": [0.0, 0.0, 0.6320538720538722, 0.7891582491582492], "class": 1}