{"image": "7dd29ae2-07fd-11ef-914c-64d2c4ecd148.jpg", "bboxes": [0.9457239057239055, 0.09084175084175083, 1.0, 1.0], "class": 1}