{"image": "7dd29ae2-07fd-11ef-914c-64d2c4ecd148.jpg", "bboxes": [0.7790572390572389, 0.15973063973063972, 1.0, 1.0], "class": 1}