{"image": "7dd29ae2-07fd-11ef-914c-64d2c4ecd148.jpg", "bboxes": [0.0, 0.16195286195286196, 0.06296296296296278, 1.0], "class": 1}