{"image": "7dd29ae2-07fd-11ef-914c-64d2c4ecd148.jpg", "bboxes": [0.062356902356902486, 0.0, 0.9411447811447811, 0.7747474747474747], "class": 1}