{"image": "7dd29ae2-07fd-11ef-914c-64d2c4ecd148.jpg", "bboxes": [0.8523905723905723, 0.16861952861952856, 0.9977777777777778, 0.9977777777777778], "class": 1}