{"image": "7dd29ae2-07fd-11ef-914c-64d2c4ecd148.jpg", "bboxes": [0.8790572390572389, 0.0, 1.0, 0.9047811447811447], "class": 1}