{"image": "7dd29ae2-07fd-11ef-914c-64d2c4ecd148.jpg", "bboxes": [0.9768350168350167, 0.03299663299663308, 1.0, 1.0], "class": 1}