{"image": "7dd29ae2-07fd-11ef-914c-64d2c4ecd148.jpg", "bboxes": [0.0, 0.11858585858585857, 0.23003367003367, 0.9977777777777778], "class": 1}