{"image": "7dd29ae2-07fd-11ef-914c-64d2c4ecd148.jpg", "bboxes": [0.0, 0.016363636363636358, 0.27225589225589225, 0.9977777777777778], "class": 1}