{"image": "7dd29ae2-07fd-11ef-914c-64d2c4ecd148.jpg", "bboxes": [0.04592592592592609, 0.0, 0.8809427609427611, 0.686936026936027], "class": 1}