{"image": "7e48819e-07fd-11ef-914c-64d2c4ecd148.jpg", "bboxes": [0.5420875420875422, 0.0, 0.9977777777777778, 0.9070033670033669], "class": 1}