{"image": "7e48819e-07fd-11ef-914c-64d2c4ecd148.jpg", "bboxes": [0.894006734006734, 0.04632996632996634, 0.9977777777777778, 0.9977777777777778], "class": 1}