{"image": "7e48819e-07fd-11ef-914c-64d2c4ecd148.jpg", "bboxes": [0.0, 0.030774410774410788, 0.7956902356902356, 0.9977777777777778], "class": 1}