{"image": "7e48819e-07fd-11ef-914c-64d2c4ecd148.jpg", "bboxes": [0.2095622895622896, 0.0, 0.9977777777777778, 0.9403367003367002], "class": 1}