{"image": "7e48819e-07fd-11ef-914c-64d2c4ecd148.jpg", "bboxes": [0.0022222222222222365, 0.26855218855218865, 0.1015488215488215, 0.9977777777777778], "class": 1}