{"image": "7e48819e-07fd-11ef-914c-64d2c4ecd148.jpg", "bboxes": [0.0022222222222222365, 0.2329966329966331, 0.054882154882154865, 0.9977777777777778], "class": 1}