{"image": "7e48819e-07fd-11ef-914c-64d2c4ecd148.jpg", "bboxes": [0.6562289562289563, 0.09744107744107743, 0.9977777777777778, 0.9977777777777778], "class": 1}