{"image": "7e48819e-07fd-11ef-914c-64d2c4ecd148.jpg", "bboxes": [0.6162289562289562, 0.0818855218855219, 0.9977777777777778, 0.9977777777777778], "class": 1}