{"image": "7e48819e-07fd-11ef-914c-64d2c4ecd148.jpg", "bboxes": [0.0, 0.01077441077441088, 0.34457912457912443, 0.9977777777777778], "class": 1}