{"image": "7e48819e-07fd-11ef-914c-64d2c4ecd148.jpg", "bboxes": [0.0, 0.0, 0.3756902356902356, 0.967003367003367], "class": 1}