{"image": "7e48819e-07fd-11ef-914c-64d2c4ecd148.jpg", "bboxes": [0.12734006734006736, 0.23077441077441085, 0.9623569023569022, 0.9977777777777778], "class": 1}