{"image": "7e48819e-07fd-11ef-914c-64d2c4ecd148.jpg", "bboxes": [0.06289562289562292, 0.0, 0.8979124579124578, 0.9977777777777778], "class": 1}