{"image": "7e48819e-07fd-11ef-914c-64d2c4ecd148.jpg", "bboxes": [0.0022222222222222365, 0.0022222222222222365, 0.33488215488215484, 0.9373063973063972], "class": 1}