{"image": "7e48819e-07fd-11ef-914c-64d2c4ecd148.jpg", "bboxes": [0.0, 0.08632996632996637, 0.17346801346801335, 0.9977777777777778], "class": 1}