{"image": "7ea32914-07fd-11ef-914c-64d2c4ecd148.jpg", "bboxes": [0.0, 0.1330639730639731, 0.3608080808080811, 1.0], "class": 1}