{"image": "7ea32914-07fd-11ef-914c-64d2c4ecd148.jpg", "bboxes": [0.9661952861952863, 0.14861952861952865, 1.0, 1.0], "class": 1}