{"image": "7ea32914-07fd-11ef-914c-64d2c4ecd148.jpg", "bboxes": [0.3125252525252522, 0.29528619528619526, 1.0, 1.0], "class": 1}