{"image": "7ea32914-07fd-11ef-914c-64d2c4ecd148.jpg", "bboxes": [0.13952861952861959, 0.0, 0.9341414141414144, 0.9513804713804714], "class": 1}