{"image": "7ea32914-07fd-11ef-914c-64d2c4ecd148.jpg", "bboxes": [0.18794612794612775, 0.0, 0.9758249158249156, 0.8636363636363636], "class": 1}