{"image": "7ea32914-07fd-11ef-914c-64d2c4ecd148.jpg", "bboxes": [0.5036363636363634, 0.0, 1.0, 0.818047138047138], "class": 1}