{"image": "7ea32914-07fd-11ef-914c-64d2c4ecd148.jpg", "bboxes": [0.012861952861952911, 0.0, 0.8074747474747478, 0.9977777777777778], "class": 1}