{"image": "7ea32914-07fd-11ef-914c-64d2c4ecd148.jpg", "bboxes": [0.043973063973064025, 0.0, 0.8385858585858589, 0.9927272727272727], "class": 1}