{"image": "7ea32914-07fd-11ef-914c-64d2c4ecd148.jpg", "bboxes": [0.3747474747474745, 0.0, 1.0, 0.7291582491582491], "class": 1}