{"image": "7ea32914-07fd-11ef-914c-64d2c4ecd148.jpg", "bboxes": [0.9612794612794612, 0.32525252525252524, 0.9977777777777778, 0.9977777777777778], "class": 1}