{"image": "7ea32914-07fd-11ef-914c-64d2c4ecd148.jpg", "bboxes": [0.303973063973064, 0.0, 1.0, 0.8336026936026936], "class": 1}