{"image": "7ea32914-07fd-11ef-914c-64d2c4ecd148.jpg", "bboxes": [0.5017508417508418, 0.0022222222222222365, 0.9977777777777778, 0.9727272727272727], "class": 1}