{"image": "7ea32914-07fd-11ef-914c-64d2c4ecd148.jpg", "bboxes": [0.0, 0.06505050505050514, 0.44969696969697, 0.9977777777777778], "class": 1}