{"image": "7ea32914-07fd-11ef-914c-64d2c4ecd148.jpg", "bboxes": [0.15030303030303005, 0.0019528619528619284, 0.9449158249158248, 1.0], "class": 1}