{"image": "7ea32914-07fd-11ef-914c-64d2c4ecd148.jpg", "bboxes": [0.24363636363636332, 0.024175084175084183, 1.0, 1.0], "class": 1}