{"image": "7ea32914-07fd-11ef-914c-64d2c4ecd148.jpg", "bboxes": [0.09030303030303, 0.0, 0.8849158249158249, 0.838047138047138], "class": 1}