{"image": "7ea32914-07fd-11ef-914c-64d2c4ecd148.jpg", "bboxes": [0.5617508417508418, 0.008619528619528638, 1.0, 1.0], "class": 1}