{"image": "7ea32914-07fd-11ef-914c-64d2c4ecd148.jpg", "bboxes": [0.2528619528619529, 0.12195286195286192, 1.0, 1.0], "class": 1}