{"image": "7ea32914-07fd-11ef-914c-64d2c4ecd148.jpg", "bboxes": [0.11461279461279451, 0.0022222222222222365, 0.9024915824915822, 0.9581818181818182], "class": 1}