{"image": "7ea32914-07fd-11ef-914c-64d2c4ecd148.jpg", "bboxes": [0.12861952861952886, 0.25636363636363635, 0.9164983164983167, 0.9977777777777778], "class": 1}