{"image": "7ea32914-07fd-11ef-914c-64d2c4ecd148.jpg", "bboxes": [0.1728619528619529, 0.0022222222222222365, 0.9674747474747477, 0.9977777777777778], "class": 1}