{"image": "7ea32914-07fd-11ef-914c-64d2c4ecd148.jpg", "bboxes": [0.1036363636363634, 0.0, 0.8982491582491582, 0.706936026936027], "class": 1}