{"image": "7ea32914-07fd-11ef-914c-64d2c4ecd148.jpg", "bboxes": [0.5969696969696967, 0.17306397306397303, 0.9977777777777778, 0.9977777777777778], "class": 1}