{"image": "7ea32914-07fd-11ef-914c-64d2c4ecd148.jpg", "bboxes": [0.1706397306397307, 0.0, 0.9652525252525255, 0.9736026936026936], "class": 1}