{"image": "7ea32914-07fd-11ef-914c-64d2c4ecd148.jpg", "bboxes": [0.0, 0.2286195286195286, 0.6341414141414145, 1.0], "class": 1}