{"image": "7ea32914-07fd-11ef-914c-64d2c4ecd148.jpg", "bboxes": [0.7858585858585856, 0.028619528619528656, 1.0, 1.0], "class": 1}