{"image": "7ea32914-07fd-11ef-914c-64d2c4ecd148.jpg", "bboxes": [0.0, 0.05838383838383846, 0.6830303030303033, 1.0], "class": 1}