{"image": "7ea32914-07fd-11ef-914c-64d2c4ecd148.jpg", "bboxes": [0.8550841750841751, 0.0, 1.0, 0.8158249158249158], "class": 1}