{"image": "7ea32914-07fd-11ef-914c-64d2c4ecd148.jpg", "bboxes": [0.5125252525252523, 0.15750841750841751, 0.9977777777777778, 0.9977777777777778], "class": 1}