{"image": "7ea32914-07fd-11ef-914c-64d2c4ecd148.jpg", "bboxes": [0.05696969696969667, 0.0, 0.8515824915824916, 1.0], "class": 1}