{"image": "7ea32914-07fd-11ef-914c-64d2c4ecd148.jpg", "bboxes": [0.03919191919191889, 0.1841750841750842, 0.8338047138047138, 1.0], "class": 1}