{"image": "7ea32914-07fd-11ef-914c-64d2c4ecd148.jpg", "bboxes": [0.0, 0.30861952861952857, 0.5674747474747478, 0.9977777777777778], "class": 1}