{"image": "7ea32914-07fd-11ef-914c-64d2c4ecd148.jpg", "bboxes": [0.7752861952861956, 0.1896969696969697, 0.9977777777777778, 0.9977777777777778], "class": 1}