{"image": "7eff9bb8-07fd-11ef-914c-64d2c4ecd148.jpg", "bboxes": [0.8861279461279461, 0.0, 1.0, 0.876969696969697], "class": 1}