{"image": "7eff9bb8-07fd-11ef-914c-64d2c4ecd148.jpg", "bboxes": [0.0, 0.0022222222222222365, 0.6022895622895622, 0.9515824915824915], "class": 1}