{"image": "7eff9bb8-07fd-11ef-914c-64d2c4ecd148.jpg", "bboxes": [0.0, 0.30747474747474746, 0.14673400673400666, 0.9977777777777778], "class": 1}