{"image": "7eff9bb8-07fd-11ef-914c-64d2c4ecd148.jpg", "bboxes": [0.49993265993266, 0.0, 1.0, 0.756969696969697], "class": 1}