{"image": "7eff9bb8-07fd-11ef-914c-64d2c4ecd148.jpg", "bboxes": [0.6816835016835017, 0.0684175084175085, 1.0, 1.0], "class": 1}