{"image": "7eff9bb8-07fd-11ef-914c-64d2c4ecd148.jpg", "bboxes": [0.591043771043771, 0.03508417508417516, 1.0, 1.0], "class": 1}