{"image": "7eff9bb8-07fd-11ef-914c-64d2c4ecd148.jpg", "bboxes": [0.8110437710437711, 0.21191919191919195, 1.0, 1.0], "class": 1}