{"image": "7eff9bb8-07fd-11ef-914c-64d2c4ecd148.jpg", "bboxes": [0.015488215488215551, 0.046195286195286275, 0.8538720538720539, 1.0], "class": 1}