{"image": "7eff9bb8-07fd-11ef-914c-64d2c4ecd148.jpg", "bboxes": [0.0, 0.22525252525252526, 0.3511784511784511, 1.0], "class": 1}