{"image": "7eff9bb8-07fd-11ef-914c-64d2c4ecd148.jpg", "bboxes": [0.5061279461279461, 0.0, 0.9977777777777778, 0.8214141414141414], "class": 1}