{"image": "7eff9bb8-07fd-11ef-914c-64d2c4ecd148.jpg", "bboxes": [0.8661279461279461, 0.0, 1.0, 0.956026936026936], "class": 1}