{"image": "7eff9bb8-07fd-11ef-914c-64d2c4ecd148.jpg", "bboxes": [0.095016835016835, 0.0, 0.9334006734006733, 0.9138047138047137], "class": 1}