{"image": "7eff9bb8-07fd-11ef-914c-64d2c4ecd148.jpg", "bboxes": [0.12835016835016833, 0.0039730639730640544, 0.9667340067340067, 0.9977777777777778], "class": 1}