{"image": "7eff9bb8-07fd-11ef-914c-64d2c4ecd148.jpg", "bboxes": [0.2910437710437711, 0.29191919191919197, 0.9977777777777778, 0.9977777777777778], "class": 1}