{"image": "7eff9bb8-07fd-11ef-914c-64d2c4ecd148.jpg", "bboxes": [0.13279461279461277, 0.0, 0.9711784511784511, 0.9826936026936026], "class": 1}