{"image": "7eff9bb8-07fd-11ef-914c-64d2c4ecd148.jpg", "bboxes": [0.0, 0.11636363636363634, 0.0694276094276094, 1.0], "class": 1}