{"image": "7eff9bb8-07fd-11ef-914c-64d2c4ecd148.jpg", "bboxes": [0.6127946127946128, 0.0, 1.0, 0.9436363636363636], "class": 1}