{"image": "7eff9bb8-07fd-11ef-914c-64d2c4ecd148.jpg", "bboxes": [0.0, 0.0022222222222222365, 0.05340067340067334, 0.9977777777777778], "class": 1}