{"image": "7eff9bb8-07fd-11ef-914c-64d2c4ecd148.jpg", "bboxes": [0.15124579124579107, 0.0, 0.9727946127946127, 0.9977777777777778], "class": 1}