{"image": "7eff9bb8-07fd-11ef-914c-64d2c4ecd148.jpg", "bboxes": [0.7839057239057239, 0.0, 0.9977777777777778, 0.8369696969696969], "class": 1}