{"image": "7eff9bb8-07fd-11ef-914c-64d2c4ecd148.jpg", "bboxes": [0.0, 0.24747474747474751, 0.40451178451178443, 1.0], "class": 1}