{"image": "7eff9bb8-07fd-11ef-914c-64d2c4ecd148.jpg", "bboxes": [0.2710437710437711, 0.0, 0.9977777777777778, 0.676969696969697], "class": 1}