{"image": "7eff9bb8-07fd-11ef-914c-64d2c4ecd148.jpg", "bboxes": [0.0, 0.30525252525252533, 0.3911784511784511, 1.0], "class": 1}