{"image": "7eff9bb8-07fd-11ef-914c-64d2c4ecd148.jpg", "bboxes": [0.7061279461279462, 0.0, 1.0, 0.7836363636363636], "class": 1}