{"image": "7eff9bb8-07fd-11ef-914c-64d2c4ecd148.jpg", "bboxes": [0.9439057239057239, 0.0022222222222222365, 0.9977777777777778, 0.9977777777777778], "class": 1}