{"image": "7eff9bb8-07fd-11ef-914c-64d2c4ecd148.jpg", "bboxes": [0.0022222222222222365, 0.028417508417508498, 0.2716498316498317, 0.9977777777777778], "class": 1}