{"image": "7eff9bb8-07fd-11ef-914c-64d2c4ecd148.jpg", "bboxes": [0.9243771043771044, 0.0, 1.0, 0.7347474747474747], "class": 1}