{"image": "7eff9bb8-07fd-11ef-914c-64d2c4ecd148.jpg", "bboxes": [0.9394612794612794, 0.0, 1.0, 0.9791919191919192], "class": 1}