{"image": "7eff9bb8-07fd-11ef-914c-64d2c4ecd148.jpg", "bboxes": [0.47057239057239053, 0.0, 1.0, 0.8325252525252526], "class": 1}