{"image": "7eff9bb8-07fd-11ef-914c-64d2c4ecd148.jpg", "bboxes": [0.7305723905723905, 0.12080808080808081, 0.9977777777777778, 0.9977777777777778], "class": 1}