{"image": "7eff9bb8-07fd-11ef-914c-64d2c4ecd148.jpg", "bboxes": [0.22882154882154893, 0.043030303030303085, 0.9977777777777778, 0.9977777777777778], "class": 1}