{"image": "7f5595d6-07fd-11ef-914c-64d2c4ecd148.jpg", "bboxes": [0.0, 0.0022222222222222365, 0.794882154882155, 0.9977777777777778], "class": 1}