{"image": "7f5595d6-07fd-11ef-914c-64d2c4ecd148.jpg", "bboxes": [0.0022222222222222365, 0.07797979797979804, 0.891043771043771, 0.9977777777777778], "class": 1}