{"image": "7f5595d6-07fd-11ef-914c-64d2c4ecd148.jpg", "bboxes": [0.0022222222222222365, 0.1379797979797981, 0.18215488215488207, 0.9977777777777778], "class": 1}