{"image": "7f5595d6-07fd-11ef-914c-64d2c4ecd148.jpg", "bboxes": [0.8800673400673401, 0.2646464646464647, 0.9977777777777778, 0.9977777777777778], "class": 1}