{"image": "7f5595d6-07fd-11ef-914c-64d2c4ecd148.jpg", "bboxes": [0.055622895622895685, 0.011313131313131386, 0.9815488215488216, 0.9977777777777778], "class": 1}