{"image": "7f5595d6-07fd-11ef-914c-64d2c4ecd148.jpg", "bboxes": [0.049562289562289474, 0.0, 0.9754882154882154, 0.8153535353535353], "class": 1}