{"image": "7f5595d6-07fd-11ef-914c-64d2c4ecd148.jpg", "bboxes": [0.9006734006734005, 0.0022222222222222365, 0.9977777777777778, 0.9684848484848484], "class": 1}