{"image": "7f5595d6-07fd-11ef-914c-64d2c4ecd148.jpg", "bboxes": [0.8667340067340068, 0.0022222222222222365, 0.9977777777777778, 0.9418181818181818], "class": 1}