{"image": "7f5595d6-07fd-11ef-914c-64d2c4ecd148.jpg", "bboxes": [0.4734006734006735, 0.22909090909090912, 0.9977777777777778, 0.9977777777777778], "class": 1}