{"image": "7f5595d6-07fd-11ef-914c-64d2c4ecd148.jpg", "bboxes": [0.0, 0.00242424242424244, 0.032659932659932764, 0.9977777777777778], "class": 1}