{"image": "7f5595d6-07fd-11ef-914c-64d2c4ecd148.jpg", "bboxes": [0.05178451178451171, 0.326868686868687, 0.9777104377104376, 0.9977777777777778], "class": 1}