{"image": "7f5595d6-07fd-11ef-914c-64d2c4ecd148.jpg", "bboxes": [0.0, 0.03353535353535364, 0.5593265993265994, 0.9977777777777778], "class": 1}