{"image": "7f5595d6-07fd-11ef-914c-64d2c4ecd148.jpg", "bboxes": [0.2673400673400672, 0.0, 0.9977777777777778, 0.7842424242424242], "class": 1}