{"image": "7f5595d6-07fd-11ef-914c-64d2c4ecd148.jpg", "bboxes": [0.0022222222222222365, 0.0022222222222222365, 0.0888215488215488, 0.9684848484848484], "class": 1}