{"image": "7f5595d6-07fd-11ef-914c-64d2c4ecd148.jpg", "bboxes": [0.10451178451178458, 0.08464646464646475, 0.9977777777777778, 0.9977777777777778], "class": 1}