{"image": "7fad163a-07fd-11ef-914c-64d2c4ecd148.jpg", "bboxes": [0.0022222222222222365, 0.25703703703703695, 0.1969696969696969, 0.9977777777777778], "class": 1}