{"image": "7fad163a-07fd-11ef-914c-64d2c4ecd148.jpg", "bboxes": [0.2185858585858586, 0.18592592592592583, 0.9977777777777778, 0.9977777777777778], "class": 1}