{"image": "7fad163a-07fd-11ef-914c-64d2c4ecd148.jpg", "bboxes": [0.3163636363636364, 0.09925925925925916, 0.9977777777777778, 0.9977777777777778], "class": 1}