{"image": "7fad163a-07fd-11ef-914c-64d2c4ecd148.jpg", "bboxes": [0.41609427609427607, 0.317037037037037, 0.9977777777777778, 0.9977777777777778], "class": 1}