{"image": "7fad163a-07fd-11ef-914c-64d2c4ecd148.jpg", "bboxes": [0.5852525252525252, 0.18814814814814806, 0.9977777777777778, 0.9977777777777778], "class": 1}