{"image": "7fad163a-07fd-11ef-914c-64d2c4ecd148.jpg", "bboxes": [0.5252525252525253, 0.05037037037037029, 0.9977777777777778, 0.9977777777777778], "class": 1}