{"image": "7fad163a-07fd-11ef-914c-64d2c4ecd148.jpg", "bboxes": [0.0022222222222222365, 0.27481481481481473, 0.6747474747474747, 0.9977777777777778], "class": 1}