{"image": "7fad163a-07fd-11ef-914c-64d2c4ecd148.jpg", "bboxes": [0.0, 0.2725925925925925, 0.6083501683501683, 0.9977777777777778], "class": 1}