{"image": "7fad163a-07fd-11ef-914c-64d2c4ecd148.jpg", "bboxes": [0.0022222222222222365, 0.25037037037037024, 0.7103030303030301, 0.9977777777777778], "class": 1}