{"image": "7fad163a-07fd-11ef-914c-64d2c4ecd148.jpg", "bboxes": [0.0, 0.06592592592592583, 0.2527946127946128, 0.9977777777777778], "class": 1}