{"image": "7fad163a-07fd-11ef-914c-64d2c4ecd148.jpg", "bboxes": [0.2716498316498317, 0.0, 0.9977777777777778, 0.6985185185185186], "class": 1}