{"image": "7fad163a-07fd-11ef-914c-64d2c4ecd148.jpg", "bboxes": [0.8585858585858586, 0.0, 0.9977777777777778, 0.8562962962962963], "class": 1}