{"image": "7fad163a-07fd-11ef-914c-64d2c4ecd148.jpg", "bboxes": [0.9627609427609428, 0.0, 0.9977777777777778, 0.6362962962962964], "class": 1}