{"image": "7fad163a-07fd-11ef-914c-64d2c4ecd148.jpg", "bboxes": [0.5763636363636364, 0.0, 0.9977777777777778, 0.951851851851852], "class": 1}