{"image": "7fad163a-07fd-11ef-914c-64d2c4ecd148.jpg", "bboxes": [0.0, 0.3414814814814814, 0.7039057239057239, 0.9977777777777778], "class": 1}