{"image": "7fad163a-07fd-11ef-914c-64d2c4ecd148.jpg", "bboxes": [0.4227609427609428, 0.03703703703703698, 0.9977777777777778, 0.9977777777777778], "class": 1}