{"image": "7fad163a-07fd-11ef-914c-64d2c4ecd148.jpg", "bboxes": [0.0, 0.0022222222222222365, 0.4927946127946128, 0.9272053872053871], "class": 1}