{"image": "7fad163a-07fd-11ef-914c-64d2c4ecd148.jpg", "bboxes": [0.5719191919191919, 0.0022222222222222365, 0.9977777777777778, 0.9938720538720538], "class": 1}