{"image": "7fad163a-07fd-11ef-914c-64d2c4ecd148.jpg", "bboxes": [0.0022222222222222365, 0.0, 0.023636363636363567, 0.8585185185185186], "class": 1}