{"image": "80032ff2-07fd-11ef-914c-64d2c4ecd148.jpg", "bboxes": [0.01717171717171717, 0.0, 0.8286195286195285, 0.7464646464646464], "class": 1}