{"image": "80032ff2-07fd-11ef-914c-64d2c4ecd148.jpg", "bboxes": [0.8558249158249159, 0.0, 1.0, 0.8842424242424242], "class": 1}