{"image": "80032ff2-07fd-11ef-914c-64d2c4ecd148.jpg", "bboxes": [0.01272727272727281, 0.0, 0.824175084175084, 0.7531313131313131], "class": 1}