{"image": "80032ff2-07fd-11ef-914c-64d2c4ecd148.jpg", "bboxes": [0.0022222222222222365, 0.0, 0.8063973063973062, 0.9775757575757575], "class": 1}