{"image": "80032ff2-07fd-11ef-914c-64d2c4ecd148.jpg", "bboxes": [0.7660606060606061, 0.3157575757575758, 1.0, 1.0], "class": 1}