{"image": "80032ff2-07fd-11ef-914c-64d2c4ecd148.jpg", "bboxes": [0.8336026936026938, 0.35131313131313135, 1.0, 1.0], "class": 1}