{"image": "80032ff2-07fd-11ef-914c-64d2c4ecd148.jpg", "bboxes": [0.052727272727272734, 0.0, 0.864175084175084, 1.0], "class": 1}