{"image": "80032ff2-07fd-11ef-914c-64d2c4ecd148.jpg", "bboxes": [0.0, 0.33131313131313134, 0.7641750841750841, 1.0], "class": 1}