{"image": "80032ff2-07fd-11ef-914c-64d2c4ecd148.jpg", "bboxes": [0.18249158249158262, 0.0, 0.9939393939393939, 0.8664646464646464], "class": 1}