{"image": "80032ff2-07fd-11ef-914c-64d2c4ecd148.jpg", "bboxes": [0.775824915824916, 0.0, 1.0, 0.9175757575757575], "class": 1}