{"image": "80032ff2-07fd-11ef-914c-64d2c4ecd148.jpg", "bboxes": [0.0022222222222222365, 0.22020202020202032, 0.4952861952861951, 0.9977777777777778], "class": 1}