{"image": "80032ff2-07fd-11ef-914c-64d2c4ecd148.jpg", "bboxes": [0.5958249158249159, 0.2602020202020203, 0.9977777777777778, 0.9977777777777778], "class": 1}