{"image": "80032ff2-07fd-11ef-914c-64d2c4ecd148.jpg", "bboxes": [0.11717171717171726, 0.028215488215488284, 0.9286195286195285, 1.0], "class": 1}