{"image": "80032ff2-07fd-11ef-914c-64d2c4ecd148.jpg", "bboxes": [0.6971717171717172, 0.0, 1.0, 0.8909090909090909], "class": 1}