{"image": "80032ff2-07fd-11ef-914c-64d2c4ecd148.jpg", "bboxes": [0.0, 0.021548821548821616, 0.07393939393939389, 1.0], "class": 1}