{"image": "80032ff2-07fd-11ef-914c-64d2c4ecd148.jpg", "bboxes": [0.6980471380471381, 0.0, 1.0, 0.9806734006734006], "class": 1}