{"image": "80032ff2-07fd-11ef-914c-64d2c4ecd148.jpg", "bboxes": [0.0022222222222222365, 0.2024242424242425, 0.15528619528619514, 0.9977777777777778], "class": 1}