{"image": "80032ff2-07fd-11ef-914c-64d2c4ecd148.jpg", "bboxes": [0.0, 0.12464646464646467, 0.085050505050505, 0.9977777777777778], "class": 1}