{"image": "80032ff2-07fd-11ef-914c-64d2c4ecd148.jpg", "bboxes": [0.0, 0.049090909090909185, 0.4997306397306396, 1.0], "class": 1}