{"image": "80032ff2-07fd-11ef-914c-64d2c4ecd148.jpg", "bboxes": [0.0, 0.013535353535353623, 0.245050505050505, 1.0], "class": 1}