{"image": "80032ff2-07fd-11ef-914c-64d2c4ecd148.jpg", "bboxes": [0.5860606060606062, 0.18020202020202025, 1.0, 1.0], "class": 1}