{"image": "80032ff2-07fd-11ef-914c-64d2c4ecd148.jpg", "bboxes": [0.5305050505050506, 0.0, 0.9977777777777778, 0.8797979797979797], "class": 1}