{"image": "80032ff2-07fd-11ef-914c-64d2c4ecd148.jpg", "bboxes": [0.3727272727272728, 0.0, 1.0, 0.702020202020202], "class": 1}