{"image": "80032ff2-07fd-11ef-914c-64d2c4ecd148.jpg", "bboxes": [0.9469360269360271, 0.0, 0.9977777777777778, 0.7886868686868687], "class": 1}