{"image": "80032ff2-07fd-11ef-914c-64d2c4ecd148.jpg", "bboxes": [0.37050505050505056, 0.0, 0.9977777777777778, 0.8064646464646464], "class": 1}