{"image": "80032ff2-07fd-11ef-914c-64d2c4ecd148.jpg", "bboxes": [0.15939393939393942, 0.0, 0.9708417508417507, 1.0], "class": 1}