{"image": "80032ff2-07fd-11ef-914c-64d2c4ecd148.jpg", "bboxes": [0.0, 0.0037710437710438386, 0.5761616161616161, 0.9977777777777778], "class": 1}