{"image": "80032ff2-07fd-11ef-914c-64d2c4ecd148.jpg", "bboxes": [0.3282828282828283, 0.22464646464646476, 0.9977777777777778, 0.9977777777777778], "class": 1}