{"image": "80032ff2-07fd-11ef-914c-64d2c4ecd148.jpg", "bboxes": [0.9247138047138048, 0.0, 1.0, 0.8264646464646463], "class": 1}