{"image": "80032ff2-07fd-11ef-914c-64d2c4ecd148.jpg", "bboxes": [0.8771717171717173, 0.31353535353535356, 1.0, 1.0], "class": 1}