{"image": "80032ff2-07fd-11ef-914c-64d2c4ecd148.jpg", "bboxes": [0.2713804713804715, 0.0, 0.9977777777777778, 0.8731313131313131], "class": 1}