{"image": "80032ff2-07fd-11ef-914c-64d2c4ecd148.jpg", "bboxes": [0.11939393939393939, 0.0, 0.9308417508417507, 0.9873400673400673], "class": 1}