{"image": "80032ff2-07fd-11ef-914c-64d2c4ecd148.jpg", "bboxes": [0.0, 0.3535353535353536, 0.1019528619528618, 1.0], "class": 1}