{"image": "80032ff2-07fd-11ef-914c-64d2c4ecd148.jpg", "bboxes": [0.028282828282828354, 0.0, 0.8397306397306398, 0.9977777777777778], "class": 1}