{"image": "80032ff2-07fd-11ef-914c-64d2c4ecd148.jpg", "bboxes": [0.40471380471380486, 0.024646464646464694, 1.0, 1.0], "class": 1}