{"image": "80032ff2-07fd-11ef-914c-64d2c4ecd148.jpg", "bboxes": [0.6682828282828284, 0.18464646464646473, 0.9977777777777778, 0.9977777777777778], "class": 1}