{"image": "80032ff2-07fd-11ef-914c-64d2c4ecd148.jpg", "bboxes": [0.0, 0.28242424242424247, 0.6872727272727273, 0.9977777777777778], "class": 1}