{"image": "80032ff2-07fd-11ef-914c-64d2c4ecd148.jpg", "bboxes": [0.0, 0.0022222222222222365, 0.24282828282828278, 0.9562289562289562], "class": 1}