{"image": "80032ff2-07fd-11ef-914c-64d2c4ecd148.jpg", "bboxes": [0.8802693602693604, 0.28686868686868694, 1.0, 1.0], "class": 1}