{"image": "80032ff2-07fd-11ef-914c-64d2c4ecd148.jpg", "bboxes": [0.0022222222222222365, 0.2713131313131314, 0.2152861952861952, 0.9977777777777778], "class": 1}