{"image": "80032ff2-07fd-11ef-914c-64d2c4ecd148.jpg", "bboxes": [0.0, 0.10909090909090913, 0.2841750841750841, 1.0], "class": 1}