{"image": "80032ff2-07fd-11ef-914c-64d2c4ecd148.jpg", "bboxes": [0.2824915824915826, 0.29353535353535365, 0.9977777777777778, 0.9977777777777778], "class": 1}