{"image": "805a6ee8-07fd-11ef-914c-64d2c4ecd148.jpg", "bboxes": [0.10538720538720558, 0.0, 0.9168350168350168, 0.7701683501683503], "class": 1}