{"image": "805a6ee8-07fd-11ef-914c-64d2c4ecd148.jpg", "bboxes": [0.0, 0.027609427609427528, 0.2790572390572389, 0.9977777777777778], "class": 1}