{"image": "805a6ee8-07fd-11ef-914c-64d2c4ecd148.jpg", "bboxes": [0.7898316498316499, 0.0, 0.9977777777777778, 0.6835016835016836], "class": 1}