{"image": "805a6ee8-07fd-11ef-914c-64d2c4ecd148.jpg", "bboxes": [0.0, 0.06531986531986538, 0.23461279461279447, 0.9977777777777778], "class": 1}