{"image": "805a6ee8-07fd-11ef-914c-64d2c4ecd148.jpg", "bboxes": [0.0, 0.10309764309764316, 0.30127946127946115, 0.9977777777777778], "class": 1}