{"image": "805a6ee8-07fd-11ef-914c-64d2c4ecd148.jpg", "bboxes": [0.0022222222222222365, 0.0, 0.23683501683501684, 0.9523905723905725], "class": 1}