{"image": "805a6ee8-07fd-11ef-914c-64d2c4ecd148.jpg", "bboxes": [0.0, 0.20094276094276087, 0.4923905723905722, 0.9977777777777778], "class": 1}