{"image": "80afd77a-07fd-11ef-914c-64d2c4ecd148.jpg", "bboxes": [0.8688888888888887, 0.0, 0.9977777777777778, 0.7324579124579125], "class": 1}