{"image": "80afd77a-07fd-11ef-914c-64d2c4ecd148.jpg", "bboxes": [0.24444444444444446, 0.0, 0.9977777777777778, 0.8746801346801347], "class": 1}