{"image": "80afd77a-07fd-11ef-914c-64d2c4ecd148.jpg", "bboxes": [0.6457912457912459, 0.0, 0.9977777777777778, 0.8657912457912458], "class": 1}