{"image": "80afd77a-07fd-11ef-914c-64d2c4ecd148.jpg", "bboxes": [0.8155555555555556, 0.0, 0.9977777777777778, 0.8146801346801347], "class": 1}