{"image": "80afd77a-07fd-11ef-914c-64d2c4ecd148.jpg", "bboxes": [0.0, 0.012996632996633083, 0.12222222222222222, 0.9977777777777778], "class": 1}