{"image": "81064a24-07fd-11ef-914c-64d2c4ecd148.jpg", "bboxes": [0.18154882154882168, 0.0, 1.0, 0.7303703703703703], "class": 1}