{"image": "81064a24-07fd-11ef-914c-64d2c4ecd148.jpg", "bboxes": [0.0, 0.07185185185185196, 0.15622895622895613, 0.9977777777777778], "class": 1}