{"image": "81064a24-07fd-11ef-914c-64d2c4ecd148.jpg", "bboxes": [0.5926599326599328, 0.0, 1.0, 0.9659259259259259], "class": 1}