{"image": "81064a24-07fd-11ef-914c-64d2c4ecd148.jpg", "bboxes": [0.314882154882155, 0.0, 1.0, 0.9526599326599325], "class": 1}