{"image": "81064a24-07fd-11ef-914c-64d2c4ecd148.jpg", "bboxes": [0.7215488215488217, 0.05185185185185193, 1.0, 1.0], "class": 1}