{"image": "81064a24-07fd-11ef-914c-64d2c4ecd148.jpg", "bboxes": [0.49710437710437716, 0.0, 0.9977777777777778, 0.8948148148148147], "class": 1}