{"image": "81064a24-07fd-11ef-914c-64d2c4ecd148.jpg", "bboxes": [0.0, 0.2140740740740742, 0.28168350168350154, 1.0], "class": 1}