{"image": "81064a24-07fd-11ef-914c-64d2c4ecd148.jpg", "bboxes": [0.6682154882154884, 0.0022222222222222365, 0.9977777777777778, 0.9593265993265994], "class": 1}