{"image": "81064a24-07fd-11ef-914c-64d2c4ecd148.jpg", "bboxes": [0.7037710437710438, 0.060673400673400754, 0.9977777777777778, 0.9977777777777778], "class": 1}