{"image": "81064a24-07fd-11ef-914c-64d2c4ecd148.jpg", "bboxes": [0.7583164983164985, 0.0, 1.0, 0.7614814814814814], "class": 1}