{"image": "81064a24-07fd-11ef-914c-64d2c4ecd148.jpg", "bboxes": [0.0, 0.2762962962962964, 0.16956228956228944, 0.9977777777777778], "class": 1}