{"image": "81064a24-07fd-11ef-914c-64d2c4ecd148.jpg", "bboxes": [0.7316498316498318, 0.04289562289562298, 0.9977777777777778, 0.9977777777777778], "class": 1}