{"image": "81064a24-07fd-11ef-914c-64d2c4ecd148.jpg", "bboxes": [0.15609427609427623, 0.1629629629629631, 1.0, 1.0], "class": 1}