{"image": "81064a24-07fd-11ef-914c-64d2c4ecd148.jpg", "bboxes": [0.8049831649831651, 0.0, 1.0, 0.8792592592592592], "class": 1}