{"image": "81064a24-07fd-11ef-914c-64d2c4ecd148.jpg", "bboxes": [0.8126599326599327, 0.0, 1.0, 0.797037037037037], "class": 1}