{"image": "81064a24-07fd-11ef-914c-64d2c4ecd148.jpg", "bboxes": [0.2760942760942762, 0.11629629629629634, 1.0, 1.0], "class": 1}