{"image": "81064a24-07fd-11ef-914c-64d2c4ecd148.jpg", "bboxes": [0.4094276094276096, 0.0, 1.0, 0.6881481481481481], "class": 1}