{"image": "81064a24-07fd-11ef-914c-64d2c4ecd148.jpg", "bboxes": [0.0, 0.04289562289562298, 0.6073400673400672, 1.0], "class": 1}