{"image": "81064a24-07fd-11ef-914c-64d2c4ecd148.jpg", "bboxes": [0.45932659932659947, 0.14740740740740754, 1.0, 1.0], "class": 1}