{"image": "81064a24-07fd-11ef-914c-64d2c4ecd148.jpg", "bboxes": [0.5716498316498317, 0.0, 1.0, 0.9837710437710437], "class": 1}