{"image": "81064a24-07fd-11ef-914c-64d2c4ecd148.jpg", "bboxes": [0.29609427609427624, 0.0, 0.9977777777777778, 0.8837037037037037], "class": 1}