{"image": "81064a24-07fd-11ef-914c-64d2c4ecd148.jpg", "bboxes": [0.0, 0.009562289562289645, 0.2416835016835015, 1.0], "class": 1}