{"image": "815c0f90-07fd-11ef-914c-64d2c4ecd148.jpg", "bboxes": [0.7276094276094278, 0.0, 0.9977777777777778, 0.8202693602693603], "class": 1}