{"image": "815c0f90-07fd-11ef-914c-64d2c4ecd148.jpg", "bboxes": [0.0, 0.1775084175084175, 0.0888215488215488, 1.0], "class": 1}