{"image": "815c0f90-07fd-11ef-914c-64d2c4ecd148.jpg", "bboxes": [0.0, 0.04969696969696978, 0.6754882154882154, 1.0], "class": 1}