{"image": "815c0f90-07fd-11ef-914c-64d2c4ecd148.jpg", "bboxes": [0.24094276094276112, 0.011919191919192005, 0.9977777777777778, 0.9977777777777778], "class": 1}