{"image": "815c0f90-07fd-11ef-914c-64d2c4ecd148.jpg", "bboxes": [0.7231649831649833, 0.0, 1.0, 0.8991919191919191], "class": 1}