{"image": "815c0f90-07fd-11ef-914c-64d2c4ecd148.jpg", "bboxes": [0.10673400673400679, 0.0, 0.8946127946127944, 0.7602693602693603], "class": 1}