{"image": "815c0f90-07fd-11ef-914c-64d2c4ecd148.jpg", "bboxes": [0.8200673400673402, 0.0, 1.0, 0.7602693602693603], "class": 1}