{"image": "815c0f90-07fd-11ef-914c-64d2c4ecd148.jpg", "bboxes": [0.5942760942760944, 0.035286195286195254, 0.9977777777777778, 0.9977777777777778], "class": 1}