{"image": "815c0f90-07fd-11ef-914c-64d2c4ecd148.jpg", "bboxes": [0.0022895622895623548, 0.0, 0.79016835016835, 0.7224915824915825], "class": 1}