{"image": "815c0f90-07fd-11ef-914c-64d2c4ecd148.jpg", "bboxes": [0.148956228956229, 0.013063973063973111, 0.9368350168350167, 0.9977777777777778], "class": 1}