{"image": "815c0f90-07fd-11ef-914c-64d2c4ecd148.jpg", "bboxes": [0.10006734006734014, 0.0, 0.8879461279461278, 0.7736026936026936], "class": 1}