{"image": "815c0f90-07fd-11ef-914c-64d2c4ecd148.jpg", "bboxes": [0.0, 0.0, 0.7243771043771043, 0.8624915824915825], "class": 1}