{"image": "815c0f90-07fd-11ef-914c-64d2c4ecd148.jpg", "bboxes": [0.33872053872053887, 0.0, 1.0, 0.8291582491582492], "class": 1}