{"image": "815c0f90-07fd-11ef-914c-64d2c4ecd148.jpg", "bboxes": [0.012053872053872206, 0.07858585858585868, 0.7999326599326598, 0.9977777777777778], "class": 1}