{"image": "815c0f90-07fd-11ef-914c-64d2c4ecd148.jpg", "bboxes": [0.0, 0.2263973063973064, 0.3879461279461278, 0.9977777777777778], "class": 1}