{"image": "815c0f90-07fd-11ef-914c-64d2c4ecd148.jpg", "bboxes": [0.11205387205387218, 0.23750841750841745, 0.8999326599326598, 1.0], "class": 1}