{"image": "815c0f90-07fd-11ef-914c-64d2c4ecd148.jpg", "bboxes": [0.07117845117845124, 0.0, 0.8590572390572389, 0.9047138047138047], "class": 1}