{"image": "815c0f90-07fd-11ef-914c-64d2c4ecd148.jpg", "bboxes": [0.03562289562289569, 0.0, 0.8235016835016834, 1.0], "class": 1}