{"image": "815c0f90-07fd-11ef-914c-64d2c4ecd148.jpg", "bboxes": [0.15340067340067345, 0.07414141414141423, 0.9412794612794612, 1.0], "class": 1}