{"image": "815c0f90-07fd-11ef-914c-64d2c4ecd148.jpg", "bboxes": [0.8645117845117846, 0.0, 1.0, 0.9903030303030302], "class": 1}