{"image": "815c0f90-07fd-11ef-914c-64d2c4ecd148.jpg", "bboxes": [0.0022222222222222365, 0.29528619528619526, 0.171043771043771, 0.9977777777777778], "class": 1}