{"image": "815c0f90-07fd-11ef-914c-64d2c4ecd148.jpg", "bboxes": [0.27427609427609445, 0.05528619528619527, 0.9977777777777778, 0.9977777777777778], "class": 1}