{"image": "815c0f90-07fd-11ef-914c-64d2c4ecd148.jpg", "bboxes": [0.5111784511784513, 0.03750841750841749, 0.9977777777777778, 0.9977777777777778], "class": 1}