{"image": "815c0f90-07fd-11ef-914c-64d2c4ecd148.jpg", "bboxes": [0.0, 0.06747474747474756, 0.5257239057239056, 0.9977777777777778], "class": 1}