{"image": "815c0f90-07fd-11ef-914c-64d2c4ecd148.jpg", "bboxes": [0.0, 0.024175084175084183, 0.5368350168350167, 0.9977777777777778], "class": 1}