{"image": "815c0f90-07fd-11ef-914c-64d2c4ecd148.jpg", "bboxes": [0.4987205387205389, 0.0, 1.0, 0.6802693602693602], "class": 1}