{"image": "815c0f90-07fd-11ef-914c-64d2c4ecd148.jpg", "bboxes": [0.14760942760942772, 0.0022222222222222365, 0.9354882154882154, 0.9925252525252525], "class": 1}