{"image": "815c0f90-07fd-11ef-914c-64d2c4ecd148.jpg", "bboxes": [0.7631649831649833, 0.2908417508417508, 0.9977777777777778, 0.9977777777777778], "class": 1}