{"image": "815c0f90-07fd-11ef-914c-64d2c4ecd148.jpg", "bboxes": [0.0, 0.0, 0.3123905723905722, 0.6847138047138047], "class": 1}