{"image": "815c0f90-07fd-11ef-914c-64d2c4ecd148.jpg", "bboxes": [0.21340067340067348, 0.0, 1.0, 0.9558249158249158], "class": 1}