{"image": "815c0f90-07fd-11ef-914c-64d2c4ecd148.jpg", "bboxes": [0.4387205387205389, 0.0, 0.9977777777777778, 0.9069360269360269], "class": 1}