{"image": "815c0f90-07fd-11ef-914c-64d2c4ecd148.jpg", "bboxes": [0.16895622895622903, 0.0, 0.9568350168350167, 0.9869360269360269], "class": 1}