{"image": "815c0f90-07fd-11ef-914c-64d2c4ecd148.jpg", "bboxes": [0.08228956228956236, 0.0022222222222222365, 0.87016835016835, 0.8991919191919191], "class": 1}