{"image": "815c0f90-07fd-11ef-914c-64d2c4ecd148.jpg", "bboxes": [0.29340067340067344, 0.153063973063973, 1.0, 1.0], "class": 1}