{"image": "815c0f90-07fd-11ef-914c-64d2c4ecd148.jpg", "bboxes": [0.1387205387205389, 0.0, 0.9265993265993265, 1.0], "class": 1}