{"image": "815c0f90-07fd-11ef-914c-64d2c4ecd148.jpg", "bboxes": [0.0, 0.0, 0.4621548821548821, 0.9614141414141413], "class": 1}