{"image": "815c0f90-07fd-11ef-914c-64d2c4ecd148.jpg", "bboxes": [0.6667340067340068, 0.0, 1.0, 0.8780471380471381], "class": 1}