{"image": "815c0f90-07fd-11ef-914c-64d2c4ecd148.jpg", "bboxes": [0.04760942760942777, 0.03191919191919201, 0.8354882154882154, 0.9977777777777778], "class": 1}