{"image": "815c0f90-07fd-11ef-914c-64d2c4ecd148.jpg", "bboxes": [0.7667340067340068, 0.2641750841750842, 1.0, 1.0], "class": 1}