{"image": "815c0f90-07fd-11ef-914c-64d2c4ecd148.jpg", "bboxes": [0.6334006734006735, 0.2663973063973064, 0.9977777777777778, 0.9977777777777778], "class": 1}