{"image": "815c0f90-07fd-11ef-914c-64d2c4ecd148.jpg", "bboxes": [0.6111784511784513, 0.0, 1.0, 0.6958249158249158], "class": 1}