{"image": "815c0f90-07fd-11ef-914c-64d2c4ecd148.jpg", "bboxes": [0.0022222222222222365, 0.0022222222222222365, 0.6954882154882154, 0.9747474747474747], "class": 1}