{"image": "815c0f90-07fd-11ef-914c-64d2c4ecd148.jpg", "bboxes": [0.0, 0.04303030303030311, 0.11461279461279446, 1.0], "class": 1}