{"image": "815c0f90-07fd-11ef-914c-64d2c4ecd148.jpg", "bboxes": [0.08006734006734013, 0.0, 0.8679461279461278, 1.0], "class": 1}