{"image": "81afa592-07fd-11ef-914c-64d2c4ecd148.jpg", "bboxes": [0.6903703703703705, 0.301818181818182, 1.0, 1.0], "class": 1}