{"image": "81afa592-07fd-11ef-914c-64d2c4ecd148.jpg", "bboxes": [0.0, 0.006060606060606138, 0.10835016835016834, 1.0], "class": 1}