{"image": "81afa592-07fd-11ef-914c-64d2c4ecd148.jpg", "bboxes": [0.7592592592592594, 0.10404040404040416, 1.0, 1.0], "class": 1}