{"image": "81afa592-07fd-11ef-914c-64d2c4ecd148.jpg", "bboxes": [0.3116498316498316, 0.25515151515151524, 0.9977777777777778, 0.9977777777777778], "class": 1}