{"image": "81afa592-07fd-11ef-914c-64d2c4ecd148.jpg", "bboxes": [0.08814814814814832, 0.0, 0.9972390572390573, 0.9977777777777778], "class": 1}