{"image": "81afa592-07fd-11ef-914c-64d2c4ecd148.jpg", "bboxes": [0.0, 0.0, 0.604915824915825, 0.7281481481481481], "class": 1}