{"image": "81afa592-07fd-11ef-914c-64d2c4ecd148.jpg", "bboxes": [0.804983164983165, 0.0, 1.0, 0.7404040404040403], "class": 1}