{"image": "81afa592-07fd-11ef-914c-64d2c4ecd148.jpg", "bboxes": [0.1138720538720539, 0.0, 1.0, 0.8226262626262625], "class": 1}