{"image": "81afa592-07fd-11ef-914c-64d2c4ecd148.jpg", "bboxes": [0.0, 0.05292929292929305, 0.7572390572390573, 1.0], "class": 1}