{"image": "81afa592-07fd-11ef-914c-64d2c4ecd148.jpg", "bboxes": [0.23481481481481498, 0.0022222222222222365, 0.9977777777777778, 0.9583838383838383], "class": 1}