{"image": "81afa592-07fd-11ef-914c-64d2c4ecd148.jpg", "bboxes": [0.6770370370370372, 0.05050505050505058, 0.9977777777777778, 0.9977777777777778], "class": 1}