{"image": "81afa592-07fd-11ef-914c-64d2c4ecd148.jpg", "bboxes": [0.9672053872053872, 0.27959595959595973, 0.9977777777777778, 0.9977777777777778], "class": 1}