{"image": "81afa592-07fd-11ef-914c-64d2c4ecd148.jpg", "bboxes": [0.0, 0.05717171717171725, 0.33185185185185173, 1.0], "class": 1}