{"image": "81afa592-07fd-11ef-914c-64d2c4ecd148.jpg", "bboxes": [0.35481481481481497, 0.2084848484848486, 0.9977777777777778, 0.9977777777777778], "class": 1}