{"image": "81afa592-07fd-11ef-914c-64d2c4ecd148.jpg", "bboxes": [0.0022222222222222365, 0.0016161616161616936, 0.3562962962962961, 0.9977777777777778], "class": 1}