{"image": "81afa592-07fd-11ef-914c-64d2c4ecd148.jpg", "bboxes": [0.0, 0.2084848484848486, 0.8829629629629628, 1.0], "class": 1}