{"image": "81afa592-07fd-11ef-914c-64d2c4ecd148.jpg", "bboxes": [0.0, 0.17737373737373752, 0.3083501683501683, 1.0], "class": 1}