{"image": "81afa592-07fd-11ef-914c-64d2c4ecd148.jpg", "bboxes": [0.1970370370370372, 0.0022222222222222365, 0.9977777777777778, 0.9406060606060606], "class": 1}