{"image": "81afa592-07fd-11ef-914c-64d2c4ecd148.jpg", "bboxes": [0.0, 0.055151515151515285, 0.5527946127946127, 1.0], "class": 1}