{"image": "81afa592-07fd-11ef-914c-64d2c4ecd148.jpg", "bboxes": [0.0, 0.13515151515151524, 0.7074074074074073, 1.0], "class": 1}