{"image": "81afa592-07fd-11ef-914c-64d2c4ecd148.jpg", "bboxes": [0.6027609427609428, 0.026060606060606138, 0.9977777777777778, 0.9977777777777778], "class": 1}