{"image": "81afa592-07fd-11ef-914c-64d2c4ecd148.jpg", "bboxes": [0.9494276094276094, 0.0, 1.0, 0.9937373737373736], "class": 1}