{"image": "81afa592-07fd-11ef-914c-64d2c4ecd148.jpg", "bboxes": [0.7039730639730639, 0.022962962962963074, 0.9977777777777778, 0.9977777777777778], "class": 1}