{"image": "81afa592-07fd-11ef-914c-64d2c4ecd148.jpg", "bboxes": [0.0, 0.24404040404040417, 0.6927946127946127, 1.0], "class": 1}