{"image": "81afa592-07fd-11ef-914c-64d2c4ecd148.jpg", "bboxes": [0.9694276094276094, 0.3040404040404041, 1.0, 1.0], "class": 1}