{"image": "81afa592-07fd-11ef-914c-64d2c4ecd148.jpg", "bboxes": [0.28276094276094277, 0.0, 0.9977777777777778, 0.6848484848484847], "class": 1}