{"image": "81afa592-07fd-11ef-914c-64d2c4ecd148.jpg", "bboxes": [0.764983164983165, 0.00848484848484865, 0.9977777777777778, 0.9977777777777778], "class": 1}