{"image": "81afa592-07fd-11ef-914c-64d2c4ecd148.jpg", "bboxes": [0.0022222222222222365, 0.0, 0.4229629629629628, 0.987070707070707], "class": 1}