{"image": "81afa592-07fd-11ef-914c-64d2c4ecd148.jpg", "bboxes": [0.15259259259259275, 0.0022222222222222365, 0.9977777777777778, 0.9294949494949494], "class": 1}