{"image": "81afa592-07fd-11ef-914c-64d2c4ecd148.jpg", "bboxes": [0.4116498316498317, 0.252929292929293, 1.0, 1.0], "class": 1}