{"image": "82049b60-07fd-11ef-914c-64d2c4ecd148.jpg", "bboxes": [0.21898989898989885, 0.0, 0.9698316498316498, 0.9252525252525252], "class": 1}