{"image": "82049b60-07fd-11ef-914c-64d2c4ecd148.jpg", "bboxes": [0.11905723905723903, 0.30087542087542085, 0.86989898989899, 1.0], "class": 1}