{"image": "82049b60-07fd-11ef-914c-64d2c4ecd148.jpg", "bboxes": [0.8412794612794613, 0.0, 0.9977777777777778, 0.9502356902356903], "class": 1}