{"image": "82049b60-07fd-11ef-914c-64d2c4ecd148.jpg", "bboxes": [0.519057239057239, 0.08087542087542088, 0.9977777777777778, 0.9977777777777778], "class": 1}