{"image": "82049b60-07fd-11ef-914c-64d2c4ecd148.jpg", "bboxes": [0.6123905723905724, 0.1075420875420875, 1.0, 1.0], "class": 1}