{"image": "82049b60-07fd-11ef-914c-64d2c4ecd148.jpg", "bboxes": [0.5035016835016835, 0.15030303030303038, 0.9977777777777778, 0.9977777777777778], "class": 1}