{"image": "82049b60-07fd-11ef-914c-64d2c4ecd148.jpg", "bboxes": [0.0022222222222222365, 0.07198653198653193, 0.41427609427609435, 0.9977777777777778], "class": 1}