{"image": "82049b60-07fd-11ef-914c-64d2c4ecd148.jpg", "bboxes": [0.9257239057239057, 0.0, 1.0, 0.9502356902356903], "class": 1}