{"image": "82049b60-07fd-11ef-914c-64d2c4ecd148.jpg", "bboxes": [0.7612121212121211, 0.2208754208754209, 1.0, 1.0], "class": 1}