{"image": "82049b60-07fd-11ef-914c-64d2c4ecd148.jpg", "bboxes": [0.29239057239057237, 0.2853198653198653, 0.9977777777777778, 0.9977777777777778], "class": 1}