{"image": "82049b60-07fd-11ef-914c-64d2c4ecd148.jpg", "bboxes": [0.0022222222222222365, 0.0, 0.47872053872053877, 0.9546801346801347], "class": 1}