{"image": "82049b60-07fd-11ef-914c-64d2c4ecd148.jpg", "bboxes": [0.23239057239057237, 0.0, 0.9832323232323233, 0.8169023569023569], "class": 1}