{"image": "82049b60-07fd-11ef-914c-64d2c4ecd148.jpg", "bboxes": [0.13898989898989889, 0.01198653198653199, 0.8898316498316499, 0.9977777777777778], "class": 1}