{"image": "82049b60-07fd-11ef-914c-64d2c4ecd148.jpg", "bboxes": [0.807946127946128, 0.007542087542087517, 1.0, 1.0], "class": 1}