{"image": "82049b60-07fd-11ef-914c-64d2c4ecd148.jpg", "bboxes": [0.0, 0.06363636363636371, 0.5721212121212123, 0.9977777777777778], "class": 1}