{"image": "82049b60-07fd-11ef-914c-64d2c4ecd148.jpg", "bboxes": [0.6812794612794613, 0.07198653198653193, 1.0, 1.0], "class": 1}