{"image": "82049b60-07fd-11ef-914c-64d2c4ecd148.jpg", "bboxes": [0.17454545454545445, 0.2586531986531986, 0.9253872053872054, 0.9977777777777778], "class": 1}