{"image": "82049b60-07fd-11ef-914c-64d2c4ecd148.jpg", "bboxes": [0.2967676767676767, 0.0, 0.9977777777777778, 0.8435690235690236], "class": 1}