{"image": "82049b60-07fd-11ef-914c-64d2c4ecd148.jpg", "bboxes": [0.6968350168350168, 0.0, 0.9977777777777778, 0.7924579124579125], "class": 1}