{"image": "82049b60-07fd-11ef-914c-64d2c4ecd148.jpg", "bboxes": [0.0022222222222222365, 0.28087542087542083, 0.6787205387205387, 0.9977777777777778], "class": 1}