{"image": "82049b60-07fd-11ef-914c-64d2c4ecd148.jpg", "bboxes": [0.4256565656565655, 0.30087542087542085, 0.9977777777777778, 0.9977777777777778], "class": 1}