{"image": "82049b60-07fd-11ef-914c-64d2c4ecd148.jpg", "bboxes": [0.25676767676767664, 0.01198653198653199, 1.0, 1.0], "class": 1}