{"image": "82049b60-07fd-11ef-914c-64d2c4ecd148.jpg", "bboxes": [0.2057239057239057, 0.0925252525252526, 0.9565656565656566, 1.0], "class": 1}