{"image": "82049b60-07fd-11ef-914c-64d2c4ecd148.jpg", "bboxes": [0.0, 0.0, 0.48323232323232335, 0.8830303030303029], "class": 1}