{"image": "82049b60-07fd-11ef-914c-64d2c4ecd148.jpg", "bboxes": [0.5657239057239057, 0.0, 1.0, 0.9052525252525252], "class": 1}