{"image": "82049b60-07fd-11ef-914c-64d2c4ecd148.jpg", "bboxes": [0.0, 0.15420875420875413, 0.25656565656565666, 0.9977777777777778], "class": 1}