{"image": "82049b60-07fd-11ef-914c-64d2c4ecd148.jpg", "bboxes": [0.7967676767676767, 0.3053198653198653, 1.0, 1.0], "class": 1}