{"image": "82049b60-07fd-11ef-914c-64d2c4ecd148.jpg", "bboxes": [0.5012121212121211, 0.03643097643097637, 1.0, 1.0], "class": 1}