{"image": "82049b60-07fd-11ef-914c-64d2c4ecd148.jpg", "bboxes": [0.0, 0.09919191919191926, 0.21205387205387205, 1.0], "class": 1}