{"image": "82049b60-07fd-11ef-914c-64d2c4ecd148.jpg", "bboxes": [0.0022222222222222365, 0.13030303030303036, 0.16538720538720542, 0.9977777777777778], "class": 1}