{"image": "82049b60-07fd-11ef-914c-64d2c4ecd148.jpg", "bboxes": [0.09461279461279459, 0.0, 0.8454545454545456, 0.9191245791245791], "class": 1}