{"image": "82049b60-07fd-11ef-914c-64d2c4ecd148.jpg", "bboxes": [0.6257239057239057, 0.023097643097643058, 0.9977777777777778, 0.9977777777777778], "class": 1}