{"image": "82049b60-07fd-11ef-914c-64d2c4ecd148.jpg", "bboxes": [0.0, 0.07474747474747481, 0.6765656565656567, 1.0], "class": 1}