{"image": "82049b60-07fd-11ef-914c-64d2c4ecd148.jpg", "bboxes": [0.579057239057239, 0.20531986531986524, 1.0, 1.0], "class": 1}