{"image": "82049b60-07fd-11ef-914c-64d2c4ecd148.jpg", "bboxes": [0.6656565656565656, 0.0022222222222222365, 0.9977777777777778, 0.8585858585858586], "class": 1}