{"image": "82049b60-07fd-11ef-914c-64d2c4ecd148.jpg", "bboxes": [0.21898989898989885, 0.22531986531986525, 0.9698316498316498, 1.0], "class": 1}