{"image": "82049b60-07fd-11ef-914c-64d2c4ecd148.jpg", "bboxes": [0.47898989898989885, 0.0, 1.0, 0.9963636363636363], "class": 1}