{"image": "82049b60-07fd-11ef-914c-64d2c4ecd148.jpg", "bboxes": [0.0, 0.0, 0.5965656565656566, 0.6769023569023569], "class": 1}