{"image": "82049b60-07fd-11ef-914c-64d2c4ecd148.jpg", "bboxes": [0.0, 0.08309764309764311, 0.6409427609427609, 1.0], "class": 1}