{"image": "82049b60-07fd-11ef-914c-64d2c4ecd148.jpg", "bboxes": [0.2146127946127946, 0.06087542087542086, 0.9654545454545456, 0.9977777777777778], "class": 1}