{"image": "82049b60-07fd-11ef-914c-64d2c4ecd148.jpg", "bboxes": [0.23010101010101003, 0.3053198653198653, 0.980942760942761, 1.0], "class": 1}