{"image": "82049b60-07fd-11ef-914c-64d2c4ecd148.jpg", "bboxes": [0.95010101010101, 0.0, 0.9977777777777778, 0.9902356902356902], "class": 1}