{"image": "825a93d0-07fd-11ef-914c-64d2c4ecd148.jpg", "bboxes": [0.08094276094276097, 0.0, 0.8856565656565656, 0.9725925925925925], "class": 1}