{"image": "825a93d0-07fd-11ef-914c-64d2c4ecd148.jpg", "bboxes": [0.38983164983164986, 0.27407407407407414, 1.0, 1.0], "class": 1}