{"image": "825a93d0-07fd-11ef-914c-64d2c4ecd148.jpg", "bboxes": [0.0022222222222222365, 0.0, 0.3123905723905723, 0.7948148148148148], "class": 1}