{"image": "825a93d0-07fd-11ef-914c-64d2c4ecd148.jpg", "bboxes": [0.23205387205387207, 0.0022222222222222365, 0.9977777777777778, 0.8936026936026935], "class": 1}