{"image": "825a93d0-07fd-11ef-914c-64d2c4ecd148.jpg", "bboxes": [0.0, 0.03851851851851862, 0.4923905723905724, 1.0], "class": 1}