{"image": "825a93d0-07fd-11ef-914c-64d2c4ecd148.jpg", "bboxes": [0.28767676767676775, 0.30740740740740746, 1.0, 1.0], "class": 1}