{"image": "825a93d0-07fd-11ef-914c-64d2c4ecd148.jpg", "bboxes": [0.06538720538720541, 0.0, 0.87010101010101, 0.8303703703703703], "class": 1}