{"image": "825a93d0-07fd-11ef-914c-64d2c4ecd148.jpg", "bboxes": [0.1832323232323233, 0.0, 0.9879461279461279, 1.0], "class": 1}