{"image": "825a93d0-07fd-11ef-914c-64d2c4ecd148.jpg", "bboxes": [0.0, 0.0, 0.014545454545454454, 0.6925925925925925], "class": 1}