{"image": "825a93d0-07fd-11ef-914c-64d2c4ecd148.jpg", "bboxes": [0.17205387205387207, 0.0, 0.9767676767676767, 0.9977777777777778], "class": 1}