{"image": "825a93d0-07fd-11ef-914c-64d2c4ecd148.jpg", "bboxes": [0.5941414141414139, 0.0, 0.9977777777777778, 0.9447811447811447], "class": 1}