{"image": "825a93d0-07fd-11ef-914c-64d2c4ecd148.jpg", "bboxes": [0.5076767676767677, 0.0022222222222222365, 0.9977777777777778, 0.9713804713804713], "class": 1}