{"image": "825a93d0-07fd-11ef-914c-64d2c4ecd148.jpg", "bboxes": [0.0, 0.21185185185185196, 0.23905723905723908, 1.0], "class": 1}