{"image": "825a93d0-07fd-11ef-914c-64d2c4ecd148.jpg", "bboxes": [0.0, 0.3096296296296297, 0.2989898989898989, 1.0], "class": 1}