{"image": "825a93d0-07fd-11ef-914c-64d2c4ecd148.jpg", "bboxes": [0.5454545454545455, 0.0, 1.0, 0.7370370370370369], "class": 1}