{"image": "825a93d0-07fd-11ef-914c-64d2c4ecd148.jpg", "bboxes": [0.7121212121212122, 0.0, 1.0, 0.9925925925925925], "class": 1}