{"image": "825a93d0-07fd-11ef-914c-64d2c4ecd148.jpg", "bboxes": [0.4231649831649832, 0.0, 1.0, 0.7748148148148147], "class": 1}