{"image": "825a93d0-07fd-11ef-914c-64d2c4ecd148.jpg", "bboxes": [0.8010101010101011, 0.0, 1.0, 0.7481481481481481], "class": 1}