{"image": "825a93d0-07fd-11ef-914c-64d2c4ecd148.jpg", "bboxes": [0.6143434343434344, 0.2962962962962964, 0.9977777777777778, 0.9977777777777778], "class": 1}