{"image": "825a93d0-07fd-11ef-914c-64d2c4ecd148.jpg", "bboxes": [0.0, 0.034074074074074145, 0.4568350168350168, 1.0], "class": 1}