{"image": "825a93d0-07fd-11ef-914c-64d2c4ecd148.jpg", "bboxes": [0.9031649831649832, 0.0, 0.9977777777777778, 0.7592592592592592], "class": 1}