{"image": "825a93d0-07fd-11ef-914c-64d2c4ecd148.jpg", "bboxes": [0.16094276094276097, 0.0, 0.9656565656565655, 0.7925925925925925], "class": 1}