{"image": "825a93d0-07fd-11ef-914c-64d2c4ecd148.jpg", "bboxes": [0.7496969696969694, 0.3107744107744108, 0.9977777777777778, 0.9977777777777778], "class": 1}