{"image": "825a93d0-07fd-11ef-914c-64d2c4ecd148.jpg", "bboxes": [0.0, 0.25629629629629636, 0.24565656565656557, 0.9977777777777778], "class": 1}