{"image": "825a93d0-07fd-11ef-914c-64d2c4ecd148.jpg", "bboxes": [0.0, 0.14296296296296307, 0.6323232323232322, 1.0], "class": 1}