{"image": "825a93d0-07fd-11ef-914c-64d2c4ecd148.jpg", "bboxes": [0.8653872053872054, 0.04518518518518522, 1.0, 1.0], "class": 1}