{"image": "825a93d0-07fd-11ef-914c-64d2c4ecd148.jpg", "bboxes": [0.5810101010101011, 0.0, 0.9977777777777778, 0.8748148148148147], "class": 1}