{"image": "82ac2e16-07fd-11ef-914c-64d2c4ecd148.jpg", "bboxes": [0.0022222222222222365, 0.004175084175084165, 0.08774410774410768, 0.9977777777777778], "class": 1}