{"image": "82ac2e16-07fd-11ef-914c-64d2c4ecd148.jpg", "bboxes": [0.7300336700336701, 0.2219528619528619, 0.9977777777777778, 0.9977777777777778], "class": 1}