{"image": "82ac2e16-07fd-11ef-914c-64d2c4ecd148.jpg", "bboxes": [0.13292929292929279, 0.0, 0.9477441077441077, 0.978047138047138], "class": 1}