{"image": "82ac2e16-07fd-11ef-914c-64d2c4ecd148.jpg", "bboxes": [0.14558922558922568, 0.24417508417508416, 0.9604040404040406, 0.9977777777777778], "class": 1}