{"image": "82ac2e16-07fd-11ef-914c-64d2c4ecd148.jpg", "bboxes": [0.0, 0.12451178451178457, 0.5781818181818184, 0.9977777777777778], "class": 1}