{"image": "82ac2e16-07fd-11ef-914c-64d2c4ecd148.jpg", "bboxes": [0.03003367003367013, 0.0, 0.844848484848485, 0.9977777777777778], "class": 1}