{"image": "8302aee4-07fd-11ef-914c-64d2c4ecd148.jpg", "bboxes": [0.04444444444444457, 0.0, 0.8255892255892255, 1.0], "class": 1}