{"image": "8302aee4-07fd-11ef-914c-64d2c4ecd148.jpg", "bboxes": [0.5400000000000001, 0.1960269360269361, 0.9977777777777778, 0.9977777777777778], "class": 1}