{"image": "8302aee4-07fd-11ef-914c-64d2c4ecd148.jpg", "bboxes": [0.0, 0.036026936026936074, 0.28558922558922556, 0.9977777777777778], "class": 1}