{"image": "8302aee4-07fd-11ef-914c-64d2c4ecd148.jpg", "bboxes": [0.7788552188552189, 0.033333333333333395, 0.9977777777777778, 0.9977777777777778], "class": 1}