{"image": "8302aee4-07fd-11ef-914c-64d2c4ecd148.jpg", "bboxes": [0.6055218855218856, 0.08000000000000006, 1.0, 1.0], "class": 1}