{"image": "8302aee4-07fd-11ef-914c-64d2c4ecd148.jpg", "bboxes": [0.7733333333333334, 0.0022222222222222365, 0.9977777777777778, 0.9377777777777776], "class": 1}