{"image": "8302aee4-07fd-11ef-914c-64d2c4ecd148.jpg", "bboxes": [0.1755555555555557, 0.15158249158249174, 0.9567003367003367, 0.9977777777777778], "class": 1}