{"image": "8302aee4-07fd-11ef-914c-64d2c4ecd148.jpg", "bboxes": [0.0022222222222222365, 0.1044444444444445, 0.2155555555555554, 0.9977777777777778], "class": 1}