{"image": "8302aee4-07fd-11ef-914c-64d2c4ecd148.jpg", "bboxes": [0.12888888888888902, 0.04000000000000006, 0.91003367003367, 1.0], "class": 1}