{"image": "8302aee4-07fd-11ef-914c-64d2c4ecd148.jpg", "bboxes": [0.6144107744107745, 0.0, 0.9977777777777778, 0.855084175084175], "class": 1}