{"image": "8302aee4-07fd-11ef-914c-64d2c4ecd148.jpg", "bboxes": [0.1755555555555557, 0.0, 0.9567003367003367, 0.9173063973063972], "class": 1}