{"image": "8302aee4-07fd-11ef-914c-64d2c4ecd148.jpg", "bboxes": [0.208888888888889, 0.0, 0.99003367003367, 0.9373063973063972], "class": 1}