{"image": "8302aee4-07fd-11ef-914c-64d2c4ecd148.jpg", "bboxes": [0.8366329966329966, 0.09555555555555562, 0.9977777777777778, 0.9977777777777778], "class": 1}