{"image": "8302aee4-07fd-11ef-914c-64d2c4ecd148.jpg", "bboxes": [0.36222222222222233, 0.0, 1.0, 0.815084175084175], "class": 1}