{"image": "8302aee4-07fd-11ef-914c-64d2c4ecd148.jpg", "bboxes": [0.0, 0.25602693602693616, 0.03447811447811445, 0.9977777777777778], "class": 1}