{"image": "8302aee4-07fd-11ef-914c-64d2c4ecd148.jpg", "bboxes": [0.16774410774410775, 0.0, 0.9488888888888888, 0.8373063973063972], "class": 1}