{"image": "8302aee4-07fd-11ef-914c-64d2c4ecd148.jpg", "bboxes": [0.0, 0.18047138047138056, 0.4989225589225589, 0.9977777777777778], "class": 1}