{"image": "8302aee4-07fd-11ef-914c-64d2c4ecd148.jpg", "bboxes": [0.0, 0.18713804713804727, 0.07999999999999985, 1.0], "class": 1}