{"image": "8302aee4-07fd-11ef-914c-64d2c4ecd148.jpg", "bboxes": [0.8466666666666668, 0.0, 0.9977777777777778, 0.7217508417508417], "class": 1}