{"image": "8302aee4-07fd-11ef-914c-64d2c4ecd148.jpg", "bboxes": [0.2855218855218855, 0.0, 1.0, 0.9461952861952861], "class": 1}