{"image": "8302aee4-07fd-11ef-914c-64d2c4ecd148.jpg", "bboxes": [0.0, 0.2271380471380472, 0.2478114478114478, 1.0], "class": 1}