{"image": "8302aee4-07fd-11ef-914c-64d2c4ecd148.jpg", "bboxes": [0.0, 0.0, 0.3189225589225589, 0.7706397306397306], "class": 1}