{"image": "8302aee4-07fd-11ef-914c-64d2c4ecd148.jpg", "bboxes": [0.12774410774410783, 0.05555555555555562, 0.9088888888888887, 1.0], "class": 1}