{"image": "8302aee4-07fd-11ef-914c-64d2c4ecd148.jpg", "bboxes": [0.9000000000000001, 0.23158249158249167, 0.9977777777777778, 0.9977777777777778], "class": 1}