{"image": "8302aee4-07fd-11ef-914c-64d2c4ecd148.jpg", "bboxes": [0.32996632996633, 0.0, 1.0, 0.8373063973063972], "class": 1}