{"image": "8302aee4-07fd-11ef-914c-64d2c4ecd148.jpg", "bboxes": [0.5733333333333335, 0.04491582491582503, 0.9977777777777778, 0.9977777777777778], "class": 1}