{"image": "8302aee4-07fd-11ef-914c-64d2c4ecd148.jpg", "bboxes": [0.0010774410774411214, 0.0, 0.7822222222222222, 0.715084175084175], "class": 1}