{"image": "8302aee4-07fd-11ef-914c-64d2c4ecd148.jpg", "bboxes": [0.23885521885521888, 0.19158249158249163, 1.0, 1.0], "class": 1}