{"image": "8302aee4-07fd-11ef-914c-64d2c4ecd148.jpg", "bboxes": [0.0, 0.1071380471380472, 0.2533333333333332, 1.0], "class": 1}