{"image": "8302aee4-07fd-11ef-914c-64d2c4ecd148.jpg", "bboxes": [0.5844444444444445, 0.2915824915824916, 1.0, 1.0], "class": 1}