{"image": "8302aee4-07fd-11ef-914c-64d2c4ecd148.jpg", "bboxes": [0.4666666666666668, 0.0, 1.0, 0.9266666666666666], "class": 1}