{"image": "8302aee4-07fd-11ef-914c-64d2c4ecd148.jpg", "bboxes": [0.0, 0.0, 0.4922558922558922, 0.9795286195286195], "class": 1}