{"image": "8302aee4-07fd-11ef-914c-64d2c4ecd148.jpg", "bboxes": [0.36000000000000015, 0.0, 1.0, 0.9973063973063973], "class": 1}