{"image": "8302aee4-07fd-11ef-914c-64d2c4ecd148.jpg", "bboxes": [0.34000000000000014, 0.0, 0.9977777777777778, 0.8773063973063973], "class": 1}