{"image": "83aa67ce-07fd-11ef-914c-64d2c4ecd148.jpg", "bboxes": [0.40956228956228957, 0.0, 1.0, 0.7615488215488216], "class": 1}