{"image": "83aa67ce-07fd-11ef-914c-64d2c4ecd148.jpg", "bboxes": [0.7606734006734007, 0.0, 1.0, 0.9526599326599328], "class": 1}