{"image": "83aa67ce-07fd-11ef-914c-64d2c4ecd148.jpg", "bboxes": [0.0, 0.10282828282828282, 0.5272053872053872, 0.9977777777777778], "class": 1}