{"image": "83aa67ce-07fd-11ef-914c-64d2c4ecd148.jpg", "bboxes": [0.6895622895622896, 0.0, 1.0, 0.9126599326599327], "class": 1}