{"image": "83aa67ce-07fd-11ef-914c-64d2c4ecd148.jpg", "bboxes": [0.0, 0.13178451178451167, 0.3582491582491583, 1.0], "class": 1}