{"image": "83aa67ce-07fd-11ef-914c-64d2c4ecd148.jpg", "bboxes": [0.0, 0.018451178451178385, 0.6138047138047139, 1.0], "class": 1}