{"image": "83aa67ce-07fd-11ef-914c-64d2c4ecd148.jpg", "bboxes": [0.8906397306397306, 0.0, 1.0, 0.914882154882155], "class": 1}