{"image": "83aa67ce-07fd-11ef-914c-64d2c4ecd148.jpg", "bboxes": [0.635084175084175, 0.1206734006734006, 1.0, 1.0], "class": 1}