{"image": "83aa67ce-07fd-11ef-914c-64d2c4ecd148.jpg", "bboxes": [0.494006734006734, 0.21845117845117834, 1.0, 1.0], "class": 1}