{"image": "83aa67ce-07fd-11ef-914c-64d2c4ecd148.jpg", "bboxes": [0.7284175084175084, 0.08734006734006743, 1.0, 1.0], "class": 1}