{"image": "83aa67ce-07fd-11ef-914c-64d2c4ecd148.jpg", "bboxes": [0.33400673400673403, 0.08956228956228965, 0.9977777777777778, 0.9977777777777778], "class": 1}