{"image": "83aa67ce-07fd-11ef-914c-64d2c4ecd148.jpg", "bboxes": [0.0, 0.06734006734006742, 0.2160269360269361, 1.0], "class": 1}