{"image": "83aa67ce-07fd-11ef-914c-64d2c4ecd148.jpg", "bboxes": [0.14175084175084163, 0.0028956228956228403, 1.0, 1.0], "class": 1}