{"image": "83aa67ce-07fd-11ef-914c-64d2c4ecd148.jpg", "bboxes": [0.7273400673400674, 0.18734006734006725, 0.9977777777777778, 0.9977777777777778], "class": 1}