{"image": "83aa67ce-07fd-11ef-914c-64d2c4ecd148.jpg", "bboxes": [0.5195286195286195, 0.09622895622895611, 1.0, 1.0], "class": 1}