{"image": "83aa67ce-07fd-11ef-914c-64d2c4ecd148.jpg", "bboxes": [0.0, 0.20734006734006727, 0.30936026936026945, 0.9977777777777778], "class": 1}