{"image": "83aa67ce-07fd-11ef-914c-64d2c4ecd148.jpg", "bboxes": [0.48397306397306394, 0.0022222222222222365, 0.9977777777777778, 0.917104377104377], "class": 1}