{"image": "83aa67ce-07fd-11ef-914c-64d2c4ecd148.jpg", "bboxes": [0.7461952861952861, 0.0022222222222222365, 0.9977777777777778, 0.9793265993265993], "class": 1}