{"image": "83aa67ce-07fd-11ef-914c-64d2c4ecd148.jpg", "bboxes": [0.13730639730639727, 0.0, 1.0, 0.957104377104377], "class": 1}