{"image": "83aa67ce-07fd-11ef-914c-64d2c4ecd148.jpg", "bboxes": [0.6962289562289562, 0.0, 1.0, 0.7571043771043772], "class": 1}