{"image": "83aa67ce-07fd-11ef-914c-64d2c4ecd148.jpg", "bboxes": [0.5084175084175083, 0.0022222222222222365, 0.9977777777777778, 0.9615488215488215], "class": 1}