{"image": "83aa67ce-07fd-11ef-914c-64d2c4ecd148.jpg", "bboxes": [0.5617508417508417, 0.011784511784511675, 0.9977777777777778, 0.9977777777777778], "class": 1}