{"image": "83aa67ce-07fd-11ef-914c-64d2c4ecd148.jpg", "bboxes": [0.9039730639730639, 0.21178451178451166, 0.9977777777777778, 0.9977777777777778], "class": 1}