{"image": "83aa67ce-07fd-11ef-914c-64d2c4ecd148.jpg", "bboxes": [0.0022222222222222365, 0.06956228956228964, 0.26377104377104377, 0.9977777777777778], "class": 1}