{"image": "83aa67ce-07fd-11ef-914c-64d2c4ecd148.jpg", "bboxes": [0.854006734006734, 0.0, 0.9977777777777778, 0.9977777777777778], "class": 1}