{"image": "83aa67ce-07fd-11ef-914c-64d2c4ecd148.jpg", "bboxes": [0.0, 0.07845117845117833, 0.24936026936026945, 1.0], "class": 1}