{"image": "83aa67ce-07fd-11ef-914c-64d2c4ecd148.jpg", "bboxes": [0.05872053872053875, 0.0, 0.9072053872053872, 0.9977777777777778], "class": 1}