{"image": "83aa67ce-07fd-11ef-914c-64d2c4ecd148.jpg", "bboxes": [0.0, 0.06289562289562298, 0.8138047138047139, 0.9977777777777778], "class": 1}