{"image": "83aa67ce-07fd-11ef-914c-64d2c4ecd148.jpg", "bboxes": [0.5962289562289562, 0.0, 0.9977777777777778, 0.774882154882155], "class": 1}