{"image": "83aa67ce-07fd-11ef-914c-64d2c4ecd148.jpg", "bboxes": [0.7728619528619528, 0.018451178451178385, 1.0, 1.0], "class": 1}