{"image": "83aa67ce-07fd-11ef-914c-64d2c4ecd148.jpg", "bboxes": [0.0022222222222222365, 0.0051178451178452, 0.1704377104377104, 0.9977777777777778], "class": 1}