{"image": "83aa67ce-07fd-11ef-914c-64d2c4ecd148.jpg", "bboxes": [0.21063973063973052, 0.2028956228956228, 1.0, 1.0], "class": 1}