{"image": "83aa67ce-07fd-11ef-914c-64d2c4ecd148.jpg", "bboxes": [0.4061952861952861, 0.13622895622895614, 1.0, 1.0], "class": 1}