{"image": "83aa67ce-07fd-11ef-914c-64d2c4ecd148.jpg", "bboxes": [0.515084175084175, 0.014006734006733912, 0.9977777777777778, 0.9977777777777778], "class": 1}