{"image": "83aa67ce-07fd-11ef-914c-64d2c4ecd148.jpg", "bboxes": [0.0, 0.0006734006734006037, 0.6393265993265993, 1.0], "class": 1}