{"image": "8400d9c4-07fd-11ef-914c-64d2c4ecd148.jpg", "bboxes": [0.18754208754208723, 0.0, 0.9977777777777778, 0.7959595959595959], "class": 1}