{"image": "8400d9c4-07fd-11ef-914c-64d2c4ecd148.jpg", "bboxes": [0.051851851851852065, 0.0, 0.8902356902356905, 1.0], "class": 1}