{"image": "8400d9c4-07fd-11ef-914c-64d2c4ecd148.jpg", "bboxes": [0.10754208754208727, 0.0, 0.9459259259259257, 0.9092929292929292], "class": 1}