{"image": "8400d9c4-07fd-11ef-914c-64d2c4ecd148.jpg", "bboxes": [0.7651851851851854, 0.006262626262626414, 1.0, 1.0], "class": 1}