{"image": "8400d9c4-07fd-11ef-914c-64d2c4ecd148.jpg", "bboxes": [0.0022222222222222365, 0.132929292929293, 0.19481481481481455, 0.9977777777777778], "class": 1}