{"image": "8400d9c4-07fd-11ef-914c-64d2c4ecd148.jpg", "bboxes": [0.0022222222222222365, 0.16848484848484857, 0.5592592592592591, 0.9977777777777778], "class": 1}