{"image": "8400d9c4-07fd-11ef-914c-64d2c4ecd148.jpg", "bboxes": [0.031986531986531674, 0.0, 0.8703703703703701, 0.9703703703703703], "class": 1}