{"image": "8400d9c4-07fd-11ef-914c-64d2c4ecd148.jpg", "bboxes": [0.0, 0.16848484848484857, 0.25468013468013495, 0.9977777777777778], "class": 1}