{"image": "8400d9c4-07fd-11ef-914c-64d2c4ecd148.jpg", "bboxes": [0.0, 0.08296296296296304, 0.47925925925925905, 1.0], "class": 1}