{"image": "8400d9c4-07fd-11ef-914c-64d2c4ecd148.jpg", "bboxes": [0.47420875420875397, 0.007407407407407492, 0.9977777777777778, 0.9977777777777778], "class": 1}