{"image": "8400d9c4-07fd-11ef-914c-64d2c4ecd148.jpg", "bboxes": [0.0, 0.13737373737373748, 0.21690235690235718, 1.0], "class": 1}