{"image": "8400d9c4-07fd-11ef-914c-64d2c4ecd148.jpg", "bboxes": [0.0, 0.09292929292929308, 0.785791245791246, 1.0], "class": 1}