{"image": "8400d9c4-07fd-11ef-914c-64d2c4ecd148.jpg", "bboxes": [0.7696296296296299, 0.2662626262626264, 0.9977777777777778, 0.9977777777777778], "class": 1}