{"image": "8400d9c4-07fd-11ef-914c-64d2c4ecd148.jpg", "bboxes": [0.2097643097643095, 0.0, 1.0, 0.7048484848484847], "class": 1}