{"image": "8400d9c4-07fd-11ef-914c-64d2c4ecd148.jpg", "bboxes": [0.1475420875420872, 0.0, 0.9859259259259258, 0.9977777777777778], "class": 1}