{"image": "8400d9c4-07fd-11ef-914c-64d2c4ecd148.jpg", "bboxes": [0.6340740740740742, 0.0, 0.9977777777777778, 0.7870707070707069], "class": 1}