{"image": "8400d9c4-07fd-11ef-914c-64d2c4ecd148.jpg", "bboxes": [0.8585185185185187, 0.0, 0.9977777777777778, 0.707070707070707], "class": 1}