{"image": "8400d9c4-07fd-11ef-914c-64d2c4ecd148.jpg", "bboxes": [0.9830976430976428, 0.09070707070707085, 0.9977777777777778, 0.9977777777777778], "class": 1}