{"image": "8400d9c4-07fd-11ef-914c-64d2c4ecd148.jpg", "bboxes": [0.0, 0.1884848484848486, 0.1769023569023572, 1.0], "class": 1}