{"image": "8400d9c4-07fd-11ef-914c-64d2c4ecd148.jpg", "bboxes": [0.13643097643097613, 0.2262626262626264, 0.9748148148148146, 1.0], "class": 1}