{"image": "8400d9c4-07fd-11ef-914c-64d2c4ecd148.jpg", "bboxes": [0.7230976430976428, 0.19070707070707082, 1.0, 1.0], "class": 1}