{"image": "8400d9c4-07fd-11ef-914c-64d2c4ecd148.jpg", "bboxes": [0.0022222222222222365, 0.028484848484848557, 0.8214814814814813, 0.9977777777777778], "class": 1}