{"image": "8400d9c4-07fd-11ef-914c-64d2c4ecd148.jpg", "bboxes": [0.10087542087542056, 0.0, 0.939259259259259, 1.0], "class": 1}