{"image": "8400d9c4-07fd-11ef-914c-64d2c4ecd148.jpg", "bboxes": [0.14976430976430943, 0.0, 0.9881481481481479, 0.7892929292929292], "class": 1}