{"image": "8400d9c4-07fd-11ef-914c-64d2c4ecd148.jpg", "bboxes": [0.0, 0.03959595959595974, 0.6146801346801349, 0.9977777777777778], "class": 1}