{"image": "8400d9c4-07fd-11ef-914c-64d2c4ecd148.jpg", "bboxes": [0.0, 0.041818181818181976, 0.025791245791246083, 1.0], "class": 1}