{"image": "8400d9c4-07fd-11ef-914c-64d2c4ecd148.jpg", "bboxes": [0.15407407407407428, 0.012929292929293013, 0.9924579124579127, 0.9977777777777778], "class": 1}