{"image": "8400d9c4-07fd-11ef-914c-64d2c4ecd148.jpg", "bboxes": [0.0, 0.06848484848484859, 0.7391245791245794, 1.0], "class": 1}