{"image": "8400d9c4-07fd-11ef-914c-64d2c4ecd148.jpg", "bboxes": [0.0022222222222222365, 0.0, 0.5348148148148146, 0.698181818181818], "class": 1}