{"image": "8400d9c4-07fd-11ef-914c-64d2c4ecd148.jpg", "bboxes": [0.011851851851852063, 0.14181818181818195, 0.8502356902356906, 1.0], "class": 1}