{"image": "8400d9c4-07fd-11ef-914c-64d2c4ecd148.jpg", "bboxes": [0.7474074074074076, 0.0, 1.0, 0.9725925925925925], "class": 1}