{"image": "8400d9c4-07fd-11ef-914c-64d2c4ecd148.jpg", "bboxes": [0.25198653198653165, 0.0, 1.0, 0.9392592592592591], "class": 1}