{"image": "845721ee-07fd-11ef-914c-64d2c4ecd148.jpg", "bboxes": [0.48000000000000015, 0.0, 1.0, 0.7076767676767678], "class": 1}