{"image": "845721ee-07fd-11ef-914c-64d2c4ecd148.jpg", "bboxes": [0.0, 0.3167676767676767, 0.07090909090909109, 1.0], "class": 1}