{"image": "845721ee-07fd-11ef-914c-64d2c4ecd148.jpg", "bboxes": [0.7600000000000001, 0.0, 1.0, 0.9741414141414141], "class": 1}