{"image": "845721ee-07fd-11ef-914c-64d2c4ecd148.jpg", "bboxes": [0.448888888888889, 0.27010101010101006, 1.0, 1.0], "class": 1}