{"image": "845721ee-07fd-11ef-914c-64d2c4ecd148.jpg", "bboxes": [0.0, 0.3412121212121211, 0.5575757575757577, 0.9977777777777778], "class": 1}