{"image": "845721ee-07fd-11ef-914c-64d2c4ecd148.jpg", "bboxes": [0.2555555555555557, 0.0, 0.9977777777777778, 0.6787878787878788], "class": 1}