{"image": "845721ee-07fd-11ef-914c-64d2c4ecd148.jpg", "bboxes": [0.368888888888889, 0.19232323232323223, 1.0, 1.0], "class": 1}