{"image": "845721ee-07fd-11ef-914c-64d2c4ecd148.jpg", "bboxes": [0.0, 0.01898989898989889, 0.4042424242424244, 0.9977777777777778], "class": 1}