{"image": "845721ee-07fd-11ef-914c-64d2c4ecd148.jpg", "bboxes": [0.11797979797979785, 0.0, 0.8755555555555554, 0.661010101010101], "class": 1}