{"image": "845721ee-07fd-11ef-914c-64d2c4ecd148.jpg", "bboxes": [0.10464646464646443, 0.0, 0.8622222222222221, 1.0], "class": 1}