{"image": "845721ee-07fd-11ef-914c-64d2c4ecd148.jpg", "bboxes": [0.0, 0.2967676767676767, 0.03757575757575776, 0.9977777777777778], "class": 1}