{"image": "845721ee-07fd-11ef-914c-64d2c4ecd148.jpg", "bboxes": [0.0022222222222222365, 0.0, 0.3288888888888888, 0.8232323232323233], "class": 1}