{"image": "845721ee-07fd-11ef-914c-64d2c4ecd148.jpg", "bboxes": [0.0022222222222222365, 0.2745454545454544, 0.7444444444444442, 0.9977777777777778], "class": 1}