{"image": "845721ee-07fd-11ef-914c-64d2c4ecd148.jpg", "bboxes": [0.9335353535353533, 0.0, 1.0, 0.7787878787878789], "class": 1}