{"image": "845721ee-07fd-11ef-914c-64d2c4ecd148.jpg", "bboxes": [0.7068686868686866, 0.0, 0.9977777777777778, 0.7276767676767678], "class": 1}