{"image": "845721ee-07fd-11ef-914c-64d2c4ecd148.jpg", "bboxes": [0.0, 0.2656565656565656, 0.4931313131313133, 0.9977777777777778], "class": 1}