{"image": "845721ee-07fd-11ef-914c-64d2c4ecd148.jpg", "bboxes": [0.8624242424242422, 0.0, 1.0, 0.9787878787878789], "class": 1}