{"image": "845721ee-07fd-11ef-914c-64d2c4ecd148.jpg", "bboxes": [0.015757575757575526, 0.30787878787878775, 0.7733333333333332, 1.0], "class": 1}