{"image": "845721ee-07fd-11ef-914c-64d2c4ecd148.jpg", "bboxes": [0.0, 0.18565656565656552, 0.7175757575757578, 0.9977777777777778], "class": 1}