{"image": "845721ee-07fd-11ef-914c-64d2c4ecd148.jpg", "bboxes": [0.0, 0.17010101010100998, 0.4686868686868689, 0.9977777777777778], "class": 1}