{"image": "845721ee-07fd-11ef-914c-64d2c4ecd148.jpg", "bboxes": [0.3246464646464645, 0.18121212121212116, 0.9977777777777778, 0.9977777777777778], "class": 1}