{"image": "845721ee-07fd-11ef-914c-64d2c4ecd148.jpg", "bboxes": [0.24888888888888902, 0.00585858585858593, 1.0, 1.0], "class": 1}