{"image": "845721ee-07fd-11ef-914c-64d2c4ecd148.jpg", "bboxes": [0.3244444444444446, 0.0, 1.0, 0.9387878787878788], "class": 1}