{"image": "845721ee-07fd-11ef-914c-64d2c4ecd148.jpg", "bboxes": [0.053535353535353325, 0.03474747474747482, 0.811111111111111, 1.0], "class": 1}