{"image": "845721ee-07fd-11ef-914c-64d2c4ecd148.jpg", "bboxes": [0.0022222222222222365, 0.21898989898989885, 0.6066666666666665, 0.9977777777777778], "class": 1}