{"image": "845721ee-07fd-11ef-914c-64d2c4ecd148.jpg", "bboxes": [0.0, 0.010101010101010055, 0.01757575757575776, 1.0], "class": 1}