{"image": "845721ee-07fd-11ef-914c-64d2c4ecd148.jpg", "bboxes": [0.23555555555555568, 0.0, 0.9931313131313133, 0.7721212121212122], "class": 1}