{"image": "85b70563-1aaf-11ef-8d42-bd5cfcf36af4.jpg", "bboxes": [0.06260047281323888, 0.33886524822695036, 0.44439716312056743, 0.7750354609929078], "class": 2}