{"image": "85b70563-1aaf-11ef-8d42-bd5cfcf36af4.jpg", "bboxes": [0.06704491725768336, 0.19385342789598115, 0.4488416075650119, 0.6300236406619385], "class": 2}