{"image": "85b70563-1aaf-11ef-8d42-bd5cfcf36af4.jpg", "bboxes": [0.3048226950354611, 0.39442080378250594, 0.6866193853427897, 0.8305910165484633], "class": 2}