{"image": "85b70563-1aaf-11ef-8d42-bd5cfcf36af4.jpg", "bboxes": [0.018156028368794486, 0.1916312056737589, 0.3999527186761229, 0.6278014184397163], "class": 2}