{"image": "85b70563-1aaf-11ef-8d42-bd5cfcf36af4.jpg", "bboxes": [0.2292671394799055, 0.21163120567375893, 0.6110638297872341, 0.6478014184397163], "class": 2}