{"image": "85b70563-1aaf-11ef-8d42-bd5cfcf36af4.jpg", "bboxes": [0.3359338061465722, 0.19385342789598115, 0.7177304964539007, 0.6300236406619385], "class": 2}