{"image": "85b70563-1aaf-11ef-8d42-bd5cfcf36af4.jpg", "bboxes": [0.0022222222222222365, 0.38997635933806146, 0.3177304964539007, 0.8261465721040189], "class": 2}