{"image": "85b70563-1aaf-11ef-8d42-bd5cfcf36af4.jpg", "bboxes": [0.3048226950354611, 0.38997635933806146, 0.6866193853427897, 0.8261465721040189], "class": 2}