{"image": "85b70563-1aaf-11ef-8d42-bd5cfcf36af4.jpg", "bboxes": [0.05148936170212781, 0.17607565011820336, 0.43328605200945625, 0.6122458628841607], "class": 2}