{"image": "85b70563-1aaf-11ef-8d42-bd5cfcf36af4.jpg", "bboxes": [0.2956028368794326, 0.3699763593380615, 0.6773995271867611, 0.8061465721040189], "class": 2}