{"image": "85b70563-1aaf-11ef-8d42-bd5cfcf36af4.jpg", "bboxes": [0.05371158392435005, 0.20052009456264774, 0.4355082742316785, 0.6366903073286052], "class": 2}