{"image": "85b70563-1aaf-11ef-8d42-bd5cfcf36af4.jpg", "bboxes": [0.42226950354609927, 0.34775413711583925, 0.8040661938534278, 0.7839243498817967], "class": 2}