{"image": "85b70563-1aaf-11ef-8d42-bd5cfcf36af4.jpg", "bboxes": [0.3226004728132389, 0.20274231678486998, 0.7043971631205674, 0.6389125295508273], "class": 2}