{"image": "85b70563-1aaf-11ef-8d42-bd5cfcf36af4.jpg", "bboxes": [0.2670449172576833, 0.4010874704491726, 0.6488416075650119, 0.8372576832151299], "class": 2}