{"image": "85b70563-1aaf-11ef-8d42-bd5cfcf36af4.jpg", "bboxes": [0.4289361702127659, 0.16940898345153665, 0.8107328605200944, 0.6055791962174941], "class": 2}