{"image": "85b70563-1aaf-11ef-8d42-bd5cfcf36af4.jpg", "bboxes": [0.031489361702127794, 0.18052009456264773, 0.41328605200945634, 0.6166903073286052], "class": 2}