{"image": "85b70563-1aaf-11ef-8d42-bd5cfcf36af4.jpg", "bboxes": [0.0, 0.37664302600472815, 0.34439716312056745, 0.8128132387706856], "class": 2}