{"image": "85b70563-1aaf-11ef-8d42-bd5cfcf36af4.jpg", "bboxes": [0.2114893617021277, 0.16274231678487006, 0.5932860520094563, 0.5989125295508274], "class": 2}