{"image": "85b70563-1aaf-11ef-8d42-bd5cfcf36af4.jpg", "bboxes": [0.6311583924349882, 0.33886524822695036, 0.9977777777777778, 0.7750354609929078], "class": 2}