{"image": "85b70563-1aaf-11ef-8d42-bd5cfcf36af4.jpg", "bboxes": [0.560047281323877, 0.18052009456264773, 0.9418439716312056, 0.6166903073286052], "class": 2}