{"image": "85b70563-1aaf-11ef-8d42-bd5cfcf36af4.jpg", "bboxes": [0.0022222222222222365, 0.18940898345153667, 0.3532860520094563, 0.6255791962174942], "class": 2}