{"image": "85b70563-1aaf-11ef-8d42-bd5cfcf36af4.jpg", "bboxes": [0.6333806146572104, 0.16496453900709218, 1.0, 0.6011347517730496], "class": 2}