{"image": "85b70563-1aaf-11ef-8d42-bd5cfcf36af4.jpg", "bboxes": [0.6867139479905437, 0.20718676122931445, 0.9977777777777778, 0.6433569739952718], "class": 2}