{"image": "85b70563-1aaf-11ef-8d42-bd5cfcf36af4.jpg", "bboxes": [0.0022222222222222365, 0.34553191489361706, 0.3332860520094563, 0.7817021276595745], "class": 2}