{"image": "85b70563-1aaf-11ef-8d42-bd5cfcf36af4.jpg", "bboxes": [0.13815602836879448, 0.18718676122931444, 0.519952718676123, 0.6233569739952718], "class": 2}