{"image": "85b70563-1aaf-11ef-8d42-bd5cfcf36af4.jpg", "bboxes": [0.0022222222222222365, 0.38108747044917257, 0.33773049645390074, 0.81725768321513], "class": 2}