{"image": "85b70563-1aaf-11ef-8d42-bd5cfcf36af4.jpg", "bboxes": [0.16482269503546107, 0.37664302600472815, 0.5466193853427896, 0.8128132387706856], "class": 2}