{"image": "85b70563-1aaf-11ef-8d42-bd5cfcf36af4.jpg", "bboxes": [0.5689361702127659, 0.18274231678486996, 0.9507328605200944, 0.6189125295508274], "class": 2}