{"image": "85b70563-1aaf-11ef-8d42-bd5cfcf36af4.jpg", "bboxes": [0.5111583924349882, 0.17607565011820336, 0.8929550827423167, 0.6122458628841607], "class": 2}