{"image": "85b70563-1aaf-11ef-8d42-bd5cfcf36af4.jpg", "bboxes": [0.3778250591016548, 0.36775413711583926, 0.7596217494089833, 0.8039243498817966], "class": 2}