{"image": "85b70563-1aaf-11ef-8d42-bd5cfcf36af4.jpg", "bboxes": [0.4244917257683215, 0.35664302600472814, 0.80628841607565, 0.7928132387706855], "class": 2}