{"image": "85b70563-1aaf-11ef-8d42-bd5cfcf36af4.jpg", "bboxes": [0.08926713947990561, 0.35664302600472814, 0.4710638297872341, 0.7928132387706855], "class": 2}