{"image": "85b70563-1aaf-11ef-8d42-bd5cfcf36af4.jpg", "bboxes": [0.5311583924349882, 0.1782978723404256, 0.9129550827423166, 0.614468085106383], "class": 2}