{"image": "85b70563-1aaf-11ef-8d42-bd5cfcf36af4.jpg", "bboxes": [0.36004728132387703, 0.3410874704491726, 0.7418439716312055, 0.77725768321513], "class": 2}