{"image": "85b70563-1aaf-11ef-8d42-bd5cfcf36af4.jpg", "bboxes": [0.23593380614657222, 0.22052009456264776, 0.6177304964539008, 0.6566903073286052], "class": 2}