{"image": "85b70563-1aaf-11ef-8d42-bd5cfcf36af4.jpg", "bboxes": [0.6156028368794326, 0.3833096926713948, 0.9973995271867611, 0.8194799054373523], "class": 2}