{"image": "85b70563-1aaf-11ef-8d42-bd5cfcf36af4.jpg", "bboxes": [0.5978250591016548, 0.21163120567375893, 0.9796217494089833, 0.6478014184397163], "class": 2}