{"image": "85b70563-1aaf-11ef-8d42-bd5cfcf36af4.jpg", "bboxes": [0.29371158392435004, 0.16718676122931442, 0.6755082742316785, 0.6033569739952718], "class": 2}