{"image": "85b70563-1aaf-11ef-8d42-bd5cfcf36af4.jpg", "bboxes": [0.44004728132387705, 0.38108747044917257, 0.8218439716312056, 0.81725768321513], "class": 2}