{"image": "85b70563-1aaf-11ef-8d42-bd5cfcf36af4.jpg", "bboxes": [0.2933806146572104, 0.3633096926713948, 0.6751773049645389, 0.7994799054373523], "class": 2}