{"image": "85b70563-1aaf-11ef-8d42-bd5cfcf36af4.jpg", "bboxes": [0.5711583924349881, 0.1782978723404256, 0.9529550827423167, 0.614468085106383], "class": 2}