{"image": "85b70563-1aaf-11ef-8d42-bd5cfcf36af4.jpg", "bboxes": [0.1514893617021278, 0.3721985815602837, 0.5332860520094562, 0.8083687943262411], "class": 2}