{"image": "85b70563-1aaf-11ef-8d42-bd5cfcf36af4.jpg", "bboxes": [0.19148936170212782, 0.1849645390070922, 0.5732860520094563, 0.6211347517730497], "class": 2}