{"image": "85b70563-1aaf-11ef-8d42-bd5cfcf36af4.jpg", "bboxes": [0.0022222222222222365, 0.3744208037825059, 0.3332860520094563, 0.8105910165484633], "class": 2}