{"image": "85b70563-1aaf-11ef-8d42-bd5cfcf36af4.jpg", "bboxes": [0.5622695035460993, 0.16052009456264782, 0.9440661938534278, 0.5966903073286052], "class": 2}