{"image": "85b70563-1aaf-11ef-8d42-bd5cfcf36af4.jpg", "bboxes": [0.09371158392434997, 0.16274231678487006, 0.4755082742316785, 0.5989125295508274], "class": 2}