{"image": "85b70563-1aaf-11ef-8d42-bd5cfcf36af4.jpg", "bboxes": [0.3067139479905437, 0.20052009456264774, 0.6885106382978722, 0.6366903073286052], "class": 2}