{"image": "85b70563-1aaf-11ef-8d42-bd5cfcf36af4.jpg", "bboxes": [0.35115839243498814, 0.3633096926713948, 0.7329550827423167, 0.7994799054373523], "class": 2}