{"image": "85b70563-1aaf-11ef-8d42-bd5cfcf36af4.jpg", "bboxes": [0.45782505910165483, 0.16496453900709218, 0.8396217494089834, 0.6011347517730496], "class": 2}