{"image": "85b70563-1aaf-11ef-8d42-bd5cfcf36af4.jpg", "bboxes": [0.31338061465721034, 0.18718676122931444, 0.6951773049645389, 0.6233569739952718], "class": 2}