{"image": "85b70563-1aaf-11ef-8d42-bd5cfcf36af4.jpg", "bboxes": [0.6756028368794326, 0.17385342789598113, 1.0, 0.6100236406619386], "class": 2}