{"image": "85b70563-1aaf-11ef-8d42-bd5cfcf36af4.jpg", "bboxes": [0.0, 0.34330969267139483, 0.33773049645390074, 0.7794799054373522], "class": 2}