{"image": "85b70563-1aaf-11ef-8d42-bd5cfcf36af4.jpg", "bboxes": [0.4844917257683215, 0.17385342789598113, 0.86628841607565, 0.6100236406619386], "class": 2}