{"image": "85b70563-1aaf-11ef-8d42-bd5cfcf36af4.jpg", "bboxes": [0.0022222222222222365, 0.18718676122931444, 0.34217494089834516, 0.6233569739952719], "class": 2}