{"image": "85b70563-1aaf-11ef-8d42-bd5cfcf36af4.jpg", "bboxes": [0.4178250591016548, 0.3833096926713948, 0.7996217494089833, 0.8194799054373523], "class": 2}