{"image": "85b70563-1aaf-11ef-8d42-bd5cfcf36af4.jpg", "bboxes": [0.055933806146572174, 0.38553191489361704, 0.4377304964539007, 0.8217021276595744], "class": 2}