{"image": "85b70563-1aaf-11ef-8d42-bd5cfcf36af4.jpg", "bboxes": [0.3956028368794326, 0.3544208037825059, 0.7773995271867611, 0.7905910165484633], "class": 2}