{"image": "86075f91-1aaf-11ef-a064-bd5cfcf36af4.jpg", "bboxes": [0.5718676122931442, 0.4163120567375887, 0.9761229314420804, 0.8513002364066193], "class": 2}