{"image": "86075f91-1aaf-11ef-a064-bd5cfcf36af4.jpg", "bboxes": [0.4318676122931442, 0.3518676122931443, 0.8361229314420804, 0.7868557919621749], "class": 2}