{"image": "86075f91-1aaf-11ef-a064-bd5cfcf36af4.jpg", "bboxes": [0.41631205673758864, 0.19758865248226953, 0.8205673758865248, 0.6325768321513001], "class": 2}