{"image": "86075f91-1aaf-11ef-a064-bd5cfcf36af4.jpg", "bboxes": [0.010543735224586293, 0.3518676122931443, 0.4147990543735225, 0.7868557919621749], "class": 2}