{"image": "86075f91-1aaf-11ef-a064-bd5cfcf36af4.jpg", "bboxes": [0.11498817966903074, 0.3674231678486998, 0.5192434988179668, 0.8024113475177305], "class": 2}