{"image": "86075f91-1aaf-11ef-a064-bd5cfcf36af4.jpg", "bboxes": [0.2829787234042553, 0.36297872340425535, 0.6872340425531914, 0.7979669030732861], "class": 2}