{"image": "86075f91-1aaf-11ef-a064-bd5cfcf36af4.jpg", "bboxes": [0.6585342789598109, 0.36297872340425535, 1.0, 0.7979669030732861], "class": 2}