{"image": "86075f91-1aaf-11ef-a064-bd5cfcf36af4.jpg", "bboxes": [0.4407565011820331, 0.3607565011820332, 0.8450118203309692, 0.7957446808510639], "class": 2}