{"image": "86075f91-1aaf-11ef-a064-bd5cfcf36af4.jpg", "bboxes": [0.3829787234042553, 0.15314420803782502, 0.7872340425531915, 0.5881323877068557], "class": 2}