{"image": "86075f91-1aaf-11ef-a064-bd5cfcf36af4.jpg", "bboxes": [0.4229787234042553, 0.21536643026004731, 0.8272340425531914, 0.650354609929078], "class": 2}