{"image": "86075f91-1aaf-11ef-a064-bd5cfcf36af4.jpg", "bboxes": [0.09498817966903073, 0.389645390070922, 0.4992434988179669, 0.8246335697399527], "class": 2}