{"image": "86075f91-1aaf-11ef-a064-bd5cfcf36af4.jpg", "bboxes": [0.18387706855791963, 0.3763120567375887, 0.5881323877068558, 0.8113002364066194], "class": 2}