{"image": "86075f91-1aaf-11ef-a064-bd5cfcf36af4.jpg", "bboxes": [0.5118676122931441, 0.3985342789598109, 0.9161229314420803, 0.8335224586288416], "class": 2}