{"image": "86075f91-1aaf-11ef-a064-bd5cfcf36af4.jpg", "bboxes": [0.2940898345153664, 0.18647754137115835, 0.6983451536643026, 0.621465721040189], "class": 2}