{"image": "86075f91-1aaf-11ef-a064-bd5cfcf36af4.jpg", "bboxes": [0.3074231678486998, 0.1953664302600473, 0.7116784869976359, 0.630354609929078], "class": 2}