{"image": "86075f91-1aaf-11ef-a064-bd5cfcf36af4.jpg", "bboxes": [0.3807565011820331, 0.40964539007092204, 0.7850118203309693, 0.8446335697399527], "class": 2}