{"image": "86075f91-1aaf-11ef-a064-bd5cfcf36af4.jpg", "bboxes": [0.04387706855791962, 0.35853427895981094, 0.4481323877068558, 0.7935224586288416], "class": 2}