{"image": "86075f91-1aaf-11ef-a064-bd5cfcf36af4.jpg", "bboxes": [0.3963120567375886, 0.21314420803782508, 0.8005673758865248, 0.6481323877068557], "class": 2}