{"image": "86075f91-1aaf-11ef-a064-bd5cfcf36af4.jpg", "bboxes": [0.7052009456264775, 0.1509219858156028, 0.9977777777777778, 0.5859101654846335], "class": 2}