{"image": "86075f91-1aaf-11ef-a064-bd5cfcf36af4.jpg", "bboxes": [0.14165484633569736, 0.3874231678486998, 0.5459101654846336, 0.8224113475177305], "class": 2}