{"image": "86075f91-1aaf-11ef-a064-bd5cfcf36af4.jpg", "bboxes": [0.33408983451536645, 0.17758865248226952, 0.7383451536643026, 0.6125768321513002], "class": 2}