{"image": "86075f91-1aaf-11ef-a064-bd5cfcf36af4.jpg", "bboxes": [0.6852009456264775, 0.4118676122931443, 1.0, 0.846855791962175], "class": 2}