{"image": "86075f91-1aaf-11ef-a064-bd5cfcf36af4.jpg", "bboxes": [0.18387706855791963, 0.35853427895981094, 0.5881323877068558, 0.7935224586288416], "class": 2}