{"image": "86075f91-1aaf-11ef-a064-bd5cfcf36af4.jpg", "bboxes": [0.0, 0.15536643026004726, 0.39924349881796695, 0.590354609929078], "class": 2}