{"image": "86075f91-1aaf-11ef-a064-bd5cfcf36af4.jpg", "bboxes": [0.26165484633569736, 0.19758865248226953, 0.6659101654846336, 0.6325768321513001], "class": 2}