{"image": "86075f91-1aaf-11ef-a064-bd5cfcf36af4.jpg", "bboxes": [0.5607565011820331, 0.3985342789598109, 0.9650118203309692, 0.8335224586288416], "class": 2}