{"image": "86075f91-1aaf-11ef-a064-bd5cfcf36af4.jpg", "bboxes": [0.6940898345153664, 0.15981087470449173, 1.0, 0.5947990543735224], "class": 2}