{"image": "86075f91-1aaf-11ef-a064-bd5cfcf36af4.jpg", "bboxes": [0.48964539007092195, 0.3763120567375887, 0.8939007092198582, 0.8113002364066194], "class": 2}