{"image": "86075f91-1aaf-11ef-a064-bd5cfcf36af4.jpg", "bboxes": [0.6229787234042553, 0.1886997635933806, 0.9977777777777778, 0.6236879432624113], "class": 2}