{"image": "86075f91-1aaf-11ef-a064-bd5cfcf36af4.jpg", "bboxes": [0.0022222222222222365, 0.19314420803782506, 0.37479905437352246, 0.6281323877068558], "class": 2}