{"image": "86075f91-1aaf-11ef-a064-bd5cfcf36af4.jpg", "bboxes": [0.6052009456264775, 0.17314420803782504, 1.0, 0.6081323877068557], "class": 2}