{"image": "86075f91-1aaf-11ef-a064-bd5cfcf36af4.jpg", "bboxes": [0.1949881796690307, 0.2131442080378251, 0.5992434988179669, 0.6481323877068557], "class": 2}