{"image": "86075f91-1aaf-11ef-a064-bd5cfcf36af4.jpg", "bboxes": [0.6763120567375887, 0.1709219858156028, 0.9977777777777778, 0.6059101654846335], "class": 2}