{"image": "86075f91-1aaf-11ef-a064-bd5cfcf36af4.jpg", "bboxes": [0.3038770685579196, 0.34964539007092205, 0.7081323877068558, 0.7846335697399527], "class": 2}