{"image": "86075f91-1aaf-11ef-a064-bd5cfcf36af4.jpg", "bboxes": [0.6185342789598108, 0.1953664302600473, 1.0, 0.630354609929078], "class": 2}