{"image": "86075f91-1aaf-11ef-a064-bd5cfcf36af4.jpg", "bboxes": [0.33408983451536645, 0.4118676122931443, 0.7383451536643026, 0.846855791962175], "class": 2}