{"image": "86075f91-1aaf-11ef-a064-bd5cfcf36af4.jpg", "bboxes": [0.0022222222222222365, 0.40964539007092204, 0.3147990543735225, 0.8446335697399527], "class": 2}