{"image": "86075f91-1aaf-11ef-a064-bd5cfcf36af4.jpg", "bboxes": [0.2505437352245863, 0.389645390070922, 0.6547990543735225, 0.8246335697399527], "class": 2}