{"image": "86075f91-1aaf-11ef-a064-bd5cfcf36af4.jpg", "bboxes": [0.39853427895981086, 0.14869976359338066, 0.8027895981087471, 0.5836879432624114], "class": 2}