{"image": "86075f91-1aaf-11ef-a064-bd5cfcf36af4.jpg", "bboxes": [0.4785342789598109, 0.15536643026004726, 0.882789598108747, 0.5903546099290778], "class": 2}