{"image": "86075f91-1aaf-11ef-a064-bd5cfcf36af4.jpg", "bboxes": [0.38964539007092197, 0.3829787234042554, 0.7939007092198581, 0.817966903073286], "class": 2}