{"image": "86075f91-1aaf-11ef-a064-bd5cfcf36af4.jpg", "bboxes": [0.4718676122931442, 0.3874231678486998, 0.8761229314420804, 0.8224113475177305], "class": 2}