{"image": "86075f91-1aaf-11ef-a064-bd5cfcf36af4.jpg", "bboxes": [0.15943262411347514, 0.1642553191489362, 0.5636879432624113, 0.5992434988179669], "class": 2}