{"image": "86075f91-1aaf-11ef-a064-bd5cfcf36af4.jpg", "bboxes": [0.09498817966903073, 0.3940898345153665, 0.4992434988179669, 0.8290780141843972], "class": 2}