{"image": "86075f91-1aaf-11ef-a064-bd5cfcf36af4.jpg", "bboxes": [0.046099290780141855, 0.1575886524822695, 0.45035460992907805, 0.5925768321513002], "class": 2}