{"image": "86075f91-1aaf-11ef-a064-bd5cfcf36af4.jpg", "bboxes": [0.09721040189125296, 0.37186761229314425, 0.5014657210401892, 0.8068557919621749], "class": 2}