{"image": "86075f91-1aaf-11ef-a064-bd5cfcf36af4.jpg", "bboxes": [0.08832151300236413, 0.3740898345153665, 0.49257683215130016, 0.8090780141843972], "class": 2}