{"image": "86075f91-1aaf-11ef-a064-bd5cfcf36af4.jpg", "bboxes": [0.349645390070922, 0.15981087470449173, 0.7539007092198582, 0.5947990543735224], "class": 2}