{"image": "86075f91-1aaf-11ef-a064-bd5cfcf36af4.jpg", "bboxes": [0.24832151300236405, 0.19981087470449177, 0.6525768321513002, 0.6347990543735225], "class": 2}