{"image": "86075f91-1aaf-11ef-a064-bd5cfcf36af4.jpg", "bboxes": [0.0022222222222222365, 0.16647754137115847, 0.3859101654846335, 0.601465721040189], "class": 2}