{"image": "86075f91-1aaf-11ef-a064-bd5cfcf36af4.jpg", "bboxes": [0.0022222222222222365, 0.182033096926714, 0.3592434988179669, 0.6170212765957446], "class": 2}