{"image": "86075f91-1aaf-11ef-a064-bd5cfcf36af4.jpg", "bboxes": [0.39408983451536644, 0.3940898345153665, 0.7983451536643026, 0.8290780141843972], "class": 2}