{"image": "86075f91-1aaf-11ef-a064-bd5cfcf36af4.jpg", "bboxes": [0.6429787234042553, 0.18425531914893623, 1.0, 0.6192434988179669], "class": 2}