{"image": "86075f91-1aaf-11ef-a064-bd5cfcf36af4.jpg", "bboxes": [0.18609929078014187, 0.17314420803782504, 0.590354609929078, 0.6081323877068557], "class": 2}