{"image": "86075f91-1aaf-11ef-a064-bd5cfcf36af4.jpg", "bboxes": [0.2905437352245863, 0.3874231678486998, 0.6947990543735225, 0.8224113475177305], "class": 2}