{"image": "86075f91-1aaf-11ef-a064-bd5cfcf36af4.jpg", "bboxes": [0.4340898345153664, 0.21092198581560284, 0.8383451536643026, 0.6459101654846335], "class": 2}