{"image": "86075f91-1aaf-11ef-a064-bd5cfcf36af4.jpg", "bboxes": [0.4318676122931442, 0.17314420803782504, 0.8361229314420804, 0.6081323877068557], "class": 2}