{"image": "86075f91-1aaf-11ef-a064-bd5cfcf36af4.jpg", "bboxes": [0.5140898345153664, 0.19092198581560282, 0.9183451536643026, 0.6259101654846335], "class": 2}