{"image": "86075f91-1aaf-11ef-a064-bd5cfcf36af4.jpg", "bboxes": [0.0022222222222222365, 0.20647754137115837, 0.3770212765957447, 0.6414657210401891], "class": 2}