{"image": "86075f91-1aaf-11ef-a064-bd5cfcf36af4.jpg", "bboxes": [0.3540898345153664, 0.39186761229314426, 0.7583451536643026, 0.826855791962175], "class": 2}