{"image": "86075f91-1aaf-11ef-a064-bd5cfcf36af4.jpg", "bboxes": [0.36742316784869977, 0.39186761229314426, 0.771678486997636, 0.826855791962175], "class": 2}