{"image": "86075f91-1aaf-11ef-a064-bd5cfcf36af4.jpg", "bboxes": [0.609645390070922, 0.3674231678486998, 0.9977777777777778, 0.8024113475177305], "class": 2}