{"image": "86075f91-1aaf-11ef-a064-bd5cfcf36af4.jpg", "bboxes": [0.4007565011820331, 0.3652009456264776, 0.8050118203309693, 0.8001891252955082], "class": 2}