{"image": "86583161-1aaf-11ef-b508-bd5cfcf36af4.jpg", "bboxes": [0.14000000000000012, 0.2705910165484633, 0.48515366430260054, 0.6334751773049645], "class": 2}