{"image": "86583161-1aaf-11ef-b508-bd5cfcf36af4.jpg", "bboxes": [0.20000000000000018, 0.37763593380614663, 0.5451536643026005, 0.7405200945626478], "class": 2}