{"image": "86583161-1aaf-11ef-b508-bd5cfcf36af4.jpg", "bboxes": [0.0311111111111112, 0.40430260047281324, 0.3762647754137116, 0.7671867612293144], "class": 2}