{"image": "86583161-1aaf-11ef-b508-bd5cfcf36af4.jpg", "bboxes": [0.679290780141844, 0.25503546099290775, 0.9977777777777778, 0.6179196217494091], "class": 2}