{"image": "86583161-1aaf-11ef-b508-bd5cfcf36af4.jpg", "bboxes": [0.15555555555555567, 0.40208037825059106, 0.500709219858156, 0.7649645390070923], "class": 2}