{"image": "86583161-1aaf-11ef-b508-bd5cfcf36af4.jpg", "bboxes": [0.03777777777777791, 0.2639243498817967, 0.3829314420803783, 0.6268085106382979], "class": 2}