{"image": "86583161-1aaf-11ef-b508-bd5cfcf36af4.jpg", "bboxes": [0.1577777777777779, 0.41541371158392437, 0.5029314420803783, 0.7782978723404256], "class": 2}