{"image": "86583161-1aaf-11ef-b508-bd5cfcf36af4.jpg", "bboxes": [0.4815130023640662, 0.23059101654846337, 0.8266666666666665, 0.5934751773049645], "class": 2}