{"image": "86583161-1aaf-11ef-b508-bd5cfcf36af4.jpg", "bboxes": [0.0022222222222223476, 0.38208037825059105, 0.34737588652482276, 0.7449645390070923], "class": 2}