{"image": "86583161-1aaf-11ef-b508-bd5cfcf36af4.jpg", "bboxes": [0.16888888888888898, 0.22836879432624113, 0.5140425531914894, 0.5912529550827423], "class": 2}