{"image": "86583161-1aaf-11ef-b508-bd5cfcf36af4.jpg", "bboxes": [0.26666666666666683, 0.3709692671394799, 0.6118203309692671, 0.7338534278959811], "class": 2}