{"image": "86583161-1aaf-11ef-b508-bd5cfcf36af4.jpg", "bboxes": [0.2333333333333335, 0.21947990543735219, 0.5784869976359338, 0.5823640661938534], "class": 2}