{"image": "86583161-1aaf-11ef-b508-bd5cfcf36af4.jpg", "bboxes": [0.4015130023640662, 0.2839243498817967, 0.7466666666666666, 0.6468085106382979], "class": 2}