{"image": "86583161-1aaf-11ef-b508-bd5cfcf36af4.jpg", "bboxes": [0.31262411347517727, 0.26170212765957446, 0.6577777777777777, 0.6245862884160756], "class": 2}