{"image": "86583161-1aaf-11ef-b508-bd5cfcf36af4.jpg", "bboxes": [0.5281796690307329, 0.37319148936170216, 0.8733333333333332, 0.7360756501182033], "class": 2}