{"image": "86583161-1aaf-11ef-b508-bd5cfcf36af4.jpg", "bboxes": [0.5570685579196217, 0.27725768321513, 0.9022222222222221, 0.6401418439716311], "class": 2}