{"image": "86583161-1aaf-11ef-b508-bd5cfcf36af4.jpg", "bboxes": [0.2815130023640662, 0.3709692671394799, 0.6266666666666666, 0.7338534278959811], "class": 2}