{"image": "86583161-1aaf-11ef-b508-bd5cfcf36af4.jpg", "bboxes": [0.11555555555555563, 0.3843026004728133, 0.46070921985815605, 0.7471867612293145], "class": 2}