{"image": "86583161-1aaf-11ef-b508-bd5cfcf36af4.jpg", "bboxes": [0.699290780141844, 0.37763593380614663, 0.9977777777777778, 0.7405200945626478], "class": 2}