{"image": "86583161-1aaf-11ef-b508-bd5cfcf36af4.jpg", "bboxes": [0.004444444444444585, 0.23725768321512997, 0.3495981087470449, 0.6001418439716313], "class": 2}