{"image": "86583161-1aaf-11ef-b508-bd5cfcf36af4.jpg", "bboxes": [0.5970685579196218, 0.2639243498817967, 0.9422222222222221, 0.6268085106382979], "class": 2}