{"image": "86583161-1aaf-11ef-b508-bd5cfcf36af4.jpg", "bboxes": [0.6437352245862884, 0.40430260047281324, 0.9888888888888888, 0.7671867612293144], "class": 2}