{"image": "86583161-1aaf-11ef-b508-bd5cfcf36af4.jpg", "bboxes": [0.07111111111111124, 0.40208037825059106, 0.41626477541371165, 0.7649645390070923], "class": 2}