{"image": "86583161-1aaf-11ef-b508-bd5cfcf36af4.jpg", "bboxes": [0.09555555555555573, 0.22392434988179666, 0.44070921985815603, 0.5868085106382979], "class": 2}