{"image": "86583161-1aaf-11ef-b508-bd5cfcf36af4.jpg", "bboxes": [0.5148463356973995, 0.4087470449172577, 0.8599999999999999, 0.7716312056737589], "class": 2}