{"image": "86583161-1aaf-11ef-b508-bd5cfcf36af4.jpg", "bboxes": [0.328888888888889, 0.3931914893617022, 0.6740425531914892, 0.7560756501182033], "class": 2}