{"image": "86583161-1aaf-11ef-b508-bd5cfcf36af4.jpg", "bboxes": [0.670401891252955, 0.26614657210401893, 1.0, 0.62903073286052], "class": 2}