{"image": "86583161-1aaf-11ef-b508-bd5cfcf36af4.jpg", "bboxes": [0.16666666666666674, 0.2261465721040189, 0.5118203309692672, 0.58903073286052], "class": 2}