{"image": "86583161-1aaf-11ef-b508-bd5cfcf36af4.jpg", "bboxes": [0.6615130023640662, 0.3665248226950355, 0.9977777777777778, 0.7294089834515367], "class": 2}