{"image": "86583161-1aaf-11ef-b508-bd5cfcf36af4.jpg", "bboxes": [0.22444444444444456, 0.3709692671394799, 0.569598108747045, 0.7338534278959811], "class": 2}