{"image": "86583161-1aaf-11ef-b508-bd5cfcf36af4.jpg", "bboxes": [0.5748463356973995, 0.2639243498817967, 0.9199999999999999, 0.6268085106382979], "class": 2}