{"image": "86583161-1aaf-11ef-b508-bd5cfcf36af4.jpg", "bboxes": [0.4904018912529551, 0.36208037825059103, 0.8355555555555554, 0.7249645390070922], "class": 2}