{"image": "86583161-1aaf-11ef-b508-bd5cfcf36af4.jpg", "bboxes": [0.3459574468085106, 0.27947990543735224, 0.691111111111111, 0.6423640661938534], "class": 2}