{"image": "86583161-1aaf-11ef-b508-bd5cfcf36af4.jpg", "bboxes": [0.5192907801418439, 0.27503546099290777, 0.8644444444444443, 0.637919621749409], "class": 2}