{"image": "86583161-1aaf-11ef-b508-bd5cfcf36af4.jpg", "bboxes": [0.2711111111111112, 0.3954137115839244, 0.6162647754137116, 0.7582978723404256], "class": 2}