{"image": "86583161-1aaf-11ef-b508-bd5cfcf36af4.jpg", "bboxes": [0.33111111111111124, 0.41541371158392437, 0.6762647754137117, 0.7782978723404256], "class": 2}