{"image": "86583161-1aaf-11ef-b508-bd5cfcf36af4.jpg", "bboxes": [0.3970685579196217, 0.2705910165484633, 0.7422222222222221, 0.6334751773049644], "class": 2}