{"image": "86583161-1aaf-11ef-b508-bd5cfcf36af4.jpg", "bboxes": [0.20444444444444454, 0.4176359338061466, 0.549598108747045, 0.7805200945626478], "class": 2}