{"image": "86583161-1aaf-11ef-b508-bd5cfcf36af4.jpg", "bboxes": [0.08000000000000007, 0.27725768321513, 0.4251536643026005, 0.6401418439716311], "class": 2}