{"image": "86583161-1aaf-11ef-b508-bd5cfcf36af4.jpg", "bboxes": [0.41929078014184396, 0.2839243498817967, 0.7644444444444444, 0.6468085106382979], "class": 2}