{"image": "86583161-1aaf-11ef-b508-bd5cfcf36af4.jpg", "bboxes": [0.31706855791962174, 0.24392434988179668, 0.662222222222222, 0.6068085106382979], "class": 2}