{"image": "86583161-1aaf-11ef-b508-bd5cfcf36af4.jpg", "bboxes": [0.18444444444444452, 0.36208037825059103, 0.5295981087470449, 0.7249645390070922], "class": 2}