{"image": "86583161-1aaf-11ef-b508-bd5cfcf36af4.jpg", "bboxes": [0.47929078014184395, 0.23059101654846337, 0.8244444444444443, 0.5934751773049645], "class": 2}