{"image": "86583161-1aaf-11ef-b508-bd5cfcf36af4.jpg", "bboxes": [0.5415130023640662, 0.3665248226950355, 0.8866666666666665, 0.7294089834515367], "class": 2}