{"image": "86583161-1aaf-11ef-b508-bd5cfcf36af4.jpg", "bboxes": [0.33040189125295505, 0.2839243498817967, 0.6755555555555555, 0.6468085106382979], "class": 2}