{"image": "86583161-1aaf-11ef-b508-bd5cfcf36af4.jpg", "bboxes": [0.21777777777777796, 0.35985815602836885, 0.5629314420803783, 0.72274231678487], "class": 2}