{"image": "86583161-1aaf-11ef-b508-bd5cfcf36af4.jpg", "bboxes": [0.6837352245862884, 0.2639243498817967, 0.9977777777777778, 0.6268085106382979], "class": 2}