{"image": "86583161-1aaf-11ef-b508-bd5cfcf36af4.jpg", "bboxes": [0.5481796690307328, 0.22170212765957442, 0.8933333333333332, 0.5845862884160756], "class": 2}