{"image": "86583161-1aaf-11ef-b508-bd5cfcf36af4.jpg", "bboxes": [0.11333333333333351, 0.26170212765957446, 0.4584869976359338, 0.6245862884160756], "class": 2}