{"image": "86583161-1aaf-11ef-b508-bd5cfcf36af4.jpg", "bboxes": [0.5326241134751772, 0.2328132387706856, 0.8777777777777777, 0.5956973995271868], "class": 2}