{"image": "86583161-1aaf-11ef-b508-bd5cfcf36af4.jpg", "bboxes": [0.0022222222222223476, 0.24170212765957444, 0.34737588652482276, 0.6045862884160755], "class": 2}