{"image": "86583161-1aaf-11ef-b508-bd5cfcf36af4.jpg", "bboxes": [0.004444444444444584, 0.22392434988179666, 0.3495981087470449, 0.5868085106382979], "class": 2}