{"image": "86583161-1aaf-11ef-b508-bd5cfcf36af4.jpg", "bboxes": [0.5815130023640662, 0.41985815602836885, 0.9266666666666665, 0.78274231678487], "class": 2}