{"image": "86583161-1aaf-11ef-b508-bd5cfcf36af4.jpg", "bboxes": [0.45040189125295504, 0.2328132387706856, 0.7955555555555555, 0.5956973995271868], "class": 2}