{"image": "86583161-1aaf-11ef-b508-bd5cfcf36af4.jpg", "bboxes": [0.6081796690307328, 0.3887470449172577, 0.9533333333333333, 0.7516312056737589], "class": 2}