{"image": "86583161-1aaf-11ef-b508-bd5cfcf36af4.jpg", "bboxes": [0.3022222222222224, 0.3576359338061466, 0.6473758865248227, 0.7205200945626478], "class": 2}