{"image": "86583161-1aaf-11ef-b508-bd5cfcf36af4.jpg", "bboxes": [0.559290780141844, 0.2528132387706855, 0.9044444444444443, 0.6156973995271867], "class": 2}