{"image": "86583161-1aaf-11ef-b508-bd5cfcf36af4.jpg", "bboxes": [0.14222222222222236, 0.25503546099290775, 0.48737588652482267, 0.617919621749409], "class": 2}