{"image": "86583161-1aaf-11ef-b508-bd5cfcf36af4.jpg", "bboxes": [0.36817966903073285, 0.2839243498817967, 0.7133333333333332, 0.6468085106382979], "class": 2}