{"image": "86583161-1aaf-11ef-b508-bd5cfcf36af4.jpg", "bboxes": [0.30000000000000016, 0.3976359338061466, 0.6451536643026006, 0.7605200945626478], "class": 2}