{"image": "86583161-1aaf-11ef-b508-bd5cfcf36af4.jpg", "bboxes": [0.4526241134751773, 0.4065248226950355, 0.7977777777777777, 0.7694089834515366], "class": 2}