{"image": "86583161-1aaf-11ef-b508-bd5cfcf36af4.jpg", "bboxes": [0.3237352245862884, 0.3843026004728133, 0.6688888888888888, 0.7471867612293145], "class": 2}