{"image": "86583161-1aaf-11ef-b508-bd5cfcf36af4.jpg", "bboxes": [0.3000000000000001, 0.3665248226950355, 0.6451536643026006, 0.7294089834515367], "class": 2}