{"image": "86583161-1aaf-11ef-b508-bd5cfcf36af4.jpg", "bboxes": [0.22444444444444456, 0.2817021276595745, 0.569598108747045, 0.6445862884160756], "class": 2}