{"image": "86583161-1aaf-11ef-b508-bd5cfcf36af4.jpg", "bboxes": [0.368888888888889, 0.21947990543735219, 0.7140425531914893, 0.5823640661938533], "class": 2}