{"image": "86583161-1aaf-11ef-b508-bd5cfcf36af4.jpg", "bboxes": [0.38151300236406616, 0.2328132387706856, 0.7266666666666666, 0.5956973995271868], "class": 2}