{"image": "86583161-1aaf-11ef-b508-bd5cfcf36af4.jpg", "bboxes": [0.43706855791962174, 0.3976359338061466, 0.782222222222222, 0.7605200945626478], "class": 2}