{"image": "86583161-1aaf-11ef-b508-bd5cfcf36af4.jpg", "bboxes": [0.5215130023640662, 0.2505910165484634, 0.8666666666666666, 0.6134751773049645], "class": 2}