{"image": "86583161-1aaf-11ef-b508-bd5cfcf36af4.jpg", "bboxes": [0.006666666666666821, 0.2505910165484634, 0.3518203309692671, 0.6134751773049645], "class": 2}