{"image": "86583161-1aaf-11ef-b508-bd5cfcf36af4.jpg", "bboxes": [0.1511111111111112, 0.36208037825059103, 0.4962647754137116, 0.7249645390070922], "class": 2}