{"image": "86583161-1aaf-11ef-b508-bd5cfcf36af4.jpg", "bboxes": [0.20444444444444454, 0.2505910165484634, 0.549598108747045, 0.6134751773049645], "class": 2}