{"image": "86583161-1aaf-11ef-b508-bd5cfcf36af4.jpg", "bboxes": [0.10888888888888903, 0.3954137115839244, 0.45404255319148934, 0.7582978723404256], "class": 2}