{"image": "86f92c6b-1aaf-11ef-8983-bd5cfcf36af4.jpg", "bboxes": [0.5700236406619386, 0.36595744680851067, 0.9246335697399528, 0.7761229314420803], "class": 2}