{"image": "86f92c6b-1aaf-11ef-8983-bd5cfcf36af4.jpg", "bboxes": [0.514468085106383, 0.40151300236406623, 0.8690780141843973, 0.8116784869976359], "class": 2}