{"image": "86f92c6b-1aaf-11ef-8983-bd5cfcf36af4.jpg", "bboxes": [0.07981087470449155, 0.21498817966903072, 0.4344208037825059, 0.6251536643026004], "class": 2}