{"image": "86f92c6b-1aaf-11ef-8983-bd5cfcf36af4.jpg", "bboxes": [0.11981087470449159, 0.3881796690307329, 0.47442080378250595, 0.7983451536643026], "class": 2}