{"image": "86f92c6b-1aaf-11ef-8983-bd5cfcf36af4.jpg", "bboxes": [0.514468085106383, 0.37929078014184403, 0.8690780141843973, 0.7894562647754138], "class": 2}