{"image": "86f92c6b-1aaf-11ef-8983-bd5cfcf36af4.jpg", "bboxes": [0.3664775413711583, 0.3859574468085107, 0.7210874704491725, 0.7961229314420804], "class": 2}