{"image": "86f92c6b-1aaf-11ef-8983-bd5cfcf36af4.jpg", "bboxes": [0.49891252955082743, 0.3948463356973996, 0.8535224586288417, 0.8050118203309693], "class": 2}