{"image": "86f92c6b-1aaf-11ef-8983-bd5cfcf36af4.jpg", "bboxes": [0.4189125295508274, 0.23054373522458627, 0.7735224586288417, 0.6407092198581561], "class": 2}