{"image": "86f92c6b-1aaf-11ef-8983-bd5cfcf36af4.jpg", "bboxes": [0.006477541371158303, 0.34373522458628847, 0.36108747044917255, 0.7539007092198582], "class": 2}