{"image": "86f92c6b-1aaf-11ef-8983-bd5cfcf36af4.jpg", "bboxes": [0.3309219858156027, 0.4104018912529551, 0.6855319148936171, 0.8205673758865248], "class": 2}