{"image": "86f92c6b-1aaf-11ef-8983-bd5cfcf36af4.jpg", "bboxes": [0.3100236406619385, 0.4104018912529551, 0.6646335697399528, 0.8205673758865248], "class": 2}