{"image": "86f92c6b-1aaf-11ef-8983-bd5cfcf36af4.jpg", "bboxes": [0.10425531914893604, 0.23721040189125298, 0.4588652482269504, 0.6473758865248227], "class": 2}