{"image": "86f92c6b-1aaf-11ef-8983-bd5cfcf36af4.jpg", "bboxes": [0.5833569739952719, 0.2327659574468085, 0.9379669030732862, 0.6429314420803782], "class": 2}