{"image": "86f92c6b-1aaf-11ef-8983-bd5cfcf36af4.jpg", "bboxes": [0.654468085106383, 0.24165484633569745, 1.0, 0.6518203309692672], "class": 2}