{"image": "86f92c6b-1aaf-11ef-8983-bd5cfcf36af4.jpg", "bboxes": [0.44335697399527185, 0.3770685579196218, 0.7979669030732862, 0.7872340425531915], "class": 2}