{"image": "86f92c6b-1aaf-11ef-8983-bd5cfcf36af4.jpg", "bboxes": [0.07092198581560272, 0.34373522458628847, 0.4255319148936171, 0.7539007092198582], "class": 2}