{"image": "86f92c6b-1aaf-11ef-8983-bd5cfcf36af4.jpg", "bboxes": [0.3509219858156027, 0.23054373522458627, 0.705531914893617, 0.6407092198581561], "class": 2}