{"image": "86f92c6b-1aaf-11ef-8983-bd5cfcf36af4.jpg", "bboxes": [0.27224586288416075, 0.359290780141844, 0.6268557919621751, 0.7694562647754137], "class": 2}