{"image": "86f92c6b-1aaf-11ef-8983-bd5cfcf36af4.jpg", "bboxes": [0.5100236406619385, 0.2194326241134752, 0.8646335697399529, 0.6295981087470448], "class": 2}