{"image": "86f92c6b-1aaf-11ef-8983-bd5cfcf36af4.jpg", "bboxes": [0.33314420803782496, 0.21721040189125296, 0.6877541371158394, 0.6273758865248227], "class": 2}