{"image": "86f92c6b-1aaf-11ef-8983-bd5cfcf36af4.jpg", "bboxes": [0.15092198581560268, 0.22832151300236403, 0.505531914893617, 0.6384869976359338], "class": 2}