{"image": "86f92c6b-1aaf-11ef-8983-bd5cfcf36af4.jpg", "bboxes": [0.31446808510638297, 0.19721040189125294, 0.6690780141843973, 0.6073758865248227], "class": 2}