{"image": "86f92c6b-1aaf-11ef-8983-bd5cfcf36af4.jpg", "bboxes": [0.36425531914893605, 0.39262411347517734, 0.7188652482269504, 0.8027895981087471], "class": 2}