{"image": "86f92c6b-1aaf-11ef-8983-bd5cfcf36af4.jpg", "bboxes": [0.3300236406619385, 0.19054373522458634, 0.6846335697399528, 0.6007092198581561], "class": 2}