{"image": "86f92c6b-1aaf-11ef-8983-bd5cfcf36af4.jpg", "bboxes": [0.2833569739952719, 0.3815130023640662, 0.6379669030732862, 0.7916784869976359], "class": 2}