{"image": "86f92c6b-1aaf-11ef-8983-bd5cfcf36af4.jpg", "bboxes": [0.3189125295508274, 0.17943262411347516, 0.6735224586288417, 0.5895981087470449], "class": 2}