{"image": "86f92c6b-1aaf-11ef-8983-bd5cfcf36af4.jpg", "bboxes": [0.0022222222222222365, 0.4059574468085107, 0.3277541371158393, 0.8161229314420804], "class": 2}