{"image": "86f92c6b-1aaf-11ef-8983-bd5cfcf36af4.jpg", "bboxes": [0.07092198581560272, 0.3815130023640662, 0.4255319148936171, 0.7916784869976359], "class": 2}