{"image": "86f92c6b-1aaf-11ef-8983-bd5cfcf36af4.jpg", "bboxes": [0.10647754137115828, 0.3881796690307329, 0.46108747044917264, 0.7983451536643026], "class": 2}