{"image": "86f92c6b-1aaf-11ef-8983-bd5cfcf36af4.jpg", "bboxes": [0.30335697399527184, 0.18387706855791963, 0.6579669030732862, 0.5940425531914892], "class": 2}