{"image": "86f92c6b-1aaf-11ef-8983-bd5cfcf36af4.jpg", "bboxes": [0.06425531914893601, 0.2260992907801419, 0.41886524822695037, 0.6362647754137116], "class": 2}