{"image": "86f92c6b-1aaf-11ef-8983-bd5cfcf36af4.jpg", "bboxes": [0.38335697399527185, 0.24387706855791969, 0.7379669030732862, 0.6540425531914893], "class": 2}