{"image": "86f92c6b-1aaf-11ef-8983-bd5cfcf36af4.jpg", "bboxes": [0.39224586288416075, 0.22165484633569743, 0.7468557919621751, 0.6318203309692672], "class": 2}