{"image": "86f92c6b-1aaf-11ef-8983-bd5cfcf36af4.jpg", "bboxes": [0.3309219858156027, 0.24165484633569745, 0.685531914893617, 0.6518203309692672], "class": 2}