{"image": "86f92c6b-1aaf-11ef-8983-bd5cfcf36af4.jpg", "bboxes": [0.3255791962174941, 0.3481796690307329, 0.6801891252955083, 0.7583451536643026], "class": 2}