{"image": "86f92c6b-1aaf-11ef-8983-bd5cfcf36af4.jpg", "bboxes": [0.5122458628841607, 0.3681796690307329, 0.8668557919621751, 0.7783451536643026], "class": 2}