{"image": "86f92c6b-1aaf-11ef-8983-bd5cfcf36af4.jpg", "bboxes": [0.1264775413711583, 0.19943262411347518, 0.48108747044917255, 0.6095981087470449], "class": 2}