{"image": "86f92c6b-1aaf-11ef-8983-bd5cfcf36af4.jpg", "bboxes": [0.5100236406619385, 0.23498817966903074, 0.8646335697399529, 0.6451536643026003], "class": 2}