{"image": "86f92c6b-1aaf-11ef-8983-bd5cfcf36af4.jpg", "bboxes": [0.5211347517730496, 0.19276595744680847, 0.8757446808510639, 0.6029314420803782], "class": 2}