{"image": "86f92c6b-1aaf-11ef-8983-bd5cfcf36af4.jpg", "bboxes": [0.5011347517730497, 0.21721040189125296, 0.8557446808510639, 0.6273758865248227], "class": 2}