{"image": "86f92c6b-1aaf-11ef-8983-bd5cfcf36af4.jpg", "bboxes": [0.3509219858156027, 0.3970685579196218, 0.705531914893617, 0.8072340425531915], "class": 2}