{"image": "86f92c6b-1aaf-11ef-8983-bd5cfcf36af4.jpg", "bboxes": [0.6566903073286052, 0.2460992907801418, 0.9977777777777778, 0.6562647754137115], "class": 2}