{"image": "86f92c6b-1aaf-11ef-8983-bd5cfcf36af4.jpg", "bboxes": [0.46113475177304963, 0.3681796690307329, 0.815744680851064, 0.7783451536643026], "class": 2}