{"image": "86f92c6b-1aaf-11ef-8983-bd5cfcf36af4.jpg", "bboxes": [0.2589125295508274, 0.37929078014184403, 0.6135224586288417, 0.7894562647754138], "class": 2}