{"image": "86f92c6b-1aaf-11ef-8983-bd5cfcf36af4.jpg", "bboxes": [0.6322458628841607, 0.21498817966903072, 0.9868557919621751, 0.6251536643026004], "class": 2}