{"image": "86f92c6b-1aaf-11ef-8983-bd5cfcf36af4.jpg", "bboxes": [0.41224586288416076, 0.20609929078014189, 0.766855791962175, 0.6162647754137116], "class": 2}