{"image": "86f92c6b-1aaf-11ef-8983-bd5cfcf36af4.jpg", "bboxes": [0.1398108747044916, 0.23498817966903074, 0.49442080378250597, 0.6451536643026003], "class": 2}