{"image": "86f92c6b-1aaf-11ef-8983-bd5cfcf36af4.jpg", "bboxes": [0.0, 0.3504018912529551, 0.3388652482269504, 0.7605673758865248], "class": 2}