{"image": "86f92c6b-1aaf-11ef-8983-bd5cfcf36af4.jpg", "bboxes": [0.4500236406619385, 0.22387706855791967, 0.8046335697399528, 0.6340425531914893], "class": 2}