{"image": "86f92c6b-1aaf-11ef-8983-bd5cfcf36af4.jpg", "bboxes": [0.0, 0.20832151300236412, 0.3433096926713948, 0.6184869976359337], "class": 2}