{"image": "86f92c6b-1aaf-11ef-8983-bd5cfcf36af4.jpg", "bboxes": [0.006477541371158303, 0.359290780141844, 0.36108747044917255, 0.7694562647754137], "class": 2}