{"image": "86f92c6b-1aaf-11ef-8983-bd5cfcf36af4.jpg", "bboxes": [0.3220330969267138, 0.3904018912529551, 0.6766430260047281, 0.8005673758865248], "class": 2}