{"image": "86f92c6b-1aaf-11ef-8983-bd5cfcf36af4.jpg", "bboxes": [0.29002364066193853, 0.23054373522458627, 0.6446335697399529, 0.640709219858156], "class": 2}