{"image": "86f92c6b-1aaf-11ef-8983-bd5cfcf36af4.jpg", "bboxes": [0.2678014184397163, 0.36151300236406625, 0.6224113475177306, 0.771678486997636], "class": 2}