{"image": "86f92c6b-1aaf-11ef-8983-bd5cfcf36af4.jpg", "bboxes": [0.5478014184397163, 0.36373522458628843, 0.9024113475177307, 0.7739007092198581], "class": 2}