{"image": "86f92c6b-1aaf-11ef-8983-bd5cfcf36af4.jpg", "bboxes": [0.6078014184397162, 0.17943262411347516, 0.9624113475177306, 0.589598108747045], "class": 2}