{"image": "86f92c6b-1aaf-11ef-8983-bd5cfcf36af4.jpg", "bboxes": [0.2789125295508274, 0.4104018912529551, 0.6335224586288417, 0.8205673758865248], "class": 2}