{"image": "86f92c6b-1aaf-11ef-8983-bd5cfcf36af4.jpg", "bboxes": [0.6700236406619385, 0.22832151300236403, 0.9977777777777778, 0.6384869976359338], "class": 2}