{"image": "86f92c6b-1aaf-11ef-8983-bd5cfcf36af4.jpg", "bboxes": [0.34113475177304964, 0.21498817966903072, 0.695744680851064, 0.6251536643026004], "class": 2}