{"image": "86f92c6b-1aaf-11ef-8983-bd5cfcf36af4.jpg", "bboxes": [0.3864775413711583, 0.399290780141844, 0.7410874704491726, 0.8094562647754137], "class": 2}