{"image": "86f92c6b-1aaf-11ef-8983-bd5cfcf36af4.jpg", "bboxes": [0.008699763593380538, 0.2016548463356974, 0.3633096926713948, 0.6118203309692671], "class": 2}