{"image": "86f92c6b-1aaf-11ef-8983-bd5cfcf36af4.jpg", "bboxes": [0.25758865248226936, 0.1860992907801419, 0.6121985815602837, 0.5962647754137116], "class": 2}