{"image": "86f92c6b-1aaf-11ef-8983-bd5cfcf36af4.jpg", "bboxes": [0.12425531914893606, 0.20832151300236412, 0.4788652482269504, 0.6184869976359337], "class": 2}