{"image": "86f92c6b-1aaf-11ef-8983-bd5cfcf36af4.jpg", "bboxes": [0.22647754137115828, 0.40373522458628847, 0.5810874704491726, 0.8139007092198581], "class": 2}