{"image": "86f92c6b-1aaf-11ef-8983-bd5cfcf36af4.jpg", "bboxes": [0.26335697399527186, 0.37040189125295514, 0.6179669030732862, 0.7805673758865248], "class": 2}