{"image": "86f92c6b-1aaf-11ef-8983-bd5cfcf36af4.jpg", "bboxes": [0.6433569739952718, 0.37040189125295514, 0.9979669030732862, 0.7805673758865248], "class": 2}