{"image": "86f92c6b-1aaf-11ef-8983-bd5cfcf36af4.jpg", "bboxes": [0.5766903073286052, 0.3815130023640662, 0.9313002364066195, 0.7916784869976359], "class": 2}