{"image": "8749415e-1aaf-11ef-b82b-bd5cfcf36af4.jpg", "bboxes": [0.3161702127659574, 0.42104018912529556, 0.6601418439716311, 0.8631205673758865], "class": 2}