{"image": "8749415e-1aaf-11ef-b82b-bd5cfcf36af4.jpg", "bboxes": [0.08430260047281335, 0.41215130023640667, 0.428274231678487, 0.8542316784869977], "class": 2}