{"image": "8749415e-1aaf-11ef-b82b-bd5cfcf36af4.jpg", "bboxes": [0.6983924349881796, 0.38548463356974, 0.9977777777777778, 0.827565011820331], "class": 2}