{"image": "8749415e-1aaf-11ef-b82b-bd5cfcf36af4.jpg", "bboxes": [0.3072813238770685, 0.39215130023640665, 0.6512529550827422, 0.8342316784869976], "class": 2}