{"image": "8749415e-1aaf-11ef-b82b-bd5cfcf36af4.jpg", "bboxes": [0.4406146572104018, 0.19243498817966898, 0.7845862884160756, 0.6345153664302601], "class": 2}