{"image": "8749415e-1aaf-11ef-b82b-bd5cfcf36af4.jpg", "bboxes": [0.5561702127659575, 0.1813238770685579, 0.9001418439716311, 0.6234042553191489], "class": 2}