{"image": "8749415e-1aaf-11ef-b82b-bd5cfcf36af4.jpg", "bboxes": [0.5406146572104018, 0.39215130023640665, 0.8845862884160756, 0.8342316784869976], "class": 2}