{"image": "8749415e-1aaf-11ef-b82b-bd5cfcf36af4.jpg", "bboxes": [0.38061465721040183, 0.40104018912529554, 0.7245862884160755, 0.8431205673758866], "class": 2}