{"image": "8749415e-1aaf-11ef-b82b-bd5cfcf36af4.jpg", "bboxes": [0.33617021276595743, 0.19243498817966898, 0.6801418439716311, 0.6345153664302601], "class": 2}