{"image": "8749415e-1aaf-11ef-b82b-bd5cfcf36af4.jpg", "bboxes": [0.13096926713947998, 0.1813238770685579, 0.4749408983451538, 0.6234042553191489], "class": 2}