{"image": "8749415e-1aaf-11ef-b82b-bd5cfcf36af4.jpg", "bboxes": [0.33096926713948005, 0.18799054373522459, 0.6749408983451537, 0.6300709219858156], "class": 2}