{"image": "8749415e-1aaf-11ef-b82b-bd5cfcf36af4.jpg", "bboxes": [0.5339479905437352, 0.39215130023640665, 0.8779196217494089, 0.8342316784869976], "class": 2}