{"image": "8749415e-1aaf-11ef-b82b-bd5cfcf36af4.jpg", "bboxes": [0.0, 0.19687943262411345, 0.3260520094562648, 0.6389598108747044], "class": 2}