{"image": "8749415e-1aaf-11ef-b82b-bd5cfcf36af4.jpg", "bboxes": [0.1065248226950356, 0.42104018912529556, 0.45049645390070925, 0.8631205673758865], "class": 2}