{"image": "8749415e-1aaf-11ef-b82b-bd5cfcf36af4.jpg", "bboxes": [0.23541371158392443, 0.17021276595744683, 0.579385342789598, 0.6122931442080376], "class": 2}