{"image": "8749415e-1aaf-11ef-b82b-bd5cfcf36af4.jpg", "bboxes": [0.22430260047281336, 0.14576832151300234, 0.568274231678487, 0.5878486997635933], "class": 2}