{"image": "8749415e-1aaf-11ef-b82b-bd5cfcf36af4.jpg", "bboxes": [0.35096926713947996, 0.17243498817966896, 0.6949408983451537, 0.6145153664302601], "class": 2}