{"image": "8749415e-1aaf-11ef-b82b-bd5cfcf36af4.jpg", "bboxes": [0.3383924349881796, 0.15021276595744681, 0.6823640661938534, 0.5922931442080378], "class": 2}