{"image": "8749415e-1aaf-11ef-b82b-bd5cfcf36af4.jpg", "bboxes": [0.33763593380614665, 0.36104018912529556, 0.6816075650118203, 0.8031205673758866], "class": 2}