{"image": "8749415e-1aaf-11ef-b82b-bd5cfcf36af4.jpg", "bboxes": [0.6339479905437352, 0.3810401891252956, 0.9779196217494089, 0.8231205673758866], "class": 2}