{"image": "8749415e-1aaf-11ef-b82b-bd5cfcf36af4.jpg", "bboxes": [0.06652482269503557, 0.17243498817966896, 0.4104964539007092, 0.61451536643026], "class": 2}