{"image": "8749415e-1aaf-11ef-b82b-bd5cfcf36af4.jpg", "bboxes": [0.27096926713948, 0.3632624113475178, 0.6149408983451536, 0.8053427895981088], "class": 2}