{"image": "8749415e-1aaf-11ef-b82b-bd5cfcf36af4.jpg", "bboxes": [0.48061465721040186, 0.19243498817966898, 0.8245862884160755, 0.6345153664302601], "class": 2}