{"image": "8749415e-1aaf-11ef-b82b-bd5cfcf36af4.jpg", "bboxes": [0.0, 0.18576832151300238, 0.3327186761229315, 0.6278486997635933], "class": 2}