{"image": "8749415e-1aaf-11ef-b82b-bd5cfcf36af4.jpg", "bboxes": [0.3287470449172578, 0.4077068557919622, 0.6727186761229315, 0.8497872340425532], "class": 2}