{"image": "8749415e-1aaf-11ef-b82b-bd5cfcf36af4.jpg", "bboxes": [0.6895035460992908, 0.40548463356974, 0.9977777777777778, 0.847565011820331], "class": 2}