{"image": "8749415e-1aaf-11ef-b82b-bd5cfcf36af4.jpg", "bboxes": [0.04208037825059108, 0.40548463356974, 0.38605200945626483, 0.847565011820331], "class": 2}