{"image": "8749415e-1aaf-11ef-b82b-bd5cfcf36af4.jpg", "bboxes": [0.32061465721040183, 0.37881796690307334, 0.6645862884160756, 0.8208983451536643], "class": 2}