{"image": "8749415e-1aaf-11ef-b82b-bd5cfcf36af4.jpg", "bboxes": [0.49839243498817964, 0.1546572104018913, 0.8423640661938533, 0.5967375886524822], "class": 2}