{"image": "8749415e-1aaf-11ef-b82b-bd5cfcf36af4.jpg", "bboxes": [0.6495035460992907, 0.36992907801418445, 0.9934751773049645, 0.8120094562647754], "class": 2}