{"image": "8749415e-1aaf-11ef-b82b-bd5cfcf36af4.jpg", "bboxes": [0.0, 0.4188179669030733, 0.308274231678487, 0.8608983451536644], "class": 2}