{"image": "8749415e-1aaf-11ef-b82b-bd5cfcf36af4.jpg", "bboxes": [0.0022222222222222365, 0.13910165484633563, 0.3438297872340425, 0.5811820330969266], "class": 2}