{"image": "8749415e-1aaf-11ef-b82b-bd5cfcf36af4.jpg", "bboxes": [0.4761702127659574, 0.1546572104018913, 0.8201418439716311, 0.5967375886524823], "class": 2}