{"image": "8749415e-1aaf-11ef-b82b-bd5cfcf36af4.jpg", "bboxes": [0.23763593380614667, 0.4077068557919622, 0.5816075650118204, 0.8497872340425532], "class": 2}