{"image": "8749415e-1aaf-11ef-b82b-bd5cfcf36af4.jpg", "bboxes": [0.05096926713948002, 0.36104018912529556, 0.39494089834515367, 0.8031205673758866], "class": 2}