{"image": "8749415e-1aaf-11ef-b82b-bd5cfcf36af4.jpg", "bboxes": [0.07319148936170228, 0.3721513002364067, 0.4171631205673759, 0.8142316784869976], "class": 2}