{"image": "8749415e-1aaf-11ef-b82b-bd5cfcf36af4.jpg", "bboxes": [0.05985815602836886, 0.15021276595744681, 0.4038297872340426, 0.5922931442080378], "class": 2}