{"image": "8749415e-1aaf-11ef-b82b-bd5cfcf36af4.jpg", "bboxes": [0.10430260047281337, 0.3943735224586289, 0.448274231678487, 0.8364539007092199], "class": 2}