{"image": "8749415e-1aaf-11ef-b82b-bd5cfcf36af4.jpg", "bboxes": [0.4450591016548463, 0.36992907801418445, 0.78903073286052, 0.8120094562647754], "class": 2}