{"image": "8749415e-1aaf-11ef-b82b-bd5cfcf36af4.jpg", "bboxes": [0.15541371158392447, 0.37437352245862887, 0.4993853427895981, 0.8164539007092199], "class": 2}