{"image": "8749415e-1aaf-11ef-b82b-bd5cfcf36af4.jpg", "bboxes": [0.3250591016548463, 0.1746572104018912, 0.66903073286052, 0.6167375886524822], "class": 2}