{"image": "8749415e-1aaf-11ef-b82b-bd5cfcf36af4.jpg", "bboxes": [0.6406146572104019, 0.1613238770685579, 0.9845862884160755, 0.6034042553191489], "class": 2}