{"image": "8749415e-1aaf-11ef-b82b-bd5cfcf36af4.jpg", "bboxes": [0.6072813238770686, 0.39215130023640665, 0.9512529550827422, 0.8342316784869976], "class": 2}