{"image": "8749415e-1aaf-11ef-b82b-bd5cfcf36af4.jpg", "bboxes": [0.44728132387706854, 0.3965957446808511, 0.7912529550827422, 0.8386761229314421], "class": 2}