{"image": "8749415e-1aaf-11ef-b82b-bd5cfcf36af4.jpg", "bboxes": [0.3598581560283689, 0.17021276595744683, 0.7038297872340428, 0.6122931442080376], "class": 2}