{"image": "8749415e-1aaf-11ef-b82b-bd5cfcf36af4.jpg", "bboxes": [0.3250591016548463, 0.19243498817966898, 0.66903073286052, 0.6345153664302601], "class": 2}