{"image": "8749415e-1aaf-11ef-b82b-bd5cfcf36af4.jpg", "bboxes": [0.0, 0.13910165484633563, 0.30605200945626476, 0.5811820330969266], "class": 2}