{"image": "8749415e-1aaf-11ef-b82b-bd5cfcf36af4.jpg", "bboxes": [0.4739479905437352, 0.3588179669030733, 0.8179196217494089, 0.8008983451536643], "class": 2}