{"image": "8749415e-1aaf-11ef-b82b-bd5cfcf36af4.jpg", "bboxes": [0.5695035460992908, 0.1679905437352246, 0.9134751773049644, 0.6100709219858156], "class": 2}