{"image": "8749415e-1aaf-11ef-b82b-bd5cfcf36af4.jpg", "bboxes": [0.21096926713948005, 0.17021276595744683, 0.5549408983451537, 0.6122931442080376], "class": 2}