{"image": "8749415e-1aaf-11ef-b82b-bd5cfcf36af4.jpg", "bboxes": [0.03319148936170224, 0.3810401891252956, 0.3771631205673759, 0.8231205673758866], "class": 2}