{"image": "8749415e-1aaf-11ef-b82b-bd5cfcf36af4.jpg", "bboxes": [0.32061465721040183, 0.1613238770685579, 0.6645862884160756, 0.6034042553191489], "class": 2}