{"image": "8749415e-1aaf-11ef-b82b-bd5cfcf36af4.jpg", "bboxes": [0.0022222222222222365, 0.36992907801418445, 0.29938534278959816, 0.8120094562647754], "class": 2}