{"image": "8749415e-1aaf-11ef-b82b-bd5cfcf36af4.jpg", "bboxes": [0.5828368794326241, 0.40992907801418443, 0.9268085106382977, 0.8520094562647754], "class": 2}