{"image": "8749415e-1aaf-11ef-b82b-bd5cfcf36af4.jpg", "bboxes": [0.1487470449172578, 0.16576832151300236, 0.4927186761229315, 0.6078486997635933], "class": 2}