{"image": "8749415e-1aaf-11ef-b82b-bd5cfcf36af4.jpg", "bboxes": [0.291725768321513, 0.3565957446808511, 0.6356973995271866, 0.7986761229314421], "class": 2}