{"image": "8749415e-1aaf-11ef-b82b-bd5cfcf36af4.jpg", "bboxes": [0.09763593380614666, 0.38770685579196223, 0.4416075650118204, 0.8297872340425532], "class": 2}