{"image": "8749415e-1aaf-11ef-b82b-bd5cfcf36af4.jpg", "bboxes": [0.4672813238770685, 0.1946572104018912, 0.8112529550827422, 0.6367375886524822], "class": 2}