{"image": "8749415e-1aaf-11ef-b82b-bd5cfcf36af4.jpg", "bboxes": [0.38061465721040183, 0.13910165484633563, 0.7245862884160755, 0.5811820330969266], "class": 2}