{"image": "8749415e-1aaf-11ef-b82b-bd5cfcf36af4.jpg", "bboxes": [0.40950354609929074, 0.41215130023640667, 0.7534751773049645, 0.8542316784869977], "class": 2}