{"image": "8798ed15-1aaf-11ef-af48-bd5cfcf36af4.jpg", "bboxes": [0.30978723404255326, 0.16165484633569738, 0.7022222222222223, 0.5860047281323877], "class": 2}