{"image": "8798ed15-1aaf-11ef-af48-bd5cfcf36af4.jpg", "bboxes": [0.3408983451536643, 0.400661938534279, 0.7333333333333333, 0.8250118203309693], "class": 2}