{"image": "8798ed15-1aaf-11ef-af48-bd5cfcf36af4.jpg", "bboxes": [0.28534278959810877, 0.1883215130023641, 0.6777777777777778, 0.6126713947990543], "class": 2}