{"image": "8798ed15-1aaf-11ef-af48-bd5cfcf36af4.jpg", "bboxes": [0.23333333333333334, 0.3873286052009457, 0.6257683215130023, 0.8116784869976359], "class": 2}