{"image": "8798ed15-1aaf-11ef-af48-bd5cfcf36af4.jpg", "bboxes": [0.6311111111111111, 0.4495508274231679, 1.0, 0.8739007092198582], "class": 2}