{"image": "8798ed15-1aaf-11ef-af48-bd5cfcf36af4.jpg", "bboxes": [0.23200945626477543, 0.12609929078014182, 0.6244444444444445, 0.5504491725768321], "class": 2}