{"image": "8798ed15-1aaf-11ef-af48-bd5cfcf36af4.jpg", "bboxes": [0.39111111111111113, 0.4495508274231679, 0.7835460992907801, 0.8739007092198582], "class": 2}