{"image": "8798ed15-1aaf-11ef-af48-bd5cfcf36af4.jpg", "bboxes": [0.15200945626477547, 0.420661938534279, 0.5444444444444445, 0.8450118203309692], "class": 2}