{"image": "8798ed15-1aaf-11ef-af48-bd5cfcf36af4.jpg", "bboxes": [0.2053427895981088, 0.1816548463356974, 0.5977777777777777, 0.6060047281323877], "class": 2}