{"image": "8798ed15-1aaf-11ef-af48-bd5cfcf36af4.jpg", "bboxes": [0.0022222222222222365, 0.15943262411347514, 0.35111111111111115, 0.5837825059101655], "class": 2}