{"image": "8798ed15-1aaf-11ef-af48-bd5cfcf36af4.jpg", "bboxes": [0.2822222222222222, 0.38510638297872346, 0.6746572104018912, 0.8094562647754137], "class": 2}