{"image": "8798ed15-1aaf-11ef-af48-bd5cfcf36af4.jpg", "bboxes": [0.5288888888888889, 0.1305437352245863, 0.9213238770685579, 0.5548936170212766], "class": 2}