{"image": "8798ed15-1aaf-11ef-af48-bd5cfcf36af4.jpg", "bboxes": [0.6533333333333333, 0.4095508274231679, 0.9977777777777778, 0.8339007092198581], "class": 2}