{"image": "8798ed15-1aaf-11ef-af48-bd5cfcf36af4.jpg", "bboxes": [0.2631205673758865, 0.4184397163120568, 0.6555555555555556, 0.842789598108747], "class": 2}