{"image": "8798ed15-1aaf-11ef-af48-bd5cfcf36af4.jpg", "bboxes": [0.3488888888888889, 0.4184397163120568, 0.7413238770685578, 0.842789598108747], "class": 2}