{"image": "8798ed15-1aaf-11ef-af48-bd5cfcf36af4.jpg", "bboxes": [0.36666666666666664, 0.41399527186761237, 0.7591016548463356, 0.8383451536643026], "class": 2}