{"image": "8798ed15-1aaf-11ef-af48-bd5cfcf36af4.jpg", "bboxes": [0.5688888888888889, 0.4273286052009457, 0.9613238770685579, 0.8516784869976359], "class": 2}