{"image": "8798ed15-1aaf-11ef-af48-bd5cfcf36af4.jpg", "bboxes": [0.31333333333333335, 0.17943262411347516, 0.7057683215130024, 0.6037825059101654], "class": 2}