{"image": "8798ed15-1aaf-11ef-af48-bd5cfcf36af4.jpg", "bboxes": [0.6422222222222222, 0.4495508274231679, 0.9977777777777778, 0.8739007092198582], "class": 2}