{"image": "8798ed15-1aaf-11ef-af48-bd5cfcf36af4.jpg", "bboxes": [0.19645390070921986, 0.17721040189125292, 0.5888888888888889, 0.6015602836879432], "class": 2}