{"image": "8798ed15-1aaf-11ef-af48-bd5cfcf36af4.jpg", "bboxes": [0.06312056737588656, 0.17276595744680856, 0.4555555555555556, 0.5971158392434988], "class": 2}