{"image": "8798ed15-1aaf-11ef-af48-bd5cfcf36af4.jpg", "bboxes": [0.14089834515366428, 0.1683215130023641, 0.5333333333333333, 0.5926713947990543], "class": 2}