{"image": "8798ed15-1aaf-11ef-af48-bd5cfcf36af4.jpg", "bboxes": [0.05645390070921985, 0.15498817966903078, 0.4488888888888889, 0.579338061465721], "class": 2}