{"image": "8798ed15-1aaf-11ef-af48-bd5cfcf36af4.jpg", "bboxes": [0.1231205673758865, 0.400661938534279, 0.5155555555555555, 0.8250118203309693], "class": 2}