{"image": "8798ed15-1aaf-11ef-af48-bd5cfcf36af4.jpg", "bboxes": [0.41333333333333333, 0.4428841607565012, 0.8057683215130024, 0.8672340425531915], "class": 2}