{"image": "8798ed15-1aaf-11ef-af48-bd5cfcf36af4.jpg", "bboxes": [0.5244444444444445, 0.4295508274231679, 0.9168794326241134, 0.8539007092198582], "class": 2}