{"image": "8798ed15-1aaf-11ef-af48-bd5cfcf36af4.jpg", "bboxes": [0.4533333333333333, 0.43177304964539015, 0.8457683215130023, 0.8561229314420804], "class": 2}