{"image": "8798ed15-1aaf-11ef-af48-bd5cfcf36af4.jpg", "bboxes": [0.08089834515366434, 0.42510638297872344, 0.4733333333333334, 0.8494562647754137], "class": 2}