{"image": "8798ed15-1aaf-11ef-af48-bd5cfcf36af4.jpg", "bboxes": [0.5288888888888889, 0.15498817966903078, 0.9213238770685579, 0.579338061465721], "class": 2}