{"image": "8798ed15-1aaf-11ef-af48-bd5cfcf36af4.jpg", "bboxes": [0.6511111111111111, 0.41399527186761237, 0.9977777777777778, 0.8383451536643026], "class": 2}