{"image": "8798ed15-1aaf-11ef-af48-bd5cfcf36af4.jpg", "bboxes": [0.04978723404255325, 0.15276595744680854, 0.4422222222222222, 0.5771158392434987], "class": 2}