{"image": "8798ed15-1aaf-11ef-af48-bd5cfcf36af4.jpg", "bboxes": [0.03423167848699771, 0.4273286052009457, 0.4266666666666667, 0.8516784869976359], "class": 2}