{"image": "8798ed15-1aaf-11ef-af48-bd5cfcf36af4.jpg", "bboxes": [0.20089834515366434, 0.12832151300236405, 0.5933333333333333, 0.5526713947990542], "class": 2}