{"image": "8798ed15-1aaf-11ef-af48-bd5cfcf36af4.jpg", "bboxes": [0.23867612293144214, 0.1860992907801419, 0.6311111111111113, 0.6104491725768322], "class": 2}