{"image": "8798ed15-1aaf-11ef-af48-bd5cfcf36af4.jpg", "bboxes": [0.07645390070921987, 0.16165484633569738, 0.4688888888888889, 0.5860047281323877], "class": 2}