{"image": "8798ed15-1aaf-11ef-af48-bd5cfcf36af4.jpg", "bboxes": [0.4622222222222222, 0.4473286052009457, 0.8546572104018912, 0.871678486997636], "class": 2}