{"image": "8798ed15-1aaf-11ef-af48-bd5cfcf36af4.jpg", "bboxes": [0.1986761229314421, 0.1305437352245863, 0.5911111111111111, 0.5548936170212766], "class": 2}