{"image": "8798ed15-1aaf-11ef-af48-bd5cfcf36af4.jpg", "bboxes": [0.029787234042553234, 0.420661938534279, 0.4222222222222223, 0.8450118203309692], "class": 2}