{"image": "8798ed15-1aaf-11ef-af48-bd5cfcf36af4.jpg", "bboxes": [0.23777777777777778, 0.43177304964539015, 0.6302127659574468, 0.8561229314420804], "class": 2}