{"image": "8798ed15-1aaf-11ef-af48-bd5cfcf36af4.jpg", "bboxes": [0.36534278959810873, 0.3895508274231679, 0.7577777777777778, 0.8139007092198581], "class": 2}