{"image": "8798ed15-1aaf-11ef-af48-bd5cfcf36af4.jpg", "bboxes": [0.0022222222222222365, 0.4473286052009457, 0.38, 0.871678486997636], "class": 2}