{"image": "8798ed15-1aaf-11ef-af48-bd5cfcf36af4.jpg", "bboxes": [0.49777777777777776, 0.43399527186761233, 0.8902127659574468, 0.8583451536643026], "class": 2}