{"image": "8798ed15-1aaf-11ef-af48-bd5cfcf36af4.jpg", "bboxes": [0.09423167848699765, 0.1860992907801419, 0.4866666666666667, 0.6104491725768322], "class": 2}