{"image": "8798ed15-1aaf-11ef-af48-bd5cfcf36af4.jpg", "bboxes": [0.5555555555555556, 0.41177304964539013, 0.9479905437352246, 0.8361229314420804], "class": 2}