{"image": "8798ed15-1aaf-11ef-af48-bd5cfcf36af4.jpg", "bboxes": [0.5666666666666667, 0.14609929078014183, 0.9591016548463357, 0.5704491725768321], "class": 2}