{"image": "8798ed15-1aaf-11ef-af48-bd5cfcf36af4.jpg", "bboxes": [0.3008983451536643, 0.1683215130023641, 0.6933333333333334, 0.5926713947990543], "class": 2}