{"image": "8798ed15-1aaf-11ef-af48-bd5cfcf36af4.jpg", "bboxes": [0.27111111111111114, 0.4495508274231679, 0.6635460992907801, 0.8739007092198582], "class": 2}