{"image": "8798ed15-1aaf-11ef-af48-bd5cfcf36af4.jpg", "bboxes": [0.23423167848699766, 0.39399527186761235, 0.6266666666666667, 0.8183451536643026], "class": 2}