{"image": "8798ed15-1aaf-11ef-af48-bd5cfcf36af4.jpg", "bboxes": [0.040898345153664306, 0.12387706855791958, 0.43333333333333335, 0.5482269503546099], "class": 2}