{"image": "8798ed15-1aaf-11ef-af48-bd5cfcf36af4.jpg", "bboxes": [0.029787234042553234, 0.4051063829787235, 0.4222222222222223, 0.8294562647754137], "class": 2}