{"image": "8798ed15-1aaf-11ef-af48-bd5cfcf36af4.jpg", "bboxes": [0.4066666666666667, 0.38510638297872346, 0.7991016548463357, 0.8094562647754137], "class": 2}