{"image": "8798ed15-1aaf-11ef-af48-bd5cfcf36af4.jpg", "bboxes": [0.5511111111111111, 0.14832151300236407, 0.9435460992907801, 0.5726713947990543], "class": 2}