{"image": "8798ed15-1aaf-11ef-af48-bd5cfcf36af4.jpg", "bboxes": [0.29333333333333333, 0.4095508274231679, 0.6857683215130024, 0.8339007092198581], "class": 2}