{"image": "8798ed15-1aaf-11ef-af48-bd5cfcf36af4.jpg", "bboxes": [0.28312056737588653, 0.41621749408983455, 0.6755555555555556, 0.8405673758865249], "class": 2}