{"image": "8798ed15-1aaf-11ef-af48-bd5cfcf36af4.jpg", "bboxes": [0.0720094562647754, 0.15721040189125302, 0.46444444444444444, 0.5815602836879432], "class": 2}