{"image": "8798ed15-1aaf-11ef-af48-bd5cfcf36af4.jpg", "bboxes": [0.32666666666666666, 0.39399527186761235, 0.7191016548463357, 0.8183451536643026], "class": 2}