{"image": "8798ed15-1aaf-11ef-af48-bd5cfcf36af4.jpg", "bboxes": [0.23555555555555555, 0.1683215130023641, 0.6279905437352246, 0.5926713947990543], "class": 2}