{"image": "8798ed15-1aaf-11ef-af48-bd5cfcf36af4.jpg", "bboxes": [0.0022222222222222365, 0.13498817966903076, 0.38, 0.559338061465721], "class": 2}