{"image": "8798ed15-1aaf-11ef-af48-bd5cfcf36af4.jpg", "bboxes": [0.3742316784869977, 0.41177304964539013, 0.7666666666666666, 0.8361229314420804], "class": 2}