{"image": "8798ed15-1aaf-11ef-af48-bd5cfcf36af4.jpg", "bboxes": [0.14534278959810876, 0.39843971631205677, 0.5377777777777778, 0.8227895981087471], "class": 2}