{"image": "8798ed15-1aaf-11ef-af48-bd5cfcf36af4.jpg", "bboxes": [0.27867612293144206, 0.16609929078014185, 0.6711111111111111, 0.590449172576832], "class": 2}