{"image": "8798ed15-1aaf-11ef-af48-bd5cfcf36af4.jpg", "bboxes": [0.43333333333333335, 0.44510638297872346, 0.8257683215130024, 0.8694562647754137], "class": 2}