{"image": "8798ed15-1aaf-11ef-af48-bd5cfcf36af4.jpg", "bboxes": [0.27111111111111114, 0.13276595744680852, 0.6635460992907801, 0.5571158392434987], "class": 2}