{"image": "88890919-1aaf-11ef-89cf-bd5cfcf36af4.jpg", "bboxes": [0.4424586288416075, 0.1642080378250591, 0.8278014184397163, 0.5660992907801418], "class": 2}