{"image": "88890919-1aaf-11ef-89cf-bd5cfcf36af4.jpg", "bboxes": [0.46245862884160754, 0.11754137115839247, 0.8478014184397163, 0.5194326241134751], "class": 2}