{"image": "88890919-1aaf-11ef-89cf-bd5cfcf36af4.jpg", "bboxes": [0.14553191489361708, 0.4583451536643027, 0.5308747044917258, 0.8602364066193853], "class": 2}