{"image": "88890919-1aaf-11ef-89cf-bd5cfcf36af4.jpg", "bboxes": [0.30468085106382975, 0.4827895981087471, 0.6900236406619386, 0.8846808510638298], "class": 2}