{"image": "88890919-1aaf-11ef-89cf-bd5cfcf36af4.jpg", "bboxes": [0.14468085106382975, 0.14865248226950356, 0.5300236406619385, 0.5505437352245862], "class": 2}