{"image": "88890919-1aaf-11ef-89cf-bd5cfcf36af4.jpg", "bboxes": [0.39886524822695035, 0.11087470449172576, 0.7842080378250591, 0.5127659574468084], "class": 2}