{"image": "88890919-1aaf-11ef-89cf-bd5cfcf36af4.jpg", "bboxes": [0.09442080378250595, 0.11754137115839247, 0.4797635933806147, 0.5194326241134751], "class": 2}