{"image": "88890919-1aaf-11ef-89cf-bd5cfcf36af4.jpg", "bboxes": [0.06330969267139486, 0.15531914893617027, 0.4486524822695036, 0.5572104018912529], "class": 2}