{"image": "88890919-1aaf-11ef-89cf-bd5cfcf36af4.jpg", "bboxes": [0.2699763593380615, 0.4805673758865249, 0.6553191489361703, 0.8824586288416075], "class": 2}