{"image": "88890919-1aaf-11ef-89cf-bd5cfcf36af4.jpg", "bboxes": [0.35134751773049644, 0.4739007092198582, 0.7366903073286052, 0.8757919621749408], "class": 2}