{"image": "88890919-1aaf-11ef-89cf-bd5cfcf36af4.jpg", "bboxes": [0.2699763593380615, 0.16198581560283687, 0.6553191489361703, 0.5638770685579195], "class": 2}