{"image": "88890919-1aaf-11ef-89cf-bd5cfcf36af4.jpg", "bboxes": [0.19664302600472816, 0.16865248226950358, 0.5819858156028369, 0.5705437352245863], "class": 2}