{"image": "88890919-1aaf-11ef-89cf-bd5cfcf36af4.jpg", "bboxes": [0.17356973995271865, 0.4361229314420804, 0.5589125295508274, 0.8380141843971631], "class": 2}