{"image": "88890919-1aaf-11ef-89cf-bd5cfcf36af4.jpg", "bboxes": [0.2810874704491726, 0.1375413711583925, 0.6664302600472813, 0.5394326241134751], "class": 2}