{"image": "88890919-1aaf-11ef-89cf-bd5cfcf36af4.jpg", "bboxes": [0.5491252955082742, 0.4805673758865249, 0.934468085106383, 0.8824586288416075], "class": 2}