{"image": "88890919-1aaf-11ef-89cf-bd5cfcf36af4.jpg", "bboxes": [0.47134751773049643, 0.17087470449172582, 0.8566903073286052, 0.5727659574468085], "class": 2}