{"image": "88890919-1aaf-11ef-89cf-bd5cfcf36af4.jpg", "bboxes": [0.34690307328605197, 0.17087470449172582, 0.7322458628841607, 0.5727659574468085], "class": 2}