{"image": "88890919-1aaf-11ef-89cf-bd5cfcf36af4.jpg", "bboxes": [0.15134751773049643, 0.12420803782505918, 0.5366903073286052, 0.5260992907801418], "class": 2}