{"image": "88890919-1aaf-11ef-89cf-bd5cfcf36af4.jpg", "bboxes": [0.28245862884160755, 0.42945626477541377, 0.6678014184397163, 0.8313475177304964], "class": 2}