{"image": "88890919-1aaf-11ef-89cf-bd5cfcf36af4.jpg", "bboxes": [0.23219858156028372, 0.45612293144208044, 0.6175413711583925, 0.858014184397163], "class": 2}