{"image": "88890919-1aaf-11ef-89cf-bd5cfcf36af4.jpg", "bboxes": [0.23219858156028372, 0.45167848699763596, 0.6175413711583925, 0.8535697399527187], "class": 2}