{"image": "88890919-1aaf-11ef-89cf-bd5cfcf36af4.jpg", "bboxes": [0.4046808510638297, 0.4650118203309693, 0.7900236406619385, 0.866903073286052], "class": 2}