{"image": "88890919-1aaf-11ef-89cf-bd5cfcf36af4.jpg", "bboxes": [0.04775413711583931, 0.14420803782505906, 0.4330969267139481, 0.5460992907801419], "class": 2}