{"image": "88890919-1aaf-11ef-89cf-bd5cfcf36af4.jpg", "bboxes": [0.36023640661938533, 0.1375413711583925, 0.745579196217494, 0.5394326241134751], "class": 2}