{"image": "88890919-1aaf-11ef-89cf-bd5cfcf36af4.jpg", "bboxes": [0.5313475177304964, 0.1375413711583925, 0.9166903073286052, 0.5394326241134751], "class": 2}