{"image": "88890919-1aaf-11ef-89cf-bd5cfcf36af4.jpg", "bboxes": [0.2513475177304964, 0.13531914893617025, 0.6366903073286052, 0.5372104018912529], "class": 2}