{"image": "88890919-1aaf-11ef-89cf-bd5cfcf36af4.jpg", "bboxes": [0.3802364066193853, 0.4805673758865249, 0.765579196217494, 0.8824586288416075], "class": 2}