{"image": "88890919-1aaf-11ef-89cf-bd5cfcf36af4.jpg", "bboxes": [0.1166430260047282, 0.16865248226950358, 0.501985815602837, 0.5705437352245863], "class": 2}