{"image": "88890919-1aaf-11ef-89cf-bd5cfcf36af4.jpg", "bboxes": [0.18997635933806145, 0.46723404255319156, 0.5753191489361702, 0.8691252955082742], "class": 2}