{"image": "88890919-1aaf-11ef-89cf-bd5cfcf36af4.jpg", "bboxes": [0.3380141843971631, 0.47612293144208045, 0.7233569739952719, 0.8780141843971631], "class": 2}