{"image": "88890919-1aaf-11ef-89cf-bd5cfcf36af4.jpg", "bboxes": [0.10553191489361702, 0.12865248226950354, 0.49087470449172577, 0.5305437352245863], "class": 2}