{"image": "88890919-1aaf-11ef-89cf-bd5cfcf36af4.jpg", "bboxes": [0.4002364066193853, 0.46723404255319156, 0.7855791962174941, 0.8691252955082742], "class": 2}