{"image": "88890919-1aaf-11ef-89cf-bd5cfcf36af4.jpg", "bboxes": [0.16245862884160753, 0.1753191489361703, 0.5478014184397163, 0.5772104018912529], "class": 2}