{"image": "88890919-1aaf-11ef-89cf-bd5cfcf36af4.jpg", "bboxes": [0.4402364066193853, 0.11087470449172576, 0.8255791962174941, 0.5127659574468084], "class": 2}