{"image": "88890919-1aaf-11ef-89cf-bd5cfcf36af4.jpg", "bboxes": [0.4824586288416075, 0.42945626477541377, 0.8678014184397163, 0.8313475177304964], "class": 2}