{"image": "88890919-1aaf-11ef-89cf-bd5cfcf36af4.jpg", "bboxes": [0.18108747044917262, 0.12865248226950354, 0.5664302600472814, 0.5305437352245863], "class": 2}