{"image": "88890919-1aaf-11ef-89cf-bd5cfcf36af4.jpg", "bboxes": [0.22023640661938532, 0.1642080378250591, 0.6055791962174941, 0.5660992907801418], "class": 2}