{"image": "88890919-1aaf-11ef-89cf-bd5cfcf36af4.jpg", "bboxes": [0.3091252955082742, 0.1264302600472813, 0.6944680851063829, 0.528321513002364], "class": 2}