{"image": "88890919-1aaf-11ef-89cf-bd5cfcf36af4.jpg", "bboxes": [0.3113475177304964, 0.4827895981087471, 0.6966903073286052, 0.8846808510638298], "class": 2}