{"image": "88890919-1aaf-11ef-89cf-bd5cfcf36af4.jpg", "bboxes": [0.3091252955082742, 0.4494562647754138, 0.6944680851063829, 0.8513475177304964], "class": 2}