{"image": "88890919-1aaf-11ef-89cf-bd5cfcf36af4.jpg", "bboxes": [0.21356973995271863, 0.4827895981087471, 0.5989125295508274, 0.8846808510638298], "class": 2}