{"image": "88890919-1aaf-11ef-89cf-bd5cfcf36af4.jpg", "bboxes": [0.12775413711583927, 0.15531914893617027, 0.513096926713948, 0.5572104018912529], "class": 2}