{"image": "88890919-1aaf-11ef-89cf-bd5cfcf36af4.jpg", "bboxes": [0.3766430260047281, 0.13976359338061473, 0.761985815602837, 0.5416548463356974], "class": 2}