{"image": "88890919-1aaf-11ef-89cf-bd5cfcf36af4.jpg", "bboxes": [0.2566430260047281, 0.113096926713948, 0.6419858156028369, 0.5149881796690307], "class": 2}