{"image": "88890919-1aaf-11ef-89cf-bd5cfcf36af4.jpg", "bboxes": [0.4388652482269504, 0.47612293144208045, 0.8242080378250591, 0.8780141843971631], "class": 2}