{"image": "88890919-1aaf-11ef-89cf-bd5cfcf36af4.jpg", "bboxes": [0.14468085106382975, 0.4583451536643027, 0.5300236406619385, 0.8602364066193853], "class": 2}