{"image": "88890919-1aaf-11ef-89cf-bd5cfcf36af4.jpg", "bboxes": [0.1980141843971631, 0.4427895981087471, 0.5833569739952719, 0.8446808510638297], "class": 2}