{"image": "88890919-1aaf-11ef-89cf-bd5cfcf36af4.jpg", "bboxes": [0.1544208037825059, 0.1575413711583925, 0.5397635933806146, 0.559432624113475], "class": 2}