{"image": "88890919-1aaf-11ef-89cf-bd5cfcf36af4.jpg", "bboxes": [0.40553191489361706, 0.4805673758865249, 0.7908747044917258, 0.8824586288416075], "class": 2}