{"image": "88890919-1aaf-11ef-89cf-bd5cfcf36af4.jpg", "bboxes": [0.5402364066193853, 0.4827895981087471, 0.9255791962174941, 0.8846808510638298], "class": 2}