{"image": "88890919-1aaf-11ef-89cf-bd5cfcf36af4.jpg", "bboxes": [0.30330969267139485, 0.15976359338061474, 0.6886524822695036, 0.5616548463356974], "class": 2}