{"image": "88890919-1aaf-11ef-89cf-bd5cfcf36af4.jpg", "bboxes": [0.28468085106382973, 0.4405673758865249, 0.6700236406619385, 0.8424586288416075], "class": 2}