{"image": "88890919-1aaf-11ef-89cf-bd5cfcf36af4.jpg", "bboxes": [0.46690307328605196, 0.4427895981087471, 0.8522458628841607, 0.8446808510638297], "class": 2}