{"image": "88890919-1aaf-11ef-89cf-bd5cfcf36af4.jpg", "bboxes": [0.4224586288416075, 0.4627895981087471, 0.8078014184397163, 0.8646808510638297], "class": 2}