{"image": "88890919-1aaf-11ef-89cf-bd5cfcf36af4.jpg", "bboxes": [0.4588652482269504, 0.16865248226950358, 0.8442080378250592, 0.5705437352245863], "class": 2}