{"image": "88890919-1aaf-11ef-89cf-bd5cfcf36af4.jpg", "bboxes": [0.42468085106382975, 0.4494562647754138, 0.8100236406619385, 0.8513475177304964], "class": 2}