{"image": "8a63017e-1aaf-11ef-a1e7-bd5cfcf36af4.jpg", "bboxes": [0.8095981087470446, 0.18676122931442074, 1.0, 0.5732860520094563], "class": 2}