{"image": "8a63017e-1aaf-11ef-a1e7-bd5cfcf36af4.jpg", "bboxes": [0.6895981087470446, 0.21342789598108736, 1.0, 0.5999527186761229], "class": 2}