{"image": "8a63017e-1aaf-11ef-a1e7-bd5cfcf36af4.jpg", "bboxes": [0.7384869976359336, 0.4067139479905438, 0.9977777777777778, 0.7932387706855792], "class": 2}