{"image": "8a63017e-1aaf-11ef-a1e7-bd5cfcf36af4.jpg", "bboxes": [0.06860520094562672, 0.17342789598108743, 0.3948463356973998, 0.5599527186761228], "class": 2}