{"image": "8a63017e-1aaf-11ef-a1e7-bd5cfcf36af4.jpg", "bboxes": [0.6184869976359336, 0.20453900709219852, 0.9447281323877067, 0.5910638297872339], "class": 2}