{"image": "8a63017e-1aaf-11ef-a1e7-bd5cfcf36af4.jpg", "bboxes": [0.13527186761229337, 0.44671394799054376, 0.46151300236406645, 0.8332387706855793], "class": 2}