{"image": "8a63017e-1aaf-11ef-a1e7-bd5cfcf36af4.jpg", "bboxes": [0.1997163120567378, 0.408936170212766, 0.5259574468085109, 0.7954609929078015], "class": 2}