{"image": "8a63017e-1aaf-11ef-a1e7-bd5cfcf36af4.jpg", "bboxes": [0.07082742316784885, 0.17565011820330967, 0.39706855791962203, 0.5621749408983452], "class": 2}