{"image": "8a63017e-1aaf-11ef-a1e7-bd5cfcf36af4.jpg", "bboxes": [0.6295981087470447, 0.18231678486997627, 0.9558392434988178, 0.5688416075650118], "class": 2}