{"image": "8a63017e-1aaf-11ef-a1e7-bd5cfcf36af4.jpg", "bboxes": [0.5718203309692669, 0.44226950354609934, 0.89806146572104, 0.8287943262411348], "class": 2}