{"image": "8a63017e-1aaf-11ef-a1e7-bd5cfcf36af4.jpg", "bboxes": [0.0, 0.45560283687943265, 0.15706855791962193, 0.8421276595744681], "class": 2}