{"image": "8a63017e-1aaf-11ef-a1e7-bd5cfcf36af4.jpg", "bboxes": [0.041938534278959994, 0.19342789598108745, 0.36817966903073307, 0.5799527186761229], "class": 2}