{"image": "8a63017e-1aaf-11ef-a1e7-bd5cfcf36af4.jpg", "bboxes": [0.7251536643026002, 0.4200472813238771, 1.0, 0.8065721040189126], "class": 2}