{"image": "8a63017e-1aaf-11ef-a1e7-bd5cfcf36af4.jpg", "bboxes": [0.13971631205673773, 0.16009456264775412, 0.4659574468085109, 0.5466193853427896], "class": 2}