{"image": "8a63017e-1aaf-11ef-a1e7-bd5cfcf36af4.jpg", "bboxes": [0.8473758865248224, 0.3933806146572104, 0.9977777777777778, 0.7799054373522459], "class": 2}