{"image": "8a63017e-1aaf-11ef-a1e7-bd5cfcf36af4.jpg", "bboxes": [0.5740425531914891, 0.1845390070921985, 0.9002836879432622, 0.571063829787234], "class": 2}