{"image": "8a63017e-1aaf-11ef-a1e7-bd5cfcf36af4.jpg", "bboxes": [0.8318203309692669, 0.45115839243498823, 0.9977777777777778, 0.8376832151300238], "class": 2}