{"image": "8a63017e-1aaf-11ef-a1e7-bd5cfcf36af4.jpg", "bboxes": [0.8673758865248224, 0.19565011820330958, 1.0, 0.5821749408983452], "class": 2}