{"image": "8a63017e-1aaf-11ef-a1e7-bd5cfcf36af4.jpg", "bboxes": [0.8807092198581558, 0.17342789598108743, 1.0, 0.5599527186761228], "class": 2}