{"image": "8a63017e-1aaf-11ef-a1e7-bd5cfcf36af4.jpg", "bboxes": [0.015271867612293377, 0.1578723404255319, 0.34151300236406645, 0.5443971631205673], "class": 2}