{"image": "8a63017e-1aaf-11ef-a1e7-bd5cfcf36af4.jpg", "bboxes": [0.0, 0.22009456264775407, 0.11484633569739977, 0.6066193853427896], "class": 2}