{"image": "8a63017e-1aaf-11ef-a1e7-bd5cfcf36af4.jpg", "bboxes": [0.09082742316784886, 0.1712056737588652, 0.41706855791962194, 0.5577304964539007], "class": 2}