{"image": "8a63017e-1aaf-11ef-a1e7-bd5cfcf36af4.jpg", "bboxes": [0.6095981087470447, 0.15565011820330965, 0.9358392434988178, 0.5421749408983452], "class": 2}