{"image": "8a63017e-1aaf-11ef-a1e7-bd5cfcf36af4.jpg", "bboxes": [0.01971631205673774, 0.3978250591016549, 0.3459574468085108, 0.7843498817966904], "class": 2}