{"image": "8a63017e-1aaf-11ef-a1e7-bd5cfcf36af4.jpg", "bboxes": [0.0022222222222222365, 0.42671394799054374, 0.1615130023640664, 0.8132387706855793], "class": 2}