{"image": "8a63017e-1aaf-11ef-a1e7-bd5cfcf36af4.jpg", "bboxes": [0.0, 0.4222695035460993, 0.2881796690307331, 0.8087943262411348], "class": 2}