{"image": "8a63017e-1aaf-11ef-a1e7-bd5cfcf36af4.jpg", "bboxes": [0.0, 0.16898345153664296, 0.16373522458628864, 0.5555082742316785], "class": 2}