{"image": "8a63017e-1aaf-11ef-a1e7-bd5cfcf36af4.jpg", "bboxes": [0.7984869976359336, 0.428936170212766, 0.9977777777777778, 0.8154609929078015], "class": 2}