{"image": "8a63017e-1aaf-11ef-a1e7-bd5cfcf36af4.jpg", "bboxes": [0.0022222222222222365, 0.20009456264775405, 0.2926241134751776, 0.5866193853427897], "class": 2}