{"image": "8a63017e-1aaf-11ef-a1e7-bd5cfcf36af4.jpg", "bboxes": [0.47848699763593355, 0.44226950354609934, 0.8047281323877067, 0.8287943262411348], "class": 2}