{"image": "8a63017e-1aaf-11ef-a1e7-bd5cfcf36af4.jpg", "bboxes": [0.7495981087470447, 0.19342789598108745, 0.9977777777777778, 0.5799527186761229], "class": 2}