{"image": "8a63017e-1aaf-11ef-a1e7-bd5cfcf36af4.jpg", "bboxes": [0.8473758865248224, 0.448936170212766, 0.9977777777777778, 0.8354609929078015], "class": 2}