{"image": "8a63017e-1aaf-11ef-a1e7-bd5cfcf36af4.jpg", "bboxes": [0.6984869976359336, 0.17565011820330967, 0.9977777777777778, 0.5621749408983452], "class": 2}