{"image": "8a63017e-1aaf-11ef-a1e7-bd5cfcf36af4.jpg", "bboxes": [0.0022222222222222365, 0.1667612293144207, 0.17040189125295535, 0.5532860520094562], "class": 2}