{"image": "8a63017e-1aaf-11ef-a1e7-bd5cfcf36af4.jpg", "bboxes": [0.5651536643026003, 0.45560283687943265, 0.8913947990543734, 0.8421276595744681], "class": 2}