{"image": "8a63017e-1aaf-11ef-a1e7-bd5cfcf36af4.jpg", "bboxes": [0.0022222222222222365, 0.448936170212766, 0.23262411347517753, 0.8354609929078015], "class": 2}