{"image": "8a63017e-1aaf-11ef-a1e7-bd5cfcf36af4.jpg", "bboxes": [0.0041607565011821945, 0.16009456264775412, 0.33040189125295527, 0.5466193853427896], "class": 2}