{"image": "8a63017e-1aaf-11ef-a1e7-bd5cfcf36af4.jpg", "bboxes": [0.5273758865248225, 0.21120567375886523, 0.8536170212765956, 0.5977304964539008], "class": 2}