{"image": "8a63017e-1aaf-11ef-a1e7-bd5cfcf36af4.jpg", "bboxes": [0.1308274231678489, 0.20453900709219852, 0.457068557919622, 0.5910638297872339], "class": 2}