{"image": "8a63017e-1aaf-11ef-a1e7-bd5cfcf36af4.jpg", "bboxes": [0.07304964539007108, 0.16898345153664296, 0.39929078014184416, 0.5555082742316785], "class": 2}