{"image": "8a63017e-1aaf-11ef-a1e7-bd5cfcf36af4.jpg", "bboxes": [0.006382978723404431, 0.21342789598108736, 0.33262411347517756, 0.5999527186761229], "class": 2}