{"image": "8a63017e-1aaf-11ef-a1e7-bd5cfcf36af4.jpg", "bboxes": [0.0486052009456267, 0.41338061465721043, 0.3748463356973998, 0.799905437352246], "class": 2}