{"image": "8a63017e-1aaf-11ef-a1e7-bd5cfcf36af4.jpg", "bboxes": [0.0, 0.20676122931442076, 0.11262411347517753, 0.5932860520094563], "class": 2}