{"image": "8a63017e-1aaf-11ef-a1e7-bd5cfcf36af4.jpg", "bboxes": [0.0, 0.41560283687943267, 0.1415130023640664, 0.8021276595744682], "class": 2}