{"image": "8a63017e-1aaf-11ef-a1e7-bd5cfcf36af4.jpg", "bboxes": [0.7007092198581558, 0.44671394799054376, 1.0, 0.8332387706855793], "class": 2}