{"image": "8a63017e-1aaf-11ef-a1e7-bd5cfcf36af4.jpg", "bboxes": [0.017494089834515614, 0.19565011820330958, 0.3437352245862887, 0.5821749408983452], "class": 2}