{"image": "8a63017e-1aaf-11ef-a1e7-bd5cfcf36af4.jpg", "bboxes": [0.531820330969267, 0.39560283687943265, 0.85806146572104, 0.7821276595744682], "class": 2}