{"image": "8a63017e-1aaf-11ef-a1e7-bd5cfcf36af4.jpg", "bboxes": [0.0, 0.2156501182033096, 0.17929078014184419, 0.6021749408983451], "class": 2}