{"image": "8a63017e-1aaf-11ef-a1e7-bd5cfcf36af4.jpg", "bboxes": [0.5251536643026002, 0.1778723404255319, 0.8513947990543733, 0.5643971631205673], "class": 2}