{"image": "8a63017e-1aaf-11ef-a1e7-bd5cfcf36af4.jpg", "bboxes": [0.03749408983451552, 0.43782505910165487, 0.3637352245862886, 0.8243498817966903], "class": 2}