{"image": "8a63017e-1aaf-11ef-a1e7-bd5cfcf36af4.jpg", "bboxes": [0.8318203309692669, 0.18898345153664298, 1.0, 0.5755082742316784], "class": 2}