{"image": "8a63017e-1aaf-11ef-a1e7-bd5cfcf36af4.jpg", "bboxes": [0.6873758865248225, 0.43560283687943263, 1.0, 0.8221276595744681], "class": 2}