{"image": "8a63017e-1aaf-11ef-a1e7-bd5cfcf36af4.jpg", "bboxes": [0.0022222222222222365, 0.17565011820330967, 0.1570685579196219, 0.5621749408983452], "class": 2}