{"image": "8a63017e-1aaf-11ef-a1e7-bd5cfcf36af4.jpg", "bboxes": [0.7695981087470447, 0.20231678486997628, 0.9977777777777778, 0.5888416075650118], "class": 2}