{"image": "8ab2ab92-1aaf-11ef-a119-bd5cfcf36af4.jpg", "bboxes": [0.41257683215130025, 0.47286052009456264, 0.7577304964539007, 0.8652955082742317], "class": 2}