{"image": "8ab2ab92-1aaf-11ef-a119-bd5cfcf36af4.jpg", "bboxes": [0.12004728132387721, 0.16359338061465714, 0.4652009456264775, 0.5560283687943262], "class": 2}