{"image": "8ab2ab92-1aaf-11ef-a119-bd5cfcf36af4.jpg", "bboxes": [0.42671394799054385, 0.42174940898345153, 0.7718676122931442, 0.8141843971631206], "class": 2}