{"image": "8ab2ab92-1aaf-11ef-a119-bd5cfcf36af4.jpg", "bboxes": [0.4392434988179669, 0.45508274231678486, 0.7843971631205673, 0.847517730496454], "class": 2}