{"image": "8ab2ab92-1aaf-11ef-a119-bd5cfcf36af4.jpg", "bboxes": [0.3867139479905438, 0.15470449172576828, 0.7318676122931442, 0.5471394799054373], "class": 2}