{"image": "8ab2ab92-1aaf-11ef-a119-bd5cfcf36af4.jpg", "bboxes": [0.4600472813238772, 0.15470449172576828, 0.8052009456264775, 0.5471394799054373], "class": 2}