{"image": "8ab2ab92-1aaf-11ef-a119-bd5cfcf36af4.jpg", "bboxes": [0.3725768321513003, 0.17026004728132382, 0.7177304964539006, 0.562695035460993], "class": 2}