{"image": "8ab2ab92-1aaf-11ef-a119-bd5cfcf36af4.jpg", "bboxes": [0.2778250591016549, 0.44174940898345155, 0.6229787234042553, 0.8341843971631207], "class": 2}