{"image": "8ab2ab92-1aaf-11ef-a119-bd5cfcf36af4.jpg", "bboxes": [0.28146572104018913, 0.4284160756501182, 0.6266193853427895, 0.8208510638297872], "class": 2}