{"image": "8ab2ab92-1aaf-11ef-a119-bd5cfcf36af4.jpg", "bboxes": [0.13338061465721052, 0.14137115839243497, 0.4785342789598108, 0.533806146572104], "class": 2}