{"image": "8ab2ab92-1aaf-11ef-a119-bd5cfcf36af4.jpg", "bboxes": [0.3222695035460994, 0.44619385342789597, 0.6674231678486997, 0.838628841607565], "class": 2}