{"image": "8ab2ab92-1aaf-11ef-a119-bd5cfcf36af4.jpg", "bboxes": [0.3347990543735225, 0.48397163120567377, 0.6799527186761228, 0.8764066193853428], "class": 2}