{"image": "8ab2ab92-1aaf-11ef-a119-bd5cfcf36af4.jpg", "bboxes": [0.26893617021276606, 0.12137115839243495, 0.6140898345153665, 0.513806146572104], "class": 2}