{"image": "8ab2ab92-1aaf-11ef-a119-bd5cfcf36af4.jpg", "bboxes": [0.348936170212766, 0.4350827423167849, 0.6940898345153664, 0.8275177304964539], "class": 2}