{"image": "8ab2ab92-1aaf-11ef-a119-bd5cfcf36af4.jpg", "bboxes": [0.45479905437352247, 0.15248226950354604, 0.7999527186761228, 0.5449172576832151], "class": 2}