{"image": "8ab2ab92-1aaf-11ef-a119-bd5cfcf36af4.jpg", "bboxes": [0.21115839243498824, 0.4706382978723404, 0.5563120567375887, 0.8630732860520095], "class": 2}