{"image": "8ab2ab92-1aaf-11ef-a119-bd5cfcf36af4.jpg", "bboxes": [0.1681323877068558, 0.16581560283687935, 0.5132860520094562, 0.5582505910165485], "class": 2}