{"image": "8ab2ab92-1aaf-11ef-a119-bd5cfcf36af4.jpg", "bboxes": [0.510354609929078, 0.4773049645390071, 0.8555082742316784, 0.8697399527186762], "class": 2}