{"image": "8ab2ab92-1aaf-11ef-a119-bd5cfcf36af4.jpg", "bboxes": [0.4459101654846336, 0.4795271867612293, 0.791063829787234, 0.8719621749408984], "class": 2}