{"image": "8ab2ab92-1aaf-11ef-a119-bd5cfcf36af4.jpg", "bboxes": [0.13257683215130026, 0.4884160756501182, 0.4777304964539006, 0.8808510638297873], "class": 2}