{"image": "8ab2ab92-1aaf-11ef-a119-bd5cfcf36af4.jpg", "bboxes": [0.17115839243498832, 0.15470449172576828, 0.5163120567375886, 0.5471394799054373], "class": 2}