{"image": "8ab2ab92-1aaf-11ef-a119-bd5cfcf36af4.jpg", "bboxes": [0.1444917257683216, 0.17914893617021277, 0.48964539007092195, 0.5715839243498818], "class": 2}