{"image": "8ab2ab92-1aaf-11ef-a119-bd5cfcf36af4.jpg", "bboxes": [0.21782505910165495, 0.43286052009456266, 0.5629787234042554, 0.8252955082742317], "class": 2}