{"image": "8ab2ab92-1aaf-11ef-a119-bd5cfcf36af4.jpg", "bboxes": [0.4622695035460994, 0.4284160756501182, 0.8074231678486997, 0.8208510638297872], "class": 2}