{"image": "8ab2ab92-1aaf-11ef-a119-bd5cfcf36af4.jpg", "bboxes": [0.17257683215130024, 0.13914893617021273, 0.5177304964539006, 0.5315839243498818], "class": 2}