{"image": "8ab2ab92-1aaf-11ef-a119-bd5cfcf36af4.jpg", "bboxes": [0.137825059101655, 0.42174940898345153, 0.4829787234042553, 0.8141843971631206], "class": 2}