{"image": "8ab2ab92-1aaf-11ef-a119-bd5cfcf36af4.jpg", "bboxes": [0.2570212765957447, 0.4284160756501182, 0.6021749408983451, 0.8208510638297872], "class": 2}