{"image": "8ab2ab92-1aaf-11ef-a119-bd5cfcf36af4.jpg", "bboxes": [0.48591016548463356, 0.17692671394799053, 0.8310638297872339, 0.5693617021276597], "class": 2}