{"image": "8ab2ab92-1aaf-11ef-a119-bd5cfcf36af4.jpg", "bboxes": [0.290354609929078, 0.44619385342789597, 0.6355082742316784, 0.838628841607565], "class": 2}