{"image": "8ab2ab92-1aaf-11ef-a119-bd5cfcf36af4.jpg", "bboxes": [0.17257683215130024, 0.14137115839243497, 0.5177304964539006, 0.533806146572104], "class": 2}