{"image": "8ab2ab92-1aaf-11ef-a119-bd5cfcf36af4.jpg", "bboxes": [0.2022695035460994, 0.46397163120567375, 0.5474231678486998, 0.8564066193853428], "class": 2}