{"image": "8ab2ab92-1aaf-11ef-a119-bd5cfcf36af4.jpg", "bboxes": [0.45782505910165494, 0.4684160756501182, 0.8029787234042554, 0.8608510638297873], "class": 2}