{"image": "8ab2ab92-1aaf-11ef-a119-bd5cfcf36af4.jpg", "bboxes": [0.2992434988179669, 0.12803782505910155, 0.6443971631205673, 0.5204728132387707], "class": 2}