{"image": "8ab2ab92-1aaf-11ef-a119-bd5cfcf36af4.jpg", "bboxes": [0.2711583924349883, 0.18359338061465713, 0.6163120567375886, 0.5760283687943262], "class": 2}