{"image": "8ab2ab92-1aaf-11ef-a119-bd5cfcf36af4.jpg", "bboxes": [0.2911583924349883, 0.16581560283687935, 0.6363120567375886, 0.5582505910165485], "class": 2}