{"image": "8ab2ab92-1aaf-11ef-a119-bd5cfcf36af4.jpg", "bboxes": [0.3178250591016549, 0.44619385342789597, 0.6629787234042552, 0.838628841607565], "class": 2}