{"image": "8ab2ab92-1aaf-11ef-a119-bd5cfcf36af4.jpg", "bboxes": [0.32004728132387716, 0.4439716312056738, 0.6652009456264776, 0.8364066193853429], "class": 2}