{"image": "8ab2ab92-1aaf-11ef-a119-bd5cfcf36af4.jpg", "bboxes": [0.31338061465721045, 0.4439716312056738, 0.6585342789598109, 0.8364066193853429], "class": 2}