{"image": "8ab2ab92-1aaf-11ef-a119-bd5cfcf36af4.jpg", "bboxes": [0.2970212765957447, 0.4706382978723404, 0.642174940898345, 0.8630732860520095], "class": 2}