{"image": "8ab2ab92-1aaf-11ef-a119-bd5cfcf36af4.jpg", "bboxes": [0.4747990543735225, 0.4573049645390071, 0.8199527186761228, 0.8497399527186762], "class": 2}