{"image": "8ab2ab92-1aaf-11ef-a119-bd5cfcf36af4.jpg", "bboxes": [0.4867139479905438, 0.17026004728132382, 0.8318676122931442, 0.562695035460993], "class": 2}