{"image": "8ab2ab92-1aaf-11ef-a119-bd5cfcf36af4.jpg", "bboxes": [0.13479905437352246, 0.4373049645390071, 0.4799527186761228, 0.8297399527186762], "class": 2}