{"image": "8ab2ab92-1aaf-11ef-a119-bd5cfcf36af4.jpg", "bboxes": [0.4756028368794327, 0.45952718676122933, 0.8207565011820331, 0.8519621749408984], "class": 2}