{"image": "8ab2ab92-1aaf-11ef-a119-bd5cfcf36af4.jpg", "bboxes": [0.47782505910165496, 0.14803782505910157, 0.8229787234042554, 0.5404728132387706], "class": 2}