{"image": "8ab2ab92-1aaf-11ef-a119-bd5cfcf36af4.jpg", "bboxes": [0.3392434988179669, 0.46174940898345157, 0.6843971631205673, 0.8541843971631207], "class": 2}