{"image": "8ab2ab92-1aaf-11ef-a119-bd5cfcf36af4.jpg", "bboxes": [0.2978250591016549, 0.1369267139479905, 0.6429787234042553, 0.5293617021276595], "class": 2}