{"image": "8ab2ab92-1aaf-11ef-a119-bd5cfcf36af4.jpg", "bboxes": [0.5170212765957447, 0.14581560283687933, 0.862174940898345, 0.5382505910165485], "class": 2}