{"image": "8ab2ab92-1aaf-11ef-a119-bd5cfcf36af4.jpg", "bboxes": [0.4281323877068558, 0.13470449172576826, 0.7732860520094562, 0.5271394799054374], "class": 2}