{"image": "8ab2ab92-1aaf-11ef-a119-bd5cfcf36af4.jpg", "bboxes": [0.17115839243498832, 0.17026004728132382, 0.5163120567375886, 0.562695035460993], "class": 2}