{"image": "8ab2ab92-1aaf-11ef-a119-bd5cfcf36af4.jpg", "bboxes": [0.1992434988179669, 0.18581560283687937, 0.5443971631205673, 0.5782505910165485], "class": 2}