{"image": "8ab2ab92-1aaf-11ef-a119-bd5cfcf36af4.jpg", "bboxes": [0.12004728132387721, 0.15914893617021275, 0.4652009456264775, 0.5515839243498818], "class": 2}