{"image": "8ab2ab92-1aaf-11ef-a119-bd5cfcf36af4.jpg", "bboxes": [0.44146572104018916, 0.13248226950354602, 0.7866193853427895, 0.5249172576832151], "class": 2}