{"image": "8ab2ab92-1aaf-11ef-a119-bd5cfcf36af4.jpg", "bboxes": [0.21338061465721048, 0.12359338061465719, 0.5585342789598109, 0.5160283687943262], "class": 2}