{"image": "8ab2ab92-1aaf-11ef-a119-bd5cfcf36af4.jpg", "bboxes": [0.4614657210401891, 0.46397163120567375, 0.8066193853427895, 0.8564066193853428], "class": 2}