{"image": "8ab2ab92-1aaf-11ef-a119-bd5cfcf36af4.jpg", "bboxes": [0.18368794326241136, 0.45063829787234044, 0.5288416075650118, 0.8430732860520095], "class": 2}