{"image": "8ab2ab92-1aaf-11ef-a119-bd5cfcf36af4.jpg", "bboxes": [0.13338061465721052, 0.1502600472813238, 0.4785342789598108, 0.542695035460993], "class": 2}