{"image": "8ab2ab92-1aaf-11ef-a119-bd5cfcf36af4.jpg", "bboxes": [0.18004728132387715, 0.4528605200945627, 0.5252009456264775, 0.8452955082742317], "class": 2}