{"image": "8ab2ab92-1aaf-11ef-a119-bd5cfcf36af4.jpg", "bboxes": [0.2081323877068558, 0.12137115839243495, 0.5532860520094561, 0.513806146572104], "class": 2}