{"image": "8ab2ab92-1aaf-11ef-a119-bd5cfcf36af4.jpg", "bboxes": [0.3170212765957447, 0.4573049645390071, 0.662174940898345, 0.8497399527186762], "class": 2}