{"image": "8ab2ab92-1aaf-11ef-a119-bd5cfcf36af4.jpg", "bboxes": [0.40226950354609936, 0.14581560283687933, 0.7474231678486998, 0.5382505910165485], "class": 2}