{"image": "8ab2ab92-1aaf-11ef-a119-bd5cfcf36af4.jpg", "bboxes": [0.2681323877068558, 0.1502600472813238, 0.6132860520094562, 0.542695035460993], "class": 2}