{"image": "8ab2ab92-1aaf-11ef-a119-bd5cfcf36af4.jpg", "bboxes": [0.13035460992907802, 0.4795271867612293, 0.4755082742316784, 0.8719621749408984], "class": 2}