{"image": "8ab2ab92-1aaf-11ef-a119-bd5cfcf36af4.jpg", "bboxes": [0.3556028368794327, 0.161371158392435, 0.700756501182033, 0.553806146572104], "class": 2}