{"image": "8ab2ab92-1aaf-11ef-a119-bd5cfcf36af4.jpg", "bboxes": [0.40226950354609936, 0.18359338061465713, 0.7474231678486998, 0.5760283687943262], "class": 2}