{"image": "8ab2ab92-1aaf-11ef-a119-bd5cfcf36af4.jpg", "bboxes": [0.4992434988179669, 0.1747044917257683, 0.8443971631205672, 0.5671394799054373], "class": 2}