{"image": "8ab2ab92-1aaf-11ef-a119-bd5cfcf36af4.jpg", "bboxes": [0.31479905437352246, 0.17026004728132382, 0.6599527186761228, 0.562695035460993], "class": 2}