{"image": "8ab2ab92-1aaf-11ef-a119-bd5cfcf36af4.jpg", "bboxes": [0.29257683215130026, 0.4750827423167849, 0.6377304964539006, 0.867517730496454], "class": 2}