{"image": "8ab2ab92-1aaf-11ef-a119-bd5cfcf36af4.jpg", "bboxes": [0.5347990543735225, 0.12581560283687943, 0.8799527186761228, 0.5182505910165485], "class": 2}