{"image": "8ab2ab92-1aaf-11ef-a119-bd5cfcf36af4.jpg", "bboxes": [0.4178250591016549, 0.13248226950354602, 0.7629787234042553, 0.5249172576832151], "class": 2}