{"image": "8ab2ab92-1aaf-11ef-a119-bd5cfcf36af4.jpg", "bboxes": [0.3881323877068558, 0.14581560283687933, 0.7332860520094562, 0.5382505910165485], "class": 2}