{"image": "8ab2ab92-1aaf-11ef-a119-bd5cfcf36af4.jpg", "bboxes": [0.5481323877068558, 0.486193853427896, 0.8932860520094562, 0.878628841607565], "class": 2}