{"image": "8b023075-1aaf-11ef-935e-bd5cfcf36af4.jpg", "bboxes": [0.47375886524822697, 0.6478014184397163, 0.837825059101655, 0.955130023640662], "class": 2}