{"image": "8b023075-1aaf-11ef-935e-bd5cfcf36af4.jpg", "bboxes": [0.564869976359338, 0.09375886524822696, 0.928936170212766, 0.4010874704491726], "class": 2}