{"image": "8b023075-1aaf-11ef-935e-bd5cfcf36af4.jpg", "bboxes": [0.7737588652482269, 0.049314420803782455, 1.0, 0.3566430260047282], "class": 2}