{"image": "8b023075-1aaf-11ef-935e-bd5cfcf36af4.jpg", "bboxes": [0.18661938534278957, 0.06264775413711576, 0.5506855791962175, 0.3699763593380615], "class": 2}