{"image": "8b023075-1aaf-11ef-935e-bd5cfcf36af4.jpg", "bboxes": [0.6070921985815603, 0.6100236406619385, 0.9711583924349882, 0.9173522458628842], "class": 2}