{"image": "8b023075-1aaf-11ef-935e-bd5cfcf36af4.jpg", "bboxes": [0.21328605200945625, 0.06264775413711576, 0.5773522458628843, 0.3699763593380615], "class": 2}