{"image": "8b023075-1aaf-11ef-935e-bd5cfcf36af4.jpg", "bboxes": [0.7670921985815602, 0.6366903073286052, 0.9977777777777778, 0.9440189125295508], "class": 2}