{"image": "8b023075-1aaf-11ef-935e-bd5cfcf36af4.jpg", "bboxes": [0.4759810874704491, 0.6122458628841607, 0.8400472813238771, 0.9195744680851065], "class": 2}