{"image": "8b023075-1aaf-11ef-935e-bd5cfcf36af4.jpg", "bboxes": [0.5070921985815602, 0.06931442080378247, 0.8711583924349882, 0.3766430260047281], "class": 2}