{"image": "8b023075-1aaf-11ef-935e-bd5cfcf36af4.jpg", "bboxes": [0.4559810874704492, 0.6522458628841608, 0.820047281323877, 0.9595744680851064], "class": 2}