{"image": "8b023075-1aaf-11ef-935e-bd5cfcf36af4.jpg", "bboxes": [0.0, 0.09598108747044909, 0.28401891252955086, 0.4033096926713948], "class": 2}