{"image": "8b023075-1aaf-11ef-935e-bd5cfcf36af4.jpg", "bboxes": [0.19550827423167846, 0.6589125295508274, 0.5595744680851065, 0.9662411347517731], "class": 2}