{"image": "8b023075-1aaf-11ef-935e-bd5cfcf36af4.jpg", "bboxes": [0.4493144208037825, 0.03820330969267138, 0.8133806146572105, 0.34553191489361706], "class": 2}