{"image": "8b023075-1aaf-11ef-935e-bd5cfcf36af4.jpg", "bboxes": [0.0, 0.645579196217494, 0.2773522458628842, 0.9529078014184398], "class": 2}