{"image": "8b023075-1aaf-11ef-935e-bd5cfcf36af4.jpg", "bboxes": [0.6937588652482269, 0.625579196217494, 1.0, 0.9329078014184398], "class": 2}