{"image": "8b023075-1aaf-11ef-935e-bd5cfcf36af4.jpg", "bboxes": [0.564869976359338, 0.07375886524822695, 0.928936170212766, 0.38108747044917257], "class": 2}