{"image": "8b023075-1aaf-11ef-935e-bd5cfcf36af4.jpg", "bboxes": [0.0, 0.6566903073286052, 0.25290780141843977, 0.9640189125295509], "class": 2}