{"image": "8b023075-1aaf-11ef-935e-bd5cfcf36af4.jpg", "bboxes": [0.19773049645390067, 0.6566903073286052, 0.5617966903073286, 0.9640189125295509], "class": 2}