{"image": "8b023075-1aaf-11ef-935e-bd5cfcf36af4.jpg", "bboxes": [0.0, 0.031536643026004674, 0.235130023640662, 0.3388652482269504], "class": 2}