{"image": "8b023075-1aaf-11ef-935e-bd5cfcf36af4.jpg", "bboxes": [0.0, 0.6522458628841608, 0.25068557919621753, 0.9595744680851064], "class": 2}