{"image": "8b023075-1aaf-11ef-935e-bd5cfcf36af4.jpg", "bboxes": [0.01773049645390068, 0.6411347517730497, 0.38179669030732866, 0.9484633569739953], "class": 2}