{"image": "8b023075-1aaf-11ef-935e-bd5cfcf36af4.jpg", "bboxes": [0.04661938534278957, 0.07153664302600471, 0.4106855791962175, 0.37886524822695034], "class": 2}