{"image": "8b023075-1aaf-11ef-935e-bd5cfcf36af4.jpg", "bboxes": [0.35153664302600474, 0.08042553191489354, 0.7156028368794327, 0.3877541371158393], "class": 2}