{"image": "8b023075-1aaf-11ef-935e-bd5cfcf36af4.jpg", "bboxes": [0.3826477541371158, 0.6389125295508274, 0.7467139479905438, 0.9462411347517731], "class": 2}