{"image": "8b023075-1aaf-11ef-935e-bd5cfcf36af4.jpg", "bboxes": [0.4493144208037825, 0.049314420803782455, 0.8133806146572105, 0.3566430260047282], "class": 2}