{"image": "8b023075-1aaf-11ef-935e-bd5cfcf36af4.jpg", "bboxes": [0.1088416075650118, 0.064869976359338, 0.47290780141843974, 0.3721985815602838], "class": 2}