{"image": "8b023075-1aaf-11ef-935e-bd5cfcf36af4.jpg", "bboxes": [0.1599527186761229, 0.6055791962174941, 0.5240189125295509, 0.9129078014184397], "class": 2}