{"image": "8b023075-1aaf-11ef-935e-bd5cfcf36af4.jpg", "bboxes": [0.47375886524822697, 0.6055791962174941, 0.837825059101655, 0.9129078014184397], "class": 2}