{"image": "8b023075-1aaf-11ef-935e-bd5cfcf36af4.jpg", "bboxes": [0.0, 0.6300236406619385, 0.25068557919621753, 0.9373522458628842], "class": 2}