{"image": "8b023075-1aaf-11ef-935e-bd5cfcf36af4.jpg", "bboxes": [0.7293144208037825, 0.08264775413711578, 0.9977777777777778, 0.3899763593380615], "class": 2}