{"image": "8b023075-1aaf-11ef-935e-bd5cfcf36af4.jpg", "bboxes": [0.0999527186761229, 0.04486997635933798, 0.46401891252955085, 0.3521985815602837], "class": 2}