{"image": "8b023075-1aaf-11ef-935e-bd5cfcf36af4.jpg", "bboxes": [0.6915366430260047, 0.08709219858156025, 1.0, 0.3944208037825059], "class": 2}