{"image": "8b023075-1aaf-11ef-935e-bd5cfcf36af4.jpg", "bboxes": [0.12661938534278958, 0.07598108747044918, 0.4906855791962175, 0.3833096926713948], "class": 2}