{"image": "8b023075-1aaf-11ef-935e-bd5cfcf36af4.jpg", "bboxes": [0.24661938534278957, 0.04486997635933798, 0.6106855791962176, 0.3521985815602837], "class": 2}