{"image": "8b023075-1aaf-11ef-935e-bd5cfcf36af4.jpg", "bboxes": [0.4626477541371158, 0.6366903073286052, 0.8267139479905438, 0.9440189125295508], "class": 2}