{"image": "8b023075-1aaf-11ef-935e-bd5cfcf36af4.jpg", "bboxes": [0.0, 0.08264775413711578, 0.2973522458628842, 0.3899763593380615], "class": 2}