{"image": "8b023075-1aaf-11ef-935e-bd5cfcf36af4.jpg", "bboxes": [0.4493144208037825, 0.031536643026004674, 0.8133806146572105, 0.3388652482269504], "class": 2}