{"image": "8b023075-1aaf-11ef-935e-bd5cfcf36af4.jpg", "bboxes": [0.1599527186761229, 0.08709219858156025, 0.5240189125295509, 0.3944208037825059], "class": 2}