{"image": "8b023075-1aaf-11ef-935e-bd5cfcf36af4.jpg", "bboxes": [0.0, 0.5966903073286052, 0.34401891252955086, 0.9040189125295509], "class": 2}