{"image": "8b023075-1aaf-11ef-935e-bd5cfcf36af4.jpg", "bboxes": [0.5493144208037825, 0.6189125295508274, 0.9133806146572103, 0.926241134751773], "class": 2}