{"image": "8b023075-1aaf-11ef-935e-bd5cfcf36af4.jpg", "bboxes": [0.18661938534278957, 0.08931442080378249, 0.5506855791962175, 0.3966430260047281], "class": 2}