{"image": "8b023075-1aaf-11ef-935e-bd5cfcf36af4.jpg", "bboxes": [0.062174940898345125, 0.029314420803782437, 0.4262411347517731, 0.3366430260047282], "class": 2}