{"image": "8b023075-1aaf-11ef-935e-bd5cfcf36af4.jpg", "bboxes": [0.006619385342789567, 0.06042553191489353, 0.37068557919621753, 0.36775413711583926], "class": 2}