{"image": "8b023075-1aaf-11ef-935e-bd5cfcf36af4.jpg", "bboxes": [0.713758865248227, 0.6322458628841607, 1.0, 0.9395744680851065], "class": 2}