{"image": "8b023075-1aaf-11ef-935e-bd5cfcf36af4.jpg", "bboxes": [0.7004255319148935, 0.05153664302600469, 0.9977777777777778, 0.3588652482269503], "class": 2}