{"image": "8b023075-1aaf-11ef-935e-bd5cfcf36af4.jpg", "bboxes": [0.035508274231678454, 0.07153664302600471, 0.39957446808510644, 0.37886524822695034], "class": 2}