{"image": "8b023075-1aaf-11ef-935e-bd5cfcf36af4.jpg", "bboxes": [0.3826477541371158, 0.03598108747044915, 0.7467139479905438, 0.3433096926713948], "class": 2}