{"image": "8b023075-1aaf-11ef-935e-bd5cfcf36af4.jpg", "bboxes": [0.09773049645390068, 0.031536643026004674, 0.4617966903073286, 0.3388652482269504], "class": 2}