{"image": "8b023075-1aaf-11ef-935e-bd5cfcf36af4.jpg", "bboxes": [0.7182033096926714, 0.0582033096926714, 1.0, 0.365531914893617], "class": 2}