{"image": "8b023075-1aaf-11ef-935e-bd5cfcf36af4.jpg", "bboxes": [0.25328605200945625, 0.5989125295508274, 0.6173522458628842, 0.906241134751773], "class": 2}