{"image": "8b023075-1aaf-11ef-935e-bd5cfcf36af4.jpg", "bboxes": [0.0, 0.6122458628841607, 0.3595744680851064, 0.9195744680851065], "class": 2}