{"image": "8b023075-1aaf-11ef-935e-bd5cfcf36af4.jpg", "bboxes": [0.5893144208037825, 0.06042553191489353, 0.9533806146572105, 0.36775413711583926], "class": 2}