{"image": "8b023075-1aaf-11ef-935e-bd5cfcf36af4.jpg", "bboxes": [0.0, 0.6589125295508274, 0.27957446808510644, 0.9662411347517731], "class": 2}