{"image": "8b023075-1aaf-11ef-935e-bd5cfcf36af4.jpg", "bboxes": [0.5382033096926714, 0.03598108747044915, 0.9022695035460994, 0.3433096926713948], "class": 2}