{"image": "8b023075-1aaf-11ef-935e-bd5cfcf36af4.jpg", "bboxes": [0.5426477541371157, 0.09375886524822696, 0.9067139479905437, 0.4010874704491726], "class": 2}