{"image": "8b023075-1aaf-11ef-935e-bd5cfcf36af4.jpg", "bboxes": [0.6248699763593379, 0.06264775413711576, 0.988936170212766, 0.3699763593380615], "class": 2}