{"image": "8b023075-1aaf-11ef-935e-bd5cfcf36af4.jpg", "bboxes": [0.0, 0.6278014184397163, 0.33290780141843973, 0.935130023640662], "class": 2}