{"image": "8b023075-1aaf-11ef-935e-bd5cfcf36af4.jpg", "bboxes": [0.24884160756501178, 0.6389125295508274, 0.6129078014184397, 0.9462411347517731], "class": 2}