{"image": "8b023075-1aaf-11ef-935e-bd5cfcf36af4.jpg", "bboxes": [0.04217494089834512, 0.5989125295508274, 0.4062411347517731, 0.906241134751773], "class": 2}