{"image": "8b023075-1aaf-11ef-935e-bd5cfcf36af4.jpg", "bboxes": [0.17328605200945624, 0.05153664302600469, 0.5373522458628842, 0.3588652482269503], "class": 2}