{"image": "8b023075-1aaf-11ef-935e-bd5cfcf36af4.jpg", "bboxes": [0.7315366430260047, 0.6011347517730496, 0.9977777777777778, 0.9084633569739953], "class": 2}