{"image": "8b023075-1aaf-11ef-935e-bd5cfcf36af4.jpg", "bboxes": [0.5248699763593381, 0.6322458628841607, 0.8889361702127659, 0.9395744680851065], "class": 2}