{"image": "8b023075-1aaf-11ef-935e-bd5cfcf36af4.jpg", "bboxes": [0.7515366430260046, 0.654468085106383, 0.9977777777777778, 0.9617966903073286], "class": 2}