{"image": "8b023075-1aaf-11ef-935e-bd5cfcf36af4.jpg", "bboxes": [0.5159810874704491, 0.06709219858156024, 0.8800472813238771, 0.374420803782506], "class": 2}