{"image": "8b023075-1aaf-11ef-935e-bd5cfcf36af4.jpg", "bboxes": [0.5537588652482269, 0.6478014184397163, 0.9178250591016549, 0.955130023640662], "class": 2}