{"image": "982fe56f-1ab0-11ef-b370-bd5cfcf36af4.jpg", "bboxes": [0.3653900709219858, 0.26855791962174946, 0.8015602836879433, 0.7271867612293145], "class": 2}