{"image": "982fe56f-1ab0-11ef-b370-bd5cfcf36af4.jpg", "bboxes": [0.1539952718676122, 0.3063356973995272, 0.5901654846335698, 0.7649645390070923], "class": 2}