{"image": "982fe56f-1ab0-11ef-b370-bd5cfcf36af4.jpg", "bboxes": [0.39872340425531916, 0.2639243498817967, 0.8348936170212766, 0.7225531914893617], "class": 2}