{"image": "982fe56f-1ab0-11ef-b370-bd5cfcf36af4.jpg", "bboxes": [0.20761229314420804, 0.2461465721040189, 0.6437825059101655, 0.7047754137115838], "class": 2}