{"image": "982fe56f-1ab0-11ef-b370-bd5cfcf36af4.jpg", "bboxes": [0.42983451536643025, 0.2663356973995272, 0.8660047281323878, 0.7249645390070922], "class": 2}