{"image": "982fe56f-1ab0-11ef-b370-bd5cfcf36af4.jpg", "bboxes": [0.18510638297872326, 0.23059101654846337, 0.6212765957446809, 0.6892198581560283], "class": 2}