{"image": "982fe56f-1ab0-11ef-b370-bd5cfcf36af4.jpg", "bboxes": [0.42983451536643025, 0.31966903073286057, 0.8660047281323878, 0.7782978723404256], "class": 2}