{"image": "982fe56f-1ab0-11ef-b370-bd5cfcf36af4.jpg", "bboxes": [0.2606619385342789, 0.27725768321513, 0.6968321513002365, 0.735886524822695], "class": 2}