{"image": "982fe56f-1ab0-11ef-b370-bd5cfcf36af4.jpg", "bboxes": [0.22983451536643024, 0.2528132387706855, 0.6660047281323878, 0.7114420803782506], "class": 2}