{"image": "982fe56f-1ab0-11ef-b370-bd5cfcf36af4.jpg", "bboxes": [0.38761229314420803, 0.3063356973995272, 0.8237825059101656, 0.7649645390070923], "class": 2}