{"image": "982fe56f-1ab0-11ef-b370-bd5cfcf36af4.jpg", "bboxes": [0.07399527186761223, 0.24170212765957444, 0.5101654846335697, 0.7003309692671396], "class": 2}