{"image": "982fe56f-1ab0-11ef-b370-bd5cfcf36af4.jpg", "bboxes": [0.36983451536643025, 0.2328132387706856, 0.8060047281323878, 0.6914420803782506], "class": 2}