{"image": "982fe56f-1ab0-11ef-b370-bd5cfcf36af4.jpg", "bboxes": [0.14316784869976357, 0.3152245862884161, 0.5793380614657211, 0.7738534278959811], "class": 2}