{"image": "982fe56f-1ab0-11ef-b370-bd5cfcf36af4.jpg", "bboxes": [0.47205673758865246, 0.27078014184397164, 0.90822695035461, 0.7294089834515367], "class": 2}