{"image": "982fe56f-1ab0-11ef-b370-bd5cfcf36af4.jpg", "bboxes": [0.5187234042553192, 0.29078014184397166, 0.9548936170212766, 0.7494089834515366], "class": 2}