{"image": "982fe56f-1ab0-11ef-b370-bd5cfcf36af4.jpg", "bboxes": [0.28288416075650114, 0.324113475177305, 0.7190543735224586, 0.78274231678487], "class": 2}