{"image": "982fe56f-1ab0-11ef-b370-bd5cfcf36af4.jpg", "bboxes": [0.44955082742316776, 0.21725768321512995, 0.8857210401891253, 0.6758865248226951], "class": 2}