{"image": "982fe56f-1ab0-11ef-b370-bd5cfcf36af4.jpg", "bboxes": [0.4339952718676122, 0.31744680851063833, 0.8701654846335698, 0.7760756501182033], "class": 2}