{"image": "982fe56f-1ab0-11ef-b370-bd5cfcf36af4.jpg", "bboxes": [0.25399527186761217, 0.27947990543735224, 0.6901654846335697, 0.7381087470449172], "class": 2}