{"image": "982fe56f-1ab0-11ef-b370-bd5cfcf36af4.jpg", "bboxes": [0.20955082742316777, 0.22170212765957442, 0.6457210401891254, 0.6803309692671394], "class": 2}