{"image": "982fe56f-1ab0-11ef-b370-bd5cfcf36af4.jpg", "bboxes": [0.4184397163120567, 0.26170212765957446, 0.8546099290780143, 0.7203309692671395], "class": 2}