{"image": "982fe56f-1ab0-11ef-b370-bd5cfcf36af4.jpg", "bboxes": [0.28510638297872337, 0.27744680851063835, 0.7212765957446808, 0.7360756501182033], "class": 2}