{"image": "982fe56f-1ab0-11ef-b370-bd5cfcf36af4.jpg", "bboxes": [0.1965011820330969, 0.22392434988179666, 0.6326713947990544, 0.6825531914893617], "class": 2}