{"image": "982fe56f-1ab0-11ef-b370-bd5cfcf36af4.jpg", "bboxes": [0.5187234042553192, 0.2528132387706855, 0.9548936170212766, 0.7114420803782506], "class": 2}