{"image": "982fe56f-1ab0-11ef-b370-bd5cfcf36af4.jpg", "bboxes": [0.26761229314420804, 0.21947990543735219, 0.7037825059101656, 0.6781087470449172], "class": 2}