{"image": "982fe56f-1ab0-11ef-b370-bd5cfcf36af4.jpg", "bboxes": [0.042884160756501144, 0.26614657210401893, 0.47905437352245855, 0.7247754137115838], "class": 2}