{"image": "982fe56f-1ab0-11ef-b370-bd5cfcf36af4.jpg", "bboxes": [0.4787234042553191, 0.25503546099290775, 0.9148936170212767, 0.7136643026004728], "class": 2}