{"image": "982fe56f-1ab0-11ef-b370-bd5cfcf36af4.jpg", "bboxes": [0.4409456264775414, 0.3130023640661939, 0.8771158392434989, 0.7716312056737589], "class": 2}