{"image": "982fe56f-1ab0-11ef-b370-bd5cfcf36af4.jpg", "bboxes": [0.48983451536643025, 0.29078014184397166, 0.9260047281323878, 0.7494089834515366], "class": 2}