{"image": "982fe56f-1ab0-11ef-b370-bd5cfcf36af4.jpg", "bboxes": [0.5009456264775414, 0.23725768321512997, 0.9371158392434988, 0.695886524822695], "class": 2}