{"image": "982fe56f-1ab0-11ef-b370-bd5cfcf36af4.jpg", "bboxes": [0.16288416075650114, 0.30855791962174944, 0.5990543735224587, 0.7671867612293144], "class": 2}