{"image": "982fe56f-1ab0-11ef-b370-bd5cfcf36af4.jpg", "bboxes": [0.042884160756501144, 0.27947990543735224, 0.4790543735224586, 0.7381087470449172], "class": 2}