{"image": "982fe56f-1ab0-11ef-b370-bd5cfcf36af4.jpg", "bboxes": [0.10066193853427885, 0.31966903073286057, 0.5368321513002364, 0.7782978723404256], "class": 2}