{"image": "982fe56f-1ab0-11ef-b370-bd5cfcf36af4.jpg", "bboxes": [0.13843971631205665, 0.29078014184397166, 0.5746099290780142, 0.7494089834515366], "class": 2}