{"image": "982fe56f-1ab0-11ef-b370-bd5cfcf36af4.jpg", "bboxes": [0.5231678486997636, 0.26189125295508275, 0.9593380614657211, 0.7205200945626478], "class": 2}