{"image": "982fe56f-1ab0-11ef-b370-bd5cfcf36af4.jpg", "bboxes": [0.3051063829787233, 0.3107801418439717, 0.7412765957446809, 0.7694089834515366], "class": 2}