{"image": "982fe56f-1ab0-11ef-b370-bd5cfcf36af4.jpg", "bboxes": [0.23843971631205663, 0.27744680851063835, 0.6746099290780142, 0.7360756501182033], "class": 2}