{"image": "982fe56f-1ab0-11ef-b370-bd5cfcf36af4.jpg", "bboxes": [0.15872340425531914, 0.27966903073286054, 0.5948936170212766, 0.7382978723404255], "class": 2}