{"image": "982fe56f-1ab0-11ef-b370-bd5cfcf36af4.jpg", "bboxes": [0.45177304964539, 0.26836879432624106, 0.8879432624113476, 0.7269976359338062], "class": 2}