{"image": "982fe56f-1ab0-11ef-b370-bd5cfcf36af4.jpg", "bboxes": [0.1228841607565011, 0.24392434988179668, 0.5590543735224587, 0.7025531914893617], "class": 2}