{"image": "982fe56f-1ab0-11ef-b370-bd5cfcf36af4.jpg", "bboxes": [0.060661938534278925, 0.2594799054373522, 0.49683215130023645, 0.7181087470449173], "class": 2}