{"image": "982fe56f-1ab0-11ef-b370-bd5cfcf36af4.jpg", "bboxes": [0.18761229314420802, 0.22392434988179666, 0.6237825059101656, 0.6825531914893617], "class": 2}