{"image": "982fe56f-1ab0-11ef-b370-bd5cfcf36af4.jpg", "bboxes": [0.2428841607565011, 0.26836879432624106, 0.6790543735224586, 0.7269976359338062], "class": 2}