{"image": "982fe56f-1ab0-11ef-b370-bd5cfcf36af4.jpg", "bboxes": [0.44983451536643027, 0.25744680851063834, 0.8860047281323877, 0.7160756501182033], "class": 2}