{"image": "982fe56f-1ab0-11ef-b370-bd5cfcf36af4.jpg", "bboxes": [0.11872340425531913, 0.2596690307328606, 0.5548936170212767, 0.7182978723404255], "class": 2}