{"image": "982fe56f-1ab0-11ef-b370-bd5cfcf36af4.jpg", "bboxes": [0.17843971631205668, 0.24392434988179668, 0.6146099290780143, 0.7025531914893617], "class": 2}