{"image": "982fe56f-1ab0-11ef-b370-bd5cfcf36af4.jpg", "bboxes": [0.1606619385342789, 0.25744680851063834, 0.5968321513002364, 0.7160756501182033], "class": 2}