{"image": "982fe56f-1ab0-11ef-b370-bd5cfcf36af4.jpg", "bboxes": [0.24732860520094557, 0.264113475177305, 0.683498817966903, 0.72274231678487], "class": 2}