{"image": "982fe56f-1ab0-11ef-b370-bd5cfcf36af4.jpg", "bboxes": [0.26316784869976356, 0.29966903073286055, 0.6993380614657211, 0.7582978723404256], "class": 2}