{"image": "982fe56f-1ab0-11ef-b370-bd5cfcf36af4.jpg", "bboxes": [0.3762174940898344, 0.2730023640661939, 0.812387706855792, 0.7316312056737589], "class": 2}