{"image": "982fe56f-1ab0-11ef-b370-bd5cfcf36af4.jpg", "bboxes": [0.3139952718676122, 0.3063356973995272, 0.7501654846335696, 0.7649645390070923], "class": 2}