{"image": "982fe56f-1ab0-11ef-b370-bd5cfcf36af4.jpg", "bboxes": [0.29177304964539, 0.27078014184397164, 0.7279432624113475, 0.7294089834515367], "class": 2}