{"image": "982fe56f-1ab0-11ef-b370-bd5cfcf36af4.jpg", "bboxes": [0.047328605200945506, 0.26836879432624106, 0.4834988179669031, 0.7269976359338062], "class": 2}