{"image": "982fe56f-1ab0-11ef-b370-bd5cfcf36af4.jpg", "bboxes": [0.4073286052009456, 0.24392434988179668, 0.8434988179669031, 0.7025531914893617], "class": 2}