{"image": "982fe56f-1ab0-11ef-b370-bd5cfcf36af4.jpg", "bboxes": [0.14094562647754136, 0.26170212765957446, 0.5771158392434989, 0.7203309692671395], "class": 2}