{"image": "982fe56f-1ab0-11ef-b370-bd5cfcf36af4.jpg", "bboxes": [0.4384397163120567, 0.29966903073286055, 0.8746099290780142, 0.7582978723404256], "class": 2}