{"image": "982fe56f-1ab0-11ef-b370-bd5cfcf36af4.jpg", "bboxes": [0.44066193853427893, 0.2350354609929077, 0.8768321513002364, 0.6936643026004727], "class": 2}