{"image": "982fe56f-1ab0-11ef-b370-bd5cfcf36af4.jpg", "bboxes": [0.19621749408983447, 0.2839243498817967, 0.6323877068557919, 0.7425531914893617], "class": 2}