{"image": "982fe56f-1ab0-11ef-b370-bd5cfcf36af4.jpg", "bboxes": [0.12094562647754135, 0.27966903073286054, 0.557115839243499, 0.7382978723404255], "class": 2}