{"image": "982fe56f-1ab0-11ef-b370-bd5cfcf36af4.jpg", "bboxes": [0.5142789598108747, 0.27744680851063835, 0.9504491725768323, 0.7360756501182033], "class": 2}