{"image": "982fe56f-1ab0-11ef-b370-bd5cfcf36af4.jpg", "bboxes": [0.13399527186761218, 0.2752245862884161, 0.5701654846335698, 0.7338534278959811], "class": 2}