{"image": "982fe56f-1ab0-11ef-b370-bd5cfcf36af4.jpg", "bboxes": [0.33399527186761224, 0.28189125295508277, 0.7701654846335697, 0.7405200945626478], "class": 2}