{"image": "988290e3-1ab0-11ef-a480-bd5cfcf36af4.jpg", "bboxes": [0.3588652482269503, 0.28936170212765955, 0.7619385342789597, 0.7349881796690307], "class": 2}