{"image": "988290e3-1ab0-11ef-a480-bd5cfcf36af4.jpg", "bboxes": [0.07664302600472817, 0.27158392434988177, 0.4797163120567375, 0.7172104018912528], "class": 2}