{"image": "988290e3-1ab0-11ef-a480-bd5cfcf36af4.jpg", "bboxes": [0.39219858156028375, 0.23825059101654844, 0.7952718676122931, 0.6838770685579196], "class": 2}