{"image": "988290e3-1ab0-11ef-a480-bd5cfcf36af4.jpg", "bboxes": [0.35806146572104025, 0.273806146572104, 0.7611347517730497, 0.7194326241134752], "class": 2}