{"image": "988290e3-1ab0-11ef-a480-bd5cfcf36af4.jpg", "bboxes": [0.1847281323877069, 0.2560283687943262, 0.5878014184397163, 0.7016548463356973], "class": 2}