{"image": "988290e3-1ab0-11ef-a480-bd5cfcf36af4.jpg", "bboxes": [0.2136170212765958, 0.30723404255319153, 0.6166903073286052, 0.7528605200945627], "class": 2}