{"image": "988290e3-1ab0-11ef-a480-bd5cfcf36af4.jpg", "bboxes": [0.3055319148936171, 0.23825059101654847, 0.7086052009456264, 0.6838770685579196], "class": 2}