{"image": "988290e3-1ab0-11ef-a480-bd5cfcf36af4.jpg", "bboxes": [0.295839243498818, 0.28269503546099284, 0.6989125295508274, 0.728321513002364], "class": 2}