{"image": "988290e3-1ab0-11ef-a480-bd5cfcf36af4.jpg", "bboxes": [0.05442080378250591, 0.27167848699763597, 0.45749408983451534, 0.7173049645390072], "class": 2}