{"image": "988290e3-1ab0-11ef-a480-bd5cfcf36af4.jpg", "bboxes": [0.3469503546099291, 0.29602836879432615, 0.7500236406619385, 0.7416548463356972], "class": 2}