{"image": "988290e3-1ab0-11ef-a480-bd5cfcf36af4.jpg", "bboxes": [0.32695035460992916, 0.27612293144208044, 0.7300236406619385, 0.7217494089834516], "class": 2}