{"image": "988290e3-1ab0-11ef-a480-bd5cfcf36af4.jpg", "bboxes": [0.1610874704491726, 0.2938061465721039, 0.5641607565011819, 0.7394326241134751], "class": 2}