{"image": "988290e3-1ab0-11ef-a480-bd5cfcf36af4.jpg", "bboxes": [0.37806146572104027, 0.273806146572104, 0.7811347517730496, 0.7194326241134752], "class": 2}