{"image": "988290e3-1ab0-11ef-a480-bd5cfcf36af4.jpg", "bboxes": [0.4388652482269504, 0.2604728132387706, 0.8419385342789598, 0.7060992907801418], "class": 2}