{"image": "988290e3-1ab0-11ef-a480-bd5cfcf36af4.jpg", "bboxes": [0.33442080378250594, 0.2739007092198582, 0.7374940898345153, 0.7195271867612294], "class": 2}