{"image": "988290e3-1ab0-11ef-a480-bd5cfcf36af4.jpg", "bboxes": [0.09886524822695042, 0.2694562647754138, 0.5019385342789597, 0.7150827423167849], "class": 2}