{"image": "988290e3-1ab0-11ef-a480-bd5cfcf36af4.jpg", "bboxes": [0.11442080378250596, 0.31834515366430266, 0.5174940898345153, 0.7639716312056738], "class": 2}