{"image": "988290e3-1ab0-11ef-a480-bd5cfcf36af4.jpg", "bboxes": [0.1936170212765958, 0.2915839243498817, 0.5966903073286052, 0.7372104018912529], "class": 2}