{"image": "988290e3-1ab0-11ef-a480-bd5cfcf36af4.jpg", "bboxes": [0.11886524822695033, 0.27158392434988177, 0.5219385342789598, 0.7172104018912528], "class": 2}