{"image": "988290e3-1ab0-11ef-a480-bd5cfcf36af4.jpg", "bboxes": [0.36775413711583926, 0.3205673758865249, 0.7708274231678487, 0.766193853427896], "class": 2}