{"image": "988290e3-1ab0-11ef-a480-bd5cfcf36af4.jpg", "bboxes": [0.20028368794326248, 0.29602836879432615, 0.6033569739952719, 0.7416548463356972], "class": 2}