{"image": "988290e3-1ab0-11ef-a480-bd5cfcf36af4.jpg", "bboxes": [0.3225059101654847, 0.2627895981087471, 0.7255791962174941, 0.7084160756501183], "class": 2}