{"image": "988290e3-1ab0-11ef-a480-bd5cfcf36af4.jpg", "bboxes": [0.31664302600472816, 0.24491725768321504, 0.7197163120567376, 0.6905437352245861], "class": 2}