{"image": "988290e3-1ab0-11ef-a480-bd5cfcf36af4.jpg", "bboxes": [0.46553191489361695, 0.24491725768321504, 0.8686052009456264, 0.6905437352245861], "class": 2}