{"image": "988290e3-1ab0-11ef-a480-bd5cfcf36af4.jpg", "bboxes": [0.5469503546099291, 0.24491725768321504, 0.9500236406619386, 0.6905437352245862], "class": 2}