{"image": "988290e3-1ab0-11ef-a480-bd5cfcf36af4.jpg", "bboxes": [0.21806146572104024, 0.2804728132387706, 0.6211347517730497, 0.7260992907801418], "class": 2}