{"image": "988290e3-1ab0-11ef-a480-bd5cfcf36af4.jpg", "bboxes": [0.3247281323877069, 0.2671394799054373, 0.7278014184397162, 0.7127659574468084], "class": 2}