{"image": "988290e3-1ab0-11ef-a480-bd5cfcf36af4.jpg", "bboxes": [0.34553191489361706, 0.26491725768321506, 0.7486052009456264, 0.7105437352245862], "class": 2}