{"image": "988290e3-1ab0-11ef-a480-bd5cfcf36af4.jpg", "bboxes": [0.205531914893617, 0.3004728132387706, 0.6086052009456264, 0.7460992907801418], "class": 2}