{"image": "988290e3-1ab0-11ef-a480-bd5cfcf36af4.jpg", "bboxes": [0.20917257683215135, 0.2605673758865249, 0.6122458628841607, 0.7061938534278961], "class": 2}