{"image": "988290e3-1ab0-11ef-a480-bd5cfcf36af4.jpg", "bboxes": [0.058865248226950384, 0.25825059101654835, 0.4619385342789597, 0.7038770685579196], "class": 2}