{"image": "988290e3-1ab0-11ef-a480-bd5cfcf36af4.jpg", "bboxes": [0.4625059101654847, 0.2605673758865249, 0.8655791962174941, 0.7061938534278961], "class": 2}