{"image": "988290e3-1ab0-11ef-a480-bd5cfcf36af4.jpg", "bboxes": [0.4699763593380615, 0.31834515366430266, 0.8730496453900709, 0.7639716312056738], "class": 2}