{"image": "988290e3-1ab0-11ef-a480-bd5cfcf36af4.jpg", "bboxes": [0.3121985815602837, 0.2671394799054373, 0.7152718676122931, 0.7127659574468084], "class": 2}