{"image": "988290e3-1ab0-11ef-a480-bd5cfcf36af4.jpg", "bboxes": [0.21583924349881803, 0.24047281323877057, 0.6189125295508274, 0.6860992907801418], "class": 2}