{"image": "988290e3-1ab0-11ef-a480-bd5cfcf36af4.jpg", "bboxes": [0.44997635933806146, 0.29602836879432615, 0.8530496453900709, 0.7416548463356973], "class": 2}