{"image": "988290e3-1ab0-11ef-a480-bd5cfcf36af4.jpg", "bboxes": [0.17583924349881802, 0.2849172576832151, 0.5789125295508274, 0.7305437352245863], "class": 2}