{"image": "988290e3-1ab0-11ef-a480-bd5cfcf36af4.jpg", "bboxes": [0.2713947990543736, 0.2939007092198582, 0.674468085106383, 0.7395271867612294], "class": 2}