{"image": "988290e3-1ab0-11ef-a480-bd5cfcf36af4.jpg", "bboxes": [0.14028368794326246, 0.26723404255319155, 0.5433569739952718, 0.7128605200945627], "class": 2}