{"image": "988290e3-1ab0-11ef-a480-bd5cfcf36af4.jpg", "bboxes": [0.15886524822695036, 0.27602836879432613, 0.5619385342789598, 0.7216548463356973], "class": 2}