{"image": "988290e3-1ab0-11ef-a480-bd5cfcf36af4.jpg", "bboxes": [0.30250591016548467, 0.2560283687943262, 0.7055791962174941, 0.7016548463356973], "class": 2}