{"image": "988290e3-1ab0-11ef-a480-bd5cfcf36af4.jpg", "bboxes": [0.18108747044917262, 0.25825059101654835, 0.5841607565011819, 0.7038770685579196], "class": 2}