{"image": "988290e3-1ab0-11ef-a480-bd5cfcf36af4.jpg", "bboxes": [0.14028368794326246, 0.2739007092198582, 0.5433569739952718, 0.7195271867612294], "class": 2}