{"image": "988290e3-1ab0-11ef-a480-bd5cfcf36af4.jpg", "bboxes": [0.3225059101654847, 0.27825059101654837, 0.7255791962174941, 0.7238770685579196], "class": 2}