{"image": "988290e3-1ab0-11ef-a480-bd5cfcf36af4.jpg", "bboxes": [0.4847281323877069, 0.27167848699763597, 0.8878014184397163, 0.7173049645390072], "class": 2}