{"image": "988290e3-1ab0-11ef-a480-bd5cfcf36af4.jpg", "bboxes": [0.47361702127659583, 0.25834515366430266, 0.8766903073286052, 0.7039716312056739], "class": 2}