{"image": "988290e3-1ab0-11ef-a480-bd5cfcf36af4.jpg", "bboxes": [0.275839243498818, 0.3005673758865249, 0.6789125295508274, 0.746193853427896], "class": 2}