{"image": "988290e3-1ab0-11ef-a480-bd5cfcf36af4.jpg", "bboxes": [0.39886524822695035, 0.24713947990543728, 0.8019385342789598, 0.6927659574468085], "class": 2}