{"image": "988290e3-1ab0-11ef-a480-bd5cfcf36af4.jpg", "bboxes": [0.3944208037825059, 0.291678486997636, 0.7974940898345153, 0.7373049645390072], "class": 2}