{"image": "988290e3-1ab0-11ef-a480-bd5cfcf36af4.jpg", "bboxes": [0.1536170212765958, 0.30723404255319153, 0.5566903073286051, 0.7528605200945627], "class": 2}