{"image": "988290e3-1ab0-11ef-a480-bd5cfcf36af4.jpg", "bboxes": [0.23139479905437357, 0.2939007092198582, 0.634468085106383, 0.7395271867612294], "class": 2}