{"image": "988290e3-1ab0-11ef-a480-bd5cfcf36af4.jpg", "bboxes": [0.3366430260047282, 0.27602836879432613, 0.7397163120567376, 0.7216548463356973], "class": 2}