{"image": "988290e3-1ab0-11ef-a480-bd5cfcf36af4.jpg", "bboxes": [0.10997635933806149, 0.27167848699763597, 0.5130496453900708, 0.7173049645390072], "class": 2}