{"image": "988290e3-1ab0-11ef-a480-bd5cfcf36af4.jpg", "bboxes": [0.1610874704491726, 0.2539007092198582, 0.5641607565011819, 0.6995271867612294], "class": 2}