{"image": "988290e3-1ab0-11ef-a480-bd5cfcf36af4.jpg", "bboxes": [0.5402836879432624, 0.2493617021276595, 0.9433569739952719, 0.6949881796690307], "class": 2}