{"image": "988290e3-1ab0-11ef-a480-bd5cfcf36af4.jpg", "bboxes": [0.07442080378250593, 0.2694562647754138, 0.47749408983451536, 0.7150827423167849], "class": 2}