{"image": "988290e3-1ab0-11ef-a480-bd5cfcf36af4.jpg", "bboxes": [0.13886524822695034, 0.26936170212765953, 0.5419385342789598, 0.7149881796690307], "class": 2}