{"image": "988290e3-1ab0-11ef-a480-bd5cfcf36af4.jpg", "bboxes": [0.22917257683215136, 0.311678486997636, 0.6322458628841607, 0.7573049645390072], "class": 2}