{"image": "988290e3-1ab0-11ef-a480-bd5cfcf36af4.jpg", "bboxes": [0.3602836879432625, 0.273806146572104, 0.7633569739952718, 0.7194326241134752], "class": 2}