{"image": "988290e3-1ab0-11ef-a480-bd5cfcf36af4.jpg", "bboxes": [0.1366430260047281, 0.3050118203309693, 0.5397163120567375, 0.7506382978723405], "class": 2}