{"image": "988290e3-1ab0-11ef-a480-bd5cfcf36af4.jpg", "bboxes": [0.37886524822695034, 0.29834515366430264, 0.7819385342789598, 0.7439716312056738], "class": 2}