{"image": "98d2c9fc-1ab0-11ef-abf3-bd5cfcf36af4.jpg", "bboxes": [0.4393380614657211, 0.2983924349881796, 0.8388652482269504, 0.6943735224586287], "class": 2}