{"image": "98d2c9fc-1ab0-11ef-abf3-bd5cfcf36af4.jpg", "bboxes": [0.31711583924349884, 0.32728132387706854, 0.7166430260047281, 0.7232624113475177], "class": 2}