{"image": "98d2c9fc-1ab0-11ef-abf3-bd5cfcf36af4.jpg", "bboxes": [0.1437825059101655, 0.27229314420803785, 0.5433096926713948, 0.668274231678487], "class": 2}