{"image": "98d2c9fc-1ab0-11ef-abf3-bd5cfcf36af4.jpg", "bboxes": [0.42600472813238777, 0.2656264775413712, 0.8255319148936171, 0.6616075650118204], "class": 2}