{"image": "98d2c9fc-1ab0-11ef-abf3-bd5cfcf36af4.jpg", "bboxes": [0.26335697399527186, 0.26340425531914896, 0.6628841607565011, 0.6593853427895982], "class": 2}