{"image": "98d2c9fc-1ab0-11ef-abf3-bd5cfcf36af4.jpg", "bboxes": [0.4966903073286052, 0.3056264775413712, 0.8962174940898344, 0.7016075650118204], "class": 2}