{"image": "98d2c9fc-1ab0-11ef-abf3-bd5cfcf36af4.jpg", "bboxes": [0.4060047281323878, 0.29617021276595745, 0.8055319148936171, 0.6921513002364066], "class": 2}