{"image": "98d2c9fc-1ab0-11ef-abf3-bd5cfcf36af4.jpg", "bboxes": [0.35489361702127664, 0.25229314420803783, 0.754420803782506, 0.6482742316784871], "class": 2}