{"image": "98d2c9fc-1ab0-11ef-abf3-bd5cfcf36af4.jpg", "bboxes": [0.3011347517730496, 0.2589598108747045, 0.7006619385342789, 0.6549408983451537], "class": 2}