{"image": "98d2c9fc-1ab0-11ef-abf3-bd5cfcf36af4.jpg", "bboxes": [0.29446808510638295, 0.2789598108747045, 0.6939952718676122, 0.6749408983451537], "class": 2}