{"image": "98d2c9fc-1ab0-11ef-abf3-bd5cfcf36af4.jpg", "bboxes": [0.42557919621749407, 0.3250591016548463, 0.8251063829787233, 0.7210401891252955], "class": 2}