{"image": "98d2c9fc-1ab0-11ef-abf3-bd5cfcf36af4.jpg", "bboxes": [0.14557919621749407, 0.3078486997635934, 0.5451063829787234, 0.7038297872340425], "class": 2}