{"image": "98d2c9fc-1ab0-11ef-abf3-bd5cfcf36af4.jpg", "bboxes": [0.2748936170212767, 0.3383924349881796, 0.6744208037825059, 0.7343735224586287], "class": 2}