{"image": "98d2c9fc-1ab0-11ef-abf3-bd5cfcf36af4.jpg", "bboxes": [0.2989125295508274, 0.3517257683215129, 0.6984397163120567, 0.7477068557919622], "class": 2}