{"image": "98d2c9fc-1ab0-11ef-abf3-bd5cfcf36af4.jpg", "bboxes": [0.35002364066193853, 0.30340425531914894, 0.7495508274231678, 0.6993853427895982], "class": 2}