{"image": "98d2c9fc-1ab0-11ef-abf3-bd5cfcf36af4.jpg", "bboxes": [0.057115839243498945, 0.3006146572104018, 0.45664302600472817, 0.6965957446808511], "class": 2}