{"image": "98d2c9fc-1ab0-11ef-abf3-bd5cfcf36af4.jpg", "bboxes": [0.35224586288416077, 0.2567375886524823, 0.75177304964539, 0.6527186761229314], "class": 2}