{"image": "98d2c9fc-1ab0-11ef-abf3-bd5cfcf36af4.jpg", "bboxes": [0.039338061465721164, 0.34061465721040185, 0.4388652482269504, 0.7365957446808511], "class": 2}