{"image": "98d2c9fc-1ab0-11ef-abf3-bd5cfcf36af4.jpg", "bboxes": [0.2837825059101655, 0.2834042553191489, 0.6833096926713949, 0.6793853427895982], "class": 2}