{"image": "98d2c9fc-1ab0-11ef-abf3-bd5cfcf36af4.jpg", "bboxes": [0.11933806146572112, 0.331725768321513, 0.5188652482269503, 0.7277068557919621], "class": 2}