{"image": "98d2c9fc-1ab0-11ef-abf3-bd5cfcf36af4.jpg", "bboxes": [0.37933806146572113, 0.2500709219858156, 0.7788652482269504, 0.6460520094562648], "class": 2}