{"image": "98d2c9fc-1ab0-11ef-abf3-bd5cfcf36af4.jpg", "bboxes": [0.1766903073286052, 0.2500709219858156, 0.5762174940898345, 0.6460520094562648], "class": 2}