{"image": "98d2c9fc-1ab0-11ef-abf3-bd5cfcf36af4.jpg", "bboxes": [0.5233569739952718, 0.3517257683215129, 0.9228841607565011, 0.7477068557919623], "class": 2}