{"image": "98d2c9fc-1ab0-11ef-abf3-bd5cfcf36af4.jpg", "bboxes": [0.16335697399527185, 0.27673758865248227, 0.5628841607565012, 0.6727186761229315], "class": 2}