{"image": "98d2c9fc-1ab0-11ef-abf3-bd5cfcf36af4.jpg", "bboxes": [0.12822695035460996, 0.30340425531914894, 0.5277541371158392, 0.6993853427895982], "class": 2}