{"image": "98d2c9fc-1ab0-11ef-abf3-bd5cfcf36af4.jpg", "bboxes": [0.3393380614657211, 0.31172576832151305, 0.7388652482269503, 0.7077068557919621], "class": 2}