{"image": "98d2c9fc-1ab0-11ef-abf3-bd5cfcf36af4.jpg", "bboxes": [0.23489361702127665, 0.28118203309692674, 0.6344208037825059, 0.6771631205673759], "class": 2}