{"image": "98d2c9fc-1ab0-11ef-abf3-bd5cfcf36af4.jpg", "bboxes": [0.5589125295508274, 0.35839243498817963, 0.9584397163120567, 0.7543735224586288], "class": 2}