{"image": "98d2c9fc-1ab0-11ef-abf3-bd5cfcf36af4.jpg", "bboxes": [0.18113475177304963, 0.29451536643026005, 0.5806619385342788, 0.6904964539007092], "class": 2}