{"image": "98d2c9fc-1ab0-11ef-abf3-bd5cfcf36af4.jpg", "bboxes": [0.21002364066193852, 0.3295035460992908, 0.6095508274231678, 0.7254846335697399], "class": 2}