{"image": "98d2c9fc-1ab0-11ef-abf3-bd5cfcf36af4.jpg", "bboxes": [0.34557919621749406, 0.291725768321513, 0.7451063829787233, 0.6877068557919621], "class": 2}