{"image": "98d2c9fc-1ab0-11ef-abf3-bd5cfcf36af4.jpg", "bboxes": [0.49446808510638296, 0.3495035460992907, 0.8939952718676122, 0.7454846335697399], "class": 2}