{"image": "98d2c9fc-1ab0-11ef-abf3-bd5cfcf36af4.jpg", "bboxes": [0.24156028368794336, 0.29394799054373516, 0.6410874704491726, 0.6899290780141845], "class": 2}