{"image": "98d2c9fc-1ab0-11ef-abf3-bd5cfcf36af4.jpg", "bboxes": [0.08822695035461003, 0.3072813238770685, 0.48775413711583926, 0.7032624113475177], "class": 2}