{"image": "98d2c9fc-1ab0-11ef-abf3-bd5cfcf36af4.jpg", "bboxes": [0.1878014184397163, 0.3383924349881796, 0.5873286052009455, 0.7343735224586287], "class": 2}