{"image": "98d2c9fc-1ab0-11ef-abf3-bd5cfcf36af4.jpg", "bboxes": [0.3078014184397163, 0.28562647754137116, 0.7073286052009455, 0.6816075650118204], "class": 2}