{"image": "98d2c9fc-1ab0-11ef-abf3-bd5cfcf36af4.jpg", "bboxes": [0.4326713947990544, 0.3428368794326241, 0.8321985815602837, 0.7388179669030732], "class": 2}