{"image": "98d2c9fc-1ab0-11ef-abf3-bd5cfcf36af4.jpg", "bboxes": [0.34156028368794333, 0.311725768321513, 0.7410874704491726, 0.7077068557919621], "class": 2}