{"image": "98d2c9fc-1ab0-11ef-abf3-bd5cfcf36af4.jpg", "bboxes": [0.5300236406619385, 0.3011820330969267, 0.9295508274231677, 0.697163120567376], "class": 2}