{"image": "98d2c9fc-1ab0-11ef-abf3-bd5cfcf36af4.jpg", "bboxes": [0.2904491725768322, 0.3428368794326241, 0.6899763593380615, 0.7388179669030732], "class": 2}