{"image": "98d2c9fc-1ab0-11ef-abf3-bd5cfcf36af4.jpg", "bboxes": [0.34822695035461004, 0.3383924349881796, 0.7477541371158393, 0.7343735224586287], "class": 2}