{"image": "98d2c9fc-1ab0-11ef-abf3-bd5cfcf36af4.jpg", "bboxes": [0.3148936170212767, 0.30950354609929076, 0.7144208037825059, 0.70548463356974], "class": 2}