{"image": "98d2c9fc-1ab0-11ef-abf3-bd5cfcf36af4.jpg", "bboxes": [0.2278014184397163, 0.29394799054373516, 0.6273286052009456, 0.6899290780141845], "class": 2}