{"image": "98d2c9fc-1ab0-11ef-abf3-bd5cfcf36af4.jpg", "bboxes": [0.3878014184397163, 0.25451536643026007, 0.7873286052009456, 0.6504964539007093], "class": 2}