{"image": "98d2c9fc-1ab0-11ef-abf3-bd5cfcf36af4.jpg", "bboxes": [0.33044917257683226, 0.29007092198581563, 0.7299763593380615, 0.6860520094562648], "class": 2}