{"image": "98d2c9fc-1ab0-11ef-abf3-bd5cfcf36af4.jpg", "bboxes": [0.06822695035461002, 0.3361702127659574, 0.46775413711583924, 0.7321513002364066], "class": 2}