{"image": "98d2c9fc-1ab0-11ef-abf3-bd5cfcf36af4.jpg", "bboxes": [0.19669030732860518, 0.29394799054373516, 0.5962174940898345, 0.6899290780141845], "class": 2}