{"image": "98d2c9fc-1ab0-11ef-abf3-bd5cfcf36af4.jpg", "bboxes": [0.41711583924349893, 0.33394799054373514, 0.8166430260047282, 0.7299290780141844], "class": 2}