{"image": "98d2c9fc-1ab0-11ef-abf3-bd5cfcf36af4.jpg", "bboxes": [0.06156028368794331, 0.24562647754137118, 0.46108747044917264, 0.6416075650118204], "class": 2}