{"image": "98d2c9fc-1ab0-11ef-abf3-bd5cfcf36af4.jpg", "bboxes": [0.5522458628841608, 0.3050591016548463, 0.95177304964539, 0.7010401891252955], "class": 2}