{"image": "98d2c9fc-1ab0-11ef-abf3-bd5cfcf36af4.jpg", "bboxes": [0.554468085106383, 0.29617021276595745, 0.9539952718676122, 0.6921513002364066], "class": 2}