{"image": "98d2c9fc-1ab0-11ef-abf3-bd5cfcf36af4.jpg", "bboxes": [0.21711583924349886, 0.29007092198581563, 0.6166430260047282, 0.6860520094562648], "class": 2}