{"image": "992303c7-1ab0-11ef-82f6-bd5cfcf36af4.jpg", "bboxes": [0.18988179669030725, 0.2542316784869977, 0.579952718676123, 0.72822695035461], "class": 2}