{"image": "992303c7-1ab0-11ef-82f6-bd5cfcf36af4.jpg", "bboxes": [0.400047281323877, 0.26534278959810875, 0.7901182033096927, 0.7393380614657211], "class": 2}