{"image": "992303c7-1ab0-11ef-82f6-bd5cfcf36af4.jpg", "bboxes": [0.33654846335697397, 0.29423167848699766, 0.7266193853427896, 0.76822695035461], "class": 2}