{"image": "992303c7-1ab0-11ef-82f6-bd5cfcf36af4.jpg", "bboxes": [0.11432624113475176, 0.2697872340425532, 0.5043971631205675, 0.7437825059101656], "class": 2}