{"image": "992303c7-1ab0-11ef-82f6-bd5cfcf36af4.jpg", "bboxes": [0.19432624113475172, 0.24534278959810876, 0.5843971631205673, 0.7193380614657211], "class": 2}