{"image": "992303c7-1ab0-11ef-82f6-bd5cfcf36af4.jpg", "bboxes": [0.4267139479905437, 0.24312056737588655, 0.8167848699763594, 0.7171158392434989], "class": 2}