{"image": "992303c7-1ab0-11ef-82f6-bd5cfcf36af4.jpg", "bboxes": [0.22893617021276594, 0.267565011820331, 0.6190070921985816, 0.7415602836879434], "class": 2}