{"image": "992303c7-1ab0-11ef-82f6-bd5cfcf36af4.jpg", "bboxes": [0.4511583924349881, 0.23177304964539003, 0.8412293144208038, 0.7057683215130024], "class": 2}