{"image": "992303c7-1ab0-11ef-82f6-bd5cfcf36af4.jpg", "bboxes": [0.3765484633569739, 0.287565011820331, 0.7666193853427896, 0.7615602836879434], "class": 2}