{"image": "992303c7-1ab0-11ef-82f6-bd5cfcf36af4.jpg", "bboxes": [0.2978250591016548, 0.24312056737588655, 0.6878959810874705, 0.7171158392434989], "class": 2}