{"image": "992303c7-1ab0-11ef-82f6-bd5cfcf36af4.jpg", "bboxes": [0.5822695035460993, 0.2586761229314421, 0.9723404255319149, 0.7326713947990544], "class": 2}