{"image": "992303c7-1ab0-11ef-82f6-bd5cfcf36af4.jpg", "bboxes": [0.49115839243498816, 0.25177304964539005, 0.8812293144208039, 0.7257683215130024], "class": 2}