{"image": "992303c7-1ab0-11ef-82f6-bd5cfcf36af4.jpg", "bboxes": [0.22988179669030728, 0.3008983451536643, 0.6199527186761228, 0.7748936170212767], "class": 2}