{"image": "992303c7-1ab0-11ef-82f6-bd5cfcf36af4.jpg", "bboxes": [0.06543735224586289, 0.28510638297872337, 0.4555082742316785, 0.7591016548463356], "class": 2}