{"image": "992303c7-1ab0-11ef-82f6-bd5cfcf36af4.jpg", "bboxes": [0.340047281323877, 0.2497872340425532, 0.7301182033096927, 0.7237825059101656], "class": 2}