{"image": "992303c7-1ab0-11ef-82f6-bd5cfcf36af4.jpg", "bboxes": [0.5333806146572103, 0.2428841607565011, 0.923451536643026, 0.7168794326241135], "class": 2}