{"image": "992303c7-1ab0-11ef-82f6-bd5cfcf36af4.jpg", "bboxes": [0.0, 0.24510638297872334, 0.37550827423167854, 0.7191016548463357], "class": 2}