{"image": "992303c7-1ab0-11ef-82f6-bd5cfcf36af4.jpg", "bboxes": [0.17877068557919618, 0.22732860520094555, 0.5688416075650118, 0.7013238770685579], "class": 2}