{"image": "992303c7-1ab0-11ef-82f6-bd5cfcf36af4.jpg", "bboxes": [0.6067139479905437, 0.22066193853427885, 0.9967848699763594, 0.6946572104018912], "class": 2}