{"image": "992303c7-1ab0-11ef-82f6-bd5cfcf36af4.jpg", "bboxes": [0.014326241134751783, 0.2673286052009456, 0.4043971631205674, 0.741323877068558], "class": 2}