{"image": "992303c7-1ab0-11ef-82f6-bd5cfcf36af4.jpg", "bboxes": [0.24449172576832148, 0.2586761229314421, 0.6345626477541372, 0.7326713947990544], "class": 2}