{"image": "992303c7-1ab0-11ef-82f6-bd5cfcf36af4.jpg", "bboxes": [0.0022222222222222365, 0.22288416075650108, 0.36884160756501183, 0.6968794326241134], "class": 2}