{"image": "992303c7-1ab0-11ef-82f6-bd5cfcf36af4.jpg", "bboxes": [0.3044917257683215, 0.24534278959810876, 0.6945626477541371, 0.7193380614657211], "class": 2}