{"image": "992303c7-1ab0-11ef-82f6-bd5cfcf36af4.jpg", "bboxes": [0.356548463356974, 0.25843971631205664, 0.7466193853427896, 0.732434988179669], "class": 2}