{"image": "992303c7-1ab0-11ef-82f6-bd5cfcf36af4.jpg", "bboxes": [0.32226950354609923, 0.2720094562647754, 0.7123404255319149, 0.7460047281323878], "class": 2}