{"image": "992303c7-1ab0-11ef-82f6-bd5cfcf36af4.jpg", "bboxes": [0.0022222222222222365, 0.2631205673758865, 0.38217494089834514, 0.7371158392434989], "class": 2}