{"image": "992303c7-1ab0-11ef-82f6-bd5cfcf36af4.jpg", "bboxes": [0.26004728132387706, 0.2786761229314421, 0.6501182033096927, 0.7526713947990544], "class": 2}