{"image": "992303c7-1ab0-11ef-82f6-bd5cfcf36af4.jpg", "bboxes": [0.0022222222222222365, 0.24066193853427886, 0.3866193853427896, 0.7146572104018912], "class": 2}