{"image": "992303c7-1ab0-11ef-82f6-bd5cfcf36af4.jpg", "bboxes": [0.3943262411347517, 0.27177304964538995, 0.7843971631205674, 0.7457683215130023], "class": 2}