{"image": "992303c7-1ab0-11ef-82f6-bd5cfcf36af4.jpg", "bboxes": [0.43115839243498816, 0.2964539007092199, 0.8212293144208038, 0.7704491725768322], "class": 2}