{"image": "992303c7-1ab0-11ef-82f6-bd5cfcf36af4.jpg", "bboxes": [0.6089361702127659, 0.26534278959810875, 0.9990070921985816, 0.7393380614657211], "class": 2}