{"image": "992303c7-1ab0-11ef-82f6-bd5cfcf36af4.jpg", "bboxes": [0.24449172576832148, 0.27843971631205666, 0.6345626477541372, 0.752434988179669], "class": 2}