{"image": "992303c7-1ab0-11ef-82f6-bd5cfcf36af4.jpg", "bboxes": [0.280047281323877, 0.2720094562647754, 0.6701182033096927, 0.7460047281323878], "class": 2}