{"image": "992303c7-1ab0-11ef-82f6-bd5cfcf36af4.jpg", "bboxes": [0.25877068557919614, 0.2631205673758865, 0.6488416075650119, 0.7371158392434989], "class": 2}