{"image": "992303c7-1ab0-11ef-82f6-bd5cfcf36af4.jpg", "bboxes": [0.31115839243498816, 0.2542316784869977, 0.7012293144208038, 0.72822695035461], "class": 2}