{"image": "992303c7-1ab0-11ef-82f6-bd5cfcf36af4.jpg", "bboxes": [0.37877068557919613, 0.2497872340425532, 0.7688416075650119, 0.7237825059101656], "class": 2}