{"image": "992303c7-1ab0-11ef-82f6-bd5cfcf36af4.jpg", "bboxes": [0.4844917257683215, 0.2764539007092199, 0.8745626477541372, 0.7504491725768322], "class": 2}