{"image": "992303c7-1ab0-11ef-82f6-bd5cfcf36af4.jpg", "bboxes": [0.5133806146572104, 0.22732860520094555, 0.903451536643026, 0.7013238770685579], "class": 2}