{"image": "992303c7-1ab0-11ef-82f6-bd5cfcf36af4.jpg", "bboxes": [0.4933806146572104, 0.2673286052009456, 0.883451536643026, 0.741323877068558], "class": 2}