{"image": "992303c7-1ab0-11ef-82f6-bd5cfcf36af4.jpg", "bboxes": [0.2644917257683215, 0.24066193853427886, 0.6545626477541372, 0.7146572104018912], "class": 2}