{"image": "992303c7-1ab0-11ef-82f6-bd5cfcf36af4.jpg", "bboxes": [0.3178250591016548, 0.22955082742316776, 0.7078959810874705, 0.70354609929078], "class": 2}