{"image": "992303c7-1ab0-11ef-82f6-bd5cfcf36af4.jpg", "bboxes": [0.07210401891252949, 0.2964539007092199, 0.4621749408983452, 0.7704491725768322], "class": 2}