{"image": "992303c7-1ab0-11ef-82f6-bd5cfcf36af4.jpg", "bboxes": [0.09654846335697398, 0.25399527186761217, 0.4866193853427896, 0.7279905437352245], "class": 2}