{"image": "992303c7-1ab0-11ef-82f6-bd5cfcf36af4.jpg", "bboxes": [0.5956028368794326, 0.2495508274231678, 0.9856737588652482, 0.7235460992907801], "class": 2}