{"image": "992303c7-1ab0-11ef-82f6-bd5cfcf36af4.jpg", "bboxes": [0.0032151300236406, 0.2606619385342789, 0.3932860520094563, 0.7346572104018912], "class": 2}