{"image": "992303c7-1ab0-11ef-82f6-bd5cfcf36af4.jpg", "bboxes": [0.620047281323877, 0.30312056737588655, 0.9977777777777778, 0.7771158392434989], "class": 2}