{"image": "992303c7-1ab0-11ef-82f6-bd5cfcf36af4.jpg", "bboxes": [0.3254373522458628, 0.21843971631205672, 0.7155082742316785, 0.692434988179669], "class": 2}