{"image": "992303c7-1ab0-11ef-82f6-bd5cfcf36af4.jpg", "bboxes": [0.5311583924349882, 0.26534278959810875, 0.9212293144208038, 0.7393380614657211], "class": 2}