{"image": "99787cf9-1ab0-11ef-a927-bd5cfcf36af4.jpg", "bboxes": [0.24827423167848703, 0.2595271867612292, 0.6891725768321513, 0.7642553191489361], "class": 2}