{"image": "99787cf9-1ab0-11ef-a927-bd5cfcf36af4.jpg", "bboxes": [0.5504964539007092, 0.21730496453900705, 0.9913947990543734, 0.7220330969267139], "class": 2}