{"image": "99787cf9-1ab0-11ef-a927-bd5cfcf36af4.jpg", "bboxes": [0.39049645390070925, 0.2446335697399528, 0.8313947990543734, 0.7493617021276596], "class": 2}