{"image": "99787cf9-1ab0-11ef-a927-bd5cfcf36af4.jpg", "bboxes": [0.14860520094562657, 0.2646335697399528, 0.5895035460992908, 0.7693617021276596], "class": 2}