{"image": "99787cf9-1ab0-11ef-a927-bd5cfcf36af4.jpg", "bboxes": [0.25527186761229326, 0.2579669030732861, 0.6961702127659576, 0.7626950354609929], "class": 2}