{"image": "99787cf9-1ab0-11ef-a927-bd5cfcf36af4.jpg", "bboxes": [0.27304964539007104, 0.2639716312056737, 0.7139479905437351, 0.7686997635933804], "class": 2}