{"image": "99787cf9-1ab0-11ef-a927-bd5cfcf36af4.jpg", "bboxes": [0.47938534278959816, 0.20397163120567374, 0.9202836879432623, 0.7086997635933805], "class": 2}