{"image": "99787cf9-1ab0-11ef-a927-bd5cfcf36af4.jpg", "bboxes": [0.27938534278959815, 0.2639716312056737, 0.7202836879432624, 0.7686997635933805], "class": 2}