{"image": "99787cf9-1ab0-11ef-a927-bd5cfcf36af4.jpg", "bboxes": [0.19304964539007097, 0.29574468085106387, 0.6339479905437352, 0.8004728132387707], "class": 2}