{"image": "99787cf9-1ab0-11ef-a927-bd5cfcf36af4.jpg", "bboxes": [0.053049645390070954, 0.2579669030732861, 0.49394799054373517, 0.7626950354609929], "class": 2}