{"image": "99787cf9-1ab0-11ef-a927-bd5cfcf36af4.jpg", "bboxes": [0.30638297872340436, 0.25130023640661947, 0.7472813238770687, 0.7560283687943263], "class": 2}