{"image": "99787cf9-1ab0-11ef-a927-bd5cfcf36af4.jpg", "bboxes": [0.07749408983451544, 0.2661938534278959, 0.5183924349881797, 0.7709219858156029], "class": 2}