{"image": "99787cf9-1ab0-11ef-a927-bd5cfcf36af4.jpg", "bboxes": [0.3371631205673759, 0.246855791962175, 0.7780614657210401, 0.7515839243498819], "class": 2}