{"image": "99787cf9-1ab0-11ef-a927-bd5cfcf36af4.jpg", "bboxes": [0.1574940898345154, 0.27352245862884167, 0.5983924349881796, 0.7782505910165485], "class": 2}