{"image": "99787cf9-1ab0-11ef-a927-bd5cfcf36af4.jpg", "bboxes": [0.22193853427895993, 0.23063829787234036, 0.662836879432624, 0.7353664302600473], "class": 2}