{"image": "99787cf9-1ab0-11ef-a927-bd5cfcf36af4.jpg", "bboxes": [0.0, 0.22174940898345152, 0.411725768321513, 0.7264775413711584], "class": 2}