{"image": "99787cf9-1ab0-11ef-a927-bd5cfcf36af4.jpg", "bboxes": [0.09082742316784875, 0.19952718676122927, 0.531725768321513, 0.7042553191489361], "class": 2}