{"image": "99787cf9-1ab0-11ef-a927-bd5cfcf36af4.jpg", "bboxes": [0.2641607565011821, 0.25130023640661947, 0.7050591016548463, 0.7560283687943263], "class": 2}