{"image": "99787cf9-1ab0-11ef-a927-bd5cfcf36af4.jpg", "bboxes": [0.25716312056737595, 0.2379669030732861, 0.6980614657210401, 0.7426950354609929], "class": 2}