{"image": "99787cf9-1ab0-11ef-a927-bd5cfcf36af4.jpg", "bboxes": [0.0, 0.27352245862884167, 0.3495035460992907, 0.7782505910165485], "class": 2}