{"image": "99787cf9-1ab0-11ef-a927-bd5cfcf36af4.jpg", "bboxes": [0.6504964539007093, 0.24907801418439723, 0.9977777777777778, 0.7538061465721041], "class": 2}