{"image": "99787cf9-1ab0-11ef-a927-bd5cfcf36af4.jpg", "bboxes": [0.00638297872340432, 0.2506382978723404, 0.44728132387706854, 0.7553664302600472], "class": 2}