{"image": "99787cf9-1ab0-11ef-a927-bd5cfcf36af4.jpg", "bboxes": [0.388274231678487, 0.2846335697399528, 0.8291725768321513, 0.7893617021276597], "class": 2}