{"image": "99787cf9-1ab0-11ef-a927-bd5cfcf36af4.jpg", "bboxes": [0.2197163120567377, 0.28241134751773056, 0.6606146572104019, 0.7871394799054374], "class": 2}