{"image": "99787cf9-1ab0-11ef-a927-bd5cfcf36af4.jpg", "bboxes": [0.5904964539007093, 0.22619385342789589, 0.9977777777777778, 0.7309219858156029], "class": 2}