{"image": "99787cf9-1ab0-11ef-a927-bd5cfcf36af4.jpg", "bboxes": [0.37049645390070923, 0.26174940898345145, 0.8113947990543735, 0.7664775413711583], "class": 2}