{"image": "99787cf9-1ab0-11ef-a927-bd5cfcf36af4.jpg", "bboxes": [0.23749408983451548, 0.27130023640661943, 0.6783924349881796, 0.7760283687943264], "class": 2}