{"image": "99787cf9-1ab0-11ef-a927-bd5cfcf36af4.jpg", "bboxes": [0.0022222222222222365, 0.2357446808510639, 0.37172576832151294, 0.7404728132387708], "class": 2}