{"image": "99787cf9-1ab0-11ef-a927-bd5cfcf36af4.jpg", "bboxes": [0.3616075650118204, 0.2328605200945626, 0.8025059101654846, 0.7375886524822695], "class": 2}