{"image": "99787cf9-1ab0-11ef-a927-bd5cfcf36af4.jpg", "bboxes": [0.21082742316784875, 0.24907801418439723, 0.651725768321513, 0.7538061465721041], "class": 2}