{"image": "99787cf9-1ab0-11ef-a927-bd5cfcf36af4.jpg", "bboxes": [0.5593853427895982, 0.2017494089834515, 0.9977777777777778, 0.7064775413711584], "class": 2}