{"image": "99787cf9-1ab0-11ef-a927-bd5cfcf36af4.jpg", "bboxes": [0.0, 0.2890780141843972, 0.42950354609929076, 0.793806146572104], "class": 2}