{"image": "99787cf9-1ab0-11ef-a927-bd5cfcf36af4.jpg", "bboxes": [0.30827423167848705, 0.23130023640661945, 0.7491725768321512, 0.7360283687943263], "class": 2}