{"image": "99787cf9-1ab0-11ef-a927-bd5cfcf36af4.jpg", "bboxes": [0.3019385342789599, 0.24241134751773055, 0.7428368794326241, 0.7471394799054374], "class": 2}