{"image": "99787cf9-1ab0-11ef-a927-bd5cfcf36af4.jpg", "bboxes": [0.006382978723404321, 0.25352245862884165, 0.44728132387706854, 0.7582505910165486], "class": 2}