{"image": "99787cf9-1ab0-11ef-a927-bd5cfcf36af4.jpg", "bboxes": [0.0, 0.29130023640661945, 0.3806146572104019, 0.7960283687943263], "class": 2}