{"image": "99787cf9-1ab0-11ef-a927-bd5cfcf36af4.jpg", "bboxes": [0.41049645390070927, 0.2328605200945626, 0.8513947990543734, 0.7375886524822695], "class": 2}