{"image": "99787cf9-1ab0-11ef-a927-bd5cfcf36af4.jpg", "bboxes": [0.21749408983451546, 0.20619385342789598, 0.6583924349881796, 0.7109219858156028], "class": 2}