{"image": "99787cf9-1ab0-11ef-a927-bd5cfcf36af4.jpg", "bboxes": [0.07082742316784874, 0.26241134751773054, 0.511725768321513, 0.7671394799054374], "class": 2}