{"image": "99787cf9-1ab0-11ef-a927-bd5cfcf36af4.jpg", "bboxes": [0.6416075650118204, 0.26174940898345145, 1.0, 0.7664775413711583], "class": 2}