{"image": "99787cf9-1ab0-11ef-a927-bd5cfcf36af4.jpg", "bboxes": [0.5616075650118204, 0.2639716312056737, 0.9977777777777778, 0.7686997635933804], "class": 2}