{"image": "99787cf9-1ab0-11ef-a927-bd5cfcf36af4.jpg", "bboxes": [0.31304964539007096, 0.24397163120567367, 0.7539479905437352, 0.7486997635933805], "class": 2}