{"image": "99787cf9-1ab0-11ef-a927-bd5cfcf36af4.jpg", "bboxes": [0.6549408983451537, 0.23352245862884166, 0.9977777777777778, 0.7382505910165486], "class": 2}