{"image": "99787cf9-1ab0-11ef-a927-bd5cfcf36af4.jpg", "bboxes": [0.13971631205673762, 0.2379669030732861, 0.5806146572104018, 0.7426950354609929], "class": 2}