{"image": "99787cf9-1ab0-11ef-a927-bd5cfcf36af4.jpg", "bboxes": [0.5571631205673759, 0.2573049645390071, 0.9977777777777778, 0.762033096926714], "class": 2}