{"image": "99787cf9-1ab0-11ef-a927-bd5cfcf36af4.jpg", "bboxes": [0.4127186761229315, 0.2646335697399528, 0.8536170212765957, 0.7693617021276596], "class": 2}