{"image": "99787cf9-1ab0-11ef-a927-bd5cfcf36af4.jpg", "bboxes": [0.0022222222222222365, 0.266855791962175, 0.4406146572104018, 0.7715839243498819], "class": 2}