{"image": "99787cf9-1ab0-11ef-a927-bd5cfcf36af4.jpg", "bboxes": [0.2086052009456265, 0.24018912529550834, 0.6495035460992907, 0.7449172576832152], "class": 2}