{"image": "99787cf9-1ab0-11ef-a927-bd5cfcf36af4.jpg", "bboxes": [0.4438297872340426, 0.21730496453900702, 0.8847281323877068, 0.7220330969267139], "class": 2}