{"image": "99787cf9-1ab0-11ef-a927-bd5cfcf36af4.jpg", "bboxes": [0.4860520094562648, 0.25508274231678485, 0.926950354609929, 0.7598108747044916], "class": 2}