{"image": "99787cf9-1ab0-11ef-a927-bd5cfcf36af4.jpg", "bboxes": [0.5171631205673759, 0.2506382978723404, 0.9580614657210401, 0.7553664302600472], "class": 2}