{"image": "99787cf9-1ab0-11ef-a927-bd5cfcf36af4.jpg", "bboxes": [0.42827423167848705, 0.21063829787234034, 0.8691725768321512, 0.7153664302600472], "class": 2}