{"image": "99787cf9-1ab0-11ef-a927-bd5cfcf36af4.jpg", "bboxes": [0.25716312056737595, 0.286855791962175, 0.6980614657210401, 0.7915839243498819], "class": 2}