{"image": "99787cf9-1ab0-11ef-a927-bd5cfcf36af4.jpg", "bboxes": [0.0022222222222222365, 0.2084160756501181, 0.35839243498817963, 0.713144208037825], "class": 2}