{"image": "99787cf9-1ab0-11ef-a927-bd5cfcf36af4.jpg", "bboxes": [0.37716312056737594, 0.20619385342789598, 0.8180614657210401, 0.7109219858156028], "class": 2}