{"image": "99787cf9-1ab0-11ef-a927-bd5cfcf36af4.jpg", "bboxes": [0.388274231678487, 0.2195271867612293, 0.8291725768321513, 0.724255319148936], "class": 2}