{"image": "99787cf9-1ab0-11ef-a927-bd5cfcf36af4.jpg", "bboxes": [0.5816075650118204, 0.2757446808510639, 1.0, 0.7804728132387707], "class": 2}