{"image": "99787cf9-1ab0-11ef-a927-bd5cfcf36af4.jpg", "bboxes": [0.5393853427895982, 0.2446335697399528, 0.9802836879432624, 0.7493617021276596], "class": 2}