{"image": "99c92d8f-1ab0-11ef-92c8-bd5cfcf36af4.jpg", "bboxes": [0.0022222222222222365, 0.2971631205673759, 0.41971631205673754, 0.7959810874704492], "class": 2}