{"image": "99c92d8f-1ab0-11ef-92c8-bd5cfcf36af4.jpg", "bboxes": [0.21749408983451557, 0.31271867612293147, 0.6619385342789598, 0.8115366430260047], "class": 2}