{"image": "99c92d8f-1ab0-11ef-92c8-bd5cfcf36af4.jpg", "bboxes": [0.5736170212765958, 0.24179669030732864, 1.0, 0.7406146572104019], "class": 2}