{"image": "99c92d8f-1ab0-11ef-92c8-bd5cfcf36af4.jpg", "bboxes": [0.5336170212765958, 0.3193853427895981, 0.97806146572104, 0.8182033096926714], "class": 2}