{"image": "99c92d8f-1ab0-11ef-92c8-bd5cfcf36af4.jpg", "bboxes": [0.4891725768321514, 0.27494089834515373, 0.9336170212765955, 0.7737588652482269], "class": 2}