{"image": "99c92d8f-1ab0-11ef-92c8-bd5cfcf36af4.jpg", "bboxes": [0.7091725768321514, 0.20846335697399532, 0.9977777777777778, 0.7072813238770685], "class": 2}