{"image": "99c92d8f-1ab0-11ef-92c8-bd5cfcf36af4.jpg", "bboxes": [0.4891725768321514, 0.1817966903073286, 0.9336170212765955, 0.6806146572104019], "class": 2}