{"image": "99c92d8f-1ab0-11ef-92c8-bd5cfcf36af4.jpg", "bboxes": [0.20416075650118226, 0.24624113475177312, 0.6486052009456265, 0.7450591016548463], "class": 2}