{"image": "99c92d8f-1ab0-11ef-92c8-bd5cfcf36af4.jpg", "bboxes": [0.39583924349881805, 0.2549408983451537, 0.8402836879432622, 0.7537588652482269], "class": 2}