{"image": "99c92d8f-1ab0-11ef-92c8-bd5cfcf36af4.jpg", "bboxes": [0.4202836879432625, 0.21513002364066203, 0.8647281323877066, 0.7139479905437351], "class": 2}