{"image": "99c92d8f-1ab0-11ef-92c8-bd5cfcf36af4.jpg", "bboxes": [0.3247281323877069, 0.21513002364066203, 0.7691725768321511, 0.7139479905437351], "class": 2}