{"image": "99c92d8f-1ab0-11ef-92c8-bd5cfcf36af4.jpg", "bboxes": [0.29806146572104025, 0.20846335697399532, 0.7425059101654844, 0.7072813238770685], "class": 2}