{"image": "99c92d8f-1ab0-11ef-92c8-bd5cfcf36af4.jpg", "bboxes": [0.12416075650118219, 0.19068557919621754, 0.5686052009456264, 0.6895035460992908], "class": 2}