{"image": "99c92d8f-1ab0-11ef-92c8-bd5cfcf36af4.jpg", "bboxes": [0.5336170212765958, 0.268274231678487, 0.97806146572104, 0.7670921985815602], "class": 2}