{"image": "99c92d8f-1ab0-11ef-92c8-bd5cfcf36af4.jpg", "bboxes": [0.5513947990543736, 0.19735224586288427, 0.9958392434988178, 0.6961702127659576], "class": 2}