{"image": "99c92d8f-1ab0-11ef-92c8-bd5cfcf36af4.jpg", "bboxes": [0.041938534278959994, 0.2395744680851064, 0.4863829787234042, 0.7383924349881796], "class": 2}