{"image": "99c92d8f-1ab0-11ef-92c8-bd5cfcf36af4.jpg", "bboxes": [0.5513947990543736, 0.20624113475177308, 0.9958392434988178, 0.7050591016548463], "class": 2}