{"image": "99c92d8f-1ab0-11ef-92c8-bd5cfcf36af4.jpg", "bboxes": [0.3602836879432625, 0.29938534278959816, 0.8047281323877067, 0.7982033096926714], "class": 2}