{"image": "99c92d8f-1ab0-11ef-92c8-bd5cfcf36af4.jpg", "bboxes": [0.07971631205673779, 0.23513002364066193, 0.524160756501182, 0.7339479905437352], "class": 2}