{"image": "99c92d8f-1ab0-11ef-92c8-bd5cfcf36af4.jpg", "bboxes": [0.0022222222222222365, 0.2017966903073286, 0.36860520094562643, 0.7006146572104018], "class": 2}