{"image": "99c92d8f-1ab0-11ef-92c8-bd5cfcf36af4.jpg", "bboxes": [0.4891725768321514, 0.2195744680851064, 0.9336170212765955, 0.7183924349881796], "class": 2}