{"image": "99c92d8f-1ab0-11ef-92c8-bd5cfcf36af4.jpg", "bboxes": [0.06860520094562672, 0.21513002364066203, 0.5130496453900708, 0.7139479905437351], "class": 2}