{"image": "99c92d8f-1ab0-11ef-92c8-bd5cfcf36af4.jpg", "bboxes": [0.0, 0.2927186761229315, 0.2974940898345153, 0.7915366430260047], "class": 2}