{"image": "99c92d8f-1ab0-11ef-92c8-bd5cfcf36af4.jpg", "bboxes": [0.5447281323877069, 0.27494089834515373, 0.9891725768321511, 0.7737588652482269], "class": 2}