{"image": "99c92d8f-1ab0-11ef-92c8-bd5cfcf36af4.jpg", "bboxes": [0.20638297872340453, 0.28827423167848704, 0.6508274231678487, 0.7870921985815602], "class": 2}