{"image": "99c92d8f-1ab0-11ef-92c8-bd5cfcf36af4.jpg", "bboxes": [0.604728132387707, 0.2949408983451537, 1.0, 0.7937588652482269], "class": 2}