{"image": "99c92d8f-1ab0-11ef-92c8-bd5cfcf36af4.jpg", "bboxes": [0.0, 0.3193853427895981, 0.3397163120567376, 0.8182033096926714], "class": 2}