{"image": "99c92d8f-1ab0-11ef-92c8-bd5cfcf36af4.jpg", "bboxes": [0.4447281323877069, 0.26605200945626484, 0.8891725768321511, 0.7648699763593381], "class": 2}