{"image": "99c92d8f-1ab0-11ef-92c8-bd5cfcf36af4.jpg", "bboxes": [0.0486052009456267, 0.3149408983451537, 0.4930496453900709, 0.8137588652482269], "class": 2}