{"image": "99c92d8f-1ab0-11ef-92c8-bd5cfcf36af4.jpg", "bboxes": [0.4425059101654847, 0.19068557919621754, 0.8869503546099289, 0.6895035460992908], "class": 2}