{"image": "99c92d8f-1ab0-11ef-92c8-bd5cfcf36af4.jpg", "bboxes": [0.053049645390071065, 0.3149408983451537, 0.49749408983451526, 0.8137588652482269], "class": 2}