{"image": "99c92d8f-1ab0-11ef-92c8-bd5cfcf36af4.jpg", "bboxes": [0.035271867612293284, 0.268274231678487, 0.4797163120567375, 0.7670921985815602], "class": 2}