{"image": "99c92d8f-1ab0-11ef-92c8-bd5cfcf36af4.jpg", "bboxes": [0.5891725768321514, 0.2217966903073286, 0.9977777777777778, 0.7206146572104019], "class": 2}