{"image": "99c92d8f-1ab0-11ef-92c8-bd5cfcf36af4.jpg", "bboxes": [0.5180614657210403, 0.2771631205673759, 0.9625059101654845, 0.7759810874704491], "class": 2}