{"image": "99c92d8f-1ab0-11ef-92c8-bd5cfcf36af4.jpg", "bboxes": [0.3913947990543736, 0.21735224586288418, 0.8358392434988178, 0.7161702127659574], "class": 2}