{"image": "99c92d8f-1ab0-11ef-92c8-bd5cfcf36af4.jpg", "bboxes": [0.0, 0.23068557919621757, 0.3552718676122931, 0.7295035460992907], "class": 2}