{"image": "99c92d8f-1ab0-11ef-92c8-bd5cfcf36af4.jpg", "bboxes": [0.0022222222222222365, 0.30827423167848705, 0.40193853427895976, 0.8070921985815602], "class": 2}