{"image": "99c92d8f-1ab0-11ef-92c8-bd5cfcf36af4.jpg", "bboxes": [0.1997163120567378, 0.24846335697399535, 0.644160756501182, 0.7472813238770687], "class": 2}