{"image": "99c92d8f-1ab0-11ef-92c8-bd5cfcf36af4.jpg", "bboxes": [0.0022222222222222365, 0.27938534278959815, 0.3797163120567375, 0.7782033096926714], "class": 2}