{"image": "99c92d8f-1ab0-11ef-92c8-bd5cfcf36af4.jpg", "bboxes": [0.6380614657210403, 0.3193853427895981, 0.9977777777777778, 0.8182033096926714], "class": 2}