{"image": "99c92d8f-1ab0-11ef-92c8-bd5cfcf36af4.jpg", "bboxes": [0.41361702127659583, 0.23513002364066193, 0.85806146572104, 0.7339479905437352], "class": 2}