{"image": "99c92d8f-1ab0-11ef-92c8-bd5cfcf36af4.jpg", "bboxes": [0.2508274231678489, 0.2971631205673759, 0.6952718676122931, 0.7959810874704492], "class": 2}