{"image": "99c92d8f-1ab0-11ef-92c8-bd5cfcf36af4.jpg", "bboxes": [0.22860520094562664, 0.26160756501182036, 0.6730496453900708, 0.7604255319148936], "class": 2}