{"image": "99c92d8f-1ab0-11ef-92c8-bd5cfcf36af4.jpg", "bboxes": [0.2086052009456266, 0.22846335697399534, 0.653049645390071, 0.7272813238770686], "class": 2}