{"image": "99c92d8f-1ab0-11ef-92c8-bd5cfcf36af4.jpg", "bboxes": [0.5869503546099292, 0.1884633569739953, 1.0, 0.6872813238770685], "class": 2}