{"image": "99c92d8f-1ab0-11ef-92c8-bd5cfcf36af4.jpg", "bboxes": [0.46472813238770694, 0.2129078014184398, 0.9091725768321511, 0.7117257683215129], "class": 2}