{"image": "99c92d8f-1ab0-11ef-92c8-bd5cfcf36af4.jpg", "bboxes": [0.48695035460992914, 0.22401891252955086, 0.9313947990543733, 0.7228368794326241], "class": 2}