{"image": "99c92d8f-1ab0-11ef-92c8-bd5cfcf36af4.jpg", "bboxes": [0.5358392434988181, 0.31716312056737594, 0.9802836879432623, 0.8159810874704492], "class": 2}