{"image": "99c92d8f-1ab0-11ef-92c8-bd5cfcf36af4.jpg", "bboxes": [0.12416075650118219, 0.2860520094562648, 0.5686052009456264, 0.784869976359338], "class": 2}