{"image": "99c92d8f-1ab0-11ef-92c8-bd5cfcf36af4.jpg", "bboxes": [0.5802836879432625, 0.19068557919621754, 1.0, 0.6895035460992908], "class": 2}