{"image": "99c92d8f-1ab0-11ef-92c8-bd5cfcf36af4.jpg", "bboxes": [0.0022222222222222365, 0.23513002364066193, 0.39527186761229305, 0.7339479905437352], "class": 2}