{"image": "99c92d8f-1ab0-11ef-92c8-bd5cfcf36af4.jpg", "bboxes": [0.09527186761229334, 0.31716312056737594, 0.5397163120567375, 0.8159810874704492], "class": 2}