{"image": "99c92d8f-1ab0-11ef-92c8-bd5cfcf36af4.jpg", "bboxes": [0.0552718676122933, 0.24624113475177312, 0.49971631205673755, 0.7450591016548463], "class": 2}