{"image": "99c92d8f-1ab0-11ef-92c8-bd5cfcf36af4.jpg", "bboxes": [0.0022222222222222365, 0.19735224586288427, 0.2930496453900709, 0.6961702127659576], "class": 2}