{"image": "99c92d8f-1ab0-11ef-92c8-bd5cfcf36af4.jpg", "bboxes": [0.6513947990543736, 0.3060520094562648, 1.0, 0.804869976359338], "class": 2}