{"image": "99c92d8f-1ab0-11ef-92c8-bd5cfcf36af4.jpg", "bboxes": [0.10860520094562665, 0.2017966903073286, 0.5530496453900708, 0.7006146572104018], "class": 2}