{"image": "99c92d8f-1ab0-11ef-92c8-bd5cfcf36af4.jpg", "bboxes": [0.6491725768321513, 0.26605200945626484, 1.0, 0.7648699763593381], "class": 2}