{"image": "99c92d8f-1ab0-11ef-92c8-bd5cfcf36af4.jpg", "bboxes": [0.06193853427896001, 0.26160756501182036, 0.5063829787234042, 0.7604255319148936], "class": 2}