{"image": "99c92d8f-1ab0-11ef-92c8-bd5cfcf36af4.jpg", "bboxes": [0.15749408983451552, 0.22401891252955086, 0.6019385342789598, 0.7228368794326241], "class": 2}