{"image": "99c92d8f-1ab0-11ef-92c8-bd5cfcf36af4.jpg", "bboxes": [0.18193853427896, 0.3038297872340426, 0.6263829787234042, 0.8026477541371158], "class": 2}