{"image": "99c92d8f-1ab0-11ef-92c8-bd5cfcf36af4.jpg", "bboxes": [0.0022222222222222365, 0.24179669030732864, 0.3886052009456264, 0.7406146572104019], "class": 2}