{"image": "99c92d8f-1ab0-11ef-92c8-bd5cfcf36af4.jpg", "bboxes": [0.3425059101654847, 0.2949408983451537, 0.7869503546099289, 0.7937588652482269], "class": 2}