{"image": "99c92d8f-1ab0-11ef-92c8-bd5cfcf36af4.jpg", "bboxes": [0.1374940898345156, 0.31271867612293147, 0.5819385342789598, 0.8115366430260047], "class": 2}