{"image": "99c92d8f-1ab0-11ef-92c8-bd5cfcf36af4.jpg", "bboxes": [0.23971631205673782, 0.24846335697399535, 0.684160756501182, 0.7472813238770686], "class": 2}