{"image": "99c92d8f-1ab0-11ef-92c8-bd5cfcf36af4.jpg", "bboxes": [0.0022222222222222365, 0.25716312056737595, 0.30638297872340414, 0.7559810874704491], "class": 2}