{"image": "99c92d8f-1ab0-11ef-92c8-bd5cfcf36af4.jpg", "bboxes": [0.6113947990543736, 0.25938534278959813, 1.0, 0.7582033096926714], "class": 2}