{"image": "9a6bc575-1ab0-11ef-abad-bd5cfcf36af4.jpg", "bboxes": [0.27872340425531916, 0.3125768321513003, 0.6475177304964539, 0.7641134751773049], "class": 2}