{"image": "9a6bc575-1ab0-11ef-abad-bd5cfcf36af4.jpg", "bboxes": [0.3413711583924349, 0.24255319148936172, 0.7101654846335698, 0.6940898345153664], "class": 2}