{"image": "9a6bc575-1ab0-11ef-abad-bd5cfcf36af4.jpg", "bboxes": [0.4480378250591016, 0.2558865248226951, 0.8168321513002365, 0.7074231678486997], "class": 2}