{"image": "9a6bc575-1ab0-11ef-abad-bd5cfcf36af4.jpg", "bboxes": [0.38137115839243496, 0.2403309692671395, 0.7501654846335698, 0.6918676122931442], "class": 2}