{"image": "9a6bc575-1ab0-11ef-abad-bd5cfcf36af4.jpg", "bboxes": [0.37470449172576825, 0.2603309692671395, 0.7434988179669031, 0.7118676122931442], "class": 2}