{"image": "9a6bc575-1ab0-11ef-abad-bd5cfcf36af4.jpg", "bboxes": [0.3587234042553191, 0.25810874704491726, 0.727517730496454, 0.709645390070922], "class": 2}