{"image": "9a6bc575-1ab0-11ef-abad-bd5cfcf36af4.jpg", "bboxes": [0.26359338061465715, 0.31702127659574464, 0.6323877068557919, 0.7685579196217494], "class": 2}