{"image": "9a6bc575-1ab0-11ef-abad-bd5cfcf36af4.jpg", "bboxes": [0.2969267139479905, 0.27257683215130024, 0.6657210401891253, 0.724113475177305], "class": 2}