{"image": "9a6bc575-1ab0-11ef-abad-bd5cfcf36af4.jpg", "bboxes": [0.18983451536643026, 0.23366430260047283, 0.5586288416075651, 0.6852009456264775], "class": 2}