{"image": "9a6bc575-1ab0-11ef-abad-bd5cfcf36af4.jpg", "bboxes": [0.0720567375886525, 0.24699763593380616, 0.44085106382978734, 0.6985342789598109], "class": 2}