{"image": "9a6bc575-1ab0-11ef-abad-bd5cfcf36af4.jpg", "bboxes": [0.14761229314420798, 0.2947990543735225, 0.5164066193853428, 0.7463356973995272], "class": 2}