{"image": "9a6bc575-1ab0-11ef-abad-bd5cfcf36af4.jpg", "bboxes": [0.4102600472813238, 0.2514420803782506, 0.7790543735224587, 0.7029787234042553], "class": 2}