{"image": "9a6bc575-1ab0-11ef-abad-bd5cfcf36af4.jpg", "bboxes": [0.6147044917257682, 0.25924349881796693, 0.9834988179669031, 0.7107801418439716], "class": 2}