{"image": "9a6bc575-1ab0-11ef-abad-bd5cfcf36af4.jpg", "bboxes": [0.2765011820330969, 0.25479905437352246, 0.6452955082742318, 0.7063356973995272], "class": 2}