{"image": "9a6bc575-1ab0-11ef-abad-bd5cfcf36af4.jpg", "bboxes": [0.387612293144208, 0.2803309692671395, 0.7564066193853428, 0.7318676122931442], "class": 2}