{"image": "9a6bc575-1ab0-11ef-abad-bd5cfcf36af4.jpg", "bboxes": [0.22316784869976358, 0.23366430260047283, 0.5919621749408984, 0.6852009456264775], "class": 2}