{"image": "9a6bc575-1ab0-11ef-abad-bd5cfcf36af4.jpg", "bboxes": [0.30983451536643025, 0.26813238770685577, 0.678628841607565, 0.7196690307328605], "class": 2}