{"image": "9a6bc575-1ab0-11ef-abad-bd5cfcf36af4.jpg", "bboxes": [0.5391489361702128, 0.31035460992907804, 0.9079432624113475, 0.7618912529550828], "class": 2}