{"image": "9a6bc575-1ab0-11ef-abad-bd5cfcf36af4.jpg", "bboxes": [0.3124822695035461, 0.26813238770685577, 0.6812765957446809, 0.7196690307328605], "class": 2}