{"image": "9a6bc575-1ab0-11ef-abad-bd5cfcf36af4.jpg", "bboxes": [0.22137115839243493, 0.2836879432624113, 0.5901654846335698, 0.735224586288416], "class": 2}