{"image": "9a6bc575-1ab0-11ef-abad-bd5cfcf36af4.jpg", "bboxes": [0.007612293144207971, 0.26699763593380615, 0.3764066193853428, 0.7185342789598108], "class": 2}