{"image": "9a6bc575-1ab0-11ef-abad-bd5cfcf36af4.jpg", "bboxes": [0.1098345153664303, 0.23144208037825062, 0.478628841607565, 0.6829787234042554], "class": 2}