{"image": "9a6bc575-1ab0-11ef-abad-bd5cfcf36af4.jpg", "bboxes": [0.06761229314420802, 0.2836879432624113, 0.43640661938534286, 0.735224586288416], "class": 2}