{"image": "9a6bc575-1ab0-11ef-abad-bd5cfcf36af4.jpg", "bboxes": [0.5924822695035461, 0.2936643026004728, 0.9612765957446808, 0.7452009456264775], "class": 2}