{"image": "9a6bc575-1ab0-11ef-abad-bd5cfcf36af4.jpg", "bboxes": [0.16983451536643024, 0.28699763593380617, 0.5386288416075651, 0.7385342789598108], "class": 2}