{"image": "9a6bc575-1ab0-11ef-abad-bd5cfcf36af4.jpg", "bboxes": [0.36094562647754136, 0.3081323877068558, 0.7297399527186762, 0.7596690307328605], "class": 2}