{"image": "9a6bc575-1ab0-11ef-abad-bd5cfcf36af4.jpg", "bboxes": [0.49248226950354607, 0.25366430260047285, 0.8612765957446809, 0.7052009456264775], "class": 2}