{"image": "9a6bc575-1ab0-11ef-abad-bd5cfcf36af4.jpg", "bboxes": [0.3591489361702127, 0.3147990543735225, 0.7279432624113475, 0.7663356973995272], "class": 2}