{"image": "9a6bc575-1ab0-11ef-abad-bd5cfcf36af4.jpg", "bboxes": [0.30581560283687936, 0.30368794326241133, 0.6746099290780142, 0.755224586288416], "class": 2}