{"image": "9a6bc575-1ab0-11ef-abad-bd5cfcf36af4.jpg", "bboxes": [0.0342789598108747, 0.23366430260047283, 0.4030732860520095, 0.6852009456264775], "class": 2}