{"image": "9a6bc575-1ab0-11ef-abad-bd5cfcf36af4.jpg", "bboxes": [0.3480378250591016, 0.2570212765957447, 0.7168321513002365, 0.7085579196217493], "class": 2}