{"image": "9a6bc575-1ab0-11ef-abad-bd5cfcf36af4.jpg", "bboxes": [0.005390070921985846, 0.28255319148936175, 0.3741843971631206, 0.7340898345153665], "class": 2}