{"image": "9a6bc575-1ab0-11ef-abad-bd5cfcf36af4.jpg", "bboxes": [0.043167848699763534, 0.2859101654846336, 0.4119621749408984, 0.7374468085106383], "class": 2}