{"image": "9a6bc575-1ab0-11ef-abad-bd5cfcf36af4.jpg", "bboxes": [0.14094562647754139, 0.27924349881796695, 0.5097399527186761, 0.7307801418439717], "class": 2}