{"image": "9a6bc575-1ab0-11ef-abad-bd5cfcf36af4.jpg", "bboxes": [0.5702600472813238, 0.28477541371158394, 0.9390543735224587, 0.7363120567375886], "class": 2}