{"image": "9a6bc575-1ab0-11ef-abad-bd5cfcf36af4.jpg", "bboxes": [0.6035933806146572, 0.23810874704491727, 0.972387706855792, 0.689645390070922], "class": 2}