{"image": "9a6bc575-1ab0-11ef-abad-bd5cfcf36af4.jpg", "bboxes": [0.07427895981087473, 0.30368794326241133, 0.44307328605200946, 0.755224586288416], "class": 2}