{"image": "9a6bc575-1ab0-11ef-abad-bd5cfcf36af4.jpg", "bboxes": [0.09650118203309688, 0.25924349881796693, 0.4652955082742317, 0.7107801418439716], "class": 2}