{"image": "9a6bc575-1ab0-11ef-abad-bd5cfcf36af4.jpg", "bboxes": [0.14094562647754139, 0.2881323877068558, 0.5097399527186761, 0.7396690307328605], "class": 2}