{"image": "9a6bc575-1ab0-11ef-abad-bd5cfcf36af4.jpg", "bboxes": [0.20094562647754133, 0.27257683215130024, 0.5697399527186762, 0.724113475177305], "class": 2}