{"image": "9a6bc575-1ab0-11ef-abad-bd5cfcf36af4.jpg", "bboxes": [0.32137115839243496, 0.23810874704491727, 0.6901654846335697, 0.689645390070922], "class": 2}