{"image": "9a6bc575-1ab0-11ef-abad-bd5cfcf36af4.jpg", "bboxes": [0.1298345153664302, 0.29257683215130026, 0.49862884160756504, 0.7441134751773049], "class": 2}