{"image": "9a6bc575-1ab0-11ef-abad-bd5cfcf36af4.jpg", "bboxes": [0.36094562647754136, 0.2947990543735225, 0.7297399527186762, 0.7463356973995272], "class": 2}