{"image": "9a6bc575-1ab0-11ef-abad-bd5cfcf36af4.jpg", "bboxes": [0.2298345153664303, 0.2570212765957447, 0.5986288416075652, 0.7085579196217493], "class": 2}