{"image": "9a6bc575-1ab0-11ef-abad-bd5cfcf36af4.jpg", "bboxes": [0.44137115839243496, 0.290354609929078, 0.8101654846335697, 0.7418912529550827], "class": 2}