{"image": "9a6bc575-1ab0-11ef-abad-bd5cfcf36af4.jpg", "bboxes": [0.5591489361702127, 0.3147990543735225, 0.9279432624113475, 0.7663356973995273], "class": 2}