{"image": "9a6bc575-1ab0-11ef-abad-bd5cfcf36af4.jpg", "bboxes": [0.4969267139479905, 0.2603309692671395, 0.8657210401891253, 0.7118676122931442], "class": 2}