{"image": "9a6bc575-1ab0-11ef-abad-bd5cfcf36af4.jpg", "bboxes": [0.22137115839243493, 0.23144208037825062, 0.5901654846335698, 0.6829787234042554], "class": 2}