{"image": "9a6bc575-1ab0-11ef-abad-bd5cfcf36af4.jpg", "bboxes": [0.4880378250591016, 0.2692198581560284, 0.8568321513002364, 0.720756501182033], "class": 2}