{"image": "9a6bc575-1ab0-11ef-abad-bd5cfcf36af4.jpg", "bboxes": [0.21914893617021272, 0.24477541371158396, 0.5879432624113475, 0.6963120567375887], "class": 2}