{"image": "9a6bc575-1ab0-11ef-abad-bd5cfcf36af4.jpg", "bboxes": [0.42137115839243494, 0.28699763593380617, 0.7901654846335697, 0.7385342789598108], "class": 2}