{"image": "9a6bc575-1ab0-11ef-abad-bd5cfcf36af4.jpg", "bboxes": [0.3631678486997636, 0.2981087470449173, 0.7319621749408984, 0.749645390070922], "class": 2}