{"image": "9a6bc575-1ab0-11ef-abad-bd5cfcf36af4.jpg", "bboxes": [0.5369267139479905, 0.2947990543735225, 0.9057210401891254, 0.7463356973995272], "class": 2}