{"image": "9a6bc575-1ab0-11ef-abad-bd5cfcf36af4.jpg", "bboxes": [0.2609456264775414, 0.29588652482269506, 0.6297399527186762, 0.7474231678486998], "class": 2}