{"image": "9a6bc575-1ab0-11ef-abad-bd5cfcf36af4.jpg", "bboxes": [0.37872340425531914, 0.3147990543735225, 0.747517730496454, 0.7663356973995273], "class": 2}