{"image": "9a6bc575-1ab0-11ef-abad-bd5cfcf36af4.jpg", "bboxes": [0.2942789598108747, 0.2514420803782506, 0.6630732860520094, 0.7029787234042553], "class": 2}