{"image": "9a6bc575-1ab0-11ef-abad-bd5cfcf36af4.jpg", "bboxes": [0.3791489361702127, 0.2747990543735225, 0.7479432624113476, 0.7263356973995272], "class": 2}