{"image": "9a6bc575-1ab0-11ef-abad-bd5cfcf36af4.jpg", "bboxes": [0.05205673758865248, 0.23366430260047283, 0.4208510638297874, 0.6852009456264775], "class": 2}