{"image": "9a6bc575-1ab0-11ef-abad-bd5cfcf36af4.jpg", "bboxes": [0.2524822695035461, 0.2892198581560284, 0.6212765957446809, 0.7407565011820331], "class": 2}