{"image": "9a6bc575-1ab0-11ef-abad-bd5cfcf36af4.jpg", "bboxes": [0.17205673758865248, 0.2781087470449173, 0.5408510638297872, 0.729645390070922], "class": 2}