{"image": "9a6bc575-1ab0-11ef-abad-bd5cfcf36af4.jpg", "bboxes": [0.521371158392435, 0.2558865248226951, 0.8901654846335697, 0.7074231678486997], "class": 2}