{"image": "9a6bc575-1ab0-11ef-abad-bd5cfcf36af4.jpg", "bboxes": [0.27872340425531916, 0.30591016548463357, 0.647517730496454, 0.7574468085106383], "class": 2}