{"image": "9a6bc575-1ab0-11ef-abad-bd5cfcf36af4.jpg", "bboxes": [0.30316784869976354, 0.2936643026004728, 0.6719621749408984, 0.7452009456264775], "class": 2}