{"image": "9a6bc575-1ab0-11ef-abad-bd5cfcf36af4.jpg", "bboxes": [0.23026004728132382, 0.29924349881796697, 0.5990543735224586, 0.7507801418439716], "class": 2}