{"image": "9a6bc575-1ab0-11ef-abad-bd5cfcf36af4.jpg", "bboxes": [0.21914893617021272, 0.2881323877068558, 0.5879432624113475, 0.7396690307328605], "class": 2}