{"image": "9a6bc575-1ab0-11ef-abad-bd5cfcf36af4.jpg", "bboxes": [0.2458156028368794, 0.24699763593380616, 0.6146099290780141, 0.6985342789598109], "class": 2}