{"image": "9a6bc575-1ab0-11ef-abad-bd5cfcf36af4.jpg", "bboxes": [0.1098345153664303, 0.31702127659574464, 0.478628841607565, 0.7685579196217494], "class": 2}