{"image": "9b0d8b88-1ab0-11ef-b525-bd5cfcf36af4.jpg", "bboxes": [0.20014184397163115, 0.2920094562647754, 0.5512056737588652, 0.7435460992907801], "class": 2}