{"image": "9b0d8b88-1ab0-11ef-b525-bd5cfcf36af4.jpg", "bboxes": [0.41323877068557924, 0.287565011820331, 0.7643026004728133, 0.7391016548463355], "class": 2}