{"image": "9b0d8b88-1ab0-11ef-b525-bd5cfcf36af4.jpg", "bboxes": [0.1779196217494089, 0.25200945626477544, 0.528983451536643, 0.70354609929078], "class": 2}