{"image": "9b0d8b88-1ab0-11ef-b525-bd5cfcf36af4.jpg", "bboxes": [0.5354609929078015, 0.24534278959810876, 0.8865248226950355, 0.6968794326241134], "class": 2}