{"image": "9b0d8b88-1ab0-11ef-b525-bd5cfcf36af4.jpg", "bboxes": [0.4154609929078015, 0.2742316784869977, 0.7665248226950355, 0.7257683215130025], "class": 2}