{"image": "9b0d8b88-1ab0-11ef-b525-bd5cfcf36af4.jpg", "bboxes": [0.24680851063829778, 0.2808983451536643, 0.5978723404255318, 0.732434988179669], "class": 2}