{"image": "9b0d8b88-1ab0-11ef-b525-bd5cfcf36af4.jpg", "bboxes": [0.12458628841607555, 0.2964539007092199, 0.4756501182033096, 0.7479905437352246], "class": 2}