{"image": "9b0d8b88-1ab0-11ef-b525-bd5cfcf36af4.jpg", "bboxes": [0.3156973995271867, 0.25200945626477544, 0.6667612293144207, 0.70354609929078], "class": 2}