{"image": "9b0d8b88-1ab0-11ef-b525-bd5cfcf36af4.jpg", "bboxes": [0.2934751773049644, 0.2742316784869977, 0.6445390070921985, 0.7257683215130025], "class": 2}