{"image": "9b0d8b88-1ab0-11ef-b525-bd5cfcf36af4.jpg", "bboxes": [0.4576832151300237, 0.287565011820331, 0.8087470449172578, 0.7391016548463356], "class": 2}