{"image": "9b0d8b88-1ab0-11ef-b525-bd5cfcf36af4.jpg", "bboxes": [0.37768321513002373, 0.3053427895981088, 0.7287470449172577, 0.7568794326241135], "class": 2}