{"image": "9b0d8b88-1ab0-11ef-b525-bd5cfcf36af4.jpg", "bboxes": [0.40434988179669035, 0.27423167848699764, 0.7554137115839245, 0.7257683215130023], "class": 2}