{"image": "9b0d8b88-1ab0-11ef-b525-bd5cfcf36af4.jpg", "bboxes": [0.1712529550827422, 0.30756501182033097, 0.5223167848699763, 0.7591016548463356], "class": 2}