{"image": "9b0d8b88-1ab0-11ef-b525-bd5cfcf36af4.jpg", "bboxes": [0.29990543735224595, 0.24089834515366437, 0.65096926713948, 0.692434988179669], "class": 2}