{"image": "9b0d8b88-1ab0-11ef-b525-bd5cfcf36af4.jpg", "bboxes": [0.5065721040189126, 0.28312056737588653, 0.8576359338061467, 0.7346572104018912], "class": 2}