{"image": "9b0d8b88-1ab0-11ef-b525-bd5cfcf36af4.jpg", "bboxes": [0.09791962174940894, 0.30312056737588655, 0.448983451536643, 0.7546572104018913], "class": 2}