{"image": "9b0d8b88-1ab0-11ef-b525-bd5cfcf36af4.jpg", "bboxes": [0.32014184397163115, 0.2586761229314421, 0.6712056737588652, 0.7102127659574468], "class": 2}