{"image": "9b0d8b88-1ab0-11ef-b525-bd5cfcf36af4.jpg", "bboxes": [0.5332387706855792, 0.28534278959810877, 0.8843026004728133, 0.7368794326241135], "class": 2}