{"image": "9b0d8b88-1ab0-11ef-b525-bd5cfcf36af4.jpg", "bboxes": [0.26236406619385333, 0.28312056737588653, 0.6134278959810874, 0.7346572104018912], "class": 2}