{"image": "9b0d8b88-1ab0-11ef-b525-bd5cfcf36af4.jpg", "bboxes": [0.2156973995271867, 0.2764539007092199, 0.5667612293144207, 0.7279905437352245], "class": 2}