{"image": "9b0d8b88-1ab0-11ef-b525-bd5cfcf36af4.jpg", "bboxes": [0.31347517730496444, 0.2497872340425532, 0.6645390070921986, 0.7013238770685579], "class": 2}