{"image": "9b0d8b88-1ab0-11ef-b525-bd5cfcf36af4.jpg", "bboxes": [0.25323877068557926, 0.28534278959810877, 0.6043026004728134, 0.7368794326241135], "class": 2}