{"image": "9b0d8b88-1ab0-11ef-b525-bd5cfcf36af4.jpg", "bboxes": [0.28903073286051995, 0.287565011820331, 0.6400945626477541, 0.7391016548463357], "class": 2}