{"image": "9b0d8b88-1ab0-11ef-b525-bd5cfcf36af4.jpg", "bboxes": [0.3332387706855793, 0.3008983451536643, 0.6843026004728133, 0.752434988179669], "class": 2}