{"image": "9b0d8b88-1ab0-11ef-b525-bd5cfcf36af4.jpg", "bboxes": [0.41323877068557924, 0.2808983451536643, 0.7643026004728133, 0.732434988179669], "class": 2}