{"image": "9b0d8b88-1ab0-11ef-b525-bd5cfcf36af4.jpg", "bboxes": [0.48434988179669036, 0.2942316784869976, 0.8354137115839244, 0.7457683215130023], "class": 2}