{"image": "9b0d8b88-1ab0-11ef-b525-bd5cfcf36af4.jpg", "bboxes": [0.43323877068557926, 0.2742316784869977, 0.7843026004728133, 0.7257683215130024], "class": 2}