{"image": "9b0d8b88-1ab0-11ef-b525-bd5cfcf36af4.jpg", "bboxes": [0.531016548463357, 0.2542316784869977, 0.8820803782505912, 0.7057683215130024], "class": 2}