{"image": "9b0d8b88-1ab0-11ef-b525-bd5cfcf36af4.jpg", "bboxes": [0.01347517730496439, 0.2697872340425532, 0.36453900709219855, 0.7213238770685579], "class": 2}