{"image": "9b0d8b88-1ab0-11ef-b525-bd5cfcf36af4.jpg", "bboxes": [0.3956973995271867, 0.2586761229314421, 0.7467612293144208, 0.7102127659574468], "class": 2}