{"image": "9b0d8b88-1ab0-11ef-b525-bd5cfcf36af4.jpg", "bboxes": [0.6265721040189126, 0.2608983451536643, 0.9776359338061467, 0.712434988179669], "class": 2}