{"image": "9b0d8b88-1ab0-11ef-b525-bd5cfcf36af4.jpg", "bboxes": [0.29323877068557924, 0.267565011820331, 0.6443026004728133, 0.7191016548463357], "class": 2}