{"image": "9b0d8b88-1ab0-11ef-b525-bd5cfcf36af4.jpg", "bboxes": [0.21990543735224594, 0.2808983451536643, 0.57096926713948, 0.732434988179669], "class": 2}