{"image": "9b0d8b88-1ab0-11ef-b525-bd5cfcf36af4.jpg", "bboxes": [0.10680851063829777, 0.24534278959810876, 0.4578723404255318, 0.6968794326241134], "class": 2}