{"image": "9b0d8b88-1ab0-11ef-b525-bd5cfcf36af4.jpg", "bboxes": [0.1334751773049644, 0.287565011820331, 0.48453900709219855, 0.7391016548463356], "class": 2}