{"image": "9b0d8b88-1ab0-11ef-b525-bd5cfcf36af4.jpg", "bboxes": [0.5376832151300237, 0.2897872340425532, 0.8887470449172578, 0.7413238770685578], "class": 2}