{"image": "9b0d8b88-1ab0-11ef-b525-bd5cfcf36af4.jpg", "bboxes": [0.05347517730496443, 0.26089834515366433, 0.4045390070921985, 0.712434988179669], "class": 2}