{"image": "9b0d8b88-1ab0-11ef-b525-bd5cfcf36af4.jpg", "bboxes": [0.431016548463357, 0.26534278959810875, 0.7820803782505911, 0.7168794326241135], "class": 2}