{"image": "9b0d8b88-1ab0-11ef-b525-bd5cfcf36af4.jpg", "bboxes": [0.26458628841607557, 0.3053427895981088, 0.6156501182033096, 0.7568794326241135], "class": 2}