{"image": "9b0d8b88-1ab0-11ef-b525-bd5cfcf36af4.jpg", "bboxes": [0.2045862884160755, 0.25200945626477544, 0.5556501182033096, 0.7035460992907802], "class": 2}