{"image": "9b0d8b88-1ab0-11ef-b525-bd5cfcf36af4.jpg", "bboxes": [0.08236406619385328, 0.25867612293144215, 0.4334278959810875, 0.7102127659574469], "class": 2}