{"image": "9b0d8b88-1ab0-11ef-b525-bd5cfcf36af4.jpg", "bboxes": [0.2732387706855793, 0.25645390070921986, 0.6243026004728134, 0.7079905437352245], "class": 2}