{"image": "9b0d8b88-1ab0-11ef-b525-bd5cfcf36af4.jpg", "bboxes": [0.4065721040189126, 0.3008983451536643, 0.7576359338061467, 0.752434988179669], "class": 2}