{"image": "9b0d8b88-1ab0-11ef-b525-bd5cfcf36af4.jpg", "bboxes": [0.1468085106382978, 0.24534278959810873, 0.49787234042553186, 0.6968794326241134], "class": 2}