{"image": "9b0d8b88-1ab0-11ef-b525-bd5cfcf36af4.jpg", "bboxes": [0.44212765957446815, 0.267565011820331, 0.7931914893617023, 0.7191016548463357], "class": 2}