{"image": "9b0d8b88-1ab0-11ef-b525-bd5cfcf36af4.jpg", "bboxes": [0.551016548463357, 0.24312056737588655, 0.9020803782505911, 0.6946572104018912], "class": 2}