{"image": "9b0d8b88-1ab0-11ef-b525-bd5cfcf36af4.jpg", "bboxes": [0.29569739952718666, 0.24312056737588655, 0.6467612293144207, 0.6946572104018912], "class": 2}