{"image": "9b0d8b88-1ab0-11ef-b525-bd5cfcf36af4.jpg", "bboxes": [0.24458628841607555, 0.2742316784869977, 0.5956501182033096, 0.7257683215130024], "class": 2}