{"image": "9b0d8b88-1ab0-11ef-b525-bd5cfcf36af4.jpg", "bboxes": [0.03347517730496441, 0.2431205673758865, 0.38453900709219857, 0.6946572104018912], "class": 2}