{"image": "9b0d8b88-1ab0-11ef-b525-bd5cfcf36af4.jpg", "bboxes": [0.4687943262411348, 0.2631205673758865, 0.8198581560283689, 0.7146572104018912], "class": 2}