{"image": "9b0d8b88-1ab0-11ef-b525-bd5cfcf36af4.jpg", "bboxes": [0.48879432624113484, 0.2542316784869977, 0.8398581560283689, 0.7057683215130024], "class": 2}