{"image": "9b0d8b88-1ab0-11ef-b525-bd5cfcf36af4.jpg", "bboxes": [0.42236406619385336, 0.2920094562647755, 0.7734278959810874, 0.7435460992907801], "class": 2}