{"image": "9b0d8b88-1ab0-11ef-b525-bd5cfcf36af4.jpg", "bboxes": [0.21791962174940893, 0.2497872340425532, 0.568983451536643, 0.7013238770685579], "class": 2}