{"image": "9c009cd2-1ab0-11ef-a794-bd5cfcf36af4.jpg", "bboxes": [0.19177304964539, 0.2326241134751773, 0.5782978723404255, 0.6947990543735224], "class": 2}