{"image": "9c009cd2-1ab0-11ef-a794-bd5cfcf36af4.jpg", "bboxes": [0.042884160756501144, 0.2592907801418439, 0.42940898345153666, 0.7214657210401891], "class": 2}