{"image": "9c009cd2-1ab0-11ef-a794-bd5cfcf36af4.jpg", "bboxes": [0.060661938534278925, 0.26151300236406616, 0.44718676122931444, 0.7236879432624113], "class": 2}