{"image": "9c009cd2-1ab0-11ef-a794-bd5cfcf36af4.jpg", "bboxes": [0.5194799054373522, 0.2859574468085107, 0.9060047281323877, 0.7481323877068558], "class": 2}