{"image": "9c009cd2-1ab0-11ef-a794-bd5cfcf36af4.jpg", "bboxes": [0.16510638297872338, 0.29929078014184396, 0.5516312056737589, 0.7614657210401891], "class": 2}