{"image": "9c009cd2-1ab0-11ef-a794-bd5cfcf36af4.jpg", "bboxes": [0.3362174940898345, 0.30297872340425536, 0.72274231678487, 0.7651536643026005], "class": 2}