{"image": "9c009cd2-1ab0-11ef-a794-bd5cfcf36af4.jpg", "bboxes": [0.40510638297872337, 0.2874231678486998, 0.7916312056737589, 0.7495981087470449], "class": 2}