{"image": "9c009cd2-1ab0-11ef-a794-bd5cfcf36af4.jpg", "bboxes": [0.34066193853427884, 0.24595744680851062, 0.7271867612293145, 0.7081323877068557], "class": 2}