{"image": "9c009cd2-1ab0-11ef-a794-bd5cfcf36af4.jpg", "bboxes": [0.30066193853427886, 0.2859574468085107, 0.6871867612293144, 0.7481323877068558], "class": 2}