{"image": "9c009cd2-1ab0-11ef-a794-bd5cfcf36af4.jpg", "bboxes": [0.2806619385342789, 0.2770685579196217, 0.6671867612293144, 0.7392434988179668], "class": 2}