{"image": "9c009cd2-1ab0-11ef-a794-bd5cfcf36af4.jpg", "bboxes": [0.5239243498817967, 0.2652009456264776, 0.9104491725768322, 0.7273758865248228], "class": 2}