{"image": "9c009cd2-1ab0-11ef-a794-bd5cfcf36af4.jpg", "bboxes": [0.4206619385342789, 0.2392907801418439, 0.8071867612293144, 0.7014657210401891], "class": 2}