{"image": "9c009cd2-1ab0-11ef-a794-bd5cfcf36af4.jpg", "bboxes": [0.16288416075650114, 0.2874231678486998, 0.5494089834515367, 0.7495981087470449], "class": 2}