{"image": "9c009cd2-1ab0-11ef-a794-bd5cfcf36af4.jpg", "bboxes": [0.46170212765957447, 0.28964539007092205, 0.84822695035461, 0.7518203309692671], "class": 2}