{"image": "9c009cd2-1ab0-11ef-a794-bd5cfcf36af4.jpg", "bboxes": [0.5617021276595744, 0.28075650118203316, 0.94822695035461, 0.7429314420803783], "class": 2}