{"image": "9c009cd2-1ab0-11ef-a794-bd5cfcf36af4.jpg", "bboxes": [0.2817021276595744, 0.2918676122931443, 0.66822695035461, 0.7540425531914894], "class": 2}