{"image": "9c009cd2-1ab0-11ef-a794-bd5cfcf36af4.jpg", "bboxes": [0.06732860520094552, 0.290401891252955, 0.45385342789598115, 0.7525768321513002], "class": 2}