{"image": "9c009cd2-1ab0-11ef-a794-bd5cfcf36af4.jpg", "bboxes": [0.1661465721040189, 0.23484633569739954, 0.5526713947990545, 0.6970212765957446], "class": 2}