{"image": "9c009cd2-1ab0-11ef-a794-bd5cfcf36af4.jpg", "bboxes": [0.32066193853427893, 0.2629787234042554, 0.7071867612293145, 0.7251536643026005], "class": 2}