{"image": "9c009cd2-1ab0-11ef-a794-bd5cfcf36af4.jpg", "bboxes": [0.5550354609929078, 0.2474231678486998, 0.9415602836879433, 0.709598108747045], "class": 2}