{"image": "9c009cd2-1ab0-11ef-a794-bd5cfcf36af4.jpg", "bboxes": [0.10732860520094556, 0.2963120567375887, 0.4938534278959811, 0.7584869976359339], "class": 2}