{"image": "9c009cd2-1ab0-11ef-a794-bd5cfcf36af4.jpg", "bboxes": [0.1539952718676122, 0.23484633569739954, 0.5405200945626478, 0.6970212765957446], "class": 2}