{"image": "9c009cd2-1ab0-11ef-a794-bd5cfcf36af4.jpg", "bboxes": [0.48170212765957443, 0.2540898345153665, 0.86822695035461, 0.7162647754137116], "class": 2}