{"image": "9c009cd2-1ab0-11ef-a794-bd5cfcf36af4.jpg", "bboxes": [0.20392434988179667, 0.2474231678486998, 0.5904491725768323, 0.709598108747045], "class": 2}