{"image": "9c009cd2-1ab0-11ef-a794-bd5cfcf36af4.jpg", "bboxes": [0.33399527186761224, 0.27929078014184394, 0.7205200945626478, 0.7414657210401892], "class": 2}