{"image": "9c009cd2-1ab0-11ef-a794-bd5cfcf36af4.jpg", "bboxes": [0.24170212765957444, 0.2970685579196217, 0.62822695035461, 0.7592434988179668], "class": 2}