{"image": "9c009cd2-1ab0-11ef-a794-bd5cfcf36af4.jpg", "bboxes": [0.15947990543735222, 0.2970685579196217, 0.5460047281323878, 0.7592434988179668], "class": 2}