{"image": "9c009cd2-1ab0-11ef-a794-bd5cfcf36af4.jpg", "bboxes": [0.37177304964539004, 0.2970685579196217, 0.7582978723404256, 0.7592434988179668], "class": 2}