{"image": "9c009cd2-1ab0-11ef-a794-bd5cfcf36af4.jpg", "bboxes": [0.4451063829787233, 0.24964539007092204, 0.8316312056737589, 0.7118203309692671], "class": 2}