{"image": "9c009cd2-1ab0-11ef-a794-bd5cfcf36af4.jpg", "bboxes": [0.3939952718676122, 0.2385342789598109, 0.7805200945626478, 0.700709219858156], "class": 2}