{"image": "9c009cd2-1ab0-11ef-a794-bd5cfcf36af4.jpg", "bboxes": [0.0851063829787233, 0.2385342789598109, 0.47163120567375894, 0.700709219858156], "class": 2}