{"image": "9c009cd2-1ab0-11ef-a794-bd5cfcf36af4.jpg", "bboxes": [0.13843971631205665, 0.2970685579196217, 0.5249645390070923, 0.7592434988179668], "class": 2}