{"image": "9c009cd2-1ab0-11ef-a794-bd5cfcf36af4.jpg", "bboxes": [0.4439243498817967, 0.2385342789598109, 0.8304491725768323, 0.700709219858156], "class": 2}