{"image": "9c009cd2-1ab0-11ef-a794-bd5cfcf36af4.jpg", "bboxes": [0.4584397163120567, 0.3052009456264776, 0.8449645390070922, 0.7673758865248227], "class": 2}