{"image": "9c009cd2-1ab0-11ef-a794-bd5cfcf36af4.jpg", "bboxes": [0.24614657210401888, 0.2637352245862884, 0.6326713947990544, 0.7259101654846335], "class": 2}