{"image": "9c009cd2-1ab0-11ef-a794-bd5cfcf36af4.jpg", "bboxes": [0.06955082742316776, 0.2770685579196217, 0.4560756501182033, 0.7392434988179668], "class": 2}