{"image": "9c009cd2-1ab0-11ef-a794-bd5cfcf36af4.jpg", "bboxes": [0.23843971631205663, 0.25484633569739945, 0.6249645390070921, 0.7170212765957447], "class": 2}