{"image": "9c009cd2-1ab0-11ef-a794-bd5cfcf36af4.jpg", "bboxes": [0.43621749408983446, 0.27929078014184394, 0.82274231678487, 0.7414657210401892], "class": 2}