{"image": "9c009cd2-1ab0-11ef-a794-bd5cfcf36af4.jpg", "bboxes": [0.29725768321513, 0.2918676122931443, 0.6837825059101655, 0.7540425531914894], "class": 2}