{"image": "9c009cd2-1ab0-11ef-a794-bd5cfcf36af4.jpg", "bboxes": [0.14288416075650112, 0.2963120567375887, 0.5294089834515366, 0.7584869976359339], "class": 2}