{"image": "9c009cd2-1ab0-11ef-a794-bd5cfcf36af4.jpg", "bboxes": [0.19503546099290778, 0.2629787234042554, 0.5815602836879433, 0.7251536643026005], "class": 2}