{"image": "9c009cd2-1ab0-11ef-a794-bd5cfcf36af4.jpg", "bboxes": [0.23503546099290779, 0.2637352245862884, 0.6215602836879434, 0.7259101654846335], "class": 2}