{"image": "9c009cd2-1ab0-11ef-a794-bd5cfcf36af4.jpg", "bboxes": [0.23059101654846334, 0.2326241134751773, 0.6171158392434989, 0.6947990543735224], "class": 2}