{"image": "9c009cd2-1ab0-11ef-a794-bd5cfcf36af4.jpg", "bboxes": [0.33947990543735224, 0.2540898345153665, 0.7260047281323878, 0.7162647754137116], "class": 2}