{"image": "9c009cd2-1ab0-11ef-a794-bd5cfcf36af4.jpg", "bboxes": [0.14955082742316783, 0.24297872340425536, 0.5360756501182034, 0.7051536643026005], "class": 2}