{"image": "9c009cd2-1ab0-11ef-a794-bd5cfcf36af4.jpg", "bboxes": [0.06510638297872329, 0.26075650118203314, 0.4516312056737589, 0.7229314420803783], "class": 2}