{"image": "9c009cd2-1ab0-11ef-a794-bd5cfcf36af4.jpg", "bboxes": [0.47281323877068554, 0.2570685579196217, 0.8593380614657211, 0.7192434988179668], "class": 2}