{"image": "9c009cd2-1ab0-11ef-a794-bd5cfcf36af4.jpg", "bboxes": [0.1661465721040189, 0.26151300236406616, 0.5526713947990545, 0.7236879432624113], "class": 2}