{"image": "9c009cd2-1ab0-11ef-a794-bd5cfcf36af4.jpg", "bboxes": [0.1095508274231678, 0.29853427895981094, 0.4960756501182033, 0.7607092198581561], "class": 2}