{"image": "9c009cd2-1ab0-11ef-a794-bd5cfcf36af4.jpg", "bboxes": [0.24066193853427886, 0.23484633569739954, 0.6271867612293145, 0.6970212765957446], "class": 2}