{"image": "9c009cd2-1ab0-11ef-a794-bd5cfcf36af4.jpg", "bboxes": [0.27177304964538995, 0.2970685579196217, 0.6582978723404256, 0.7592434988179668], "class": 2}