{"image": "9c009cd2-1ab0-11ef-a794-bd5cfcf36af4.jpg", "bboxes": [0.30288416075650115, 0.2948463356973995, 0.6894089834515367, 0.7570212765957447], "class": 2}