{"image": "9c009cd2-1ab0-11ef-a794-bd5cfcf36af4.jpg", "bboxes": [0.14066193853427889, 0.27186761229314427, 0.5271867612293144, 0.7340425531914894], "class": 2}