{"image": "9c009cd2-1ab0-11ef-a794-bd5cfcf36af4.jpg", "bboxes": [0.4994799054373522, 0.2585342789598109, 0.8860047281323877, 0.7207092198581561], "class": 2}