{"image": "9c009cd2-1ab0-11ef-a794-bd5cfcf36af4.jpg", "bboxes": [0.35399527186761226, 0.26595744680851063, 0.7405200945626478, 0.7281323877068556], "class": 2}