{"image": "9c009cd2-1ab0-11ef-a794-bd5cfcf36af4.jpg", "bboxes": [0.3562174940898345, 0.24595744680851062, 0.74274231678487, 0.7081323877068557], "class": 2}