{"image": "9c009cd2-1ab0-11ef-a794-bd5cfcf36af4.jpg", "bboxes": [0.43621749408983446, 0.2948463356973995, 0.82274231678487, 0.7570212765957447], "class": 2}