{"image": "9c009cd2-1ab0-11ef-a794-bd5cfcf36af4.jpg", "bboxes": [0.16066193853427888, 0.24151300236406614, 0.5471867612293144, 0.7036879432624112], "class": 2}