{"image": "9c009cd2-1ab0-11ef-a794-bd5cfcf36af4.jpg", "bboxes": [0.3562174940898345, 0.25186761229314425, 0.74274231678487, 0.7140425531914893], "class": 2}