{"image": "9c009cd2-1ab0-11ef-a794-bd5cfcf36af4.jpg", "bboxes": [0.3051063829787233, 0.3052009456264776, 0.6916312056737589, 0.7673758865248227], "class": 2}