{"image": "9c009cd2-1ab0-11ef-a794-bd5cfcf36af4.jpg", "bboxes": [0.23503546099290779, 0.2504018912529551, 0.6215602836879434, 0.7125768321513002], "class": 2}