{"image": "9c009cd2-1ab0-11ef-a794-bd5cfcf36af4.jpg", "bboxes": [0.05621749408983445, 0.23484633569739954, 0.44274231678487, 0.6970212765957446], "class": 2}