{"image": "9c009cd2-1ab0-11ef-a794-bd5cfcf36af4.jpg", "bboxes": [0.5439243498817967, 0.2874231678486998, 0.9304491725768322, 0.7495981087470449], "class": 2}