{"image": "9c009cd2-1ab0-11ef-a794-bd5cfcf36af4.jpg", "bboxes": [0.44614657210401887, 0.2570685579196217, 0.8326713947990545, 0.7192434988179668], "class": 2}