{"image": "9c009cd2-1ab0-11ef-a794-bd5cfcf36af4.jpg", "bboxes": [0.22732860520094555, 0.2570685579196217, 0.6138534278959811, 0.7192434988179668], "class": 2}