{"image": "9c009cd2-1ab0-11ef-a794-bd5cfcf36af4.jpg", "bboxes": [0.04066193853427891, 0.2740898345153665, 0.4271867612293144, 0.7362647754137116], "class": 2}