{"image": "9c009cd2-1ab0-11ef-a794-bd5cfcf36af4.jpg", "bboxes": [0.23177304964539003, 0.2452009456264776, 0.6182978723404255, 0.7073758865248228], "class": 2}