{"image": "9c5144c9-1ab0-11ef-9871-bd5cfcf36af4.jpg", "bboxes": [0.10141843971631215, 0.3144208037825059, 0.5009456264775414, 0.7919621749408984], "class": 2}