{"image": "9c5144c9-1ab0-11ef-9871-bd5cfcf36af4.jpg", "bboxes": [0.33030732860520096, 0.22137115839243493, 0.7298345153664303, 0.6989125295508274], "class": 2}