{"image": "9c5144c9-1ab0-11ef-9871-bd5cfcf36af4.jpg", "bboxes": [0.22141843971631214, 0.22359338061465717, 0.6209456264775414, 0.7011347517730496], "class": 2}