{"image": "9c5144c9-1ab0-11ef-9871-bd5cfcf36af4.jpg", "bboxes": [0.14794326241134753, 0.2191489361702127, 0.5474704491725768, 0.6966903073286053], "class": 2}