{"image": "9c5144c9-1ab0-11ef-9871-bd5cfcf36af4.jpg", "bboxes": [0.4368321513002364, 0.1813711583924349, 0.8363593380614657, 0.6589125295508274], "class": 2}