{"image": "9c5144c9-1ab0-11ef-9871-bd5cfcf36af4.jpg", "bboxes": [0.4146099290780142, 0.17692671394799053, 0.8141371158392434, 0.6544680851063829], "class": 2}