{"image": "9c5144c9-1ab0-11ef-9871-bd5cfcf36af4.jpg", "bboxes": [0.4725295508274232, 0.22359338061465717, 0.8720567375886524, 0.7011347517730496], "class": 2}