{"image": "9c5144c9-1ab0-11ef-9871-bd5cfcf36af4.jpg", "bboxes": [0.19697399527186765, 0.2899763593380615, 0.596501182033097, 0.767517730496454], "class": 2}