{"image": "9c5144c9-1ab0-11ef-9871-bd5cfcf36af4.jpg", "bboxes": [0.38586288416075654, 0.18359338061465713, 0.7853900709219858, 0.6611347517730497], "class": 2}