{"image": "9c5144c9-1ab0-11ef-9871-bd5cfcf36af4.jpg", "bboxes": [0.36808510638297876, 0.3010874704491726, 0.767612293144208, 0.7786288416075651], "class": 2}