{"image": "9c5144c9-1ab0-11ef-9871-bd5cfcf36af4.jpg", "bboxes": [0.3412765957446809, 0.20803782505910162, 0.7408037825059102, 0.6855791962174941], "class": 2}