{"image": "9c5144c9-1ab0-11ef-9871-bd5cfcf36af4.jpg", "bboxes": [0.48141843971631215, 0.1813711583924349, 0.8809456264775414, 0.6589125295508274], "class": 2}