{"image": "9c5144c9-1ab0-11ef-9871-bd5cfcf36af4.jpg", "bboxes": [0.312387706855792, 0.34775413711583925, 0.7119148936170212, 0.8252955082742317], "class": 2}