{"image": "9c5144c9-1ab0-11ef-9871-bd5cfcf36af4.jpg", "bboxes": [0.41252955082742326, 0.3233096926713948, 0.8120567375886525, 0.8008510638297873], "class": 2}