{"image": "9c5144c9-1ab0-11ef-9871-bd5cfcf36af4.jpg", "bboxes": [0.10349881796690309, 0.2988652482269504, 0.5030260047281323, 0.7764066193853428], "class": 2}