{"image": "9c5144c9-1ab0-11ef-9871-bd5cfcf36af4.jpg", "bboxes": [0.3234988179669031, 0.2810874704491726, 0.7230260047281324, 0.758628841607565], "class": 2}