{"image": "9c5144c9-1ab0-11ef-9871-bd5cfcf36af4.jpg", "bboxes": [0.5034988179669031, 0.22137115839243493, 0.9030260047281323, 0.6989125295508274], "class": 2}