{"image": "9c5144c9-1ab0-11ef-9871-bd5cfcf36af4.jpg", "bboxes": [0.12364066193853429, 0.24137115839243495, 0.5231678486997635, 0.7189125295508274], "class": 2}