{"image": "9c5144c9-1ab0-11ef-9871-bd5cfcf36af4.jpg", "bboxes": [0.4436406619385343, 0.1813711583924349, 0.8431678486997636, 0.6589125295508274], "class": 2}