{"image": "9c5144c9-1ab0-11ef-9871-bd5cfcf36af4.jpg", "bboxes": [0.5012765957446809, 0.17692671394799053, 0.9008037825059101, 0.6544680851063829], "class": 2}