{"image": "9c5144c9-1ab0-11ef-9871-bd5cfcf36af4.jpg", "bboxes": [0.48586288416075657, 0.33442080378250594, 0.8853900709219859, 0.8119621749408984], "class": 2}