{"image": "9c5144c9-1ab0-11ef-9871-bd5cfcf36af4.jpg", "bboxes": [0.19016548463356975, 0.23026004728132388, 0.589692671394799, 0.7078014184397163], "class": 2}