{"image": "9c5144c9-1ab0-11ef-9871-bd5cfcf36af4.jpg", "bboxes": [0.410307328605201, 0.23470449172576824, 0.8098345153664303, 0.7122458628841609], "class": 2}