{"image": "9c5144c9-1ab0-11ef-9871-bd5cfcf36af4.jpg", "bboxes": [0.2946099290780142, 0.28330969267139483, 0.6941371158392434, 0.7608510638297873], "class": 2}