{"image": "9c5144c9-1ab0-11ef-9871-bd5cfcf36af4.jpg", "bboxes": [0.13252955082742324, 0.1813711583924349, 0.5320567375886525, 0.6589125295508274], "class": 2}