{"image": "9c5144c9-1ab0-11ef-9871-bd5cfcf36af4.jpg", "bboxes": [0.3214184397163121, 0.1880378250591016, 0.7209456264775413, 0.6655791962174941], "class": 2}