{"image": "9c5144c9-1ab0-11ef-9871-bd5cfcf36af4.jpg", "bboxes": [0.130307328605201, 0.20803782505910162, 0.5298345153664302, 0.6855791962174941], "class": 2}