{"image": "9c5144c9-1ab0-11ef-9871-bd5cfcf36af4.jpg", "bboxes": [0.15252955082742325, 0.3121985815602837, 0.5520567375886525, 0.7897399527186761], "class": 2}