{"image": "9c5144c9-1ab0-11ef-9871-bd5cfcf36af4.jpg", "bboxes": [0.2857210401891253, 0.3010874704491726, 0.6852482269503546, 0.7786288416075651], "class": 2}