{"image": "9c5144c9-1ab0-11ef-9871-bd5cfcf36af4.jpg", "bboxes": [0.45016548463356976, 0.3099763593380615, 0.849692671394799, 0.7875177304964539], "class": 2}