{"image": "9c5144c9-1ab0-11ef-9871-bd5cfcf36af4.jpg", "bboxes": [0.25905437352245864, 0.23692671394799047, 0.6585815602836879, 0.7144680851063829], "class": 2}