{"image": "9c5144c9-1ab0-11ef-9871-bd5cfcf36af4.jpg", "bboxes": [0.5079432624113476, 0.34330969267139483, 0.9074704491725768, 0.8208510638297872], "class": 2}