{"image": "9c5144c9-1ab0-11ef-9871-bd5cfcf36af4.jpg", "bboxes": [0.1747517730496454, 0.34553191489361706, 0.5742789598108746, 0.8230732860520095], "class": 2}