{"image": "9c5144c9-1ab0-11ef-9871-bd5cfcf36af4.jpg", "bboxes": [0.3146099290780142, 0.23248226950354603, 0.7141371158392434, 0.7100236406619386], "class": 2}