{"image": "9c5144c9-1ab0-11ef-9871-bd5cfcf36af4.jpg", "bboxes": [0.24794326241134754, 0.1747044917257683, 0.6474704491725768, 0.6522458628841608], "class": 2}