{"image": "9c5144c9-1ab0-11ef-9871-bd5cfcf36af4.jpg", "bboxes": [0.3857210401891253, 0.3099763593380615, 0.7852482269503546, 0.7875177304964539], "class": 2}