{"image": "9c5144c9-1ab0-11ef-9871-bd5cfcf36af4.jpg", "bboxes": [0.2680851063829788, 0.3033096926713948, 0.667612293144208, 0.7808510638297873], "class": 2}