{"image": "9c5144c9-1ab0-11ef-9871-bd5cfcf36af4.jpg", "bboxes": [0.21030732860520096, 0.2258156028368794, 0.6098345153664303, 0.7033569739952719], "class": 2}