{"image": "9c5144c9-1ab0-11ef-9871-bd5cfcf36af4.jpg", "bboxes": [0.46364066193853437, 0.19692671394799044, 0.8631678486997636, 0.6744680851063829], "class": 2}