{"image": "9c5144c9-1ab0-11ef-9871-bd5cfcf36af4.jpg", "bboxes": [0.38141843971631206, 0.2013711583924349, 0.7809456264775414, 0.6789125295508274], "class": 2}