{"image": "9c5144c9-1ab0-11ef-9871-bd5cfcf36af4.jpg", "bboxes": [0.10127659574468087, 0.1813711583924349, 0.5008037825059102, 0.6589125295508274], "class": 2}