{"image": "9c5144c9-1ab0-11ef-9871-bd5cfcf36af4.jpg", "bboxes": [0.23030732860520098, 0.3321985815602837, 0.6298345153664302, 0.8097399527186762], "class": 2}