{"image": "9c5144c9-1ab0-11ef-9871-bd5cfcf36af4.jpg", "bboxes": [0.19238770685579198, 0.21026004728132386, 0.5919148936170212, 0.6878014184397163], "class": 2}