{"image": "9c5144c9-1ab0-11ef-9871-bd5cfcf36af4.jpg", "bboxes": [0.31030732860520094, 0.3144208037825059, 0.7098345153664303, 0.7919621749408984], "class": 2}