{"image": "9c5144c9-1ab0-11ef-9871-bd5cfcf36af4.jpg", "bboxes": [0.19683215130023643, 0.2921985815602837, 0.5963593380614657, 0.7697399527186761], "class": 2}