{"image": "9c5144c9-1ab0-11ef-9871-bd5cfcf36af4.jpg", "bboxes": [0.15919621749408985, 0.3366430260047282, 0.5587234042553191, 0.8141843971631206], "class": 2}