{"image": "9c5144c9-1ab0-11ef-9871-bd5cfcf36af4.jpg", "bboxes": [0.37905437352245863, 0.2944208037825059, 0.7785815602836879, 0.7719621749408984], "class": 2}