{"image": "9c5144c9-1ab0-11ef-9871-bd5cfcf36af4.jpg", "bboxes": [0.11238770685579197, 0.17914893617021277, 0.5119148936170212, 0.6566903073286052], "class": 2}