{"image": "9c5144c9-1ab0-11ef-9871-bd5cfcf36af4.jpg", "bboxes": [0.1747517730496454, 0.33442080378250594, 0.5742789598108746, 0.8119621749408984], "class": 2}