{"image": "9c5144c9-1ab0-11ef-9871-bd5cfcf36af4.jpg", "bboxes": [0.12127659574468086, 0.24137115839243495, 0.5208037825059101, 0.7189125295508274], "class": 2}