{"image": "9c5144c9-1ab0-11ef-9871-bd5cfcf36af4.jpg", "bboxes": [0.4479432624113475, 0.20359338061465715, 0.8474704491725767, 0.6811347517730496], "class": 2}