{"image": "9c5144c9-1ab0-11ef-9871-bd5cfcf36af4.jpg", "bboxes": [0.28794326241134754, 0.2899763593380615, 0.6874704491725768, 0.767517730496454], "class": 2}