{"image": "9c5144c9-1ab0-11ef-9871-bd5cfcf36af4.jpg", "bboxes": [0.48141843971631215, 0.2944208037825059, 0.8809456264775414, 0.7719621749408984], "class": 2}