{"image": "9c5144c9-1ab0-11ef-9871-bd5cfcf36af4.jpg", "bboxes": [0.3458628841607565, 0.2191489361702127, 0.7453900709219858, 0.6966903073286053], "class": 2}