{"image": "9c9fdb8d-1ab0-11ef-b803-bd5cfcf36af4.jpg", "bboxes": [0.10444444444444456, 0.2570212765957447, 0.5299763593380615, 0.7251063829787234], "class": 2}