{"image": "9c9fdb8d-1ab0-11ef-b803-bd5cfcf36af4.jpg", "bboxes": [0.3278014184397163, 0.24378250591016548, 0.7533333333333332, 0.7118676122931442], "class": 2}