{"image": "9c9fdb8d-1ab0-11ef-b803-bd5cfcf36af4.jpg", "bboxes": [0.09111111111111125, 0.2614657210401891, 0.5166430260047281, 0.7295508274231679], "class": 2}