{"image": "9c9fdb8d-1ab0-11ef-b803-bd5cfcf36af4.jpg", "bboxes": [0.14335697399527186, 0.2326713947990543, 0.5688888888888888, 0.7007565011820331], "class": 2}