{"image": "9c9fdb8d-1ab0-11ef-b803-bd5cfcf36af4.jpg", "bboxes": [0.31777777777777794, 0.2771158392434988, 0.7433096926713948, 0.7452009456264775], "class": 2}