{"image": "9c9fdb8d-1ab0-11ef-b803-bd5cfcf36af4.jpg", "bboxes": [0.4878014184397163, 0.2792434988179669, 0.9133333333333332, 0.7473286052009457], "class": 2}