{"image": "9c9fdb8d-1ab0-11ef-b803-bd5cfcf36af4.jpg", "bboxes": [0.4322458628841607, 0.259338061465721, 0.8577777777777776, 0.7274231678486998], "class": 2}