{"image": "9c9fdb8d-1ab0-11ef-b803-bd5cfcf36af4.jpg", "bboxes": [0.2711111111111112, 0.25489361702127655, 0.6966430260047282, 0.7229787234042553], "class": 2}