{"image": "9c9fdb8d-1ab0-11ef-b803-bd5cfcf36af4.jpg", "bboxes": [0.20666666666666675, 0.24822695035460984, 0.6321985815602837, 0.7163120567375887], "class": 2}