{"image": "9c9fdb8d-1ab0-11ef-b803-bd5cfcf36af4.jpg", "bboxes": [0.1955555555555557, 0.2771158392434988, 0.6210874704491727, 0.7452009456264775], "class": 2}