{"image": "9c9fdb8d-1ab0-11ef-b803-bd5cfcf36af4.jpg", "bboxes": [0.4700236406619385, 0.2614657210401891, 0.8955555555555554, 0.7295508274231679], "class": 2}