{"image": "9c9fdb8d-1ab0-11ef-b803-bd5cfcf36af4.jpg", "bboxes": [0.42888888888888904, 0.26368794326241135, 0.854420803782506, 0.7317730496453901], "class": 2}