{"image": "9c9fdb8d-1ab0-11ef-b803-bd5cfcf36af4.jpg", "bboxes": [0.35111111111111126, 0.270354609929078, 0.7766430260047281, 0.7384397163120567], "class": 2}