{"image": "9c9fdb8d-1ab0-11ef-b803-bd5cfcf36af4.jpg", "bboxes": [0.12335697399527185, 0.2770212765957447, 0.5488888888888888, 0.7451063829787234], "class": 2}