{"image": "9c9fdb8d-1ab0-11ef-b803-bd5cfcf36af4.jpg", "bboxes": [0.40000000000000013, 0.30146572104018915, 0.8255319148936172, 0.7695508274231679], "class": 2}