{"image": "9c9fdb8d-1ab0-11ef-b803-bd5cfcf36af4.jpg", "bboxes": [0.28666666666666685, 0.25489361702127655, 0.7121985815602837, 0.7229787234042553], "class": 2}