{"image": "9c9fdb8d-1ab0-11ef-b803-bd5cfcf36af4.jpg", "bboxes": [0.13224586288416074, 0.2571158392434988, 0.5577777777777777, 0.7252009456264775], "class": 2}