{"image": "9c9fdb8d-1ab0-11ef-b803-bd5cfcf36af4.jpg", "bboxes": [0.328888888888889, 0.28368794326241137, 0.754420803782506, 0.7517730496453902], "class": 2}