{"image": "9c9fdb8d-1ab0-11ef-b803-bd5cfcf36af4.jpg", "bboxes": [0.11002364066193852, 0.26368794326241135, 0.5355555555555555, 0.7317730496453901], "class": 2}