{"image": "9c9fdb8d-1ab0-11ef-b803-bd5cfcf36af4.jpg", "bboxes": [0.24335697399527184, 0.3081323877068558, 0.6688888888888888, 0.7762174940898345], "class": 2}