{"image": "9c9fdb8d-1ab0-11ef-b803-bd5cfcf36af4.jpg", "bboxes": [0.37446808510638296, 0.2526713947990543, 0.7999999999999998, 0.7207565011820332], "class": 2}