{"image": "9c9fdb8d-1ab0-11ef-b803-bd5cfcf36af4.jpg", "bboxes": [0.45777777777777795, 0.2881323877068558, 0.8833096926713948, 0.7562174940898345], "class": 2}