{"image": "9c9fdb8d-1ab0-11ef-b803-bd5cfcf36af4.jpg", "bboxes": [0.454468085106383, 0.23711583924349877, 0.8799999999999999, 0.7052009456264775], "class": 2}