{"image": "9c9fdb8d-1ab0-11ef-b803-bd5cfcf36af4.jpg", "bboxes": [0.454468085106383, 0.28146572104018913, 0.8799999999999999, 0.7495508274231679], "class": 2}