{"image": "9c9fdb8d-1ab0-11ef-b803-bd5cfcf36af4.jpg", "bboxes": [0.13224586288416074, 0.21489361702127652, 0.5577777777777777, 0.6829787234042553], "class": 2}