{"image": "9c9fdb8d-1ab0-11ef-b803-bd5cfcf36af4.jpg", "bboxes": [0.348888888888889, 0.26156028368794326, 0.774420803782506, 0.729645390070922], "class": 2}