{"image": "9c9fdb8d-1ab0-11ef-b803-bd5cfcf36af4.jpg", "bboxes": [0.2822222222222224, 0.2770212765957447, 0.7077541371158392, 0.7451063829787234], "class": 2}