{"image": "9c9fdb8d-1ab0-11ef-b803-bd5cfcf36af4.jpg", "bboxes": [0.10444444444444456, 0.3170212765957447, 0.5299763593380615, 0.7851063829787235], "class": 2}