{"image": "9c9fdb8d-1ab0-11ef-b803-bd5cfcf36af4.jpg", "bboxes": [0.3855791962174941, 0.27257683215130024, 0.811111111111111, 0.740661938534279], "class": 2}