{"image": "9c9fdb8d-1ab0-11ef-b803-bd5cfcf36af4.jpg", "bboxes": [0.11669030732860519, 0.2504491725768321, 0.542222222222222, 0.7185342789598108], "class": 2}