{"image": "9c9fdb8d-1ab0-11ef-b803-bd5cfcf36af4.jpg", "bboxes": [0.18335697399527184, 0.2660047281323876, 0.6088888888888888, 0.7340898345153665], "class": 2}