{"image": "9c9fdb8d-1ab0-11ef-b803-bd5cfcf36af4.jpg", "bboxes": [0.2266666666666668, 0.2525768321513002, 0.6521985815602838, 0.7206619385342791], "class": 2}