{"image": "9c9fdb8d-1ab0-11ef-b803-bd5cfcf36af4.jpg", "bboxes": [0.20113475177304962, 0.31035460992907804, 0.6266666666666666, 0.7784397163120568], "class": 2}