{"image": "9c9fdb8d-1ab0-11ef-b803-bd5cfcf36af4.jpg", "bboxes": [0.274468085106383, 0.30368794326241133, 0.6999999999999998, 0.7717730496453902], "class": 2}