{"image": "9c9fdb8d-1ab0-11ef-b803-bd5cfcf36af4.jpg", "bboxes": [0.19333333333333347, 0.31479905437352246, 0.6188652482269503, 0.7828841607565012], "class": 2}