{"image": "9c9fdb8d-1ab0-11ef-b803-bd5cfcf36af4.jpg", "bboxes": [0.3478014184397163, 0.26822695035460986, 0.7733333333333332, 0.7363120567375886], "class": 2}