{"image": "9c9fdb8d-1ab0-11ef-b803-bd5cfcf36af4.jpg", "bboxes": [0.3777777777777779, 0.27489361702127657, 0.8033096926713948, 0.7429787234042553], "class": 2}