{"image": "9c9fdb8d-1ab0-11ef-b803-bd5cfcf36af4.jpg", "bboxes": [0.2266666666666668, 0.31035460992907804, 0.6521985815602838, 0.7784397163120568], "class": 2}