{"image": "9c9fdb8d-1ab0-11ef-b803-bd5cfcf36af4.jpg", "bboxes": [0.3911111111111112, 0.270354609929078, 0.8166430260047282, 0.7384397163120567], "class": 2}