{"image": "9c9fdb8d-1ab0-11ef-b803-bd5cfcf36af4.jpg", "bboxes": [0.07555555555555571, 0.29257683215130026, 0.5010874704491726, 0.760661938534279], "class": 2}