{"image": "9c9fdb8d-1ab0-11ef-b803-bd5cfcf36af4.jpg", "bboxes": [0.41333333333333344, 0.25479905437352246, 0.8388652482269504, 0.7228841607565012], "class": 2}