{"image": "9c9fdb8d-1ab0-11ef-b803-bd5cfcf36af4.jpg", "bboxes": [0.14000000000000012, 0.26368794326241135, 0.5655319148936171, 0.7317730496453901], "class": 2}