{"image": "9c9fdb8d-1ab0-11ef-b803-bd5cfcf36af4.jpg", "bboxes": [0.068888888888889, 0.259338061465721, 0.49442080378250597, 0.7274231678486998], "class": 2}