{"image": "9c9fdb8d-1ab0-11ef-b803-bd5cfcf36af4.jpg", "bboxes": [0.2700236406619385, 0.2881323877068558, 0.6955555555555555, 0.7562174940898345], "class": 2}