{"image": "9c9fdb8d-1ab0-11ef-b803-bd5cfcf36af4.jpg", "bboxes": [0.4922458628841607, 0.290354609929078, 0.9177777777777777, 0.7584397163120568], "class": 2}