{"image": "9c9fdb8d-1ab0-11ef-b803-bd5cfcf36af4.jpg", "bboxes": [0.18113475177304963, 0.21489361702127652, 0.6066666666666666, 0.6829787234042553], "class": 2}