{"image": "9c9fdb8d-1ab0-11ef-b803-bd5cfcf36af4.jpg", "bboxes": [0.20444444444444454, 0.2504491725768321, 0.6299763593380615, 0.7185342789598108], "class": 2}