{"image": "9c9fdb8d-1ab0-11ef-b803-bd5cfcf36af4.jpg", "bboxes": [0.40666666666666684, 0.25924349881796693, 0.8321985815602837, 0.7273286052009457], "class": 2}