{"image": "9c9fdb8d-1ab0-11ef-b803-bd5cfcf36af4.jpg", "bboxes": [0.4922458628841607, 0.2460047281323876, 0.9177777777777777, 0.7140898345153663], "class": 2}