{"image": "9cef14d1-1ab0-11ef-aaa0-bd5cfcf36af4.jpg", "bboxes": [0.5573995271867612, 0.24052009456264778, 0.9273758865248225, 0.7156973995271868], "class": 2}