{"image": "9cef14d1-1ab0-11ef-aaa0-bd5cfcf36af4.jpg", "bboxes": [0.2729550827423168, 0.2643026004728132, 0.642931442080378, 0.7394799054373522], "class": 2}