{"image": "9cef14d1-1ab0-11ef-aaa0-bd5cfcf36af4.jpg", "bboxes": [0.29073286052009456, 0.25829787234042556, 0.6607092198581558, 0.7334751773049646], "class": 2}