{"image": "9cef14d1-1ab0-11ef-aaa0-bd5cfcf36af4.jpg", "bboxes": [0.175177304964539, 0.27541371158392436, 0.5451536643026003, 0.7505910165484634], "class": 2}