{"image": "9cef14d1-1ab0-11ef-aaa0-bd5cfcf36af4.jpg", "bboxes": [0.17706855791962195, 0.25096926713947987, 0.5470449172576832, 0.7261465721040189], "class": 2}