{"image": "9cef14d1-1ab0-11ef-aaa0-bd5cfcf36af4.jpg", "bboxes": [0.2615130023640664, 0.2605200945626478, 0.6314893617021277, 0.7356973995271868], "class": 2}