{"image": "9cef14d1-1ab0-11ef-aaa0-bd5cfcf36af4.jpg", "bboxes": [0.4592907801418442, 0.26874704491725765, 0.8292671394799054, 0.7439243498817967], "class": 2}