{"image": "9cef14d1-1ab0-11ef-aaa0-bd5cfcf36af4.jpg", "bboxes": [0.4862884160756501, 0.3043026004728132, 0.8562647754137114, 0.7794799054373522], "class": 2}