{"image": "9cef14d1-1ab0-11ef-aaa0-bd5cfcf36af4.jpg", "bboxes": [0.29517730496453903, 0.26718676122931445, 0.6651536643026003, 0.7423640661938534], "class": 2}