{"image": "9cef14d1-1ab0-11ef-aaa0-bd5cfcf36af4.jpg", "bboxes": [0.4329550827423168, 0.2731914893617021, 0.802931442080378, 0.7483687943262411], "class": 2}