{"image": "9cef14d1-1ab0-11ef-aaa0-bd5cfcf36af4.jpg", "bboxes": [0.18817966903073313, 0.2731914893617021, 0.5581560283687943, 0.7483687943262411], "class": 2}