{"image": "9cef14d1-1ab0-11ef-aaa0-bd5cfcf36af4.jpg", "bboxes": [0.27929078014184416, 0.29985815602836874, 0.6492671394799054, 0.7750354609929078], "class": 2}