{"image": "9cef14d1-1ab0-11ef-aaa0-bd5cfcf36af4.jpg", "bboxes": [0.20817966903073304, 0.28052009456264776, 0.5781560283687943, 0.7556973995271868], "class": 2}