{"image": "9cef14d1-1ab0-11ef-aaa0-bd5cfcf36af4.jpg", "bboxes": [0.38595744680851085, 0.2560756501182033, 0.7559338061465721, 0.7312529550827424], "class": 2}