{"image": "9cef14d1-1ab0-11ef-aaa0-bd5cfcf36af4.jpg", "bboxes": [0.1840661938534279, 0.2843026004728132, 0.5540425531914891, 0.7594799054373522], "class": 2}