{"image": "9cef14d1-1ab0-11ef-aaa0-bd5cfcf36af4.jpg", "bboxes": [0.3881796690307331, 0.2665248226950354, 0.7581560283687943, 0.7417021276595744], "class": 2}