{"image": "9cef14d1-1ab0-11ef-aaa0-bd5cfcf36af4.jpg", "bboxes": [0.3996217494089835, 0.27541371158392436, 0.7695981087470447, 0.7505910165484633], "class": 2}