{"image": "9cef14d1-1ab0-11ef-aaa0-bd5cfcf36af4.jpg", "bboxes": [0.375177304964539, 0.2976359338061465, 0.7451536643026002, 0.7728132387706855], "class": 2}