{"image": "9cef14d1-1ab0-11ef-aaa0-bd5cfcf36af4.jpg", "bboxes": [0.48851063829787233, 0.29985815602836874, 0.8584869976359336, 0.7750354609929078], "class": 2}