{"image": "9cef14d1-1ab0-11ef-aaa0-bd5cfcf36af4.jpg", "bboxes": [0.3862884160756501, 0.28874704491725767, 0.7562647754137114, 0.7639243498817967], "class": 2}