{"image": "9cef14d1-1ab0-11ef-aaa0-bd5cfcf36af4.jpg", "bboxes": [0.3440661938534279, 0.2516312056737589, 0.7140425531914891, 0.7268085106382979], "class": 2}