{"image": "9cef14d1-1ab0-11ef-aaa0-bd5cfcf36af4.jpg", "bboxes": [0.19040189125295537, 0.3087470449172577, 0.5603782505910165, 0.7839243498817967], "class": 2}