{"image": "9cef14d1-1ab0-11ef-aaa0-bd5cfcf36af4.jpg", "bboxes": [0.09040189125295528, 0.26718676122931445, 0.46037825059101656, 0.7423640661938534], "class": 2}