{"image": "9cef14d1-1ab0-11ef-aaa0-bd5cfcf36af4.jpg", "bboxes": [0.2440661938534279, 0.24430260047281316, 0.6140425531914891, 0.7194799054373522], "class": 2}