{"image": "9cef14d1-1ab0-11ef-aaa0-bd5cfcf36af4.jpg", "bboxes": [0.29706855791962195, 0.28208037825059096, 0.6670449172576832, 0.75725768321513], "class": 2}