{"image": "9cef14d1-1ab0-11ef-aaa0-bd5cfcf36af4.jpg", "bboxes": [0.21929078014184422, 0.2731914893617021, 0.5892671394799054, 0.7483687943262411], "class": 2}