{"image": "9cef14d1-1ab0-11ef-aaa0-bd5cfcf36af4.jpg", "bboxes": [0.46817966903073305, 0.2605200945626478, 0.8381560283687943, 0.7356973995271868], "class": 2}