{"image": "9cef14d1-1ab0-11ef-aaa0-bd5cfcf36af4.jpg", "bboxes": [0.4596217494089835, 0.28652482269503543, 0.8295981087470446, 0.7617021276595745], "class": 2}