{"image": "9cef14d1-1ab0-11ef-aaa0-bd5cfcf36af4.jpg", "bboxes": [0.4685106382978724, 0.22496453900709223, 0.8384869976359336, 0.7001418439716313], "class": 2}