{"image": "9cef14d1-1ab0-11ef-aaa0-bd5cfcf36af4.jpg", "bboxes": [0.11929078014184424, 0.24430260047281316, 0.4892671394799054, 0.7194799054373522], "class": 2}