{"image": "9cef14d1-1ab0-11ef-aaa0-bd5cfcf36af4.jpg", "bboxes": [0.3126241134751775, 0.2665248226950354, 0.6826004728132388, 0.7417021276595744], "class": 2}