{"image": "9cef14d1-1ab0-11ef-aaa0-bd5cfcf36af4.jpg", "bboxes": [0.175177304964539, 0.2782978723404256, 0.5451536643026003, 0.7534751773049646], "class": 2}