{"image": "9cef14d1-1ab0-11ef-aaa0-bd5cfcf36af4.jpg", "bboxes": [0.09929078014184421, 0.22940898345153668, 0.4692671394799054, 0.7045862884160757], "class": 2}