{"image": "9cef14d1-1ab0-11ef-aaa0-bd5cfcf36af4.jpg", "bboxes": [0.1729550827423168, 0.28874704491725767, 0.542931442080378, 0.7639243498817967], "class": 2}