{"image": "9cef14d1-1ab0-11ef-aaa0-bd5cfcf36af4.jpg", "bboxes": [0.15295508274231678, 0.2560756501182033, 0.522931442080378, 0.7312529550827424], "class": 2}