{"image": "9cef14d1-1ab0-11ef-aaa0-bd5cfcf36af4.jpg", "bboxes": [0.28184397163120567, 0.25541371158392434, 0.651820330969267, 0.7305910165484633], "class": 2}