{"image": "9cef14d1-1ab0-11ef-aaa0-bd5cfcf36af4.jpg", "bboxes": [0.34817966903073305, 0.29541371158392427, 0.7181560283687943, 0.7705910165484633], "class": 2}