{"image": "9cef14d1-1ab0-11ef-aaa0-bd5cfcf36af4.jpg", "bboxes": [0.4085106382978723, 0.2709692671394799, 0.7784869976359335, 0.7461465721040189], "class": 2}