{"image": "9cef14d1-1ab0-11ef-aaa0-bd5cfcf36af4.jpg", "bboxes": [0.11484633569739977, 0.23829787234042554, 0.48482269503546094, 0.7134751773049646], "class": 2}