{"image": "9cef14d1-1ab0-11ef-aaa0-bd5cfcf36af4.jpg", "bboxes": [0.5462884160756502, 0.24718676122931443, 0.9162647754137113, 0.7223640661938534], "class": 2}