{"image": "9cef14d1-1ab0-11ef-aaa0-bd5cfcf36af4.jpg", "bboxes": [0.5062884160756501, 0.24496453900709222, 0.8762647754137114, 0.7201418439716313], "class": 2}