{"image": "9cef14d1-1ab0-11ef-aaa0-bd5cfcf36af4.jpg", "bboxes": [0.4704018912529553, 0.24208037825059103, 0.8403782505910166, 0.7172576832151301], "class": 2}