{"image": "9cef14d1-1ab0-11ef-aaa0-bd5cfcf36af4.jpg", "bboxes": [0.12817966903073308, 0.27163120567375887, 0.49815602836879436, 0.7468085106382979], "class": 2}