{"image": "9cef14d1-1ab0-11ef-aaa0-bd5cfcf36af4.jpg", "bboxes": [0.44817966903073314, 0.24874704491725763, 0.8181560283687943, 0.7239243498817967], "class": 2}