{"image": "9cef14d1-1ab0-11ef-aaa0-bd5cfcf36af4.jpg", "bboxes": [0.23484633569739977, 0.23385342789598113, 0.6048226950354609, 0.7090307328605201], "class": 2}