{"image": "9cef14d1-1ab0-11ef-aaa0-bd5cfcf36af4.jpg", "bboxes": [0.14373522458628862, 0.28208037825059096, 0.5137115839243499, 0.75725768321513], "class": 2}