{"image": "9cef14d1-1ab0-11ef-aaa0-bd5cfcf36af4.jpg", "bboxes": [0.5707328605200945, 0.27607565011820334, 0.9407092198581558, 0.7512529550827424], "class": 2}