{"image": "9cef14d1-1ab0-11ef-aaa0-bd5cfcf36af4.jpg", "bboxes": [0.22628841607565012, 0.22496453900709223, 0.5962647754137114, 0.7001418439716313], "class": 2}