{"image": "9cef14d1-1ab0-11ef-aaa0-bd5cfcf36af4.jpg", "bboxes": [0.3862884160756501, 0.24718676122931443, 0.7562647754137114, 0.7223640661938534], "class": 2}