{"image": "9d3e7d80-1ab0-11ef-9103-bd5cfcf36af4.jpg", "bboxes": [0.540047281323877, 0.2786761229314421, 0.8958392434988179, 0.7443971631205674], "class": 2}