{"image": "9d3e7d80-1ab0-11ef-9103-bd5cfcf36af4.jpg", "bboxes": [0.2974940898345154, 0.28312056737588653, 0.6532860520094563, 0.7488416075650118], "class": 2}