{"image": "9d3e7d80-1ab0-11ef-9103-bd5cfcf36af4.jpg", "bboxes": [0.29304964539007095, 0.29423167848699766, 0.6488416075650119, 0.759952718676123], "class": 2}