{"image": "9d3e7d80-1ab0-11ef-9103-bd5cfcf36af4.jpg", "bboxes": [0.6333806146572104, 0.24893617021276593, 0.9891725768321512, 0.7146572104018912], "class": 2}