{"image": "9d3e7d80-1ab0-11ef-9103-bd5cfcf36af4.jpg", "bboxes": [0.33749408983451545, 0.2844917257683215, 0.6932860520094565, 0.7502127659574468], "class": 2}