{"image": "9d3e7d80-1ab0-11ef-9103-bd5cfcf36af4.jpg", "bboxes": [0.5111583924349882, 0.23338061465721038, 0.866950354609929, 0.6991016548463357], "class": 2}