{"image": "9d3e7d80-1ab0-11ef-9103-bd5cfcf36af4.jpg", "bboxes": [0.2952718676122932, 0.2786761229314421, 0.6510638297872341, 0.7443971631205674], "class": 2}