{"image": "9d3e7d80-1ab0-11ef-9103-bd5cfcf36af4.jpg", "bboxes": [0.6378250591016548, 0.2586761229314421, 0.9936170212765957, 0.7243971631205675], "class": 2}