{"image": "9d3e7d80-1ab0-11ef-9103-bd5cfcf36af4.jpg", "bboxes": [0.22416075650118206, 0.27423167848699764, 0.579952718676123, 0.739952718676123], "class": 2}