{"image": "9d3e7d80-1ab0-11ef-9103-bd5cfcf36af4.jpg", "bboxes": [0.400047281323877, 0.260047281323877, 0.7558392434988179, 0.7257683215130025], "class": 2}