{"image": "9d3e7d80-1ab0-11ef-9103-bd5cfcf36af4.jpg", "bboxes": [0.09082742316784875, 0.2733806146572104, 0.44661938534278967, 0.7391016548463356], "class": 2}