{"image": "9d3e7d80-1ab0-11ef-9103-bd5cfcf36af4.jpg", "bboxes": [0.5044917257683215, 0.2897872340425532, 0.8602836879432624, 0.7555082742316785], "class": 2}