{"image": "9d3e7d80-1ab0-11ef-9103-bd5cfcf36af4.jpg", "bboxes": [0.32193853427895985, 0.2911583924349882, 0.6777304964539008, 0.7568794326241135], "class": 2}