{"image": "9d3e7d80-1ab0-11ef-9103-bd5cfcf36af4.jpg", "bboxes": [0.021938534278959865, 0.2764539007092199, 0.3777304964539008, 0.7421749408983452], "class": 2}