{"image": "9d3e7d80-1ab0-11ef-9103-bd5cfcf36af4.jpg", "bboxes": [0.22226950354609926, 0.2867139479905437, 0.5780614657210401, 0.752434988179669], "class": 2}