{"image": "9d3e7d80-1ab0-11ef-9103-bd5cfcf36af4.jpg", "bboxes": [0.38449172576832147, 0.2808983451536643, 0.7402836879432624, 0.7466193853427896], "class": 2}