{"image": "9d3e7d80-1ab0-11ef-9103-bd5cfcf36af4.jpg", "bboxes": [0.24860520094562655, 0.2867139479905437, 0.6043971631205675, 0.752434988179669], "class": 2}