{"image": "9d3e7d80-1ab0-11ef-9103-bd5cfcf36af4.jpg", "bboxes": [0.2197163120567377, 0.2533806146572104, 0.5755082742316785, 0.7191016548463357], "class": 2}