{"image": "9d3e7d80-1ab0-11ef-9103-bd5cfcf36af4.jpg", "bboxes": [0.31115839243498816, 0.2764539007092199, 0.666950354609929, 0.7421749408983452], "class": 2}