{"image": "9d3e7d80-1ab0-11ef-9103-bd5cfcf36af4.jpg", "bboxes": [0.4667139479905437, 0.2542316784869977, 0.8225059101654846, 0.719952718676123], "class": 2}