{"image": "9d3e7d80-1ab0-11ef-9103-bd5cfcf36af4.jpg", "bboxes": [0.3089361702127659, 0.26089834515366433, 0.6647281323877068, 0.7266193853427896], "class": 2}