{"image": "9d3e7d80-1ab0-11ef-9103-bd5cfcf36af4.jpg", "bboxes": [0.10416075650118206, 0.25645390070921986, 0.459952718676123, 0.7221749408983452], "class": 2}