{"image": "9d3e7d80-1ab0-11ef-9103-bd5cfcf36af4.jpg", "bboxes": [0.3311583924349881, 0.24226950354609922, 0.686950354609929, 0.7079905437352245], "class": 2}