{"image": "9d3e7d80-1ab0-11ef-9103-bd5cfcf36af4.jpg", "bboxes": [0.3197163120567377, 0.24089834515366432, 0.6755082742316785, 0.7066193853427897], "class": 2}