{"image": "9d3e7d80-1ab0-11ef-9103-bd5cfcf36af4.jpg", "bboxes": [0.5956028368794326, 0.25782505910165476, 0.9513947990543734, 0.7235460992907801], "class": 2}