{"image": "9d3e7d80-1ab0-11ef-9103-bd5cfcf36af4.jpg", "bboxes": [0.4422695035460993, 0.2631205673758865, 0.7980614657210401, 0.7288416075650118], "class": 2}