{"image": "9d3e7d80-1ab0-11ef-9103-bd5cfcf36af4.jpg", "bboxes": [0.28226950354609925, 0.2697872340425532, 0.6380614657210402, 0.7355082742316785], "class": 2}