{"image": "9d3e7d80-1ab0-11ef-9103-bd5cfcf36af4.jpg", "bboxes": [0.13304964539007103, 0.2964539007092199, 0.4888416075650118, 0.7621749408983451], "class": 2}