{"image": "9d3e7d80-1ab0-11ef-9103-bd5cfcf36af4.jpg", "bboxes": [0.22416075650118206, 0.24089834515366432, 0.579952718676123, 0.7066193853427897], "class": 2}