{"image": "9d3e7d80-1ab0-11ef-9103-bd5cfcf36af4.jpg", "bboxes": [0.2156028368794326, 0.26226950354609924, 0.5713947990543734, 0.7279905437352245], "class": 2}