{"image": "9d3e7d80-1ab0-11ef-9103-bd5cfcf36af4.jpg", "bboxes": [0.4511583924349881, 0.28534278959810877, 0.806950354609929, 0.7510638297872341], "class": 2}