{"image": "9d3e7d80-1ab0-11ef-9103-bd5cfcf36af4.jpg", "bboxes": [0.07971631205673768, 0.23338061465721038, 0.4355082742316785, 0.6991016548463357], "class": 2}