{"image": "9d3e7d80-1ab0-11ef-9103-bd5cfcf36af4.jpg", "bboxes": [0.460047281323877, 0.2986761229314421, 0.8158392434988179, 0.7643971631205674], "class": 2}