{"image": "9d3e7d80-1ab0-11ef-9103-bd5cfcf36af4.jpg", "bboxes": [0.5356028368794326, 0.2733806146572104, 0.8913947990543735, 0.7391016548463356], "class": 2}