{"image": "9d3e7d80-1ab0-11ef-9103-bd5cfcf36af4.jpg", "bboxes": [0.44449172576832147, 0.287565011820331, 0.8002836879432623, 0.7532860520094563], "class": 2}