{"image": "9d3e7d80-1ab0-11ef-9103-bd5cfcf36af4.jpg", "bboxes": [0.3841607565011821, 0.2697872340425532, 0.739952718676123, 0.7355082742316785], "class": 2}