{"image": "9d3e7d80-1ab0-11ef-9103-bd5cfcf36af4.jpg", "bboxes": [0.4733806146572104, 0.280047281323877, 0.8291725768321513, 0.7457683215130023], "class": 2}