{"image": "9d3e7d80-1ab0-11ef-9103-bd5cfcf36af4.jpg", "bboxes": [0.14860520094562657, 0.25560283687943264, 0.5043971631205675, 0.7213238770685579], "class": 2}