{"image": "9d3e7d80-1ab0-11ef-9103-bd5cfcf36af4.jpg", "bboxes": [0.3086052009456265, 0.280047281323877, 0.6643971631205674, 0.7457683215130023], "class": 2}