{"image": "9d3e7d80-1ab0-11ef-9103-bd5cfcf36af4.jpg", "bboxes": [0.2267139479905437, 0.2631205673758865, 0.5825059101654846, 0.7288416075650118], "class": 2}