{"image": "9d3e7d80-1ab0-11ef-9103-bd5cfcf36af4.jpg", "bboxes": [0.6044917257683214, 0.2644917257683215, 0.9602836879432624, 0.7302127659574468], "class": 2}