{"image": "9d3e7d80-1ab0-11ef-9103-bd5cfcf36af4.jpg", "bboxes": [0.5333806146572103, 0.2964539007092199, 0.8891725768321512, 0.7621749408983451], "class": 2}