{"image": "9d3e7d80-1ab0-11ef-9103-bd5cfcf36af4.jpg", "bboxes": [0.2978250591016548, 0.267565011820331, 0.6536170212765957, 0.7332860520094563], "class": 2}