{"image": "9d3e7d80-1ab0-11ef-9103-bd5cfcf36af4.jpg", "bboxes": [0.26004728132387706, 0.23560283687943262, 0.6158392434988179, 0.7013238770685579], "class": 2}