{"image": "9d3e7d80-1ab0-11ef-9103-bd5cfcf36af4.jpg", "bboxes": [0.6000472813238771, 0.26534278959810875, 0.9558392434988179, 0.731063829787234], "class": 2}