{"image": "9d3e7d80-1ab0-11ef-9103-bd5cfcf36af4.jpg", "bboxes": [0.2356028368794326, 0.28534278959810877, 0.5913947990543734, 0.7510638297872341], "class": 2}