{"image": "9d3e7d80-1ab0-11ef-9103-bd5cfcf36af4.jpg", "bboxes": [0.26893617021276595, 0.26534278959810875, 0.6247281323877067, 0.731063829787234], "class": 2}