{"image": "9d3e7d80-1ab0-11ef-9103-bd5cfcf36af4.jpg", "bboxes": [0.41115839243498814, 0.28893617021276596, 0.766950354609929, 0.7546572104018913], "class": 2}