{"image": "9d3e7d80-1ab0-11ef-9103-bd5cfcf36af4.jpg", "bboxes": [0.3352718676122932, 0.2764539007092199, 0.691063829787234, 0.7421749408983452], "class": 2}