{"image": "9d3e7d80-1ab0-11ef-9103-bd5cfcf36af4.jpg", "bboxes": [0.2774940898345154, 0.2497872340425532, 0.6332860520094563, 0.7155082742316785], "class": 2}