{"image": "9d8f8260-1ab0-11ef-8668-bd5cfcf36af4.jpg", "bboxes": [0.28104018912529527, 0.24936170212765962, 0.6758392434988179, 0.7068085106382979], "class": 2}