{"image": "9d8f8260-1ab0-11ef-8668-bd5cfcf36af4.jpg", "bboxes": [0.23437352245862864, 0.24491725768321518, 0.6291725768321512, 0.7023640661938535], "class": 2}