{"image": "9d8f8260-1ab0-11ef-8668-bd5cfcf36af4.jpg", "bboxes": [0.029929078014184207, 0.262695035460993, 0.4247281323877068, 0.7201418439716313], "class": 2}