{"image": "9d8f8260-1ab0-11ef-8668-bd5cfcf36af4.jpg", "bboxes": [0.23082742316784877, 0.24047281323877073, 0.6256264775413714, 0.697919621749409], "class": 2}