{"image": "9d8f8260-1ab0-11ef-8668-bd5cfcf36af4.jpg", "bboxes": [0.22104018912529533, 0.30874704491725763, 0.6158392434988179, 0.7661938534278959], "class": 2}