{"image": "9d8f8260-1ab0-11ef-8668-bd5cfcf36af4.jpg", "bboxes": [0.5352718676122932, 0.24269503546099297, 0.9300709219858158, 0.7001418439716313], "class": 2}