{"image": "9d8f8260-1ab0-11ef-8668-bd5cfcf36af4.jpg", "bboxes": [0.28548463356973974, 0.28874704491725767, 0.6802836879432623, 0.7461938534278959], "class": 2}