{"image": "9d8f8260-1ab0-11ef-8668-bd5cfcf36af4.jpg", "bboxes": [0.31304964539007096, 0.2731914893617021, 0.7078486997635935, 0.7306382978723404], "class": 2}