{"image": "9d8f8260-1ab0-11ef-8668-bd5cfcf36af4.jpg", "bboxes": [0.20770685579196202, 0.2760283687943263, 0.6025059101654846, 0.7334751773049646], "class": 2}