{"image": "9d8f8260-1ab0-11ef-8668-bd5cfcf36af4.jpg", "bboxes": [0.3152718676122932, 0.2938061465721041, 0.7100709219858158, 0.7512529550827424], "class": 2}