{"image": "9d8f8260-1ab0-11ef-8668-bd5cfcf36af4.jpg", "bboxes": [0.4419385342789599, 0.2643026004728132, 0.8367375886524825, 0.7217494089834515], "class": 2}