{"image": "9d8f8260-1ab0-11ef-8668-bd5cfcf36af4.jpg", "bboxes": [0.2654846335697397, 0.26047281323877075, 0.6602836879432623, 0.717919621749409], "class": 2}