{"image": "9d8f8260-1ab0-11ef-8668-bd5cfcf36af4.jpg", "bboxes": [0.6419385342789599, 0.27541371158392436, 0.9977777777777778, 0.7328605200945626], "class": 2}