{"image": "9d8f8260-1ab0-11ef-8668-bd5cfcf36af4.jpg", "bboxes": [0.0, 0.2982505910165485, 0.35139479905437343, 0.7556973995271868], "class": 2}