{"image": "9d8f8260-1ab0-11ef-8668-bd5cfcf36af4.jpg", "bboxes": [0.2588179669030731, 0.2538061465721041, 0.6536170212765957, 0.7112529550827423], "class": 2}