{"image": "9d8f8260-1ab0-11ef-8668-bd5cfcf36af4.jpg", "bboxes": [0.6108274231678488, 0.2465248226950354, 1.0, 0.7039716312056736], "class": 2}