{"image": "9d8f8260-1ab0-11ef-8668-bd5cfcf36af4.jpg", "bboxes": [0.31215130023640647, 0.2849172576832152, 0.7069503546099288, 0.7423640661938534], "class": 2}