{"image": "9d8f8260-1ab0-11ef-8668-bd5cfcf36af4.jpg", "bboxes": [0.30548463356973976, 0.2843026004728132, 0.7002836879432623, 0.7417494089834515], "class": 2}