{"image": "9d8f8260-1ab0-11ef-8668-bd5cfcf36af4.jpg", "bboxes": [0.2010401891252953, 0.2960283687943263, 0.5958392434988179, 0.7534751773049646], "class": 2}