{"image": "9d8f8260-1ab0-11ef-8668-bd5cfcf36af4.jpg", "bboxes": [0.27881796690307303, 0.2531914893617021, 0.6736170212765957, 0.7106382978723405], "class": 2}