{"image": "9d8f8260-1ab0-11ef-8668-bd5cfcf36af4.jpg", "bboxes": [0.0022222222222222365, 0.2976359338061465, 0.35139479905437343, 0.7550827423167848], "class": 2}