{"image": "9d8f8260-1ab0-11ef-8668-bd5cfcf36af4.jpg", "bboxes": [0.007706855791961953, 0.2598581560283688, 0.4025059101654846, 0.717304964539007], "class": 2}