{"image": "9d8f8260-1ab0-11ef-8668-bd5cfcf36af4.jpg", "bboxes": [0.15437352245862868, 0.2709692671394799, 0.5491725768321513, 0.7284160756501181], "class": 2}