{"image": "9d8f8260-1ab0-11ef-8668-bd5cfcf36af4.jpg", "bboxes": [0.4908274231678488, 0.26208037825059094, 0.8856264775413714, 0.7195271867612292], "class": 2}