{"image": "9d8f8260-1ab0-11ef-8668-bd5cfcf36af4.jpg", "bboxes": [0.3352718676122932, 0.28269503546099295, 0.7300709219858158, 0.7401418439716312], "class": 2}