{"image": "9d8f8260-1ab0-11ef-8668-bd5cfcf36af4.jpg", "bboxes": [0.5086052009456266, 0.2671394799054374, 0.9034042553191491, 0.7245862884160756], "class": 2}