{"image": "9d8f8260-1ab0-11ef-8668-bd5cfcf36af4.jpg", "bboxes": [0.1365957446808509, 0.2715839243498819, 0.5313947990543735, 0.7290307328605201], "class": 2}