{"image": "9d8f8260-1ab0-11ef-8668-bd5cfcf36af4.jpg", "bboxes": [0.4641607565011821, 0.3087470449172577, 0.8589598108747047, 0.7661938534278959], "class": 2}