{"image": "9d8f8260-1ab0-11ef-8668-bd5cfcf36af4.jpg", "bboxes": [0.5241607565011821, 0.30652482269503545, 0.9189598108747047, 0.7639716312056737], "class": 2}