{"image": "9d8f8260-1ab0-11ef-8668-bd5cfcf36af4.jpg", "bboxes": [0.03437352245862868, 0.2798581560283687, 0.42917257683215126, 0.7373049645390071], "class": 2}