{"image": "9d8f8260-1ab0-11ef-8668-bd5cfcf36af4.jpg", "bboxes": [0.36860520094562654, 0.2709692671394799, 0.7634042553191491, 0.7284160756501181], "class": 2}