{"image": "9d8f8260-1ab0-11ef-8668-bd5cfcf36af4.jpg", "bboxes": [0.6219385342789598, 0.2849172576832152, 1.0, 0.7423640661938534], "class": 2}