{"image": "9d8f8260-1ab0-11ef-8668-bd5cfcf36af4.jpg", "bboxes": [0.26104018912529525, 0.2671394799054374, 0.6558392434988177, 0.7245862884160756], "class": 2}