{"image": "9d8f8260-1ab0-11ef-8668-bd5cfcf36af4.jpg", "bboxes": [0.23659574468085087, 0.2909692671394799, 0.6313947990543735, 0.7484160756501181], "class": 2}