{"image": "9d8f8260-1ab0-11ef-8668-bd5cfcf36af4.jpg", "bboxes": [0.6308274231678488, 0.23825059101654852, 1.0, 0.6956973995271868], "class": 2}