{"image": "9d8f8260-1ab0-11ef-8668-bd5cfcf36af4.jpg", "bboxes": [0.6197163120567376, 0.2538061465721041, 0.9977777777777778, 0.7112529550827423], "class": 2}