{"image": "9d8f8260-1ab0-11ef-8668-bd5cfcf36af4.jpg", "bboxes": [0.39749408983451545, 0.25096926713947987, 0.792293144208038, 0.7084160756501181], "class": 2}