{"image": "9d8f8260-1ab0-11ef-8668-bd5cfcf36af4.jpg", "bboxes": [0.49971631205673767, 0.30652482269503545, 0.8945153664302603, 0.7639716312056737], "class": 2}