{"image": "9d8f8260-1ab0-11ef-8668-bd5cfcf36af4.jpg", "bboxes": [0.0022222222222222365, 0.29158392434988184, 0.39583924349881794, 0.7490307328605201], "class": 2}