{"image": "9d8f8260-1ab0-11ef-8668-bd5cfcf36af4.jpg", "bboxes": [0.1565957446808509, 0.24874704491725763, 0.5513947990543735, 0.706193853427896], "class": 2}