{"image": "9d8f8260-1ab0-11ef-8668-bd5cfcf36af4.jpg", "bboxes": [0.5063829787234043, 0.26936170212765964, 0.9011820330969269, 0.7268085106382979], "class": 2}