{"image": "9d8f8260-1ab0-11ef-8668-bd5cfcf36af4.jpg", "bboxes": [0.19881796690307307, 0.25096926713947987, 0.5936170212765957, 0.7084160756501181], "class": 2}