{"image": "9d8f8260-1ab0-11ef-8668-bd5cfcf36af4.jpg", "bboxes": [0.5841607565011822, 0.23380614657210408, 0.9789598108747047, 0.6912529550827423], "class": 2}