{"image": "9d8f8260-1ab0-11ef-8668-bd5cfcf36af4.jpg", "bboxes": [0.16548463356973975, 0.2576359338061466, 0.5602836879432623, 0.7150827423167848], "class": 2}