{"image": "9d8f8260-1ab0-11ef-8668-bd5cfcf36af4.jpg", "bboxes": [0.15881796690307304, 0.24047281323877073, 0.5536170212765956, 0.697919621749409], "class": 2}