{"image": "9d8f8260-1ab0-11ef-8668-bd5cfcf36af4.jpg", "bboxes": [0.2819385342789599, 0.29985815602836874, 0.6767375886524825, 0.7573049645390071], "class": 2}