{"image": "9d8f8260-1ab0-11ef-8668-bd5cfcf36af4.jpg", "bboxes": [0.014373522458628663, 0.24269503546099297, 0.40917257683215125, 0.7001418439716313], "class": 2}