{"image": "9d8f8260-1ab0-11ef-8668-bd5cfcf36af4.jpg", "bboxes": [0.30992907801418423, 0.28874704491725767, 0.7047281323877068, 0.7461938534278959], "class": 2}