{"image": "9d8f8260-1ab0-11ef-8668-bd5cfcf36af4.jpg", "bboxes": [0.27971631205673764, 0.29319148936170214, 0.6745153664302602, 0.7506382978723404], "class": 2}