{"image": "9d8f8260-1ab0-11ef-8668-bd5cfcf36af4.jpg", "bboxes": [0.41082742316784876, 0.24269503546099297, 0.8056264775413714, 0.7001418439716313], "class": 2}