{"image": "9d8f8260-1ab0-11ef-8668-bd5cfcf36af4.jpg", "bboxes": [0.15215130023640644, 0.2465248226950354, 0.546950354609929, 0.7039716312056736], "class": 2}