{"image": "9d8f8260-1ab0-11ef-8668-bd5cfcf36af4.jpg", "bboxes": [0.3254846335697398, 0.2871394799054374, 0.7202836879432624, 0.7445862884160757], "class": 2}