{"image": "9d8f8260-1ab0-11ef-8668-bd5cfcf36af4.jpg", "bboxes": [0.14104018912529526, 0.2976359338061465, 0.535839243498818, 0.7550827423167848], "class": 2}