{"image": "9d8f8260-1ab0-11ef-8668-bd5cfcf36af4.jpg", "bboxes": [0.049929078014184225, 0.2576359338061466, 0.4447281323877068, 0.7150827423167848], "class": 2}