{"image": "9d8f8260-1ab0-11ef-8668-bd5cfcf36af4.jpg", "bboxes": [0.5908274231678488, 0.3043026004728132, 0.9856264775413713, 0.7617494089834514], "class": 2}