{"image": "9d8f8260-1ab0-11ef-8668-bd5cfcf36af4.jpg", "bboxes": [0.4863829787234043, 0.24713947990543741, 0.8811820330969269, 0.7045862884160757], "class": 2}