{"image": "9d8f8260-1ab0-11ef-8668-bd5cfcf36af4.jpg", "bboxes": [0.02770685579196197, 0.25541371158392434, 0.42250591016548456, 0.7128605200945626], "class": 2}