{"image": "9d8f8260-1ab0-11ef-8668-bd5cfcf36af4.jpg", "bboxes": [0.3863829787234043, 0.25158392434988186, 0.7811820330969269, 0.7090307328605201], "class": 2}