{"image": "9d8f8260-1ab0-11ef-8668-bd5cfcf36af4.jpg", "bboxes": [0.36860520094562654, 0.23825059101654852, 0.7634042553191491, 0.6956973995271868], "class": 2}