{"image": "b841a3f6-1ab0-11ef-a9de-bd5cfcf36af4.jpg", "bboxes": [0.04600472813238776, 0.25418439716312063, 0.45026004728132385, 0.7837352245862884], "class": 2}