{"image": "b841a3f6-1ab0-11ef-a9de-bd5cfcf36af4.jpg", "bboxes": [0.2519621749408984, 0.20529550827423176, 0.6562174940898344, 0.7348463356973995], "class": 2}