{"image": "b841a3f6-1ab0-11ef-a9de-bd5cfcf36af4.jpg", "bboxes": [0.21418439716312063, 0.2673758865248227, 0.6184397163120566, 0.7969267139479905], "class": 2}