{"image": "b841a3f6-1ab0-11ef-a9de-bd5cfcf36af4.jpg", "bboxes": [0.3341843971631206, 0.25182033096926715, 0.7384397163120566, 0.7813711583924349], "class": 2}