{"image": "b841a3f6-1ab0-11ef-a9de-bd5cfcf36af4.jpg", "bboxes": [0.3215602836879433, 0.20307328605200953, 0.7258156028368794, 0.7326241134751773], "class": 2}