{"image": "b841a3f6-1ab0-11ef-a9de-bd5cfcf36af4.jpg", "bboxes": [0.23640661938534285, 0.21848699763593382, 0.6406619385342789, 0.7480378250591015], "class": 2}