{"image": "b841a3f6-1ab0-11ef-a9de-bd5cfcf36af4.jpg", "bboxes": [0.527517730496454, 0.23404255319148934, 0.93177304964539, 0.763593380614657], "class": 2}