{"image": "b841a3f6-1ab0-11ef-a9de-bd5cfcf36af4.jpg", "bboxes": [0.5964066193853429, 0.227517730496454, 1.0, 0.7570685579196217], "class": 2}