{"image": "b841a3f6-1ab0-11ef-a9de-bd5cfcf36af4.jpg", "bboxes": [0.4830732860520095, 0.2562647754137116, 0.8873286052009456, 0.7858156028368793], "class": 2}