{"image": "b841a3f6-1ab0-11ef-a9de-bd5cfcf36af4.jpg", "bboxes": [0.21044917257683227, 0.24307328605200954, 0.6147044917257682, 0.7726241134751772], "class": 2}