{"image": "b841a3f6-1ab0-11ef-a9de-bd5cfcf36af4.jpg", "bboxes": [0.11489361702127665, 0.2697399527186762, 0.5191489361702127, 0.799290780141844], "class": 2}