{"image": "b841a3f6-1ab0-11ef-a9de-bd5cfcf36af4.jpg", "bboxes": [0.2815602836879433, 0.2118203309692671, 0.6858156028368794, 0.741371158392435], "class": 2}