{"image": "b841a3f6-1ab0-11ef-a9de-bd5cfcf36af4.jpg", "bboxes": [0.2897399527186762, 0.23640661938534288, 0.6939952718676122, 0.7659574468085106], "class": 2}