{"image": "b841a3f6-1ab0-11ef-a9de-bd5cfcf36af4.jpg", "bboxes": [0.2030732860520095, 0.26529550827423176, 0.6073286052009456, 0.7948463356973995], "class": 2}