{"image": "b841a3f6-1ab0-11ef-a9de-bd5cfcf36af4.jpg", "bboxes": [0.06822695035461002, 0.2362647754137116, 0.472482269503546, 0.7658156028368793], "class": 2}