{"image": "b841a3f6-1ab0-11ef-a9de-bd5cfcf36af4.jpg", "bboxes": [0.4097399527186762, 0.26529550827423176, 0.8139952718676122, 0.7948463356973995], "class": 2}