{"image": "b841a3f6-1ab0-11ef-a9de-bd5cfcf36af4.jpg", "bboxes": [0.3771158392434989, 0.22515366430260053, 0.781371158392435, 0.7547044917257683], "class": 2}