{"image": "b841a3f6-1ab0-11ef-a9de-bd5cfcf36af4.jpg", "bboxes": [0.31862884160756505, 0.2229314420803783, 0.7228841607565011, 0.752482269503546], "class": 2}