{"image": "b841a3f6-1ab0-11ef-a9de-bd5cfcf36af4.jpg", "bboxes": [0.30085106382978727, 0.24085106382978733, 0.7051063829787233, 0.7704018912529551], "class": 2}