{"image": "b841a3f6-1ab0-11ef-a9de-bd5cfcf36af4.jpg", "bboxes": [0.4186288416075651, 0.25182033096926715, 0.8228841607565011, 0.7813711583924349], "class": 2}