{"image": "b841a3f6-1ab0-11ef-a9de-bd5cfcf36af4.jpg", "bboxes": [0.3971158392434989, 0.2697399527186762, 0.801371158392435, 0.799290780141844], "class": 2}