{"image": "b841a3f6-1ab0-11ef-a9de-bd5cfcf36af4.jpg", "bboxes": [0.3571158392434989, 0.2051536643026005, 0.761371158392435, 0.7347044917257682], "class": 2}