{"image": "b841a3f6-1ab0-11ef-a9de-bd5cfcf36af4.jpg", "bboxes": [0.2719621749408984, 0.2697399527186762, 0.6762174940898344, 0.799290780141844], "class": 2}