{"image": "b841a3f6-1ab0-11ef-a9de-bd5cfcf36af4.jpg", "bboxes": [0.050449172576832235, 0.2208510638297873, 0.4547044917257683, 0.7504018912529551], "class": 2}