{"image": "b841a3f6-1ab0-11ef-a9de-bd5cfcf36af4.jpg", "bboxes": [0.23044917257683217, 0.23418439716312064, 0.6347044917257683, 0.7637352245862884], "class": 2}