{"image": "b841a3f6-1ab0-11ef-a9de-bd5cfcf36af4.jpg", "bboxes": [0.48973995271867615, 0.21418439716312065, 0.8939952718676122, 0.7437352245862884], "class": 2}