{"image": "b841a3f6-1ab0-11ef-a9de-bd5cfcf36af4.jpg", "bboxes": [0.25418439716312063, 0.2607092198581561, 0.6584397163120567, 0.7902600472813238], "class": 2}