{"image": "b841a3f6-1ab0-11ef-a9de-bd5cfcf36af4.jpg", "bboxes": [0.5008510638297873, 0.227517730496454, 0.9051063829787234, 0.7570685579196217], "class": 2}