{"image": "b841a3f6-1ab0-11ef-a9de-bd5cfcf36af4.jpg", "bboxes": [0.07489361702127662, 0.25418439716312063, 0.4791489361702127, 0.7837352245862884], "class": 2}