{"image": "b841a3f6-1ab0-11ef-a9de-bd5cfcf36af4.jpg", "bboxes": [0.2741843971631206, 0.22737588652482277, 0.6784397163120567, 0.7569267139479905], "class": 2}