{"image": "b841a3f6-1ab0-11ef-a9de-bd5cfcf36af4.jpg", "bboxes": [0.0022222222222222365, 0.2673758865248227, 0.39026004728132385, 0.7969267139479905], "class": 2}