{"image": "b841a3f6-1ab0-11ef-a9de-bd5cfcf36af4.jpg", "bboxes": [0.5630732860520095, 0.227517730496454, 0.9673286052009455, 0.7570685579196217], "class": 2}