{"image": "b841a3f6-1ab0-11ef-a9de-bd5cfcf36af4.jpg", "bboxes": [0.1748936170212767, 0.21418439716312065, 0.5791489361702127, 0.7437352245862884], "class": 2}