{"image": "b841a3f6-1ab0-11ef-a9de-bd5cfcf36af4.jpg", "bboxes": [0.2719621749408984, 0.24515366430260055, 0.6762174940898344, 0.7747044917257683], "class": 2}