{"image": "b841a3f6-1ab0-11ef-a9de-bd5cfcf36af4.jpg", "bboxes": [0.4941843971631206, 0.2562647754137116, 0.8984397163120567, 0.7858156028368793], "class": 2}