{"image": "b841a3f6-1ab0-11ef-a9de-bd5cfcf36af4.jpg", "bboxes": [0.3726713947990544, 0.2429314420803783, 0.7769267139479905, 0.772482269503546], "class": 2}