{"image": "b841a3f6-1ab0-11ef-a9de-bd5cfcf36af4.jpg", "bboxes": [0.2519621749408984, 0.20959810874704501, 0.6562174940898344, 0.7391489361702126], "class": 2}