{"image": "b841a3f6-1ab0-11ef-a9de-bd5cfcf36af4.jpg", "bboxes": [0.49862884160756504, 0.267517730496454, 0.9028841607565011, 0.7970685579196217], "class": 2}