{"image": "b841a3f6-1ab0-11ef-a9de-bd5cfcf36af4.jpg", "bboxes": [0.021560283687943382, 0.2586288416075651, 0.42581560283687936, 0.7881796690307329], "class": 2}