{"image": "b841a3f6-1ab0-11ef-a9de-bd5cfcf36af4.jpg", "bboxes": [0.0926713947990544, 0.23182033096926713, 0.4969267139479905, 0.761371158392435], "class": 2}