{"image": "b841a3f6-1ab0-11ef-a9de-bd5cfcf36af4.jpg", "bboxes": [0.07711583924349887, 0.24515366430260055, 0.48137115839243494, 0.7747044917257683], "class": 2}