{"image": "b841a3f6-1ab0-11ef-a9de-bd5cfcf36af4.jpg", "bboxes": [0.2748936170212767, 0.25418439716312063, 0.6791489361702128, 0.7837352245862884], "class": 2}