{"image": "b841a3f6-1ab0-11ef-a9de-bd5cfcf36af4.jpg", "bboxes": [0.44529550827423175, 0.2118203309692671, 0.8495508274231678, 0.741371158392435], "class": 2}