{"image": "b841a3f6-1ab0-11ef-a9de-bd5cfcf36af4.jpg", "bboxes": [0.20529550827423174, 0.26515366430260046, 0.6095508274231678, 0.7947044917257682], "class": 2}