{"image": "b841a3f6-1ab0-11ef-a9de-bd5cfcf36af4.jpg", "bboxes": [0.5541843971631206, 0.2186288416075651, 0.9584397163120567, 0.7481796690307329], "class": 2}