{"image": "b841a3f6-1ab0-11ef-a9de-bd5cfcf36af4.jpg", "bboxes": [0.0022222222222222365, 0.24751773049645398, 0.4035933806146571, 0.7770685579196217], "class": 2}