{"image": "b841a3f6-1ab0-11ef-a9de-bd5cfcf36af4.jpg", "bboxes": [0.38822695035460997, 0.2097399527186762, 0.792482269503546, 0.7392907801418439], "class": 2}