{"image": "b841a3f6-1ab0-11ef-a9de-bd5cfcf36af4.jpg", "bboxes": [0.02378250591016551, 0.22307328605200955, 0.4280378250591016, 0.7526241134751773], "class": 2}