{"image": "b841a3f6-1ab0-11ef-a9de-bd5cfcf36af4.jpg", "bboxes": [0.1941843971631206, 0.23404255319148937, 0.5984397163120566, 0.7635933806146571], "class": 2}