{"image": "b841a3f6-1ab0-11ef-a9de-bd5cfcf36af4.jpg", "bboxes": [0.08822695035461003, 0.25418439716312063, 0.492482269503546, 0.7837352245862884], "class": 2}