{"image": "b841a3f6-1ab0-11ef-a9de-bd5cfcf36af4.jpg", "bboxes": [0.22156028368794334, 0.2297399527186762, 0.6258156028368793, 0.7592907801418439], "class": 2}