{"image": "b841a3f6-1ab0-11ef-a9de-bd5cfcf36af4.jpg", "bboxes": [0.38529550827423176, 0.2295981087470449, 0.7895508274231677, 0.7591489361702126], "class": 2}