{"image": "b841a3f6-1ab0-11ef-a9de-bd5cfcf36af4.jpg", "bboxes": [0.08822695035461003, 0.20751773049645397, 0.492482269503546, 0.7370685579196218], "class": 2}