{"image": "b841a3f6-1ab0-11ef-a9de-bd5cfcf36af4.jpg", "bboxes": [0.32751773049645394, 0.25418439716312063, 0.73177304964539, 0.7837352245862884], "class": 2}