{"image": "b841a3f6-1ab0-11ef-a9de-bd5cfcf36af4.jpg", "bboxes": [0.4830732860520095, 0.24085106382978733, 0.8873286052009456, 0.7704018912529551], "class": 2}