{"image": "b841a3f6-1ab0-11ef-a9de-bd5cfcf36af4.jpg", "bboxes": [0.5675177304964539, 0.267517730496454, 0.97177304964539, 0.7970685579196217], "class": 2}