{"image": "b841a3f6-1ab0-11ef-a9de-bd5cfcf36af4.jpg", "bboxes": [0.039338061465721164, 0.23640661938534288, 0.44359338061465714, 0.7659574468085106], "class": 2}