{"image": "b841a3f6-1ab0-11ef-a9de-bd5cfcf36af4.jpg", "bboxes": [0.19933806146572108, 0.24085106382978733, 0.6035933806146572, 0.7704018912529551], "class": 2}