{"image": "b841a3f6-1ab0-11ef-a9de-bd5cfcf36af4.jpg", "bboxes": [0.21418439716312063, 0.22070921985815606, 0.6184397163120566, 0.7502600472813238], "class": 2}