{"image": "b841a3f6-1ab0-11ef-a9de-bd5cfcf36af4.jpg", "bboxes": [0.0022222222222222365, 0.2051536643026005, 0.4035933806146571, 0.7347044917257682], "class": 2}