{"image": "b841a3f6-1ab0-11ef-a9de-bd5cfcf36af4.jpg", "bboxes": [0.607517730496454, 0.20751773049645397, 1.0, 0.7370685579196218], "class": 2}