{"image": "b841a3f6-1ab0-11ef-a9de-bd5cfcf36af4.jpg", "bboxes": [0.27640661938534283, 0.21182033096926708, 0.6806619385342789, 0.741371158392435], "class": 2}