{"image": "b8e4753f-1ab0-11ef-9dfe-bd5cfcf36af4.jpg", "bboxes": [0.12756501182033098, 0.25078014184397157, 0.540094562647754, 0.7365957446808511], "class": 2}