{"image": "b8e4753f-1ab0-11ef-9dfe-bd5cfcf36af4.jpg", "bboxes": [0.08312056737588658, 0.2989598108747045, 0.4956501182033096, 0.784775413711584], "class": 2}