{"image": "b8e4753f-1ab0-11ef-9dfe-bd5cfcf36af4.jpg", "bboxes": [0.10756501182033096, 0.2463356973995272, 0.520094562647754, 0.7321513002364066], "class": 2}