{"image": "b8e4753f-1ab0-11ef-9dfe-bd5cfcf36af4.jpg", "bboxes": [0.1776832151300237, 0.2700709219858156, 0.5902127659574468, 0.755886524822695], "class": 2}