{"image": "b8e4753f-1ab0-11ef-9dfe-bd5cfcf36af4.jpg", "bboxes": [0.1742316784869976, 0.20633569739952717, 0.5867612293144208, 0.6921513002364066], "class": 2}