{"image": "b8e4753f-1ab0-11ef-9dfe-bd5cfcf36af4.jpg", "bboxes": [0.20978723404255317, 0.2530023640661938, 0.6223167848699762, 0.7388179669030732], "class": 2}