{"image": "b8e4753f-1ab0-11ef-9dfe-bd5cfcf36af4.jpg", "bboxes": [0.36879432624113484, 0.2922931442080378, 0.7813238770685579, 0.7781087470449173], "class": 2}