{"image": "b8e4753f-1ab0-11ef-9dfe-bd5cfcf36af4.jpg", "bboxes": [0.2697872340425532, 0.23078014184397155, 0.6823167848699763, 0.7165957446808511], "class": 2}