{"image": "b8e4753f-1ab0-11ef-9dfe-bd5cfcf36af4.jpg", "bboxes": [0.13423167848699769, 0.27673758865248227, 0.5467612293144207, 0.7625531914893617], "class": 2}