{"image": "b8e4753f-1ab0-11ef-9dfe-bd5cfcf36af4.jpg", "bboxes": [0.2732387706855793, 0.3056264775413712, 0.6857683215130024, 0.7914420803782506], "class": 2}