{"image": "b8e4753f-1ab0-11ef-9dfe-bd5cfcf36af4.jpg", "bboxes": [0.5287943262411349, 0.2589598108747045, 0.9413238770685579, 0.744775413711584], "class": 2}