{"image": "b8e4753f-1ab0-11ef-9dfe-bd5cfcf36af4.jpg", "bboxes": [0.24534278959810873, 0.2789598108747045, 0.6578723404255318, 0.764775413711584], "class": 2}