{"image": "b8e4753f-1ab0-11ef-9dfe-bd5cfcf36af4.jpg", "bboxes": [0.15990543735224594, 0.2678486997635934, 0.572434988179669, 0.7536643026004728], "class": 2}