{"image": "b8e4753f-1ab0-11ef-9dfe-bd5cfcf36af4.jpg", "bboxes": [0.47101654846335705, 0.28562647754137116, 0.8835460992907801, 0.7714420803782506], "class": 2}