{"image": "b8e4753f-1ab0-11ef-9dfe-bd5cfcf36af4.jpg", "bboxes": [0.491016548463357, 0.2611820330969267, 0.9035460992907801, 0.7469976359338062], "class": 2}