{"image": "b8e4753f-1ab0-11ef-9dfe-bd5cfcf36af4.jpg", "bboxes": [0.18312056737588656, 0.22189125295508272, 0.5956501182033096, 0.7077068557919621], "class": 2}