{"image": "b8e4753f-1ab0-11ef-9dfe-bd5cfcf36af4.jpg", "bboxes": [0.4354609929078015, 0.2989598108747045, 0.8479905437352245, 0.784775413711584], "class": 2}