{"image": "b8e4753f-1ab0-11ef-9dfe-bd5cfcf36af4.jpg", "bboxes": [0.012009456264775453, 0.30340425531914894, 0.4245390070921985, 0.7892198581560284], "class": 2}