{"image": "b8e4753f-1ab0-11ef-9dfe-bd5cfcf36af4.jpg", "bboxes": [0.19323877068557926, 0.26855791962174935, 0.6057683215130023, 0.7543735224586288], "class": 2}