{"image": "b8e4753f-1ab0-11ef-9dfe-bd5cfcf36af4.jpg", "bboxes": [0.39990543735224593, 0.24562647754137118, 0.812434988179669, 0.7314420803782506], "class": 2}