{"image": "b8e4753f-1ab0-11ef-9dfe-bd5cfcf36af4.jpg", "bboxes": [0.1608983451536643, 0.21078014184397165, 0.5734278959810875, 0.6965957446808511], "class": 2}