{"image": "b8e4753f-1ab0-11ef-9dfe-bd5cfcf36af4.jpg", "bboxes": [0.5465721040189125, 0.2574468085106383, 0.9591016548463357, 0.7432624113475177], "class": 2}