{"image": "b8e4753f-1ab0-11ef-9dfe-bd5cfcf36af4.jpg", "bboxes": [0.39101654846335704, 0.264113475177305, 0.8035460992907801, 0.7499290780141844], "class": 2}