{"image": "b8e4753f-1ab0-11ef-9dfe-bd5cfcf36af4.jpg", "bboxes": [0.5110165484633571, 0.24411347517730497, 0.9235460992907801, 0.7299290780141845], "class": 2}