{"image": "b8e4753f-1ab0-11ef-9dfe-bd5cfcf36af4.jpg", "bboxes": [0.16312056737588654, 0.3100709219858156, 0.5756501182033096, 0.7958865248226951], "class": 2}