{"image": "b8e4753f-1ab0-11ef-9dfe-bd5cfcf36af4.jpg", "bboxes": [0.29101654846335706, 0.25451536643026007, 0.7035460992907802, 0.7403309692671395], "class": 2}