{"image": "b8e4753f-1ab0-11ef-9dfe-bd5cfcf36af4.jpg", "bboxes": [0.35990543735224595, 0.2396690307328605, 0.772434988179669, 0.7254846335697399], "class": 2}