{"image": "b8e4753f-1ab0-11ef-9dfe-bd5cfcf36af4.jpg", "bboxes": [0.37200945626477544, 0.2678486997635934, 0.7845390070921985, 0.7536643026004728], "class": 2}