{"image": "b8e4753f-1ab0-11ef-9dfe-bd5cfcf36af4.jpg", "bboxes": [0.5621276595744682, 0.2463356973995272, 0.9746572104018912, 0.7321513002364066], "class": 2}