{"image": "b8e4753f-1ab0-11ef-9dfe-bd5cfcf36af4.jpg", "bboxes": [0.0786761229314421, 0.2500709219858156, 0.49120567375886515, 0.735886524822695], "class": 2}