{"image": "b8e4753f-1ab0-11ef-9dfe-bd5cfcf36af4.jpg", "bboxes": [0.08978723404255318, 0.2596690307328605, 0.5023167848699763, 0.7454846335697399], "class": 2}