{"image": "b8e4753f-1ab0-11ef-9dfe-bd5cfcf36af4.jpg", "bboxes": [0.3576832151300237, 0.25078014184397157, 0.7702127659574468, 0.7365957446808511], "class": 2}