{"image": "b8e4753f-1ab0-11ef-9dfe-bd5cfcf36af4.jpg", "bboxes": [0.5354609929078015, 0.21744680851063825, 0.9479905437352246, 0.7032624113475177], "class": 2}