{"image": "b8e4753f-1ab0-11ef-9dfe-bd5cfcf36af4.jpg", "bboxes": [0.571016548463357, 0.23522458628841603, 0.9835460992907801, 0.7210401891252955], "class": 2}