{"image": "b8e4753f-1ab0-11ef-9dfe-bd5cfcf36af4.jpg", "bboxes": [0.33200945626477546, 0.2989598108747045, 0.7445390070921984, 0.784775413711584], "class": 2}