{"image": "b8e4753f-1ab0-11ef-9dfe-bd5cfcf36af4.jpg", "bboxes": [0.5110165484633571, 0.2567375886524823, 0.9235460992907801, 0.7425531914893617], "class": 2}