{"image": "b8e4753f-1ab0-11ef-9dfe-bd5cfcf36af4.jpg", "bboxes": [0.4275650118203311, 0.29451536643026005, 0.8400945626477541, 0.7803309692671395], "class": 2}