{"image": "b8e4753f-1ab0-11ef-9dfe-bd5cfcf36af4.jpg", "bboxes": [0.1097872340425532, 0.21300236406619377, 0.5223167848699763, 0.6988179669030733], "class": 2}