{"image": "b8e4753f-1ab0-11ef-9dfe-bd5cfcf36af4.jpg", "bboxes": [0.20312056737588657, 0.2085579196217494, 0.6156501182033096, 0.6943735224586288], "class": 2}