{"image": "b8e4753f-1ab0-11ef-9dfe-bd5cfcf36af4.jpg", "bboxes": [0.25200945626477544, 0.22411347517730498, 0.6645390070921986, 0.7099290780141844], "class": 2}