{"image": "b8e4753f-1ab0-11ef-9dfe-bd5cfcf36af4.jpg", "bboxes": [0.4208983451536643, 0.2700709219858156, 0.8334278959810874, 0.755886524822695], "class": 2}