{"image": "b8e4753f-1ab0-11ef-9dfe-bd5cfcf36af4.jpg", "bboxes": [0.029787234042553234, 0.31229314420803783, 0.4423167848699763, 0.7981087470449173], "class": 2}