{"image": "b8e4753f-1ab0-11ef-9dfe-bd5cfcf36af4.jpg", "bboxes": [0.18978723404255327, 0.2574468085106383, 0.6023167848699763, 0.7432624113475177], "class": 2}