{"image": "b8e4753f-1ab0-11ef-9dfe-bd5cfcf36af4.jpg", "bboxes": [0.551016548463357, 0.27229314420803785, 0.9635460992907802, 0.7581087470449173], "class": 2}