{"image": "b8e4753f-1ab0-11ef-9dfe-bd5cfcf36af4.jpg", "bboxes": [0.20978723404255317, 0.2789598108747045, 0.6223167848699762, 0.764775413711584], "class": 2}