{"image": "b8e4753f-1ab0-11ef-9dfe-bd5cfcf36af4.jpg", "bboxes": [0.2497872340425532, 0.26340425531914896, 0.6623167848699762, 0.7492198581560284], "class": 2}