{"image": "b8e4753f-1ab0-11ef-9dfe-bd5cfcf36af4.jpg", "bboxes": [0.33200945626477546, 0.2878486997635934, 0.7445390070921984, 0.7736643026004728], "class": 2}