{"image": "b8e4753f-1ab0-11ef-9dfe-bd5cfcf36af4.jpg", "bboxes": [0.431016548463357, 0.24855791962174933, 0.8435460992907802, 0.7343735224586287], "class": 2}