{"image": "b8e4753f-1ab0-11ef-9dfe-bd5cfcf36af4.jpg", "bboxes": [0.39990543735224593, 0.23078014184397155, 0.812434988179669, 0.7165957446808511], "class": 2}