{"image": "b8e4753f-1ab0-11ef-9dfe-bd5cfcf36af4.jpg", "bboxes": [0.20434988179669036, 0.2485579196217493, 0.6168794326241135, 0.7343735224586287], "class": 2}