{"image": "b8e4753f-1ab0-11ef-9dfe-bd5cfcf36af4.jpg", "bboxes": [0.5021276595744681, 0.2589598108747045, 0.9146572104018912, 0.744775413711584], "class": 2}