{"image": "b8e4753f-1ab0-11ef-9dfe-bd5cfcf36af4.jpg", "bboxes": [0.3287943262411348, 0.2700709219858156, 0.7413238770685578, 0.755886524822695], "class": 2}