{"image": "b8e4753f-1ab0-11ef-9dfe-bd5cfcf36af4.jpg", "bboxes": [0.21867612293144212, 0.28118203309692674, 0.6312056737588652, 0.7669976359338062], "class": 2}