{"image": "b8e4753f-1ab0-11ef-9dfe-bd5cfcf36af4.jpg", "bboxes": [0.17200945626477548, 0.2530023640661938, 0.5845390070921985, 0.7388179669030732], "class": 2}