{"image": "b8e4753f-1ab0-11ef-9dfe-bd5cfcf36af4.jpg", "bboxes": [0.4487943262411348, 0.21744680851063825, 0.861323877068558, 0.7032624113475177], "class": 2}