{"image": "b8e4753f-1ab0-11ef-9dfe-bd5cfcf36af4.jpg", "bboxes": [0.5376832151300237, 0.28562647754137116, 0.9502127659574467, 0.7714420803782506], "class": 2}