{"image": "b934ee2b-1ab0-11ef-ae01-bd5cfcf36af4.jpg", "bboxes": [0.38501182033096926, 0.2431205673758865, 0.8223640661938535, 0.7537588652482269], "class": 2}