{"image": "b934ee2b-1ab0-11ef-ae01-bd5cfcf36af4.jpg", "bboxes": [0.1783451536643026, 0.2862411347517731, 0.6156973995271868, 0.7968794326241134], "class": 2}