{"image": "b934ee2b-1ab0-11ef-ae01-bd5cfcf36af4.jpg", "bboxes": [0.3316784869976359, 0.24401891252955085, 0.7690307328605201, 0.7546572104018913], "class": 2}