{"image": "b934ee2b-1ab0-11ef-ae01-bd5cfcf36af4.jpg", "bboxes": [0.1605673758865248, 0.20312056737588657, 0.5979196217494089, 0.713758865248227], "class": 2}