{"image": "b934ee2b-1ab0-11ef-ae01-bd5cfcf36af4.jpg", "bboxes": [0.2954137115839243, 0.24756501182033097, 0.7327659574468085, 0.7582033096926714], "class": 2}