{"image": "b934ee2b-1ab0-11ef-ae01-bd5cfcf36af4.jpg", "bboxes": [0.09834515366430263, 0.2484633569739953, 0.5356973995271868, 0.7591016548463356], "class": 2}