{"image": "b934ee2b-1ab0-11ef-ae01-bd5cfcf36af4.jpg", "bboxes": [0.2798581560283688, 0.1986761229314421, 0.717210401891253, 0.7093144208037825], "class": 2}