{"image": "b934ee2b-1ab0-11ef-ae01-bd5cfcf36af4.jpg", "bboxes": [0.5154137115839243, 0.1986761229314421, 0.9527659574468085, 0.7093144208037825], "class": 2}