{"image": "b934ee2b-1ab0-11ef-ae01-bd5cfcf36af4.jpg", "bboxes": [0.1443026004728132, 0.295130023640662, 0.5816548463356974, 0.8057683215130024], "class": 2}