{"image": "b934ee2b-1ab0-11ef-ae01-bd5cfcf36af4.jpg", "bboxes": [0.3443026004728132, 0.23867612293144214, 0.7816548463356974, 0.7493144208037825], "class": 2}