{"image": "b934ee2b-1ab0-11ef-ae01-bd5cfcf36af4.jpg", "bboxes": [0.4050118203309693, 0.27068557919621755, 0.8423640661938535, 0.7813238770685579], "class": 2}