{"image": "b934ee2b-1ab0-11ef-ae01-bd5cfcf36af4.jpg", "bboxes": [0.09834515366430262, 0.2497872340425532, 0.5356973995271868, 0.7604255319148936], "class": 2}