{"image": "b934ee2b-1ab0-11ef-ae01-bd5cfcf36af4.jpg", "bboxes": [0.06723404255319143, 0.2120094562647754, 0.5045862884160757, 0.7226477541371158], "class": 2}