{"image": "b934ee2b-1ab0-11ef-ae01-bd5cfcf36af4.jpg", "bboxes": [0.027234042553191506, 0.25290780141843977, 0.46458628841607563, 0.7635460992907801], "class": 2}