{"image": "b934ee2b-1ab0-11ef-ae01-bd5cfcf36af4.jpg", "bboxes": [0.25541371158392434, 0.21645390070921988, 0.6927659574468085, 0.7270921985815603], "class": 2}