{"image": "b934ee2b-1ab0-11ef-ae01-bd5cfcf36af4.jpg", "bboxes": [0.40874704491725766, 0.24179669030732864, 0.8460992907801419, 0.752434988179669], "class": 2}