{"image": "b934ee2b-1ab0-11ef-ae01-bd5cfcf36af4.jpg", "bboxes": [0.202080378250591, 0.2231205673758866, 0.6394326241134752, 0.733758865248227], "class": 2}