{"image": "b934ee2b-1ab0-11ef-ae01-bd5cfcf36af4.jpg", "bboxes": [0.4005673758865248, 0.25200945626477544, 0.837919621749409, 0.7626477541371158], "class": 2}