{"image": "b934ee2b-1ab0-11ef-ae01-bd5cfcf36af4.jpg", "bboxes": [0.16501182033096928, 0.2862411347517731, 0.6023640661938534, 0.7968794326241134], "class": 2}