{"image": "b934ee2b-1ab0-11ef-ae01-bd5cfcf36af4.jpg", "bboxes": [0.38945626477541373, 0.28846335697399533, 0.8268085106382979, 0.7991016548463357], "class": 2}