{"image": "b934ee2b-1ab0-11ef-ae01-bd5cfcf36af4.jpg", "bboxes": [0.33390070921985815, 0.2662411347517731, 0.7712529550827424, 0.7768794326241134], "class": 2}