{"image": "b934ee2b-1ab0-11ef-ae01-bd5cfcf36af4.jpg", "bboxes": [0.12501182033096925, 0.2395744680851064, 0.5623640661938535, 0.7502127659574468], "class": 2}