{"image": "b934ee2b-1ab0-11ef-ae01-bd5cfcf36af4.jpg", "bboxes": [0.3227895981087471, 0.27068557919621755, 0.7601418439716312, 0.7813238770685579], "class": 2}