{"image": "b934ee2b-1ab0-11ef-ae01-bd5cfcf36af4.jpg", "bboxes": [0.15763593380614654, 0.30179669030732864, 0.5949881796690307, 0.812434988179669], "class": 2}