{"image": "b934ee2b-1ab0-11ef-ae01-bd5cfcf36af4.jpg", "bboxes": [0.40278959810874704, 0.2862411347517731, 0.8401418439716313, 0.7968794326241134], "class": 2}