{"image": "b934ee2b-1ab0-11ef-ae01-bd5cfcf36af4.jpg", "bboxes": [0.35390070921985817, 0.2973522458628842, 0.7912529550827423, 0.8079905437352246], "class": 2}