{"image": "b934ee2b-1ab0-11ef-ae01-bd5cfcf36af4.jpg", "bboxes": [0.10056737588652487, 0.25290780141843977, 0.537919621749409, 0.7635460992907801], "class": 2}