{"image": "b934ee2b-1ab0-11ef-ae01-bd5cfcf36af4.jpg", "bboxes": [0.3227895981087471, 0.19423167848699763, 0.7601418439716312, 0.704869976359338], "class": 2}