{"image": "b934ee2b-1ab0-11ef-ae01-bd5cfcf36af4.jpg", "bboxes": [0.27763593380614654, 0.18978723404255327, 0.7149881796690307, 0.7004255319148935], "class": 2}