{"image": "b934ee2b-1ab0-11ef-ae01-bd5cfcf36af4.jpg", "bboxes": [0.4843026004728132, 0.24089834515366437, 0.9216548463356974, 0.7515366430260046], "class": 2}