{"image": "b934ee2b-1ab0-11ef-ae01-bd5cfcf36af4.jpg", "bboxes": [0.30723404255319153, 0.28401891252955086, 0.7445862884160757, 0.7946572104018912], "class": 2}