{"image": "b934ee2b-1ab0-11ef-ae01-bd5cfcf36af4.jpg", "bboxes": [0.21763593380614654, 0.20978723404255317, 0.6549881796690308, 0.7204255319148936], "class": 2}