{"image": "b934ee2b-1ab0-11ef-ae01-bd5cfcf36af4.jpg", "bboxes": [0.3554137115839243, 0.26179669030732866, 0.7927659574468086, 0.772434988179669], "class": 2}