{"image": "b934ee2b-1ab0-11ef-ae01-bd5cfcf36af4.jpg", "bboxes": [0.2754137115839243, 0.19423167848699763, 0.7127659574468085, 0.704869976359338], "class": 2}