{"image": "b934ee2b-1ab0-11ef-ae01-bd5cfcf36af4.jpg", "bboxes": [0.30874704491725763, 0.22756501182033095, 0.7460992907801418, 0.7382033096926713], "class": 2}