{"image": "b934ee2b-1ab0-11ef-ae01-bd5cfcf36af4.jpg", "bboxes": [0.09167848699763592, 0.22089834515366435, 0.5290307328605202, 0.7315366430260047], "class": 2}