{"image": "b934ee2b-1ab0-11ef-ae01-bd5cfcf36af4.jpg", "bboxes": [0.222080378250591, 0.21423167848699765, 0.6594326241134751, 0.724869976359338], "class": 2}