{"image": "b934ee2b-1ab0-11ef-ae01-bd5cfcf36af4.jpg", "bboxes": [0.4643026004728132, 0.2053427895981088, 0.9016548463356974, 0.7159810874704491], "class": 2}