{"image": "b934ee2b-1ab0-11ef-ae01-bd5cfcf36af4.jpg", "bboxes": [0.4139007092198581, 0.19645390070921986, 0.8512529550827423, 0.7070921985815602], "class": 2}