{"image": "b934ee2b-1ab0-11ef-ae01-bd5cfcf36af4.jpg", "bboxes": [0.4198581560283688, 0.27068557919621755, 0.857210401891253, 0.7813238770685579], "class": 2}