{"image": "b934ee2b-1ab0-11ef-ae01-bd5cfcf36af4.jpg", "bboxes": [0.09167848699763592, 0.19645390070921986, 0.5290307328605202, 0.7070921985815602], "class": 2}