{"image": "b934ee2b-1ab0-11ef-ae01-bd5cfcf36af4.jpg", "bboxes": [0.20278959810874708, 0.22312056737588662, 0.6401418439716312, 0.7337588652482271], "class": 2}