{"image": "b934ee2b-1ab0-11ef-ae01-bd5cfcf36af4.jpg", "bboxes": [0.4339007092198581, 0.20312056737588657, 0.8712529550827424, 0.713758865248227], "class": 2}