{"image": "b934ee2b-1ab0-11ef-ae01-bd5cfcf36af4.jpg", "bboxes": [0.12945626477541372, 0.2120094562647754, 0.5668085106382978, 0.7226477541371158], "class": 2}