{"image": "b934ee2b-1ab0-11ef-ae01-bd5cfcf36af4.jpg", "bboxes": [0.4183451536643026, 0.19423167848699763, 0.8556973995271868, 0.704869976359338], "class": 2}