{"image": "b934ee2b-1ab0-11ef-ae01-bd5cfcf36af4.jpg", "bboxes": [0.11985815602836876, 0.28846335697399533, 0.5572104018912529, 0.7991016548463357], "class": 2}