{"image": "b934ee2b-1ab0-11ef-ae01-bd5cfcf36af4.jpg", "bboxes": [0.22652482269503543, 0.2906855791962175, 0.6638770685579196, 0.8013238770685579], "class": 2}