{"image": "b934ee2b-1ab0-11ef-ae01-bd5cfcf36af4.jpg", "bboxes": [0.18278959810874706, 0.23423167848699766, 0.6201418439716313, 0.744869976359338], "class": 2}