{"image": "b934ee2b-1ab0-11ef-ae01-bd5cfcf36af4.jpg", "bboxes": [0.302080378250591, 0.23423167848699766, 0.7394326241134752, 0.744869976359338], "class": 2}