{"image": "b934ee2b-1ab0-11ef-ae01-bd5cfcf36af4.jpg", "bboxes": [0.29763593380614656, 0.25513002364066195, 0.7349881796690307, 0.7657683215130023], "class": 2}