{"image": "b934ee2b-1ab0-11ef-ae01-bd5cfcf36af4.jpg", "bboxes": [0.020567375886524797, 0.2462411347517731, 0.45791962174940903, 0.7568794326241135], "class": 2}