{"image": "b934ee2b-1ab0-11ef-ae01-bd5cfcf36af4.jpg", "bboxes": [0.3939007092198582, 0.27290780141843973, 0.8312529550827423, 0.7835460992907801], "class": 2}