{"image": "b934ee2b-1ab0-11ef-ae01-bd5cfcf36af4.jpg", "bboxes": [0.10056737588652487, 0.3040189125295509, 0.537919621749409, 0.8146572104018912], "class": 2}