{"image": "b934ee2b-1ab0-11ef-ae01-bd5cfcf36af4.jpg", "bboxes": [0.40945626477541375, 0.2995744680851064, 0.8468085106382979, 0.8102127659574467], "class": 2}