{"image": "b934ee2b-1ab0-11ef-ae01-bd5cfcf36af4.jpg", "bboxes": [0.2805673758865248, 0.2053427895981088, 0.717919621749409, 0.7159810874704491], "class": 2}