{"image": "b934ee2b-1ab0-11ef-ae01-bd5cfcf36af4.jpg", "bboxes": [0.2605673758865248, 0.2008983451536643, 0.697919621749409, 0.7115366430260046], "class": 2}