{"image": "b934ee2b-1ab0-11ef-ae01-bd5cfcf36af4.jpg", "bboxes": [0.06278959810874707, 0.24756501182033094, 0.5001418439716312, 0.7582033096926714], "class": 2}