{"image": "b934ee2b-1ab0-11ef-ae01-bd5cfcf36af4.jpg", "bboxes": [0.242789598108747, 0.3040189125295509, 0.6801418439716312, 0.8146572104018912], "class": 2}