{"image": "b934ee2b-1ab0-11ef-ae01-bd5cfcf36af4.jpg", "bboxes": [0.4554137115839243, 0.24534278959810873, 0.8927659574468085, 0.7559810874704491], "class": 2}