{"image": "b934ee2b-1ab0-11ef-ae01-bd5cfcf36af4.jpg", "bboxes": [0.3531914893617021, 0.26401891252955084, 0.7905437352245863, 0.7746572104018913], "class": 2}