{"image": "b934ee2b-1ab0-11ef-ae01-bd5cfcf36af4.jpg", "bboxes": [0.23096926713947988, 0.27957446808510644, 0.6683215130023641, 0.7902127659574468], "class": 2}