{"image": "b934ee2b-1ab0-11ef-ae01-bd5cfcf36af4.jpg", "bboxes": [0.03834515366430258, 0.20312056737588657, 0.4756973995271868, 0.713758865248227], "class": 2}