{"image": "b934ee2b-1ab0-11ef-ae01-bd5cfcf36af4.jpg", "bboxes": [0.16945626477541376, 0.24401891252955085, 0.6068085106382979, 0.7546572104018913], "class": 2}