{"image": "b934ee2b-1ab0-11ef-ae01-bd5cfcf36af4.jpg", "bboxes": [0.5265248226950354, 0.20978723404255317, 0.9638770685579197, 0.7204255319148936], "class": 2}