{"image": "b9856164-1ab0-11ef-9884-bd5cfcf36af4.jpg", "bboxes": [0.08141843971631213, 0.2995744680851064, 0.5140425531914894, 0.8066666666666666], "class": 2}