{"image": "b9856164-1ab0-11ef-9884-bd5cfcf36af4.jpg", "bboxes": [0.20141843971631213, 0.19999999999999996, 0.6340425531914894, 0.7070921985815602], "class": 2}