{"image": "b9856164-1ab0-11ef-9884-bd5cfcf36af4.jpg", "bboxes": [0.26595744680851063, 0.24401891252955085, 0.6985815602836879, 0.7511111111111111], "class": 2}