{"image": "b9856164-1ab0-11ef-9884-bd5cfcf36af4.jpg", "bboxes": [0.034751773049645385, 0.1955555555555556, 0.46737588652482276, 0.7026477541371158], "class": 2}