{"image": "b9856164-1ab0-11ef-9884-bd5cfcf36af4.jpg", "bboxes": [0.3148463356973995, 0.2462411347517731, 0.7474704491725768, 0.7533333333333333], "class": 2}