{"image": "b9856164-1ab0-11ef-9884-bd5cfcf36af4.jpg", "bboxes": [0.15040189125295506, 0.22666666666666668, 0.5830260047281324, 0.733758865248227], "class": 2}