{"image": "b9856164-1ab0-11ef-9884-bd5cfcf36af4.jpg", "bboxes": [0.11697399527186769, 0.19333333333333336, 0.549598108747045, 0.7004255319148935], "class": 2}