{"image": "b9856164-1ab0-11ef-9884-bd5cfcf36af4.jpg", "bboxes": [0.059196217494089876, 0.2533333333333333, 0.49182033096926714, 0.7604255319148936], "class": 2}