{"image": "b9856164-1ab0-11ef-9884-bd5cfcf36af4.jpg", "bboxes": [0.4859574468085106, 0.2373522458628842, 0.9185815602836879, 0.7444444444444445], "class": 2}