{"image": "b9856164-1ab0-11ef-9884-bd5cfcf36af4.jpg", "bboxes": [0.14586288416075655, 0.2466666666666667, 0.5784869976359338, 0.7537588652482269], "class": 2}