{"image": "b9856164-1ab0-11ef-9884-bd5cfcf36af4.jpg", "bboxes": [0.4525295508274232, 0.2395744680851064, 0.8851536643026005, 0.7466666666666667], "class": 2}