{"image": "b9856164-1ab0-11ef-9884-bd5cfcf36af4.jpg", "bboxes": [0.38586288416075654, 0.19333333333333336, 0.8184869976359338, 0.7004255319148935], "class": 2}