{"image": "b9856164-1ab0-11ef-9884-bd5cfcf36af4.jpg", "bboxes": [0.2126241134751773, 0.27957446808510644, 0.6452482269503546, 0.7866666666666666], "class": 2}