{"image": "b9856164-1ab0-11ef-9884-bd5cfcf36af4.jpg", "bboxes": [0.2837352245862884, 0.2155555555555555, 0.7163593380614657, 0.7226477541371158], "class": 2}