{"image": "b9856164-1ab0-11ef-9884-bd5cfcf36af4.jpg", "bboxes": [0.4147517730496454, 0.21111111111111114, 0.8473758865248227, 0.7182033096926714], "class": 2}