{"image": "b9856164-1ab0-11ef-9884-bd5cfcf36af4.jpg", "bboxes": [0.43706855791962174, 0.25068557919621753, 0.869692671394799, 0.7577777777777778], "class": 2}