{"image": "b9856164-1ab0-11ef-9884-bd5cfcf36af4.jpg", "bboxes": [0.35040189125295507, 0.2684633569739953, 0.7830260047281323, 0.7755555555555556], "class": 2}