{"image": "b9856164-1ab0-11ef-9884-bd5cfcf36af4.jpg", "bboxes": [0.3548463356973995, 0.25290780141843977, 0.7874704491725768, 0.76], "class": 2}