{"image": "b9856164-1ab0-11ef-9884-bd5cfcf36af4.jpg", "bboxes": [0.22151300236406618, 0.24401891252955085, 0.6541371158392435, 0.7511111111111111], "class": 2}