{"image": "b9856164-1ab0-11ef-9884-bd5cfcf36af4.jpg", "bboxes": [0.25252955082742323, 0.2995744680851064, 0.6851536643026005, 0.8066666666666666], "class": 2}