{"image": "b9856164-1ab0-11ef-9884-bd5cfcf36af4.jpg", "bboxes": [0.31262411347517727, 0.24888888888888897, 0.7452482269503545, 0.7559810874704491], "class": 2}