{"image": "b9856164-1ab0-11ef-9884-bd5cfcf36af4.jpg", "bboxes": [0.3836406619385343, 0.2222222222222222, 0.8162647754137116, 0.7293144208037825], "class": 2}