{"image": "b9856164-1ab0-11ef-9884-bd5cfcf36af4.jpg", "bboxes": [0.3569739952718677, 0.24888888888888894, 0.789598108747045, 0.7559810874704491], "class": 2}