{"image": "b9856164-1ab0-11ef-9884-bd5cfcf36af4.jpg", "bboxes": [0.09030732860520096, 0.2773522458628842, 0.5229314420803783, 0.7844444444444445], "class": 2}