{"image": "b9856164-1ab0-11ef-9884-bd5cfcf36af4.jpg", "bboxes": [0.39919621749408984, 0.20666666666666667, 0.8318203309692671, 0.713758865248227], "class": 2}