{"image": "b9856164-1ab0-11ef-9884-bd5cfcf36af4.jpg", "bboxes": [0.3080851063829788, 0.2466666666666667, 0.7407092198581561, 0.7537588652482269], "class": 2}