{"image": "b9856164-1ab0-11ef-9884-bd5cfcf36af4.jpg", "bboxes": [0.5148463356973995, 0.3040189125295509, 0.9474704491725768, 0.8111111111111111], "class": 2}