{"image": "b9856164-1ab0-11ef-9884-bd5cfcf36af4.jpg", "bboxes": [0.3080851063829788, 0.2395744680851064, 0.7407092198581561, 0.7466666666666667], "class": 2}