{"image": "b9856164-1ab0-11ef-9884-bd5cfcf36af4.jpg", "bboxes": [0.2191962174940899, 0.21333333333333337, 0.6518203309692672, 0.7204255319148936], "class": 2}