{"image": "b9856164-1ab0-11ef-9884-bd5cfcf36af4.jpg", "bboxes": [0.45030732860520095, 0.2533333333333333, 0.8829314420803782, 0.7604255319148936], "class": 2}