{"image": "b9856164-1ab0-11ef-9884-bd5cfcf36af4.jpg", "bboxes": [0.06364066193853435, 0.25513002364066195, 0.4962647754137116, 0.7622222222222222], "class": 2}