{"image": "b9856164-1ab0-11ef-9884-bd5cfcf36af4.jpg", "bboxes": [0.4080851063829788, 0.2973522458628842, 0.840709219858156, 0.8044444444444444], "class": 2}