{"image": "b9856164-1ab0-11ef-9884-bd5cfcf36af4.jpg", "bboxes": [0.2948463356973995, 0.27068557919621755, 0.7274704491725767, 0.7777777777777778], "class": 2}