{"image": "b9856164-1ab0-11ef-9884-bd5cfcf36af4.jpg", "bboxes": [0.2970685579196217, 0.2484633569739953, 0.729692671394799, 0.7555555555555555], "class": 2}