{"image": "b9856164-1ab0-11ef-9884-bd5cfcf36af4.jpg", "bboxes": [0.4525295508274232, 0.29290780141843975, 0.8851536643026005, 0.8], "class": 2}