{"image": "b9856164-1ab0-11ef-9884-bd5cfcf36af4.jpg", "bboxes": [0.31030732860520094, 0.25513002364066195, 0.7429314420803783, 0.7622222222222222], "class": 2}