{"image": "b9856164-1ab0-11ef-9884-bd5cfcf36af4.jpg", "bboxes": [0.2569739952718677, 0.2484633569739953, 0.6895981087470449, 0.7555555555555555], "class": 2}