{"image": "b9856164-1ab0-11ef-9884-bd5cfcf36af4.jpg", "bboxes": [0.18373522458628838, 0.19777777777777783, 0.6163593380614657, 0.704869976359338], "class": 2}