{"image": "b9856164-1ab0-11ef-9884-bd5cfcf36af4.jpg", "bboxes": [0.29697399527186763, 0.20666666666666667, 0.7295981087470449, 0.713758865248227], "class": 2}