{"image": "b9856164-1ab0-11ef-9884-bd5cfcf36af4.jpg", "bboxes": [0.44151300236406615, 0.26179669030732866, 0.8741371158392435, 0.7688888888888888], "class": 2}