{"image": "b9856164-1ab0-11ef-9884-bd5cfcf36af4.jpg", "bboxes": [0.20817966903073284, 0.25555555555555554, 0.6408037825059101, 0.7626477541371158], "class": 2}