{"image": "b9856164-1ab0-11ef-9884-bd5cfcf36af4.jpg", "bboxes": [0.5304018912529551, 0.23777777777777775, 0.9630260047281324, 0.744869976359338], "class": 2}