{"image": "b9856164-1ab0-11ef-9884-bd5cfcf36af4.jpg", "bboxes": [0.2637352245862884, 0.29290780141843975, 0.6963593380614657, 0.8], "class": 2}