{"image": "b9856164-1ab0-11ef-9884-bd5cfcf36af4.jpg", "bboxes": [0.5015130023640662, 0.2395744680851064, 0.9341371158392434, 0.7466666666666667], "class": 2}