{"image": "b9856164-1ab0-11ef-9884-bd5cfcf36af4.jpg", "bboxes": [0.33475177304964543, 0.21777777777777774, 0.7673758865248227, 0.724869976359338], "class": 2}