{"image": "b9856164-1ab0-11ef-9884-bd5cfcf36af4.jpg", "bboxes": [0.2436406619385343, 0.19111111111111112, 0.6762647754137117, 0.6982033096926713], "class": 2}