{"image": "b9856164-1ab0-11ef-9884-bd5cfcf36af4.jpg", "bboxes": [0.35475177304964545, 0.24888888888888894, 0.7873758865248227, 0.7559810874704491], "class": 2}