{"image": "b9856164-1ab0-11ef-9884-bd5cfcf36af4.jpg", "bboxes": [0.13475177304964547, 0.2906855791962175, 0.5673758865248227, 0.7977777777777778], "class": 2}