{"image": "b9856164-1ab0-11ef-9884-bd5cfcf36af4.jpg", "bboxes": [0.03919621749408986, 0.24222222222222223, 0.4718203309692671, 0.7493144208037825], "class": 2}