{"image": "b9856164-1ab0-11ef-9884-bd5cfcf36af4.jpg", "bboxes": [0.38817966903073287, 0.23777777777777775, 0.8208037825059101, 0.744869976359338], "class": 2}