{"image": "b9856164-1ab0-11ef-9884-bd5cfcf36af4.jpg", "bboxes": [0.33697399527186767, 0.3040189125295509, 0.7695981087470449, 0.8111111111111111], "class": 2}