{"image": "b9856164-1ab0-11ef-9884-bd5cfcf36af4.jpg", "bboxes": [0.2747517730496455, 0.24444444444444446, 0.7073758865248228, 0.7515366430260046], "class": 2}