{"image": "b9856164-1ab0-11ef-9884-bd5cfcf36af4.jpg", "bboxes": [0.5148463356973995, 0.20444444444444446, 0.9474704491725768, 0.7115366430260046], "class": 2}