{"image": "b9856164-1ab0-11ef-9884-bd5cfcf36af4.jpg", "bboxes": [0.5215130023640662, 0.2088888888888889, 0.9541371158392434, 0.7159810874704491], "class": 2}