{"image": "b9856164-1ab0-11ef-9884-bd5cfcf36af4.jpg", "bboxes": [0.35929078014184396, 0.23333333333333328, 0.7919148936170213, 0.7404255319148936], "class": 2}