{"image": "b9856164-1ab0-11ef-9884-bd5cfcf36af4.jpg", "bboxes": [0.13262411347517727, 0.21777777777777774, 0.5652482269503546, 0.724869976359338], "class": 2}