{"image": "b9856164-1ab0-11ef-9884-bd5cfcf36af4.jpg", "bboxes": [0.06141843971631211, 0.23333333333333328, 0.4940425531914894, 0.7404255319148936], "class": 2}