{"image": "b9856164-1ab0-11ef-9884-bd5cfcf36af4.jpg", "bboxes": [0.3437352245862884, 0.2595744680851064, 0.7763593380614657, 0.7666666666666667], "class": 2}