{"image": "b9856164-1ab0-11ef-9884-bd5cfcf36af4.jpg", "bboxes": [0.28817966903073283, 0.2573522458628842, 0.7208037825059102, 0.7644444444444445], "class": 2}