{"image": "b9856164-1ab0-11ef-9884-bd5cfcf36af4.jpg", "bboxes": [0.3748463356973995, 0.27068557919621755, 0.8074704491725768, 0.7777777777777778], "class": 2}