{"image": "b9856164-1ab0-11ef-9884-bd5cfcf36af4.jpg", "bboxes": [0.33929078014184394, 0.21111111111111114, 0.7719148936170213, 0.7182033096926714], "class": 2}