{"image": "b9d602df-1ab0-11ef-bfc5-bd5cfcf36af4.jpg", "bboxes": [0.2407565011820331, 0.28959810874704495, 0.6379196217494089, 0.7387706855791961], "class": 2}