{"image": "b9d602df-1ab0-11ef-bfc5-bd5cfcf36af4.jpg", "bboxes": [0.1340898345153664, 0.31182033096926715, 0.5312529550827422, 0.7609929078014184], "class": 2}