{"image": "b9d602df-1ab0-11ef-bfc5-bd5cfcf36af4.jpg", "bboxes": [0.13985815602836893, 0.2767848699763594, 0.5370212765957447, 0.7259574468085106], "class": 2}