{"image": "b9d602df-1ab0-11ef-bfc5-bd5cfcf36af4.jpg", "bboxes": [0.2576359338061467, 0.2629314420803783, 0.6547990543735225, 0.7121040189125295], "class": 2}