{"image": "b9d602df-1ab0-11ef-bfc5-bd5cfcf36af4.jpg", "bboxes": [0.3118676122931442, 0.2873758865248227, 0.70903073286052, 0.736548463356974], "class": 2}