{"image": "b9d602df-1ab0-11ef-bfc5-bd5cfcf36af4.jpg", "bboxes": [0.289645390070922, 0.27234042553191495, 0.6868085106382977, 0.7215130023640661], "class": 2}