{"image": "b9d602df-1ab0-11ef-bfc5-bd5cfcf36af4.jpg", "bboxes": [0.30520094562647754, 0.2367848699763594, 0.7023640661938533, 0.6859574468085106], "class": 2}