{"image": "b9d602df-1ab0-11ef-bfc5-bd5cfcf36af4.jpg", "bboxes": [0.15096926713948, 0.29848699763593384, 0.5481323877068558, 0.7476595744680851], "class": 2}