{"image": "b9d602df-1ab0-11ef-bfc5-bd5cfcf36af4.jpg", "bboxes": [0.189645390070922, 0.23234042553191492, 0.5868085106382978, 0.6815130023640661], "class": 2}