{"image": "b9d602df-1ab0-11ef-bfc5-bd5cfcf36af4.jpg", "bboxes": [0.20652482269503558, 0.30293144208037825, 0.6036879432624114, 0.7521040189125295], "class": 2}