{"image": "b9d602df-1ab0-11ef-bfc5-bd5cfcf36af4.jpg", "bboxes": [0.2607565011820331, 0.29234042553191497, 0.6579196217494089, 0.7415130023640661], "class": 2}