{"image": "b9d602df-1ab0-11ef-bfc5-bd5cfcf36af4.jpg", "bboxes": [0.41096926713948, 0.25234042553191494, 0.8081323877068558, 0.701513002364066], "class": 2}