{"image": "b9d602df-1ab0-11ef-bfc5-bd5cfcf36af4.jpg", "bboxes": [0.349645390070922, 0.26070921985815604, 0.7468085106382978, 0.7098817966903073], "class": 2}