{"image": "b9d602df-1ab0-11ef-bfc5-bd5cfcf36af4.jpg", "bboxes": [0.46297872340425533, 0.2673758865248227, 0.8601418439716311, 0.716548463356974], "class": 2}