{"image": "b9d602df-1ab0-11ef-bfc5-bd5cfcf36af4.jpg", "bboxes": [0.4176359338061467, 0.2651536643026005, 0.8147990543735224, 0.7143262411347517], "class": 2}