{"image": "b9d602df-1ab0-11ef-bfc5-bd5cfcf36af4.jpg", "bboxes": [0.46297872340425533, 0.3162647754137116, 0.8601418439716311, 0.7654373522458628], "class": 2}