{"image": "b9d602df-1ab0-11ef-bfc5-bd5cfcf36af4.jpg", "bboxes": [0.43096926713948003, 0.27234042553191495, 0.8281323877068558, 0.7215130023640661], "class": 2}