{"image": "b9d602df-1ab0-11ef-bfc5-bd5cfcf36af4.jpg", "bboxes": [0.26208037825059116, 0.2878959810874705, 0.659243498817967, 0.7370685579196218], "class": 2}