{"image": "b9d602df-1ab0-11ef-bfc5-bd5cfcf36af4.jpg", "bboxes": [0.1429787234042553, 0.25234042553191494, 0.5401418439716311, 0.7015130023640661], "class": 2}