{"image": "b9d602df-1ab0-11ef-bfc5-bd5cfcf36af4.jpg", "bboxes": [0.2331914893617022, 0.2651536643026005, 0.630354609929078, 0.7143262411347517], "class": 2}