{"image": "b9d602df-1ab0-11ef-bfc5-bd5cfcf36af4.jpg", "bboxes": [0.18430260047281333, 0.23900709219858163, 0.5814657210401891, 0.6881796690307329], "class": 2}