{"image": "b9d602df-1ab0-11ef-bfc5-bd5cfcf36af4.jpg", "bboxes": [0.22208037825059113, 0.28567375886524826, 0.6192434988179669, 0.7348463356973995], "class": 2}