{"image": "b9d602df-1ab0-11ef-bfc5-bd5cfcf36af4.jpg", "bboxes": [0.45763593380614664, 0.23456264775413715, 0.8547990543735224, 0.6837352245862884], "class": 2}