{"image": "b9d602df-1ab0-11ef-bfc5-bd5cfcf36af4.jpg", "bboxes": [0.2598581560283689, 0.2584869976359338, 0.6570212765957447, 0.707659574468085], "class": 2}