{"image": "b9d602df-1ab0-11ef-bfc5-bd5cfcf36af4.jpg", "bboxes": [0.3074231678486998, 0.2545626477541372, 0.7045862884160755, 0.7037352245862883], "class": 2}