{"image": "b9d602df-1ab0-11ef-bfc5-bd5cfcf36af4.jpg", "bboxes": [0.26874704491725776, 0.2701182033096927, 0.6659101654846336, 0.719290780141844], "class": 2}