{"image": "b9d602df-1ab0-11ef-bfc5-bd5cfcf36af4.jpg", "bboxes": [0.11985815602836891, 0.263451536643026, 0.5170212765957447, 0.7126241134751773], "class": 2}