{"image": "b9d602df-1ab0-11ef-bfc5-bd5cfcf36af4.jpg", "bboxes": [0.3585342789598109, 0.2701182033096927, 0.7556973995271866, 0.719290780141844], "class": 2}