{"image": "b9d602df-1ab0-11ef-bfc5-bd5cfcf36af4.jpg", "bboxes": [0.38520094562647755, 0.2584869976359338, 0.7823640661938533, 0.707659574468085], "class": 2}