{"image": "b9d602df-1ab0-11ef-bfc5-bd5cfcf36af4.jpg", "bboxes": [0.06652482269503557, 0.2918203309692672, 0.46368794326241136, 0.7409929078014184], "class": 2}