{"image": "b9d602df-1ab0-11ef-bfc5-bd5cfcf36af4.jpg", "bboxes": [0.39853427895981086, 0.24122931442080386, 0.7956973995271867, 0.690401891252955], "class": 2}