{"image": "b9d602df-1ab0-11ef-bfc5-bd5cfcf36af4.jpg", "bboxes": [0.15631205673758863, 0.2651536643026005, 0.5534751773049644, 0.7143262411347517], "class": 2}