{"image": "b9d602df-1ab0-11ef-bfc5-bd5cfcf36af4.jpg", "bboxes": [0.47763593380614666, 0.29404255319148936, 0.8747990543735225, 0.7432151300236406], "class": 2}