{"image": "b9d602df-1ab0-11ef-bfc5-bd5cfcf36af4.jpg", "bboxes": [0.3154137115839244, 0.2701182033096927, 0.7125768321513003, 0.719290780141844], "class": 2}