{"image": "b9d602df-1ab0-11ef-bfc5-bd5cfcf36af4.jpg", "bboxes": [0.25631205673758867, 0.2740425531914894, 0.6534751773049644, 0.7232151300236406], "class": 2}