{"image": "b9d602df-1ab0-11ef-bfc5-bd5cfcf36af4.jpg", "bboxes": [0.2918676122931442, 0.25900709219858165, 0.68903073286052, 0.7081796690307328], "class": 2}