{"image": "b9d602df-1ab0-11ef-bfc5-bd5cfcf36af4.jpg", "bboxes": [0.25853427895981085, 0.2878959810874705, 0.6556973995271866, 0.7370685579196217], "class": 2}