{"image": "b9d602df-1ab0-11ef-bfc5-bd5cfcf36af4.jpg", "bboxes": [0.4518676122931442, 0.2562647754137116, 0.84903073286052, 0.7054373522458628], "class": 2}