{"image": "b9d602df-1ab0-11ef-bfc5-bd5cfcf36af4.jpg", "bboxes": [0.08208037825059111, 0.2873758865248227, 0.4792434988179669, 0.736548463356974], "class": 2}