{"image": "b9d602df-1ab0-11ef-bfc5-bd5cfcf36af4.jpg", "bboxes": [0.09319148936170218, 0.2562647754137116, 0.490354609929078, 0.7054373522458628], "class": 2}