{"image": "b9d602df-1ab0-11ef-bfc5-bd5cfcf36af4.jpg", "bboxes": [0.31985815602836887, 0.29848699763593384, 0.7170212765957447, 0.7476595744680851], "class": 2}