{"image": "b9d602df-1ab0-11ef-bfc5-bd5cfcf36af4.jpg", "bboxes": [0.24874704491725774, 0.2829314420803783, 0.6459101654846335, 0.7321040189125295], "class": 2}