{"image": "b9d602df-1ab0-11ef-bfc5-bd5cfcf36af4.jpg", "bboxes": [0.3020803782505911, 0.25900709219858165, 0.699243498817967, 0.7081796690307328], "class": 2}