{"image": "b9d602df-1ab0-11ef-bfc5-bd5cfcf36af4.jpg", "bboxes": [0.34430260047281336, 0.263451536643026, 0.7414657210401892, 0.7126241134751773], "class": 2}