{"image": "b9d602df-1ab0-11ef-bfc5-bd5cfcf36af4.jpg", "bboxes": [0.1754137115839245, 0.3229314420803783, 0.5725768321513003, 0.7721040189125296], "class": 2}