{"image": "b9d602df-1ab0-11ef-bfc5-bd5cfcf36af4.jpg", "bboxes": [0.3354137115839244, 0.3162647754137116, 0.7325768321513002, 0.7654373522458628], "class": 2}