{"image": "b9d602df-1ab0-11ef-bfc5-bd5cfcf36af4.jpg", "bboxes": [0.21408983451536642, 0.2584869976359338, 0.6112529550827422, 0.707659574468085], "class": 2}