{"image": "b9d602df-1ab0-11ef-bfc5-bd5cfcf36af4.jpg", "bboxes": [0.39853427895981086, 0.26070921985815604, 0.7956973995271867, 0.7098817966903073], "class": 2}