{"image": "b9d602df-1ab0-11ef-bfc5-bd5cfcf36af4.jpg", "bboxes": [0.2918676122931442, 0.24789598108747046, 0.68903073286052, 0.6970685579196217], "class": 2}