{"image": "b9d602df-1ab0-11ef-bfc5-bd5cfcf36af4.jpg", "bboxes": [0.29096926713948, 0.23011820330969268, 0.6881323877068558, 0.679290780141844], "class": 2}