{"image": "b9d602df-1ab0-11ef-bfc5-bd5cfcf36af4.jpg", "bboxes": [0.17319148936170226, 0.23011820330969268, 0.570354609929078, 0.679290780141844], "class": 2}