{"image": "b9d602df-1ab0-11ef-bfc5-bd5cfcf36af4.jpg", "bboxes": [0.4598581560283689, 0.27900709219858155, 0.8570212765957447, 0.7281796690307328], "class": 2}