{"image": "b9d602df-1ab0-11ef-bfc5-bd5cfcf36af4.jpg", "bboxes": [0.44430260047281334, 0.2434515366430261, 0.8414657210401891, 0.6926241134751773], "class": 2}