{"image": "b9d602df-1ab0-11ef-bfc5-bd5cfcf36af4.jpg", "bboxes": [0.4407565011820331, 0.263451536643026, 0.8379196217494089, 0.7126241134751773], "class": 2}