{"image": "b9d602df-1ab0-11ef-bfc5-bd5cfcf36af4.jpg", "bboxes": [0.23853427895981086, 0.28959810874704495, 0.6356973995271866, 0.7387706855791961], "class": 2}