{"image": "b9d602df-1ab0-11ef-bfc5-bd5cfcf36af4.jpg", "bboxes": [0.46652482269503565, 0.2567848699763594, 0.8636879432624114, 0.7059574468085106], "class": 2}