{"image": "b9d602df-1ab0-11ef-bfc5-bd5cfcf36af4.jpg", "bboxes": [0.08874704491725782, 0.30293144208037825, 0.4859101654846336, 0.7521040189125295], "class": 2}