{"image": "b9d602df-1ab0-11ef-bfc5-bd5cfcf36af4.jpg", "bboxes": [0.4563120567375886, 0.2501182033096927, 0.8534751773049645, 0.699290780141844], "class": 2}