{"image": "b9d602df-1ab0-11ef-bfc5-bd5cfcf36af4.jpg", "bboxes": [0.1754137115839245, 0.23234042553191492, 0.5725768321513003, 0.6815130023640661], "class": 2}