{"image": "b9d602df-1ab0-11ef-bfc5-bd5cfcf36af4.jpg", "bboxes": [0.2198581560283689, 0.2851536643026005, 0.6170212765957447, 0.7343262411347518], "class": 2}