{"image": "b9d602df-1ab0-11ef-bfc5-bd5cfcf36af4.jpg", "bboxes": [0.3331914893617022, 0.25234042553191494, 0.7303546099290781, 0.701513002364066], "class": 2}