{"image": "ba2cfaca-1ab0-11ef-953c-bd5cfcf36af4.jpg", "bboxes": [0.22770685579196223, 0.21021276595744676, 0.6922458628841608, 0.6818439716312057], "class": 2}