{"image": "ba2cfaca-1ab0-11ef-953c-bd5cfcf36af4.jpg", "bboxes": [0.2877541371158393, 0.27371158392434997, 0.7522931442080378, 0.7453427895981087], "class": 2}