{"image": "ba2cfaca-1ab0-11ef-953c-bd5cfcf36af4.jpg", "bboxes": [0.3499763593380615, 0.2257683215130023, 0.81451536643026, 0.6973995271867612], "class": 2}