{"image": "ba2cfaca-1ab0-11ef-953c-bd5cfcf36af4.jpg", "bboxes": [0.21442080378250591, 0.3292671394799055, 0.6789598108747044, 0.8008983451536643], "class": 2}