{"image": "ba2cfaca-1ab0-11ef-953c-bd5cfcf36af4.jpg", "bboxes": [0.1565957446808511, 0.23465721040189125, 0.6211347517730497, 0.7062884160756501], "class": 2}