{"image": "ba2cfaca-1ab0-11ef-953c-bd5cfcf36af4.jpg", "bboxes": [0.05664302600472815, 0.19243498817966898, 0.5211820330969267, 0.6640661938534278], "class": 2}