{"image": "ba2cfaca-1ab0-11ef-953c-bd5cfcf36af4.jpg", "bboxes": [0.12553191489361704, 0.2257683215130023, 0.5900709219858156, 0.6973995271867612], "class": 2}