{"image": "ba2cfaca-1ab0-11ef-953c-bd5cfcf36af4.jpg", "bboxes": [0.13659574468085112, 0.24799054373522456, 0.6011347517730496, 0.7196217494089834], "class": 2}