{"image": "ba2cfaca-1ab0-11ef-953c-bd5cfcf36af4.jpg", "bboxes": [0.1744208037825059, 0.28482269503546104, 0.6389598108747044, 0.7564539007092199], "class": 2}