{"image": "ba2cfaca-1ab0-11ef-953c-bd5cfcf36af4.jpg", "bboxes": [0.225531914893617, 0.2781560283687944, 0.6900709219858155, 0.7497872340425532], "class": 2}