{"image": "ba2cfaca-1ab0-11ef-953c-bd5cfcf36af4.jpg", "bboxes": [0.3299290780141844, 0.22132387706855794, 0.794468085106383, 0.6929550827423168], "class": 2}