{"image": "ba2cfaca-1ab0-11ef-953c-bd5cfcf36af4.jpg", "bboxes": [0.13659574468085112, 0.22354609929078018, 0.6011347517730496, 0.6951773049645389], "class": 2}