{"image": "ba2cfaca-1ab0-11ef-953c-bd5cfcf36af4.jpg", "bboxes": [0.1233096926713948, 0.29593380614657216, 0.5878486997635933, 0.767565011820331], "class": 2}