{"image": "ba2cfaca-1ab0-11ef-953c-bd5cfcf36af4.jpg", "bboxes": [0.3143735224586289, 0.25243498817966903, 0.7789125295508275, 0.7240661938534279], "class": 2}