{"image": "ba2cfaca-1ab0-11ef-953c-bd5cfcf36af4.jpg", "bboxes": [0.37881796690307334, 0.3114893617021277, 0.8433569739952719, 0.7831205673758865], "class": 2}