{"image": "ba2cfaca-1ab0-11ef-953c-bd5cfcf36af4.jpg", "bboxes": [0.11881796690307334, 0.2502127659574468, 0.5833569739952719, 0.7218439716312057], "class": 2}