{"image": "ba2cfaca-1ab0-11ef-953c-bd5cfcf36af4.jpg", "bboxes": [0.3943735224586289, 0.2079905437352245, 0.8589125295508274, 0.6796217494089833], "class": 2}