{"image": "ba2cfaca-1ab0-11ef-953c-bd5cfcf36af4.jpg", "bboxes": [0.27215130023640666, 0.24799054373522456, 0.7366903073286052, 0.7196217494089834], "class": 2}