{"image": "ba2cfaca-1ab0-11ef-953c-bd5cfcf36af4.jpg", "bboxes": [0.4788179669030733, 0.22354609929078018, 0.9433569739952719, 0.6951773049645389], "class": 2}