{"image": "ba2cfaca-1ab0-11ef-953c-bd5cfcf36af4.jpg", "bboxes": [0.10997635933806149, 0.2692671394799055, 0.57451536643026, 0.7408983451536644], "class": 2}