{"image": "ba2cfaca-1ab0-11ef-953c-bd5cfcf36af4.jpg", "bboxes": [0.14997635933806153, 0.2079905437352245, 0.61451536643026, 0.6796217494089833], "class": 2}