{"image": "ba2cfaca-1ab0-11ef-953c-bd5cfcf36af4.jpg", "bboxes": [0.2610874704491726, 0.2591016548463356, 0.7256264775413711, 0.7307328605200945], "class": 2}