{"image": "ba2cfaca-1ab0-11ef-953c-bd5cfcf36af4.jpg", "bboxes": [0.08330969267139476, 0.30482269503546106, 0.5478486997635934, 0.7764539007092198], "class": 2}