{"image": "ba2cfaca-1ab0-11ef-953c-bd5cfcf36af4.jpg", "bboxes": [0.4277541371158392, 0.23687943262411348, 0.8922931442080377, 0.7085106382978723], "class": 2}