{"image": "ba2cfaca-1ab0-11ef-953c-bd5cfcf36af4.jpg", "bboxes": [0.06775413711583922, 0.32260047281323884, 0.5322931442080377, 0.7942316784869976], "class": 2}