{"image": "ba2cfaca-1ab0-11ef-953c-bd5cfcf36af4.jpg", "bboxes": [0.4788179669030733, 0.2591016548463356, 0.9433569739952719, 0.7307328605200945], "class": 2}