{"image": "ba2cfaca-1ab0-11ef-953c-bd5cfcf36af4.jpg", "bboxes": [0.3966430260047281, 0.24799054373522456, 0.8611820330969266, 0.7196217494089834], "class": 2}