{"image": "ba2cfaca-1ab0-11ef-953c-bd5cfcf36af4.jpg", "bboxes": [0.36108747044917255, 0.31371158392434995, 0.8256264775413711, 0.7853427895981088], "class": 2}