{"image": "ba2cfaca-1ab0-11ef-953c-bd5cfcf36af4.jpg", "bboxes": [0.46770685579196225, 0.22132387706855794, 0.9322458628841608, 0.6929550827423168], "class": 2}