{"image": "ba2cfaca-1ab0-11ef-953c-bd5cfcf36af4.jpg", "bboxes": [0.11215130023640667, 0.29371158392434993, 0.5766903073286052, 0.7653427895981088], "class": 2}