{"image": "ba2cfaca-1ab0-11ef-953c-bd5cfcf36af4.jpg", "bboxes": [0.3721513002364067, 0.3026004728132388, 0.8366903073286052, 0.7742316784869977], "class": 2}