{"image": "ba2cfaca-1ab0-11ef-953c-bd5cfcf36af4.jpg", "bboxes": [0.2832624113475178, 0.3314893617021277, 0.7478014184397163, 0.8031205673758866], "class": 2}