{"image": "ba2cfaca-1ab0-11ef-953c-bd5cfcf36af4.jpg", "bboxes": [0.3566430260047282, 0.30482269503546106, 0.8211820330969266, 0.7764539007092198], "class": 2}