{"image": "ba2cfaca-1ab0-11ef-953c-bd5cfcf36af4.jpg", "bboxes": [0.07215130023640667, 0.21465721040189123, 0.5366903073286052, 0.6862884160756499], "class": 2}