{"image": "ba2cfaca-1ab0-11ef-953c-bd5cfcf36af4.jpg", "bboxes": [0.3121985815602837, 0.2981560283687944, 0.7767375886524822, 0.7697872340425532], "class": 2}