{"image": "ba2cfaca-1ab0-11ef-953c-bd5cfcf36af4.jpg", "bboxes": [0.10548463356974, 0.2914893617021277, 0.5700236406619386, 0.7631205673758865], "class": 2}