{"image": "ba2cfaca-1ab0-11ef-953c-bd5cfcf36af4.jpg", "bboxes": [0.4277541371158392, 0.28482269503546104, 0.8922931442080377, 0.7564539007092199], "class": 2}