{"image": "ba2cfaca-1ab0-11ef-953c-bd5cfcf36af4.jpg", "bboxes": [0.2121985815602837, 0.2870449172576833, 0.6767375886524822, 0.7586761229314422], "class": 2}