{"image": "ba2cfaca-1ab0-11ef-953c-bd5cfcf36af4.jpg", "bboxes": [0.34775413711583925, 0.3003782505910166, 0.8122931442080378, 0.7720094562647755], "class": 2}