{"image": "ba2cfaca-1ab0-11ef-953c-bd5cfcf36af4.jpg", "bboxes": [0.205531914893617, 0.21687943262411347, 0.6700709219858156, 0.6885106382978723], "class": 2}