{"image": "ba2cfaca-1ab0-11ef-953c-bd5cfcf36af4.jpg", "bboxes": [0.325531914893617, 0.25243498817966903, 0.7900709219858155, 0.7240661938534279], "class": 2}