{"image": "ba2cfaca-1ab0-11ef-953c-bd5cfcf36af4.jpg", "bboxes": [0.17219858156028367, 0.19910165484633569, 0.6367375886524822, 0.6707328605200946], "class": 2}