{"image": "ba2cfaca-1ab0-11ef-953c-bd5cfcf36af4.jpg", "bboxes": [0.45215130023640665, 0.33371158392434996, 0.9166903073286052, 0.8053427895981088], "class": 2}