{"image": "ba2cfaca-1ab0-11ef-953c-bd5cfcf36af4.jpg", "bboxes": [0.41664302600472813, 0.3248226950354611, 0.8811820330969267, 0.7964539007092198], "class": 2}