{"image": "ba2cfaca-1ab0-11ef-953c-bd5cfcf36af4.jpg", "bboxes": [0.2699763593380615, 0.2826004728132388, 0.73451536643026, 0.7542316784869977], "class": 2}