{"image": "ba2cfaca-1ab0-11ef-953c-bd5cfcf36af4.jpg", "bboxes": [0.23442080378250596, 0.23910165484633572, 0.6989598108747044, 0.7107328605200944], "class": 2}