{"image": "ba2cfaca-1ab0-11ef-953c-bd5cfcf36af4.jpg", "bboxes": [0.2921513002364067, 0.21687943262411347, 0.7566903073286052, 0.6885106382978723], "class": 2}