{"image": "ba2cfaca-1ab0-11ef-953c-bd5cfcf36af4.jpg", "bboxes": [0.08104018912529555, 0.3248226950354611, 0.5455791962174941, 0.7964539007092198], "class": 2}