{"image": "ba2cfaca-1ab0-11ef-953c-bd5cfcf36af4.jpg", "bboxes": [0.18770685579196222, 0.3003782505910166, 0.6522458628841608, 0.7720094562647755], "class": 2}