{"image": "ba2cfaca-1ab0-11ef-953c-bd5cfcf36af4.jpg", "bboxes": [0.06330969267139486, 0.21687943262411347, 0.5278486997635934, 0.6885106382978723], "class": 2}