{"image": "ba2cfaca-1ab0-11ef-953c-bd5cfcf36af4.jpg", "bboxes": [0.19659574468085111, 0.21465721040189123, 0.6611347517730496, 0.68628841607565], "class": 2}