{"image": "ba2cfaca-1ab0-11ef-953c-bd5cfcf36af4.jpg", "bboxes": [0.2766430260047281, 0.2692671394799055, 0.7411820330969267, 0.7408983451536644], "class": 2}