{"image": "ba2cfaca-1ab0-11ef-953c-bd5cfcf36af4.jpg", "bboxes": [0.31881796690307335, 0.21687943262411347, 0.7833569739952718, 0.6885106382978723], "class": 2}