{"image": "ba2cfaca-1ab0-11ef-953c-bd5cfcf36af4.jpg", "bboxes": [0.09664302600472818, 0.21687943262411347, 0.5611820330969266, 0.6885106382978723], "class": 2}