{"image": "ba2cfaca-1ab0-11ef-953c-bd5cfcf36af4.jpg", "bboxes": [0.28992907801418444, 0.33593380614657214, 0.754468085106383, 0.807565011820331], "class": 2}