{"image": "ba2cfaca-1ab0-11ef-953c-bd5cfcf36af4.jpg", "bboxes": [0.31664302600472816, 0.32704491725768325, 0.7811820330969267, 0.7986761229314421], "class": 2}