{"image": "ba2cfaca-1ab0-11ef-953c-bd5cfcf36af4.jpg", "bboxes": [0.30330969267139485, 0.23910165484633572, 0.7678486997635934, 0.7107328605200944], "class": 2}