{"image": "ba2cfaca-1ab0-11ef-953c-bd5cfcf36af4.jpg", "bboxes": [0.26326241134751777, 0.3203782505910166, 0.7278014184397162, 0.7920094562647755], "class": 2}