{"image": "ba2cfaca-1ab0-11ef-953c-bd5cfcf36af4.jpg", "bboxes": [0.2543735224586289, 0.21021276595744676, 0.7189125295508274, 0.6818439716312057], "class": 2}