{"image": "ba2cfaca-1ab0-11ef-953c-bd5cfcf36af4.jpg", "bboxes": [0.14108747044917258, 0.21465721040189123, 0.6056264775413711, 0.6862884160756499], "class": 2}