{"image": "ba2cfaca-1ab0-11ef-953c-bd5cfcf36af4.jpg", "bboxes": [0.36992907801418445, 0.24576832151300232, 0.8344680851063829, 0.7173995271867613], "class": 2}