{"image": "ba2cfaca-1ab0-11ef-953c-bd5cfcf36af4.jpg", "bboxes": [0.42548463356974, 0.19910165484633569, 0.8900236406619385, 0.6707328605200945], "class": 2}