{"image": "ba2cfaca-1ab0-11ef-953c-bd5cfcf36af4.jpg", "bboxes": [0.23442080378250596, 0.232434988179669, 0.6989598108747043, 0.7040661938534277], "class": 2}