{"image": "ba2cfaca-1ab0-11ef-953c-bd5cfcf36af4.jpg", "bboxes": [0.3833096926713948, 0.2502127659574468, 0.8478486997635933, 0.7218439716312057], "class": 2}