{"image": "bb6ac3c7-1ab0-11ef-afed-bd5cfcf36af4.jpg", "bboxes": [0.12510638297872345, 0.23120567375886517, 0.5778250591016549, 0.7477541371158392], "class": 2}