{"image": "bb6ac3c7-1ab0-11ef-afed-bd5cfcf36af4.jpg", "bboxes": [0.4066193853427895, 0.23224586288416083, 0.859338061465721, 0.7487943262411348], "class": 2}