{"image": "bb6ac3c7-1ab0-11ef-afed-bd5cfcf36af4.jpg", "bboxes": [0.4088416075650117, 0.27565011820330965, 0.8615602836879432, 0.7921985815602837], "class": 2}