{"image": "bb6ac3c7-1ab0-11ef-afed-bd5cfcf36af4.jpg", "bboxes": [0.37621749408983457, 0.2544680851063831, 0.828936170212766, 0.771016548463357], "class": 2}