{"image": "bb6ac3c7-1ab0-11ef-afed-bd5cfcf36af4.jpg", "bboxes": [0.16732860520094567, 0.228983451536643, 0.6200472813238772, 0.7455319148936169], "class": 2}