{"image": "bb6ac3c7-1ab0-11ef-afed-bd5cfcf36af4.jpg", "bboxes": [0.40732860520094566, 0.2667612293144207, 0.8600472813238772, 0.7833096926713947], "class": 2}