{"image": "bb6ac3c7-1ab0-11ef-afed-bd5cfcf36af4.jpg", "bboxes": [0.13773049645390056, 0.24113475177304972, 0.590449172576832, 0.7576832151300237], "class": 2}