{"image": "bb6ac3c7-1ab0-11ef-afed-bd5cfcf36af4.jpg", "bboxes": [0.3784397163120568, 0.21120567375886523, 0.8311583924349882, 0.7277541371158391], "class": 2}