{"image": "bb6ac3c7-1ab0-11ef-afed-bd5cfcf36af4.jpg", "bboxes": [0.05328605200945613, 0.2589125295508275, 0.5060047281323876, 0.7754609929078015], "class": 2}