{"image": "bb6ac3c7-1ab0-11ef-afed-bd5cfcf36af4.jpg", "bboxes": [0.2895508274231679, 0.22780141843971638, 0.7422695035460993, 0.7443498817966904], "class": 2}