{"image": "bb6ac3c7-1ab0-11ef-afed-bd5cfcf36af4.jpg", "bboxes": [0.19773049645390062, 0.2700236406619386, 0.6504491725768321, 0.7865721040189126], "class": 2}