{"image": "bb6ac3c7-1ab0-11ef-afed-bd5cfcf36af4.jpg", "bboxes": [0.19773049645390062, 0.25565011820330963, 0.6504491725768321, 0.7721985815602838], "class": 2}