{"image": "bb6ac3c7-1ab0-11ef-afed-bd5cfcf36af4.jpg", "bboxes": [0.37773049645390067, 0.21787234042553183, 0.8304491725768322, 0.7344208037825058], "class": 2}