{"image": "bb6ac3c7-1ab0-11ef-afed-bd5cfcf36af4.jpg", "bboxes": [0.31621749408983457, 0.24009456264775408, 0.7689361702127661, 0.7566430260047281], "class": 2}