{"image": "bb6ac3c7-1ab0-11ef-afed-bd5cfcf36af4.jpg", "bboxes": [0.40217494089834505, 0.24898345153664292, 0.8548936170212765, 0.7655319148936169], "class": 2}