{"image": "bb6ac3c7-1ab0-11ef-afed-bd5cfcf36af4.jpg", "bboxes": [0.4784397163120568, 0.25669030732860526, 0.9311583924349883, 0.7732387706855792], "class": 2}