{"image": "bb6ac3c7-1ab0-11ef-afed-bd5cfcf36af4.jpg", "bboxes": [0.49621749408983457, 0.22780141843971638, 0.9489361702127661, 0.7443498817966904], "class": 2}