{"image": "bb6ac3c7-1ab0-11ef-afed-bd5cfcf36af4.jpg", "bboxes": [0.3399527186761228, 0.21787234042553183, 0.7926713947990544, 0.7344208037825058], "class": 2}