{"image": "bb6ac3c7-1ab0-11ef-afed-bd5cfcf36af4.jpg", "bboxes": [0.28732860520094566, 0.21342789598108736, 0.7400472813238772, 0.7299763593380614], "class": 2}