{"image": "bb6ac3c7-1ab0-11ef-afed-bd5cfcf36af4.jpg", "bboxes": [0.4443971631205673, 0.21002364066193863, 0.8971158392434988, 0.7265721040189126], "class": 2}