{"image": "bb6ac3c7-1ab0-11ef-afed-bd5cfcf36af4.jpg", "bboxes": [0.13621749408983458, 0.25565011820330963, 0.588936170212766, 0.7721985815602836], "class": 2}