{"image": "bb6ac3c7-1ab0-11ef-afed-bd5cfcf36af4.jpg", "bboxes": [0.1784397163120568, 0.2189125295508275, 0.6311583924349883, 0.7354609929078015], "class": 2}