{"image": "bb6ac3c7-1ab0-11ef-afed-bd5cfcf36af4.jpg", "bboxes": [0.1332860520094562, 0.22780141843971638, 0.5860047281323877, 0.7443498817966904], "class": 2}