{"image": "bb6ac3c7-1ab0-11ef-afed-bd5cfcf36af4.jpg", "bboxes": [0.28884160756501176, 0.26113475177304973, 0.7415602836879431, 0.7776832151300237], "class": 2}