{"image": "bb6ac3c7-1ab0-11ef-afed-bd5cfcf36af4.jpg", "bboxes": [0.26884160756501174, 0.22113475177304973, 0.7215602836879432, 0.7376832151300237], "class": 2}