{"image": "bb6ac3c7-1ab0-11ef-afed-bd5cfcf36af4.jpg", "bboxes": [0.3362174940898346, 0.2356501182033096, 0.7889361702127661, 0.7521985815602836], "class": 2}