{"image": "bb6ac3c7-1ab0-11ef-afed-bd5cfcf36af4.jpg", "bboxes": [0.3828841607565012, 0.228983451536643, 0.8356028368794327, 0.7455319148936169], "class": 2}