{"image": "bb6ac3c7-1ab0-11ef-afed-bd5cfcf36af4.jpg", "bboxes": [0.3895508274231679, 0.23342789598108737, 0.8422695035460994, 0.7499763593380614], "class": 2}