{"image": "bb6ac3c7-1ab0-11ef-afed-bd5cfcf36af4.jpg", "bboxes": [0.2562174940898346, 0.24557919621749416, 0.708936170212766, 0.7621276595744682], "class": 2}