{"image": "bb6ac3c7-1ab0-11ef-afed-bd5cfcf36af4.jpg", "bboxes": [0.1717730496453901, 0.2078014184397164, 0.6244917257683216, 0.7243498817966904], "class": 2}