{"image": "bb6ac3c7-1ab0-11ef-afed-bd5cfcf36af4.jpg", "bboxes": [0.15177304964539012, 0.24009456264775408, 0.6044917257683216, 0.7566430260047281], "class": 2}