{"image": "bb6ac3c7-1ab0-11ef-afed-bd5cfcf36af4.jpg", "bboxes": [0.20510638297872347, 0.27565011820330965, 0.6578250591016549, 0.7921985815602837], "class": 2}