{"image": "bb6ac3c7-1ab0-11ef-afed-bd5cfcf36af4.jpg", "bboxes": [0.0955082742316784, 0.27224586288416086, 0.5482269503546099, 0.7887943262411348], "class": 2}