{"image": "bb6ac3c7-1ab0-11ef-afed-bd5cfcf36af4.jpg", "bboxes": [0.3821749408983451, 0.21669030732860528, 0.8348936170212765, 0.7332387706855793], "class": 2}