{"image": "bb6ac3c7-1ab0-11ef-afed-bd5cfcf36af4.jpg", "bboxes": [0.02884160756501175, 0.24113475177304972, 0.48156028368794324, 0.7576832151300237], "class": 2}