{"image": "bb6ac3c7-1ab0-11ef-afed-bd5cfcf36af4.jpg", "bboxes": [0.47177304964539013, 0.21669030732860528, 0.9244917257683216, 0.7332387706855793], "class": 2}