{"image": "bb6ac3c7-1ab0-11ef-afed-bd5cfcf36af4.jpg", "bboxes": [0.17995271867612284, 0.26898345153664294, 0.6326713947990543, 0.785531914893617], "class": 2}