{"image": "bb6ac3c7-1ab0-11ef-afed-bd5cfcf36af4.jpg", "bboxes": [0.09621749408983457, 0.22557919621749417, 0.5489361702127661, 0.7421276595744681], "class": 2}