{"image": "bb6ac3c7-1ab0-11ef-afed-bd5cfcf36af4.jpg", "bboxes": [0.2762174940898346, 0.2478014184397164, 0.728936170212766, 0.7643498817966904], "class": 2}