{"image": "bb6ac3c7-1ab0-11ef-afed-bd5cfcf36af4.jpg", "bboxes": [0.49177304964539015, 0.2678014184397164, 0.9444917257683216, 0.7843498817966904], "class": 2}