{"image": "bb6ac3c7-1ab0-11ef-afed-bd5cfcf36af4.jpg", "bboxes": [0.10217494089834511, 0.26557919621749415, 0.5548936170212766, 0.7821276595744682], "class": 2}