{"image": "bb6ac3c7-1ab0-11ef-afed-bd5cfcf36af4.jpg", "bboxes": [0.33399527186761235, 0.228983451536643, 0.7867139479905438, 0.7455319148936169], "class": 2}