{"image": "bb6ac3c7-1ab0-11ef-afed-bd5cfcf36af4.jpg", "bboxes": [0.480661938534279, 0.2500236406619386, 0.9333806146572105, 0.7665721040189126], "class": 2}