{"image": "bb6ac3c7-1ab0-11ef-afed-bd5cfcf36af4.jpg", "bboxes": [0.47621749408983455, 0.21669030732860528, 0.9289361702127661, 0.7332387706855793], "class": 2}