{"image": "bb6ac3c7-1ab0-11ef-afed-bd5cfcf36af4.jpg", "bboxes": [0.17399527186761235, 0.26231678486997634, 0.6267139479905438, 0.7788652482269502], "class": 2}