{"image": "bb6ac3c7-1ab0-11ef-afed-bd5cfcf36af4.jpg", "bboxes": [0.391063829787234, 0.24453900709219856, 0.8437825059101655, 0.7610874704491725], "class": 2}