{"image": "bb6ac3c7-1ab0-11ef-afed-bd5cfcf36af4.jpg", "bboxes": [0.15177304964539012, 0.26557919621749415, 0.6044917257683216, 0.7821276595744682], "class": 2}