{"image": "bb6ac3c7-1ab0-11ef-afed-bd5cfcf36af4.jpg", "bboxes": [0.42288416075650126, 0.26453900709219846, 0.8756028368794327, 0.7810874704491725], "class": 2}