{"image": "bb6ac3c7-1ab0-11ef-afed-bd5cfcf36af4.jpg", "bboxes": [0.26510638297872346, 0.27224586288416086, 0.717825059101655, 0.7887943262411348], "class": 2}