{"image": "bb6ac3c7-1ab0-11ef-afed-bd5cfcf36af4.jpg", "bboxes": [0.2762174940898346, 0.2389125295508275, 0.728936170212766, 0.7554609929078014], "class": 2}