{"image": "bb6ac3c7-1ab0-11ef-afed-bd5cfcf36af4.jpg", "bboxes": [0.420661938534279, 0.23669030732860527, 0.8733806146572105, 0.7532387706855792], "class": 2}