{"image": "bb6ac3c7-1ab0-11ef-afed-bd5cfcf36af4.jpg", "bboxes": [0.2088416075650117, 0.23446808510638306, 0.6615602836879433, 0.7510165484633571], "class": 2}