{"image": "bb6ac3c7-1ab0-11ef-afed-bd5cfcf36af4.jpg", "bboxes": [0.291063829787234, 0.27446808510638304, 0.7437825059101655, 0.791016548463357], "class": 2}