{"image": "bb6ac3c7-1ab0-11ef-afed-bd5cfcf36af4.jpg", "bboxes": [0.3295508274231679, 0.24009456264775408, 0.7822695035460994, 0.7566430260047281], "class": 2}