{"image": "bb6ac3c7-1ab0-11ef-afed-bd5cfcf36af4.jpg", "bboxes": [0.27399527186761236, 0.25565011820330963, 0.7267139479905438, 0.7721985815602838], "class": 2}