{"image": "bb6ac3c7-1ab0-11ef-afed-bd5cfcf36af4.jpg", "bboxes": [0.1184397163120568, 0.21224586288416084, 0.5711583924349882, 0.7287943262411348], "class": 2}