{"image": "bb6ac3c7-1ab0-11ef-afed-bd5cfcf36af4.jpg", "bboxes": [0.22288416075650125, 0.26898345153664294, 0.6756028368794327, 0.785531914893617], "class": 2}