{"image": "bb6ac3c7-1ab0-11ef-afed-bd5cfcf36af4.jpg", "bboxes": [0.26217494089834503, 0.21669030732860528, 0.7148936170212765, 0.7332387706855793], "class": 2}