{"image": "bb6ac3c7-1ab0-11ef-afed-bd5cfcf36af4.jpg", "bboxes": [0.17328605200945613, 0.2500236406619386, 0.6260047281323877, 0.7665721040189126], "class": 2}