{"image": "bb6ac3c7-1ab0-11ef-afed-bd5cfcf36af4.jpg", "bboxes": [0.4695508274231679, 0.21342789598108736, 0.9222695035460994, 0.7299763593380614], "class": 2}