{"image": "bb6ac3c7-1ab0-11ef-afed-bd5cfcf36af4.jpg", "bboxes": [0.04661938534278953, 0.2078014184397164, 0.499338061465721, 0.7243498817966904], "class": 2}