{"image": "bb6ac3c7-1ab0-11ef-afed-bd5cfcf36af4.jpg", "bboxes": [0.24439716312056725, 0.2544680851063831, 0.6971158392434988, 0.771016548463357], "class": 2}