{"image": "bb6ac3c7-1ab0-11ef-afed-bd5cfcf36af4.jpg", "bboxes": [0.22217494089834514, 0.25224586288416084, 0.6748936170212766, 0.7687943262411349], "class": 2}