{"image": "bb6ac3c7-1ab0-11ef-afed-bd5cfcf36af4.jpg", "bboxes": [0.4562174940898346, 0.24453900709219856, 0.9089361702127661, 0.7610874704491725], "class": 2}