{"image": "bc0965ce-1ab0-11ef-9002-bd5cfcf36af4.jpg", "bboxes": [0.15711583924349892, 0.19976359338061467, 0.5566430260047281, 0.7245862884160756], "class": 2}