{"image": "bc0965ce-1ab0-11ef-9002-bd5cfcf36af4.jpg", "bboxes": [0.5478014184397163, 0.28430260047281325, 0.9473286052009455, 0.8091252955082742], "class": 2}