{"image": "bc0965ce-1ab0-11ef-9002-bd5cfcf36af4.jpg", "bboxes": [0.28113475177304964, 0.2776359338061466, 0.6806619385342789, 0.8024586288416076], "class": 2}