{"image": "bc0965ce-1ab0-11ef-9002-bd5cfcf36af4.jpg", "bboxes": [0.27224586288416075, 0.2019858156028369, 0.67177304964539, 0.7268085106382978], "class": 2}