{"image": "bc0965ce-1ab0-11ef-9002-bd5cfcf36af4.jpg", "bboxes": [0.23224586288416074, 0.22198581560283692, 0.63177304964539, 0.7468085106382978], "class": 2}