{"image": "bc0965ce-1ab0-11ef-9002-bd5cfcf36af4.jpg", "bboxes": [0.04600472813238776, 0.17087470449172582, 0.445531914893617, 0.6956973995271867], "class": 2}