{"image": "bc0965ce-1ab0-11ef-9002-bd5cfcf36af4.jpg", "bboxes": [0.21224586288416075, 0.1886524822695036, 0.61177304964539, 0.7134751773049646], "class": 2}