{"image": "bc0965ce-1ab0-11ef-9002-bd5cfcf36af4.jpg", "bboxes": [0.13933806146572114, 0.28430260047281325, 0.5388652482269504, 0.8091252955082742], "class": 2}