{"image": "bc0965ce-1ab0-11ef-9002-bd5cfcf36af4.jpg", "bboxes": [0.4389125295508274, 0.2687470449172577, 0.8384397163120567, 0.7935697399527186], "class": 2}