{"image": "bc0965ce-1ab0-11ef-9002-bd5cfcf36af4.jpg", "bboxes": [0.36335697399527184, 0.22420803782505916, 0.7628841607565011, 0.7490307328605201], "class": 2}