{"image": "bc0965ce-1ab0-11ef-9002-bd5cfcf36af4.jpg", "bboxes": [0.4504491725768323, 0.19309692671394807, 0.8499763593380615, 0.7179196217494089], "class": 2}