{"image": "bc0965ce-1ab0-11ef-9002-bd5cfcf36af4.jpg", "bboxes": [0.41933806146572117, 0.19087470449172583, 0.8188652482269504, 0.7156973995271867], "class": 2}