{"image": "bc0965ce-1ab0-11ef-9002-bd5cfcf36af4.jpg", "bboxes": [0.5566903073286051, 0.29096926713947996, 0.9562174940898345, 0.8157919621749409], "class": 2}