{"image": "bc0965ce-1ab0-11ef-9002-bd5cfcf36af4.jpg", "bboxes": [0.42557919621749407, 0.29985815602836885, 0.8251063829787233, 0.8246808510638297], "class": 2}