{"image": "bc0965ce-1ab0-11ef-9002-bd5cfcf36af4.jpg", "bboxes": [0.2966903073286052, 0.19976359338061467, 0.6962174940898345, 0.7245862884160756], "class": 2}