{"image": "bc0965ce-1ab0-11ef-9002-bd5cfcf36af4.jpg", "bboxes": [0.4411347517730496, 0.1819858156028369, 0.8406619385342788, 0.7068085106382979], "class": 2}