{"image": "bc0965ce-1ab0-11ef-9002-bd5cfcf36af4.jpg", "bboxes": [0.3193380614657211, 0.20643026004728138, 0.7188652482269504, 0.7312529550827422], "class": 2}