{"image": "bc0965ce-1ab0-11ef-9002-bd5cfcf36af4.jpg", "bboxes": [0.3815602836879434, 0.20420803782505914, 0.7810874704491726, 0.7290307328605201], "class": 2}