{"image": "bc0965ce-1ab0-11ef-9002-bd5cfcf36af4.jpg", "bboxes": [0.2878014184397163, 0.2776359338061466, 0.6873286052009455, 0.8024586288416076], "class": 2}