{"image": "bc0965ce-1ab0-11ef-9002-bd5cfcf36af4.jpg", "bboxes": [0.5455791962174941, 0.16643026004728131, 0.9451063829787233, 0.6912529550827422], "class": 2}