{"image": "bc0965ce-1ab0-11ef-9002-bd5cfcf36af4.jpg", "bboxes": [0.20156028368794335, 0.2865248226950355, 0.6010874704491725, 0.8113475177304964], "class": 2}