{"image": "bc0965ce-1ab0-11ef-9002-bd5cfcf36af4.jpg", "bboxes": [0.45669030732860516, 0.27985815602836883, 0.8562174940898345, 0.8046808510638298], "class": 2}