{"image": "bc0965ce-1ab0-11ef-9002-bd5cfcf36af4.jpg", "bboxes": [0.1700236406619385, 0.19087470449172583, 0.5695508274231678, 0.7156973995271867], "class": 2}