{"image": "bc0965ce-1ab0-11ef-9002-bd5cfcf36af4.jpg", "bboxes": [0.534468085106383, 0.27985815602836883, 0.9339952718676122, 0.8046808510638298], "class": 2}