{"image": "bc0965ce-1ab0-11ef-9002-bd5cfcf36af4.jpg", "bboxes": [0.2300236406619385, 0.19309692671394807, 0.6295508274231678, 0.7179196217494089], "class": 2}