{"image": "bc0965ce-1ab0-11ef-9002-bd5cfcf36af4.jpg", "bboxes": [0.3015602836879433, 0.29985815602836885, 0.7010874704491724, 0.8246808510638297], "class": 2}