{"image": "bc0965ce-1ab0-11ef-9002-bd5cfcf36af4.jpg", "bboxes": [0.17044917257683223, 0.2643026004728133, 0.5699763593380615, 0.7891252955082741], "class": 2}