{"image": "bc0965ce-1ab0-11ef-9002-bd5cfcf36af4.jpg", "bboxes": [0.2166903073286052, 0.2976359338061466, 0.6162174940898344, 0.8224586288416075], "class": 2}