{"image": "bc0965ce-1ab0-11ef-9002-bd5cfcf36af4.jpg", "bboxes": [0.3811347517730496, 0.19309692671394807, 0.7806619385342789, 0.7179196217494089], "class": 2}