{"image": "bc0965ce-1ab0-11ef-9002-bd5cfcf36af4.jpg", "bboxes": [0.15002364066193852, 0.1819858156028369, 0.5495508274231677, 0.7068085106382979], "class": 2}