{"image": "bc0965ce-1ab0-11ef-9002-bd5cfcf36af4.jpg", "bboxes": [0.22113475177304964, 0.29985815602836885, 0.6206619385342789, 0.8246808510638297], "class": 2}