{"image": "bc0965ce-1ab0-11ef-9002-bd5cfcf36af4.jpg", "bboxes": [0.34378250591016557, 0.2264302600472814, 0.7433096926713948, 0.7512529550827423], "class": 2}