{"image": "bc0965ce-1ab0-11ef-9002-bd5cfcf36af4.jpg", "bboxes": [0.5633569739952718, 0.25319148936170216, 0.9628841607565011, 0.7780141843971631], "class": 2}