{"image": "bc0965ce-1ab0-11ef-9002-bd5cfcf36af4.jpg", "bboxes": [0.505579196217494, 0.22198581560283692, 0.9051063829787234, 0.7468085106382978], "class": 2}