{"image": "bc0965ce-1ab0-11ef-9002-bd5cfcf36af4.jpg", "bboxes": [0.46557919621749405, 0.20643026004728138, 0.8651063829787233, 0.7312529550827422], "class": 2}