{"image": "bc0965ce-1ab0-11ef-9002-bd5cfcf36af4.jpg", "bboxes": [0.40113475177304964, 0.2643026004728133, 0.8006619385342789, 0.7891252955082741], "class": 2}