{"image": "bc0965ce-1ab0-11ef-9002-bd5cfcf36af4.jpg", "bboxes": [0.3882269503546099, 0.3065248226950355, 0.7877541371158391, 0.8313475177304964], "class": 2}