{"image": "bc0965ce-1ab0-11ef-9002-bd5cfcf36af4.jpg", "bboxes": [0.29267139479905446, 0.24208037825059106, 0.6921985815602837, 0.766903073286052], "class": 2}