{"image": "bc0965ce-1ab0-11ef-9002-bd5cfcf36af4.jpg", "bboxes": [0.15489361702127669, 0.2954137115839244, 0.5544208037825059, 0.8202364066193853], "class": 2}