{"image": "bc0965ce-1ab0-11ef-9002-bd5cfcf36af4.jpg", "bboxes": [0.15933806146572116, 0.25763593380614663, 0.5588652482269504, 0.7824586288416076], "class": 2}