{"image": "bc0965ce-1ab0-11ef-9002-bd5cfcf36af4.jpg", "bboxes": [0.4393380614657211, 0.22420803782505916, 0.8388652482269504, 0.7490307328605201], "class": 2}