{"image": "bc0965ce-1ab0-11ef-9002-bd5cfcf36af4.jpg", "bboxes": [0.10378250591016558, 0.17309692671394805, 0.5033096926713948, 0.697919621749409], "class": 2}