{"image": "bc0965ce-1ab0-11ef-9002-bd5cfcf36af4.jpg", "bboxes": [0.16378250591016552, 0.22198581560283692, 0.5633096926713947, 0.7468085106382978], "class": 2}