{"image": "bc0965ce-1ab0-11ef-9002-bd5cfcf36af4.jpg", "bboxes": [0.2366903073286052, 0.2153191489361702, 0.6362174940898344, 0.7401418439716312], "class": 2}