{"image": "bc0965ce-1ab0-11ef-9002-bd5cfcf36af4.jpg", "bboxes": [0.33044917257683226, 0.21976359338061469, 0.7299763593380615, 0.7445862884160757], "class": 2}