{"image": "bc0965ce-1ab0-11ef-9002-bd5cfcf36af4.jpg", "bboxes": [0.2500236406619385, 0.27541371158392436, 0.6495508274231678, 0.8002364066193853], "class": 2}