{"image": "bc0965ce-1ab0-11ef-9002-bd5cfcf36af4.jpg", "bboxes": [0.41446808510638294, 0.18420803782505912, 0.8139952718676122, 0.7090307328605201], "class": 2}