{"image": "bc0965ce-1ab0-11ef-9002-bd5cfcf36af4.jpg", "bboxes": [0.2504491725768322, 0.26652482269503547, 0.6499763593380614, 0.7913475177304964], "class": 2}