{"image": "bc0965ce-1ab0-11ef-9002-bd5cfcf36af4.jpg", "bboxes": [0.050449172576832235, 0.21309692671394798, 0.44997635933806146, 0.7379196217494088], "class": 2}