{"image": "bc0965ce-1ab0-11ef-9002-bd5cfcf36af4.jpg", "bboxes": [0.3593380614657211, 0.30874704491725774, 0.7588652482269503, 0.8335697399527187], "class": 2}