{"image": "bc0965ce-1ab0-11ef-9002-bd5cfcf36af4.jpg", "bboxes": [0.08822695035461003, 0.30874704491725774, 0.48775413711583926, 0.8335697399527187], "class": 2}