{"image": "bc0965ce-1ab0-11ef-9002-bd5cfcf36af4.jpg", "bboxes": [0.3215602836879433, 0.29096926713947996, 0.7210874704491725, 0.8157919621749409], "class": 2}