{"image": "bc0965ce-1ab0-11ef-9002-bd5cfcf36af4.jpg", "bboxes": [0.19711583924349885, 0.29319148936170214, 0.5966430260047282, 0.8180141843971631], "class": 2}