{"image": "bc0965ce-1ab0-11ef-9002-bd5cfcf36af4.jpg", "bboxes": [0.16378250591016552, 0.26208037825059105, 0.5633096926713947, 0.786903073286052], "class": 2}