{"image": "bc0965ce-1ab0-11ef-9002-bd5cfcf36af4.jpg", "bboxes": [0.0860047281323878, 0.27096926713947994, 0.485531914893617, 0.7957919621749409], "class": 2}