{"image": "bc0965ce-1ab0-11ef-9002-bd5cfcf36af4.jpg", "bboxes": [0.4966903073286052, 0.22198581560283692, 0.8962174940898344, 0.7468085106382978], "class": 2}