{"image": "bc0965ce-1ab0-11ef-9002-bd5cfcf36af4.jpg", "bboxes": [0.505579196217494, 0.2887470449172577, 0.9051063829787234, 0.8135697399527186], "class": 2}