{"image": "bc0965ce-1ab0-11ef-9002-bd5cfcf36af4.jpg", "bboxes": [0.1237825059101656, 0.16643026004728134, 0.5233096926713948, 0.6912529550827422], "class": 2}