{"image": "bc0965ce-1ab0-11ef-9002-bd5cfcf36af4.jpg", "bboxes": [0.19891252955082742, 0.28208037825059107, 0.5984397163120566, 0.8069030732860519], "class": 2}