{"image": "bca9de1c-1ab0-11ef-8e5c-bd5cfcf36af4.jpg", "bboxes": [0.008794326241134742, 0.18047281323877074, 0.5087943262411347, 0.7490307328605201], "class": 2}