{"image": "bca9de1c-1ab0-11ef-8e5c-bd5cfcf36af4.jpg", "bboxes": [0.337872340425532, 0.21096926713947983, 0.8378723404255319, 0.7795271867612292], "class": 2}