{"image": "bca9de1c-1ab0-11ef-8e5c-bd5cfcf36af4.jpg", "bboxes": [0.2289834515366431, 0.2376359338061466, 0.7289834515366431, 0.806193853427896], "class": 2}