{"image": "bca9de1c-1ab0-11ef-8e5c-bd5cfcf36af4.jpg", "bboxes": [0.30231678486997643, 0.17825059101654853, 0.8023167848699764, 0.7468085106382979], "class": 2}