{"image": "bca9de1c-1ab0-11ef-8e5c-bd5cfcf36af4.jpg", "bboxes": [0.07101654846335692, 0.2138061465721041, 0.5710165484633569, 0.7823640661938535], "class": 2}