{"image": "bca9de1c-1ab0-11ef-8e5c-bd5cfcf36af4.jpg", "bboxes": [0.06657210401891245, 0.17825059101654853, 0.5665721040189124, 0.7468085106382979], "class": 2}