{"image": "bca9de1c-1ab0-11ef-8e5c-bd5cfcf36af4.jpg", "bboxes": [0.5134278959810875, 0.19825059101654852, 0.9977777777777778, 0.7668085106382979], "class": 2}