{"image": "bca9de1c-1ab0-11ef-8e5c-bd5cfcf36af4.jpg", "bboxes": [0.16879432624113466, 0.22936170212765963, 0.6687943262411347, 0.797919621749409], "class": 2}