{"image": "bca9de1c-1ab0-11ef-8e5c-bd5cfcf36af4.jpg", "bboxes": [0.15546099290780135, 0.17825059101654853, 0.6554609929078014, 0.7468085106382979], "class": 2}