{"image": "bca9de1c-1ab0-11ef-8e5c-bd5cfcf36af4.jpg", "bboxes": [0.5334278959810875, 0.2182505910165485, 0.9977777777777778, 0.7868085106382979], "class": 2}