{"image": "bca9de1c-1ab0-11ef-8e5c-bd5cfcf36af4.jpg", "bboxes": [0.3423167848699764, 0.19319148936170208, 0.8423167848699764, 0.7617494089834514], "class": 2}