{"image": "bca9de1c-1ab0-11ef-8e5c-bd5cfcf36af4.jpg", "bboxes": [0.517872340425532, 0.2398581560283688, 1.0, 0.8084160756501182], "class": 2}