{"image": "bca9de1c-1ab0-11ef-8e5c-bd5cfcf36af4.jpg", "bboxes": [0.5289834515366431, 0.19158392434988186, 1.0, 0.7601418439716312], "class": 2}