{"image": "bca9de1c-1ab0-11ef-8e5c-bd5cfcf36af4.jpg", "bboxes": [0.10879432624113472, 0.21541371158392433, 0.6087943262411346, 0.7839716312056737], "class": 2}