{"image": "bca9de1c-1ab0-11ef-8e5c-bd5cfcf36af4.jpg", "bboxes": [0.32676122931442086, 0.19380614657210407, 0.8267612293144209, 0.7623640661938534], "class": 2}