{"image": "bca9de1c-1ab0-11ef-8e5c-bd5cfcf36af4.jpg", "bboxes": [0.3400945626477542, 0.20652482269503547, 0.8400945626477542, 0.7750827423167849], "class": 2}