{"image": "bca9de1c-1ab0-11ef-8e5c-bd5cfcf36af4.jpg", "bboxes": [0.29787234042553196, 0.1887470449172577, 0.797872340425532, 0.7573049645390071], "class": 2}