{"image": "bca9de1c-1ab0-11ef-8e5c-bd5cfcf36af4.jpg", "bboxes": [0.2643498817966903, 0.19985815602836876, 0.7643498817966903, 0.7684160756501182], "class": 2}