{"image": "bca9de1c-1ab0-11ef-8e5c-bd5cfcf36af4.jpg", "bboxes": [0.3176832151300236, 0.22936170212765963, 0.8176832151300235, 0.797919621749409], "class": 2}