{"image": "bca9de1c-1ab0-11ef-8e5c-bd5cfcf36af4.jpg", "bboxes": [0.44231678486997644, 0.20430260047281323, 0.9423167848699764, 0.7728605200945626], "class": 2}