{"image": "bca9de1c-1ab0-11ef-8e5c-bd5cfcf36af4.jpg", "bboxes": [0.31342789598108756, 0.2154137115839243, 0.8134278959810876, 0.7839716312056737], "class": 2}