{"image": "bca9de1c-1ab0-11ef-8e5c-bd5cfcf36af4.jpg", "bboxes": [0.4689834515366431, 0.20936170212765964, 0.9689834515366431, 0.777919621749409], "class": 2}