{"image": "bca9de1c-1ab0-11ef-8e5c-bd5cfcf36af4.jpg", "bboxes": [0.20434988179669022, 0.2287470449172576, 0.7043498817966902, 0.797304964539007], "class": 2}