{"image": "bca9de1c-1ab0-11ef-8e5c-bd5cfcf36af4.jpg", "bboxes": [0.48453900709219866, 0.21985815602836878, 0.9845390070921987, 0.7884160756501182], "class": 2}