{"image": "bca9de1c-1ab0-11ef-8e5c-bd5cfcf36af4.jpg", "bboxes": [0.4712056737588653, 0.24491725768321518, 0.9712056737588654, 0.8134751773049645], "class": 2}