{"image": "bca9de1c-1ab0-11ef-8e5c-bd5cfcf36af4.jpg", "bboxes": [0.17323877068557914, 0.22430260047281325, 0.6732387706855791, 0.7928605200945625], "class": 2}