{"image": "bca9de1c-1ab0-11ef-8e5c-bd5cfcf36af4.jpg", "bboxes": [0.05990543735224585, 0.24047281323877073, 0.5599054373522458, 0.8090307328605201], "class": 2}