{"image": "bca9de1c-1ab0-11ef-8e5c-bd5cfcf36af4.jpg", "bboxes": [0.24434988179669023, 0.23380614657210408, 0.7443498817966903, 0.8023640661938535], "class": 2}