{"image": "bca9de1c-1ab0-11ef-8e5c-bd5cfcf36af4.jpg", "bboxes": [0.14453900709219863, 0.2465248226950354, 0.6445390070921987, 0.8150827423167848], "class": 2}