{"image": "bca9de1c-1ab0-11ef-8e5c-bd5cfcf36af4.jpg", "bboxes": [0.34453900709219865, 0.242080378250591, 0.8445390070921986, 0.8106382978723403], "class": 2}