{"image": "bca9de1c-1ab0-11ef-8e5c-bd5cfcf36af4.jpg", "bboxes": [0.11101654846335696, 0.23158392434988184, 0.611016548463357, 0.8001418439716312], "class": 2}