{"image": "bca9de1c-1ab0-11ef-8e5c-bd5cfcf36af4.jpg", "bboxes": [0.3110165484633569, 0.2271394799054374, 0.8110165484633569, 0.7956973995271868], "class": 2}