{"image": "bca9de1c-1ab0-11ef-8e5c-bd5cfcf36af4.jpg", "bboxes": [0.37787234042553197, 0.23825059101654852, 0.877872340425532, 0.806808510638298], "class": 2}