{"image": "bca9de1c-1ab0-11ef-8e5c-bd5cfcf36af4.jpg", "bboxes": [0.4312056737588653, 0.18652482269503545, 0.9312056737588653, 0.7550827423167848], "class": 2}