{"image": "bca9de1c-1ab0-11ef-8e5c-bd5cfcf36af4.jpg", "bboxes": [0.34453900709219865, 0.21985815602836878, 0.8445390070921986, 0.7884160756501182], "class": 2}