{"image": "bca9de1c-1ab0-11ef-8e5c-bd5cfcf36af4.jpg", "bboxes": [0.22657210401891248, 0.1960283687943263, 0.7265721040189125, 0.7645862884160757], "class": 2}