{"image": "bca9de1c-1ab0-11ef-8e5c-bd5cfcf36af4.jpg", "bboxes": [0.3423167848699764, 0.22652482269503538, 0.8423167848699764, 0.7950827423167848], "class": 2}