{"image": "bca9de1c-1ab0-11ef-8e5c-bd5cfcf36af4.jpg", "bboxes": [0.5556501182033098, 0.2360283687943263, 1.0, 0.8045862884160757], "class": 2}