{"image": "bca9de1c-1ab0-11ef-8e5c-bd5cfcf36af4.jpg", "bboxes": [0.4623167848699764, 0.1954137115839243, 0.9623167848699764, 0.7639716312056737], "class": 2}