{"image": "bca9de1c-1ab0-11ef-8e5c-bd5cfcf36af4.jpg", "bboxes": [0.3243498817966902, 0.24874704491725763, 0.8243498817966902, 0.817304964539007], "class": 2}