{"image": "bca9de1c-1ab0-11ef-8e5c-bd5cfcf36af4.jpg", "bboxes": [0.25342789598108756, 0.20430260047281323, 0.7534278959810875, 0.7728605200945626], "class": 2}