{"image": "bca9de1c-1ab0-11ef-8e5c-bd5cfcf36af4.jpg", "bboxes": [0.3112056737588653, 0.2465248226950354, 0.8112056737588653, 0.8150827423167848], "class": 2}