{"image": "bca9de1c-1ab0-11ef-8e5c-bd5cfcf36af4.jpg", "bboxes": [0.06657210401891245, 0.2249172576832152, 0.5665721040189124, 0.7934751773049645], "class": 2}