{"image": "bca9de1c-1ab0-11ef-8e5c-bd5cfcf36af4.jpg", "bboxes": [0.24676122931442088, 0.22269503546099295, 0.7467612293144209, 0.7912529550827423], "class": 2}