{"image": "bca9de1c-1ab0-11ef-8e5c-bd5cfcf36af4.jpg", "bboxes": [0.11768321513002356, 0.24269503546099297, 0.6176832151300236, 0.8112529550827423], "class": 2}