{"image": "bca9de1c-1ab0-11ef-8e5c-bd5cfcf36af4.jpg", "bboxes": [0.3532387706855792, 0.2154137115839243, 0.8532387706855791, 0.7839716312056737], "class": 2}