{"image": "bca9de1c-1ab0-11ef-8e5c-bd5cfcf36af4.jpg", "bboxes": [0.2312056737588653, 0.2531914893617021, 0.7312056737588654, 0.8217494089834515], "class": 2}