{"image": "bca9de1c-1ab0-11ef-8e5c-bd5cfcf36af4.jpg", "bboxes": [0.2689834515366431, 0.19096926713947993, 0.768983451536643, 0.7595271867612292], "class": 2}