{"image": "bca9de1c-1ab0-11ef-8e5c-bd5cfcf36af4.jpg", "bboxes": [0.4912056737588653, 0.2287470449172576, 0.9912056737588653, 0.797304964539007], "class": 2}