{"image": "bca9de1c-1ab0-11ef-8e5c-bd5cfcf36af4.jpg", "bboxes": [0.29546099290780137, 0.2160283687943263, 0.7954609929078014, 0.7845862884160757], "class": 2}