{"image": "bca9de1c-1ab0-11ef-8e5c-bd5cfcf36af4.jpg", "bboxes": [0.0, 0.19096926713947993, 0.4354609929078014, 0.7595271867612292], "class": 2}