{"image": "bca9de1c-1ab0-11ef-8e5c-bd5cfcf36af4.jpg", "bboxes": [0.0, 0.2049172576832152, 0.45323877068557916, 0.7734751773049646], "class": 2}