{"image": "bca9de1c-1ab0-11ef-8e5c-bd5cfcf36af4.jpg", "bboxes": [0.24212765957446802, 0.23096926713947985, 0.742127659574468, 0.7995271867612292], "class": 2}