{"image": "bca9de1c-1ab0-11ef-8e5c-bd5cfcf36af4.jpg", "bboxes": [0.2865721040189124, 0.23380614657210408, 0.7865721040189124, 0.8023640661938535], "class": 2}