{"image": "bcf98940-1ab0-11ef-9d1f-bd5cfcf36af4.jpg", "bboxes": [0.2547517730496454, 0.2812765957446809, 0.7263829787234043, 0.7399054373522459], "class": 2}