{"image": "bcf98940-1ab0-11ef-9d1f-bd5cfcf36af4.jpg", "bboxes": [0.08250591016548459, 0.2534278959810874, 0.5541371158392434, 0.7120567375886523], "class": 2}