{"image": "bcf98940-1ab0-11ef-9d1f-bd5cfcf36af4.jpg", "bboxes": [0.1602836879432623, 0.2746099290780142, 0.6319148936170212, 0.7332387706855793], "class": 2}