{"image": "bcf98940-1ab0-11ef-9d1f-bd5cfcf36af4.jpg", "bboxes": [0.3825059101654845, 0.26231678486997634, 0.8541371158392435, 0.7209456264775413], "class": 2}