{"image": "bcf98940-1ab0-11ef-9d1f-bd5cfcf36af4.jpg", "bboxes": [0.0, 0.23787234042553185, 0.4408037825059101, 0.6965011820330969], "class": 2}