{"image": "bcf98940-1ab0-11ef-9d1f-bd5cfcf36af4.jpg", "bboxes": [0.1336170212765957, 0.2223167848699763, 0.6052482269503545, 0.6809456264775413], "class": 2}