{"image": "bcf98940-1ab0-11ef-9d1f-bd5cfcf36af4.jpg", "bboxes": [0.30250591016548456, 0.21787234042553183, 0.7741371158392435, 0.6765011820330968], "class": 2}