{"image": "bcf98940-1ab0-11ef-9d1f-bd5cfcf36af4.jpg", "bboxes": [0.040283687943262314, 0.25787234042553187, 0.5119148936170212, 0.7165011820330969], "class": 2}