{"image": "bcf98940-1ab0-11ef-9d1f-bd5cfcf36af4.jpg", "bboxes": [0.006950354609928988, 0.31016548463356974, 0.4785815602836879, 0.7687943262411349], "class": 2}