{"image": "bcf98940-1ab0-11ef-9d1f-bd5cfcf36af4.jpg", "bboxes": [0.3558392434988179, 0.2600945626477541, 0.8274704491725768, 0.7187234042553191], "class": 2}