{"image": "bcf98940-1ab0-11ef-9d1f-bd5cfcf36af4.jpg", "bboxes": [0.15806146572104007, 0.3079432624113475, 0.629692671394799, 0.7665721040189126], "class": 2}