{"image": "bcf98940-1ab0-11ef-9d1f-bd5cfcf36af4.jpg", "bboxes": [0.3736170212765957, 0.26231678486997634, 0.8452482269503545, 0.7209456264775413], "class": 2}