{"image": "bcf98940-1ab0-11ef-9d1f-bd5cfcf36af4.jpg", "bboxes": [0.1614184397163121, 0.28794326241134754, 0.633049645390071, 0.7465721040189126], "class": 2}