{"image": "bcf98940-1ab0-11ef-9d1f-bd5cfcf36af4.jpg", "bboxes": [0.4991962174940899, 0.3146099290780142, 0.9708274231678488, 0.7732387706855792], "class": 2}