{"image": "bcf98940-1ab0-11ef-9d1f-bd5cfcf36af4.jpg", "bboxes": [0.49697399527186764, 0.29238770685579196, 0.9686052009456265, 0.7510165484633571], "class": 2}