{"image": "bcf98940-1ab0-11ef-9d1f-bd5cfcf36af4.jpg", "bboxes": [0.13139479905437346, 0.27905437352245865, 0.6030260047281324, 0.7376832151300237], "class": 2}