{"image": "bcf98940-1ab0-11ef-9d1f-bd5cfcf36af4.jpg", "bboxes": [0.03139479905437348, 0.23120567375886514, 0.5030260047281323, 0.6898345153664303], "class": 2}