{"image": "bcf98940-1ab0-11ef-9d1f-bd5cfcf36af4.jpg", "bboxes": [0.48364066193853433, 0.25120567375886516, 0.9552718676122932, 0.7098345153664303], "class": 2}