{"image": "bcf98940-1ab0-11ef-9d1f-bd5cfcf36af4.jpg", "bboxes": [0.4325295508274232, 0.21342789598108736, 0.9041607565011821, 0.6720567375886525], "class": 2}