{"image": "bcf98940-1ab0-11ef-9d1f-bd5cfcf36af4.jpg", "bboxes": [0.25806146572104016, 0.25120567375886516, 0.729692671394799, 0.7098345153664303], "class": 2}