{"image": "bcf98940-1ab0-11ef-9d1f-bd5cfcf36af4.jpg", "bboxes": [0.3380614657210401, 0.2712056737588652, 0.809692671394799, 0.7298345153664303], "class": 2}