{"image": "bcf98940-1ab0-11ef-9d1f-bd5cfcf36af4.jpg", "bboxes": [0.5236406619385343, 0.21120567375886523, 0.9952718676122932, 0.6698345153664302], "class": 2}