{"image": "bcf98940-1ab0-11ef-9d1f-bd5cfcf36af4.jpg", "bboxes": [0.16808510638297877, 0.23787234042553185, 0.6397163120567376, 0.6965011820330969], "class": 2}