{"image": "bcf98940-1ab0-11ef-9d1f-bd5cfcf36af4.jpg", "bboxes": [0.30250591016548456, 0.2679432624113475, 0.7741371158392435, 0.7265721040189126], "class": 2}