{"image": "bcf98940-1ab0-11ef-9d1f-bd5cfcf36af4.jpg", "bboxes": [0.03806146572104008, 0.24231678486997632, 0.509692671394799, 0.7009456264775413], "class": 2}