{"image": "bcf98940-1ab0-11ef-9d1f-bd5cfcf36af4.jpg", "bboxes": [0.12250591016548464, 0.208983451536643, 0.5941371158392434, 0.667612293144208], "class": 2}