{"image": "bcf98940-1ab0-11ef-9d1f-bd5cfcf36af4.jpg", "bboxes": [0.4591962174940899, 0.22453900709219854, 0.9308274231678487, 0.6831678486997637], "class": 2}