{"image": "bcf98940-1ab0-11ef-9d1f-bd5cfcf36af4.jpg", "bboxes": [0.5191962174940898, 0.228983451536643, 0.9908274231678488, 0.687612293144208], "class": 2}