{"image": "bcf98940-1ab0-11ef-9d1f-bd5cfcf36af4.jpg", "bboxes": [0.02472813238770677, 0.2600945626477541, 0.4963593380614657, 0.7187234042553191], "class": 2}