{"image": "bcf98940-1ab0-11ef-9d1f-bd5cfcf36af4.jpg", "bboxes": [0.4991962174940899, 0.33016548463356976, 0.9708274231678488, 0.7887943262411348], "class": 2}