{"image": "bcf98940-1ab0-11ef-9d1f-bd5cfcf36af4.jpg", "bboxes": [0.23252955082742321, 0.2679432624113475, 0.7041607565011822, 0.7265721040189126], "class": 2}