{"image": "bcf98940-1ab0-11ef-9d1f-bd5cfcf36af4.jpg", "bboxes": [0.490307328605201, 0.3257210401891253, 0.9619385342789599, 0.7843498817966904], "class": 2}