{"image": "bcf98940-1ab0-11ef-9d1f-bd5cfcf36af4.jpg", "bboxes": [0.3113947990543735, 0.3257210401891253, 0.7830260047281323, 0.7843498817966904], "class": 2}