{"image": "bcf98940-1ab0-11ef-9d1f-bd5cfcf36af4.jpg", "bboxes": [0.2214184397163121, 0.24009456264775408, 0.693049645390071, 0.6987234042553192], "class": 2}