{"image": "bcf98940-1ab0-11ef-9d1f-bd5cfcf36af4.jpg", "bboxes": [0.30364066193853434, 0.26453900709219846, 0.7752718676122932, 0.7231678486997636], "class": 2}