{"image": "bcf98940-1ab0-11ef-9d1f-bd5cfcf36af4.jpg", "bboxes": [0.07583924349881788, 0.25565011820330963, 0.5474704491725768, 0.7142789598108747], "class": 2}