{"image": "bcf98940-1ab0-11ef-9d1f-bd5cfcf36af4.jpg", "bboxes": [0.14250591016548453, 0.33016548463356976, 0.6141371158392435, 0.7887943262411348], "class": 2}