{"image": "bcf98940-1ab0-11ef-9d1f-bd5cfcf36af4.jpg", "bboxes": [0.40586288416075655, 0.27565011820330965, 0.8774940898345154, 0.7342789598108748], "class": 2}