{"image": "bcf98940-1ab0-11ef-9d1f-bd5cfcf36af4.jpg", "bboxes": [0.015839243498817934, 0.2667612293144207, 0.48747044917257676, 0.7253900709219858], "class": 2}