{"image": "bcf98940-1ab0-11ef-9d1f-bd5cfcf36af4.jpg", "bboxes": [0.3747517730496454, 0.2534278959810874, 0.8463829787234043, 0.7120567375886523], "class": 2}