{"image": "bcf98940-1ab0-11ef-9d1f-bd5cfcf36af4.jpg", "bboxes": [0.14586288416075655, 0.21120567375886523, 0.6174940898345155, 0.6698345153664302], "class": 2}