{"image": "bcf98940-1ab0-11ef-9d1f-bd5cfcf36af4.jpg", "bboxes": [0.16250591016548455, 0.312387706855792, 0.6341371158392435, 0.771016548463357], "class": 2}