{"image": "bcf98940-1ab0-11ef-9d1f-bd5cfcf36af4.jpg", "bboxes": [0.16364066193853433, 0.22009456264775407, 0.6352718676122933, 0.6787234042553192], "class": 2}