{"image": "bcf98940-1ab0-11ef-9d1f-bd5cfcf36af4.jpg", "bboxes": [0.15919621749408988, 0.28349881796690307, 0.6308274231678488, 0.7421276595744681], "class": 2}