{"image": "bcf98940-1ab0-11ef-9d1f-bd5cfcf36af4.jpg", "bboxes": [0.009172576832151225, 0.2534278959810874, 0.48080378250591016, 0.7120567375886524], "class": 2}