{"image": "bcf98940-1ab0-11ef-9d1f-bd5cfcf36af4.jpg", "bboxes": [0.34472813238770683, 0.3279432624113475, 0.8163593380614657, 0.7865721040189126], "class": 2}