{"image": "bcf98940-1ab0-11ef-9d1f-bd5cfcf36af4.jpg", "bboxes": [0.4391962174940899, 0.2156501182033096, 0.9108274231678488, 0.6742789598108747], "class": 2}