{"image": "bcf98940-1ab0-11ef-9d1f-bd5cfcf36af4.jpg", "bboxes": [0.2680851063829788, 0.24453900709219856, 0.7397163120567376, 0.7031678486997636], "class": 2}