{"image": "bcf98940-1ab0-11ef-9d1f-bd5cfcf36af4.jpg", "bboxes": [0.14808510638297875, 0.26231678486997634, 0.6197163120567376, 0.7209456264775413], "class": 2}