{"image": "bcf98940-1ab0-11ef-9d1f-bd5cfcf36af4.jpg", "bboxes": [0.37252955082742323, 0.2990543735224586, 0.844160756501182, 0.7576832151300237], "class": 2}