{"image": "bcf98940-1ab0-11ef-9d1f-bd5cfcf36af4.jpg", "bboxes": [0.47919621749408986, 0.23787234042553185, 0.9508274231678487, 0.696501182033097], "class": 2}