{"image": "bcf98940-1ab0-11ef-9d1f-bd5cfcf36af4.jpg", "bboxes": [0.3047281323877068, 0.27016548463356976, 0.7763593380614657, 0.7287943262411348], "class": 2}