{"image": "bcf98940-1ab0-11ef-9d1f-bd5cfcf36af4.jpg", "bboxes": [0.3280851063829788, 0.32127659574468087, 0.7997163120567377, 0.7799054373522459], "class": 2}