{"image": "bcf98940-1ab0-11ef-9d1f-bd5cfcf36af4.jpg", "bboxes": [0.32586288416075654, 0.2734278959810874, 0.7974940898345154, 0.7320567375886524], "class": 2}