{"image": "bcf98940-1ab0-11ef-9d1f-bd5cfcf36af4.jpg", "bboxes": [0.1525295508274232, 0.2657210401891253, 0.6241607565011821, 0.7243498817966904], "class": 2}