{"image": "bcf98940-1ab0-11ef-9d1f-bd5cfcf36af4.jpg", "bboxes": [0.15919621749408988, 0.2857210401891253, 0.6308274231678488, 0.7443498817966904], "class": 2}