{"image": "bcf98940-1ab0-11ef-9d1f-bd5cfcf36af4.jpg", "bboxes": [0.4814184397163121, 0.30127659574468085, 0.953049645390071, 0.7599054373522459], "class": 2}