{"image": "bcf98940-1ab0-11ef-9d1f-bd5cfcf36af4.jpg", "bboxes": [0.0, 0.2712056737588652, 0.4652482269503546, 0.7298345153664303], "class": 2}