{"image": "bcf98940-1ab0-11ef-9d1f-bd5cfcf36af4.jpg", "bboxes": [0.2547517730496454, 0.3057210401891253, 0.7263829787234043, 0.7643498817966904], "class": 2}