{"image": "bcf98940-1ab0-11ef-9d1f-bd5cfcf36af4.jpg", "bboxes": [0.46586288416075655, 0.272387706855792, 0.9374940898345154, 0.7310165484633571], "class": 2}