{"image": "bd490a38-1ab0-11ef-8dd6-bd5cfcf36af4.jpg", "bboxes": [0.5118203309692672, 0.261323877068558, 0.9172576832151299, 0.7743262411347517], "class": 2}