{"image": "bd490a38-1ab0-11ef-8dd6-bd5cfcf36af4.jpg", "bboxes": [0.20293144208037828, 0.23234042553191492, 0.608368794326241, 0.7453427895981086], "class": 2}