{"image": "bd490a38-1ab0-11ef-8dd6-bd5cfcf36af4.jpg", "bboxes": [0.17848699763593381, 0.17900709219858157, 0.5839243498817965, 0.6920094562647754], "class": 2}