{"image": "bd490a38-1ab0-11ef-8dd6-bd5cfcf36af4.jpg", "bboxes": [0.5095981087470449, 0.18345153664302605, 0.9150354609929077, 0.6964539007092199], "class": 2}