{"image": "bd490a38-1ab0-11ef-8dd6-bd5cfcf36af4.jpg", "bboxes": [0.3071867612293146, 0.1990070921985816, 0.7126241134751773, 0.7120094562647754], "class": 2}