{"image": "bd490a38-1ab0-11ef-8dd6-bd5cfcf36af4.jpg", "bboxes": [0.38070921985815603, 0.3079905437352246, 0.7861465721040187, 0.8209929078014184], "class": 2}