{"image": "bd490a38-1ab0-11ef-8dd6-bd5cfcf36af4.jpg", "bboxes": [0.2027423167848701, 0.25021276595744685, 0.6081796690307328, 0.7632151300236406], "class": 2}