{"image": "bd490a38-1ab0-11ef-8dd6-bd5cfcf36af4.jpg", "bboxes": [0.3160756501182035, 0.20122931442080383, 0.7215130023640661, 0.7142316784869975], "class": 2}