{"image": "bd490a38-1ab0-11ef-8dd6-bd5cfcf36af4.jpg", "bboxes": [0.4540425531914894, 0.2724349881796691, 0.8594799054373521, 0.7854373522458629], "class": 2}