{"image": "bd490a38-1ab0-11ef-8dd6-bd5cfcf36af4.jpg", "bboxes": [0.5340425531914894, 0.2746572104018913, 0.939479905437352, 0.7876595744680851], "class": 2}