{"image": "bd490a38-1ab0-11ef-8dd6-bd5cfcf36af4.jpg", "bboxes": [0.2871867612293145, 0.2835460992907802, 0.6926241134751773, 0.7965484633569739], "class": 2}