{"image": "bd490a38-1ab0-11ef-8dd6-bd5cfcf36af4.jpg", "bboxes": [0.4673758865248227, 0.2902127659574468, 0.8728132387706854, 0.8032151300236406], "class": 2}