{"image": "bd490a38-1ab0-11ef-8dd6-bd5cfcf36af4.jpg", "bboxes": [0.16070921985815606, 0.2568794326241135, 0.5661465721040188, 0.7698817966903073], "class": 2}