{"image": "bd490a38-1ab0-11ef-8dd6-bd5cfcf36af4.jpg", "bboxes": [0.22940898345153682, 0.17678486997635937, 0.6348463356973995, 0.6897872340425533], "class": 2}