{"image": "bd490a38-1ab0-11ef-8dd6-bd5cfcf36af4.jpg", "bboxes": [0.18070921985815605, 0.21456264775413714, 0.5861465721040188, 0.727565011820331], "class": 2}