{"image": "bd490a38-1ab0-11ef-8dd6-bd5cfcf36af4.jpg", "bboxes": [0.38737588652482274, 0.2768794326241135, 0.7928132387706854, 0.7898817966903073], "class": 2}