{"image": "bd490a38-1ab0-11ef-8dd6-bd5cfcf36af4.jpg", "bboxes": [0.16718676122931453, 0.3035460992907802, 0.5726241134751773, 0.816548463356974], "class": 2}