{"image": "bd490a38-1ab0-11ef-8dd6-bd5cfcf36af4.jpg", "bboxes": [0.3227423167848701, 0.1990070921985816, 0.7281796690307328, 0.7120094562647754], "class": 2}