{"image": "bd490a38-1ab0-11ef-8dd6-bd5cfcf36af4.jpg", "bboxes": [0.5007092198581561, 0.2857683215130024, 0.9061465721040187, 0.7987706855791962], "class": 2}