{"image": "bd490a38-1ab0-11ef-8dd6-bd5cfcf36af4.jpg", "bboxes": [0.4873758865248227, 0.24799054373522464, 0.8928132387706854, 0.7609929078014184], "class": 2}