{"image": "bd490a38-1ab0-11ef-8dd6-bd5cfcf36af4.jpg", "bboxes": [0.18718676122931455, 0.2367848699763594, 0.5926241134751773, 0.7497872340425531], "class": 2}