{"image": "bd490a38-1ab0-11ef-8dd6-bd5cfcf36af4.jpg", "bboxes": [0.3360756501182035, 0.3079905437352246, 0.7415130023640661, 0.8209929078014184], "class": 2}