{"image": "bd490a38-1ab0-11ef-8dd6-bd5cfcf36af4.jpg", "bboxes": [0.2649645390070924, 0.2635460992907802, 0.670401891252955, 0.7765484633569739], "class": 2}