{"image": "bd490a38-1ab0-11ef-8dd6-bd5cfcf36af4.jpg", "bboxes": [0.4162647754137116, 0.21678486997635937, 0.8217021276595743, 0.7297872340425531], "class": 2}