{"image": "bd490a38-1ab0-11ef-8dd6-bd5cfcf36af4.jpg", "bboxes": [0.4271867612293145, 0.28132387706855794, 0.8326241134751773, 0.7943262411347517], "class": 2}