{"image": "bd490a38-1ab0-11ef-8dd6-bd5cfcf36af4.jpg", "bboxes": [0.38940898345153674, 0.3146572104018913, 0.7948463356973995, 0.827659574468085], "class": 2}