{"image": "bd490a38-1ab0-11ef-8dd6-bd5cfcf36af4.jpg", "bboxes": [0.29385342789598123, 0.2902127659574468, 0.699290780141844, 0.8032151300236406], "class": 2}