{"image": "bd490a38-1ab0-11ef-8dd6-bd5cfcf36af4.jpg", "bboxes": [0.5029314420803783, 0.2657683215130024, 0.908368794326241, 0.7787706855791962], "class": 2}