{"image": "bd490a38-1ab0-11ef-8dd6-bd5cfcf36af4.jpg", "bboxes": [0.2805200945626479, 0.3124349881796691, 0.6859574468085106, 0.8254373522458628], "class": 2}