{"image": "bd490a38-1ab0-11ef-8dd6-bd5cfcf36af4.jpg", "bboxes": [0.5540425531914894, 0.3035460992907802, 0.9594799054373521, 0.816548463356974], "class": 2}