{"image": "bd490a38-1ab0-11ef-8dd6-bd5cfcf36af4.jpg", "bboxes": [0.49182033096926714, 0.23011820330969268, 0.8972576832151299, 0.7431205673758865], "class": 2}