{"image": "bd490a38-1ab0-11ef-8dd6-bd5cfcf36af4.jpg", "bboxes": [0.28959810874704495, 0.23011820330969268, 0.6950354609929077, 0.7431205673758865], "class": 2}