{"image": "bd490a38-1ab0-11ef-8dd6-bd5cfcf36af4.jpg", "bboxes": [0.3471867612293146, 0.29687943262411354, 0.7526241134751772, 0.8098817966903072], "class": 2}