{"image": "bd490a38-1ab0-11ef-8dd6-bd5cfcf36af4.jpg", "bboxes": [0.04274231678487017, 0.20345153664302604, 0.44817966903073286, 0.7164539007092199], "class": 2}