{"image": "bd490a38-1ab0-11ef-8dd6-bd5cfcf36af4.jpg", "bboxes": [0.5095981087470449, 0.23234042553191492, 0.9150354609929077, 0.7453427895981086], "class": 2}