{"image": "bd490a38-1ab0-11ef-8dd6-bd5cfcf36af4.jpg", "bboxes": [0.07385342789598126, 0.18789598108747052, 0.4792907801418439, 0.7008983451536643], "class": 2}