{"image": "bd490a38-1ab0-11ef-8dd6-bd5cfcf36af4.jpg", "bboxes": [0.30737588652482273, 0.18567375886524828, 0.7128132387706855, 0.698676122931442], "class": 2}