{"image": "bd490a38-1ab0-11ef-8dd6-bd5cfcf36af4.jpg", "bboxes": [0.2962647754137116, 0.17234042553191498, 0.7017021276595743, 0.6853427895981087], "class": 2}