{"image": "bd490a38-1ab0-11ef-8dd6-bd5cfcf36af4.jpg", "bboxes": [0.2671867612293146, 0.2256737588652483, 0.6726241134751774, 0.738676122931442], "class": 2}