{"image": "bd490a38-1ab0-11ef-8dd6-bd5cfcf36af4.jpg", "bboxes": [0.1205200945626479, 0.19456264775413712, 0.5259574468085106, 0.7075650118203309], "class": 2}