{"image": "bd490a38-1ab0-11ef-8dd6-bd5cfcf36af4.jpg", "bboxes": [0.3249645390070923, 0.2991016548463357, 0.7304018912529551, 0.8121040189125295], "class": 2}