{"image": "bd490a38-1ab0-11ef-8dd6-bd5cfcf36af4.jpg", "bboxes": [0.4073758865248227, 0.2546572104018913, 0.8128132387706855, 0.7676595744680851], "class": 2}