{"image": "bd490a38-1ab0-11ef-8dd6-bd5cfcf36af4.jpg", "bboxes": [0.38274231678487014, 0.25021276595744685, 0.7881796690307329, 0.7632151300236406], "class": 2}