{"image": "bd490a38-1ab0-11ef-8dd6-bd5cfcf36af4.jpg", "bboxes": [0.2584869976359338, 0.22122931442080385, 0.6639243498817965, 0.7342316784869976], "class": 2}