{"image": "bd490a38-1ab0-11ef-8dd6-bd5cfcf36af4.jpg", "bboxes": [0.09607565011820351, 0.1990070921985816, 0.5015130023640662, 0.7120094562647754], "class": 2}