{"image": "bd490a38-1ab0-11ef-8dd6-bd5cfcf36af4.jpg", "bboxes": [0.15848699763593382, 0.2946572104018913, 0.5639243498817965, 0.807659574468085], "class": 2}