{"image": "bd490a38-1ab0-11ef-8dd6-bd5cfcf36af4.jpg", "bboxes": [0.29404255319148936, 0.28132387706855794, 0.6994799054373521, 0.7943262411347517], "class": 2}