{"image": "bd490a38-1ab0-11ef-8dd6-bd5cfcf36af4.jpg", "bboxes": [0.3738534278959812, 0.27021276595744687, 0.7792907801418439, 0.7832151300236406], "class": 2}