{"image": "bd490a38-1ab0-11ef-8dd6-bd5cfcf36af4.jpg", "bboxes": [0.38274231678487014, 0.20122931442080383, 0.7881796690307328, 0.7142316784869975], "class": 2}