{"image": "bd490a38-1ab0-11ef-8dd6-bd5cfcf36af4.jpg", "bboxes": [0.3051536643026005, 0.28799054373522465, 0.7105910165484632, 0.8009929078014184], "class": 2}