{"image": "bd490a38-1ab0-11ef-8dd6-bd5cfcf36af4.jpg", "bboxes": [0.32052009456264785, 0.20789598108747054, 0.7259574468085106, 0.7208983451536642], "class": 2}