{"image": "bd490a38-1ab0-11ef-8dd6-bd5cfcf36af4.jpg", "bboxes": [0.2584869976359338, 0.2568794326241135, 0.6639243498817965, 0.7698817966903073], "class": 2}