{"image": "bd490a38-1ab0-11ef-8dd6-bd5cfcf36af4.jpg", "bboxes": [0.411631205673759, 0.17900709219858157, 0.8170685579196217, 0.6920094562647754], "class": 2}