{"image": "bd490a38-1ab0-11ef-8dd6-bd5cfcf36af4.jpg", "bboxes": [0.20496453900709233, 0.2746572104018913, 0.6104018912529551, 0.7876595744680851], "class": 2}