{"image": "bd490a38-1ab0-11ef-8dd6-bd5cfcf36af4.jpg", "bboxes": [0.28070921985815606, 0.18345153664302605, 0.6861465721040187, 0.6964539007092199], "class": 2}