{"image": "bde82ef2-1ab0-11ef-a01c-bd5cfcf36af4.jpg", "bboxes": [0.025484633569739734, 0.1916312056737589, 0.4900236406619385, 0.7460047281323876], "class": 2}