{"image": "bde82ef2-1ab0-11ef-a01c-bd5cfcf36af4.jpg", "bboxes": [0.39664302600472817, 0.1849645390070922, 0.8611820330969269, 0.739338061465721], "class": 2}