{"image": "bde82ef2-1ab0-11ef-a01c-bd5cfcf36af4.jpg", "bboxes": [0.0165957446808509, 0.2384397163120568, 0.48113475177304965, 0.7928132387706855], "class": 2}