{"image": "bde82ef2-1ab0-11ef-a01c-bd5cfcf36af4.jpg", "bboxes": [0.09659574468085086, 0.18718676122931444, 0.5611347517730496, 0.7415602836879431], "class": 2}