{"image": "bde82ef2-1ab0-11ef-a01c-bd5cfcf36af4.jpg", "bboxes": [0.16992907801418422, 0.23399527186761235, 0.634468085106383, 0.7883687943262411], "class": 2}