{"image": "bde82ef2-1ab0-11ef-a01c-bd5cfcf36af4.jpg", "bboxes": [0.15437352245862868, 0.19607565011820338, 0.6189125295508274, 0.7504491725768321], "class": 2}