{"image": "bde82ef2-1ab0-11ef-a01c-bd5cfcf36af4.jpg", "bboxes": [0.13881796690307313, 0.2673286052009457, 0.6033569739952718, 0.8217021276595744], "class": 2}