{"image": "bde82ef2-1ab0-11ef-a01c-bd5cfcf36af4.jpg", "bboxes": [0.3632624113475176, 0.2562174940898346, 0.8278014184397163, 0.8105910165484633], "class": 2}