{"image": "bde82ef2-1ab0-11ef-a01c-bd5cfcf36af4.jpg", "bboxes": [0.44108747044917257, 0.18052009456264773, 0.9056264775413714, 0.7348936170212765], "class": 2}