{"image": "bde82ef2-1ab0-11ef-a01c-bd5cfcf36af4.jpg", "bboxes": [0.19659574468085084, 0.23621749408983456, 0.6611347517730497, 0.7905910165484633], "class": 2}