{"image": "bde82ef2-1ab0-11ef-a01c-bd5cfcf36af4.jpg", "bboxes": [0.2766430260047281, 0.22718676122931447, 0.7411820330969269, 0.7815602836879432], "class": 2}