{"image": "bde82ef2-1ab0-11ef-a01c-bd5cfcf36af4.jpg", "bboxes": [0.3699763593380615, 0.22288416075650125, 0.8345153664302603, 0.77725768321513], "class": 2}