{"image": "bde82ef2-1ab0-11ef-a01c-bd5cfcf36af4.jpg", "bboxes": [0.3321513002364064, 0.2584397163120568, 0.7966903073286051, 0.8128132387706856], "class": 2}