{"image": "bde82ef2-1ab0-11ef-a01c-bd5cfcf36af4.jpg", "bboxes": [0.44997635933806146, 0.1849645390070922, 0.9145153664302602, 0.739338061465721], "class": 2}