{"image": "bde82ef2-1ab0-11ef-a01c-bd5cfcf36af4.jpg", "bboxes": [0.14104018912529526, 0.2584397163120568, 0.6055791962174941, 0.8128132387706856], "class": 2}