{"image": "bde82ef2-1ab0-11ef-a01c-bd5cfcf36af4.jpg", "bboxes": [0.05215130023640646, 0.220661938534279, 0.5166903073286051, 0.7750354609929078], "class": 2}