{"image": "bde82ef2-1ab0-11ef-a01c-bd5cfcf36af4.jpg", "bboxes": [0.34326241134751756, 0.2717730496453901, 0.8078014184397163, 0.8261465721040189], "class": 2}