{"image": "bde82ef2-1ab0-11ef-a01c-bd5cfcf36af4.jpg", "bboxes": [0.12326241134751748, 0.24288416075650124, 0.5878014184397162, 0.79725768321513], "class": 2}