{"image": "bde82ef2-1ab0-11ef-a01c-bd5cfcf36af4.jpg", "bboxes": [0.47886524822695037, 0.23621749408983456, 0.9434042553191492, 0.7905910165484633], "class": 2}