{"image": "bde82ef2-1ab0-11ef-a01c-bd5cfcf36af4.jpg", "bboxes": [0.4433096926713948, 0.22274231678487, 0.9078486997635936, 0.7771158392434987], "class": 2}