{"image": "bde82ef2-1ab0-11ef-a01c-bd5cfcf36af4.jpg", "bboxes": [0.04104018912529528, 0.1738534278959811, 0.505579196217494, 0.7282269503546098], "class": 2}