{"image": "bde82ef2-1ab0-11ef-a01c-bd5cfcf36af4.jpg", "bboxes": [0.3788179669030731, 0.20718676122931445, 0.8433569739952719, 0.7615602836879433], "class": 2}