{"image": "bde82ef2-1ab0-11ef-a01c-bd5cfcf36af4.jpg", "bboxes": [0.3321985815602837, 0.2160756501182033, 0.7967375886524825, 0.7704491725768321], "class": 2}