{"image": "bde82ef2-1ab0-11ef-a01c-bd5cfcf36af4.jpg", "bboxes": [0.067706855791962, 0.260661938534279, 0.5322458628841608, 0.8150354609929078], "class": 2}