{"image": "bde82ef2-1ab0-11ef-a01c-bd5cfcf36af4.jpg", "bboxes": [0.3699290780141842, 0.2584397163120568, 0.8344680851063829, 0.8128132387706856], "class": 2}