{"image": "bde82ef2-1ab0-11ef-a01c-bd5cfcf36af4.jpg", "bboxes": [0.5166430260047281, 0.2273286052009457, 0.9811820330969269, 0.7817021276595745], "class": 2}