{"image": "bde82ef2-1ab0-11ef-a01c-bd5cfcf36af4.jpg", "bboxes": [0.48775413711583926, 0.25399527186761234, 0.952293144208038, 0.8083687943262411], "class": 2}