{"image": "bde82ef2-1ab0-11ef-a01c-bd5cfcf36af4.jpg", "bboxes": [0.34553191489361706, 0.280661938534279, 0.8100709219858158, 0.8350354609929078], "class": 2}