{"image": "bde82ef2-1ab0-11ef-a01c-bd5cfcf36af4.jpg", "bboxes": [0.4433096926713948, 0.2584397163120568, 0.9078486997635936, 0.8128132387706856], "class": 2}