{"image": "bde82ef2-1ab0-11ef-a01c-bd5cfcf36af4.jpg", "bboxes": [0.22775413711583925, 0.2517730496453901, 0.692293144208038, 0.8061465721040189], "class": 2}