{"image": "bde82ef2-1ab0-11ef-a01c-bd5cfcf36af4.jpg", "bboxes": [0.1121985815602837, 0.16718676122931442, 0.5767375886524825, 0.7215602836879432], "class": 2}