{"image": "bde82ef2-1ab0-11ef-a01c-bd5cfcf36af4.jpg", "bboxes": [0.44997635933806146, 0.2851063829787235, 0.9145153664302602, 0.8394799054373522], "class": 2}