{"image": "bde82ef2-1ab0-11ef-a01c-bd5cfcf36af4.jpg", "bboxes": [0.21215130023640638, 0.22288416075650125, 0.6766903073286051, 0.77725768321513], "class": 2}