{"image": "bde82ef2-1ab0-11ef-a01c-bd5cfcf36af4.jpg", "bboxes": [0.02770685579196197, 0.22052009456264776, 0.4922458628841607, 0.7748936170212766], "class": 2}