{"image": "bde82ef2-1ab0-11ef-a01c-bd5cfcf36af4.jpg", "bboxes": [0.032151300236406444, 0.2273286052009457, 0.4966903073286052, 0.7817021276595745], "class": 2}