{"image": "bde82ef2-1ab0-11ef-a01c-bd5cfcf36af4.jpg", "bboxes": [0.3588179669030731, 0.1960756501182034, 0.8233569739952719, 0.7504491725768321], "class": 2}