{"image": "bde82ef2-1ab0-11ef-a01c-bd5cfcf36af4.jpg", "bboxes": [0.16775413711583925, 0.22288416075650125, 0.6322931442080381, 0.77725768321513], "class": 2}