{"image": "bde82ef2-1ab0-11ef-a01c-bd5cfcf36af4.jpg", "bboxes": [0.15215130023640644, 0.2673286052009457, 0.6166903073286052, 0.8217021276595744], "class": 2}