{"image": "bde82ef2-1ab0-11ef-a01c-bd5cfcf36af4.jpg", "bboxes": [0.13664302600472814, 0.18940898345153667, 0.601182033096927, 0.7437825059101655], "class": 2}