{"image": "bde82ef2-1ab0-11ef-a01c-bd5cfcf36af4.jpg", "bboxes": [0.3366430260047282, 0.24288416075650124, 0.8011820330969269, 0.79725768321513], "class": 2}