{"image": "bde82ef2-1ab0-11ef-a01c-bd5cfcf36af4.jpg", "bboxes": [0.18330969267139482, 0.20496453900709222, 0.6478486997635936, 0.759338061465721], "class": 2}