{"image": "bde82ef2-1ab0-11ef-a01c-bd5cfcf36af4.jpg", "bboxes": [0.12997635933806148, 0.23399527186761235, 0.5945153664302603, 0.7883687943262411], "class": 2}