{"image": "bde82ef2-1ab0-11ef-a01c-bd5cfcf36af4.jpg", "bboxes": [0.21442080378250591, 0.1960756501182034, 0.6789598108747047, 0.7504491725768321], "class": 2}