{"image": "bde82ef2-1ab0-11ef-a01c-bd5cfcf36af4.jpg", "bboxes": [0.09437352245862862, 0.19385342789598115, 0.5589125295508275, 0.74822695035461], "class": 2}