{"image": "bde82ef2-1ab0-11ef-a01c-bd5cfcf36af4.jpg", "bboxes": [0.10104018912529533, 0.1916312056737589, 0.5655791962174941, 0.7460047281323876], "class": 2}