{"image": "bde82ef2-1ab0-11ef-a01c-bd5cfcf36af4.jpg", "bboxes": [0.38997635933806146, 0.24510638297872345, 0.8545153664302603, 0.7994799054373523], "class": 2}