{"image": "bde82ef2-1ab0-11ef-a01c-bd5cfcf36af4.jpg", "bboxes": [0.18553191489361703, 0.2295508274231679, 0.6500709219858158, 0.7839243498817967], "class": 2}