{"image": "bde82ef2-1ab0-11ef-a01c-bd5cfcf36af4.jpg", "bboxes": [0.2299763593380615, 0.28288416075650125, 0.6945153664302602, 0.8372576832151299], "class": 2}