{"image": "bde82ef2-1ab0-11ef-a01c-bd5cfcf36af4.jpg", "bboxes": [0.032151300236406444, 0.22510638297872346, 0.4966903073286052, 0.7794799054373522], "class": 2}