{"image": "bde82ef2-1ab0-11ef-a01c-bd5cfcf36af4.jpg", "bboxes": [0.3233096926713948, 0.19385342789598115, 0.7878486997635936, 0.74822695035461], "class": 2}