{"image": "bde82ef2-1ab0-11ef-a01c-bd5cfcf36af4.jpg", "bboxes": [0.2944208037825059, 0.24732860520094568, 0.7589598108747047, 0.8017021276595745], "class": 2}