{"image": "bde82ef2-1ab0-11ef-a01c-bd5cfcf36af4.jpg", "bboxes": [0.21659574468085085, 0.2384397163120568, 0.6811347517730496, 0.7928132387706855], "class": 2}