{"image": "bde82ef2-1ab0-11ef-a01c-bd5cfcf36af4.jpg", "bboxes": [0.06548463356973977, 0.27399527186761236, 0.5300236406619385, 0.8283687943262411], "class": 2}