{"image": "bde82ef2-1ab0-11ef-a01c-bd5cfcf36af4.jpg", "bboxes": [0.3144208037825059, 0.19385342789598115, 0.7789598108747047, 0.74822695035461], "class": 2}