{"image": "bde82ef2-1ab0-11ef-a01c-bd5cfcf36af4.jpg", "bboxes": [0.21886524822695036, 0.21163120567375893, 0.6834042553191492, 0.7660047281323876], "class": 2}