{"image": "bde82ef2-1ab0-11ef-a01c-bd5cfcf36af4.jpg", "bboxes": [0.18775413711583927, 0.2273286052009457, 0.6522931442080381, 0.7817021276595745], "class": 2}