{"image": "bde82ef2-1ab0-11ef-a01c-bd5cfcf36af4.jpg", "bboxes": [0.44108747044917257, 0.2495508274231679, 0.9056264775413714, 0.8039243498817966], "class": 2}