{"image": "bde82ef2-1ab0-11ef-a01c-bd5cfcf36af4.jpg", "bboxes": [0.3699290780141842, 0.2695508274231679, 0.8344680851063829, 0.8239243498817966], "class": 2}