{"image": "bde82ef2-1ab0-11ef-a01c-bd5cfcf36af4.jpg", "bboxes": [0.12770685579196195, 0.22718676122931447, 0.5922458628841607, 0.7815602836879432], "class": 2}