{"image": "bde82ef2-1ab0-11ef-a01c-bd5cfcf36af4.jpg", "bboxes": [0.12104018912529535, 0.1849645390070922, 0.5855791962174941, 0.739338061465721], "class": 2}