{"image": "bde82ef2-1ab0-11ef-a01c-bd5cfcf36af4.jpg", "bboxes": [0.40775413711583924, 0.21385342789598116, 0.872293144208038, 0.7682269503546099], "class": 2}