{"image": "bde82ef2-1ab0-11ef-a01c-bd5cfcf36af4.jpg", "bboxes": [0.08104018912529531, 0.26510638297872346, 0.5455791962174941, 0.8194799054373523], "class": 2}