{"image": "bde82ef2-1ab0-11ef-a01c-bd5cfcf36af4.jpg", "bboxes": [0.1432624113475175, 0.2160756501182033, 0.6078014184397162, 0.7704491725768321], "class": 2}