{"image": "bde82ef2-1ab0-11ef-a01c-bd5cfcf36af4.jpg", "bboxes": [0.2410874704491726, 0.22510638297872346, 0.7056264775413713, 0.7794799054373522], "class": 2}