{"image": "bde82ef2-1ab0-11ef-a01c-bd5cfcf36af4.jpg", "bboxes": [0.3632624113475176, 0.16052009456264782, 0.8278014184397163, 0.7148936170212765], "class": 2}