{"image": "bde82ef2-1ab0-11ef-a01c-bd5cfcf36af4.jpg", "bboxes": [0.09659574468085086, 0.23621749408983456, 0.5611347517730496, 0.7905910165484633], "class": 2}