{"image": "bde82ef2-1ab0-11ef-a01c-bd5cfcf36af4.jpg", "bboxes": [0.28330969267139483, 0.18718676122931444, 0.7478486997635936, 0.7415602836879431], "class": 2}