{"image": "bde82ef2-1ab0-11ef-a01c-bd5cfcf36af4.jpg", "bboxes": [0.4899763593380615, 0.19829787234042548, 0.9545153664302602, 0.7526713947990543], "class": 2}