{"image": "be37e41a-1ab0-11ef-b232-bd5cfcf36af4.jpg", "bboxes": [0.5207092198581561, 0.22288416075650125, 0.9155082742316784, 0.7299763593380615], "class": 2}