{"image": "be37e41a-1ab0-11ef-b232-bd5cfcf36af4.jpg", "bboxes": [0.468936170212766, 0.24557919621749402, 0.8637352245862884, 0.7526713947990543], "class": 2}