{"image": "be37e41a-1ab0-11ef-b232-bd5cfcf36af4.jpg", "bboxes": [0.07782505910165494, 0.24113475177304966, 0.4726241134751773, 0.74822695035461], "class": 2}