{"image": "be37e41a-1ab0-11ef-b232-bd5cfcf36af4.jpg", "bboxes": [0.4873758865248227, 0.23002364066193848, 0.882174940898345, 0.7371158392434988], "class": 2}