{"image": "be37e41a-1ab0-11ef-b232-bd5cfcf36af4.jpg", "bboxes": [0.35115839243498825, 0.2189125295508274, 0.7459574468085106, 0.7260047281323876], "class": 2}