{"image": "be37e41a-1ab0-11ef-b232-bd5cfcf36af4.jpg", "bboxes": [0.4489361702127661, 0.24557919621749402, 0.8437352245862884, 0.7526713947990543], "class": 2}