{"image": "be37e41a-1ab0-11ef-b232-bd5cfcf36af4.jpg", "bboxes": [0.17338061465721044, 0.2851063829787235, 0.5681796690307328, 0.7921985815602837], "class": 2}