{"image": "be37e41a-1ab0-11ef-b232-bd5cfcf36af4.jpg", "bboxes": [0.12449172576832157, 0.28288416075650125, 0.5192907801418439, 0.7899763593380614], "class": 2}