{"image": "be37e41a-1ab0-11ef-b232-bd5cfcf36af4.jpg", "bboxes": [0.3600472813238772, 0.2562174940898346, 0.7548463356973996, 0.7633096926713948], "class": 2}