{"image": "be37e41a-1ab0-11ef-b232-bd5cfcf36af4.jpg", "bboxes": [0.35404255319148936, 0.20780141843971633, 0.7488416075650117, 0.7148936170212765], "class": 2}