{"image": "be37e41a-1ab0-11ef-b232-bd5cfcf36af4.jpg", "bboxes": [0.4667139479905438, 0.260661938534279, 0.8615130023640661, 0.7677541371158393], "class": 2}