{"image": "be37e41a-1ab0-11ef-b232-bd5cfcf36af4.jpg", "bboxes": [0.40893617021276607, 0.280661938534279, 0.8037352245862884, 0.7877541371158393], "class": 2}