{"image": "be37e41a-1ab0-11ef-b232-bd5cfcf36af4.jpg", "bboxes": [0.12004728132387721, 0.25891252955082744, 0.5148463356973996, 0.7660047281323876], "class": 2}