{"image": "be37e41a-1ab0-11ef-b232-bd5cfcf36af4.jpg", "bboxes": [0.09338061465721048, 0.24557919621749402, 0.48817966903073284, 0.7526713947990543], "class": 2}