{"image": "be37e41a-1ab0-11ef-b232-bd5cfcf36af4.jpg", "bboxes": [0.3333806146572105, 0.23891252955082742, 0.7281796690307328, 0.7460047281323876], "class": 2}