{"image": "be37e41a-1ab0-11ef-b232-bd5cfcf36af4.jpg", "bboxes": [0.38737588652482274, 0.2517730496453901, 0.782174940898345, 0.7588652482269503], "class": 2}