{"image": "be37e41a-1ab0-11ef-b232-bd5cfcf36af4.jpg", "bboxes": [0.5518203309692672, 0.2678014184397163, 0.9466193853427896, 0.7748936170212766], "class": 2}