{"image": "be37e41a-1ab0-11ef-b232-bd5cfcf36af4.jpg", "bboxes": [0.33115839243498824, 0.2189125295508274, 0.7259574468085106, 0.7260047281323875], "class": 2}