{"image": "be37e41a-1ab0-11ef-b232-bd5cfcf36af4.jpg", "bboxes": [0.09560283687943272, 0.23446808510638295, 0.4904018912529551, 0.7415602836879431], "class": 2}