{"image": "be37e41a-1ab0-11ef-b232-bd5cfcf36af4.jpg", "bboxes": [0.5429314420803782, 0.2673286052009457, 0.9377304964539006, 0.7744208037825059], "class": 2}