{"image": "be37e41a-1ab0-11ef-b232-bd5cfcf36af4.jpg", "bboxes": [0.31848699763593386, 0.23891252955082745, 0.7132860520094562, 0.7460047281323876], "class": 2}