{"image": "be37e41a-1ab0-11ef-b232-bd5cfcf36af4.jpg", "bboxes": [0.468936170212766, 0.25446808510638297, 0.8637352245862884, 0.7615602836879432], "class": 2}