{"image": "be37e41a-1ab0-11ef-b232-bd5cfcf36af4.jpg", "bboxes": [0.1511583924349883, 0.25399527186761234, 0.5459574468085107, 0.7610874704491726], "class": 2}