{"image": "be37e41a-1ab0-11ef-b232-bd5cfcf36af4.jpg", "bboxes": [0.20449172576832164, 0.2295508274231679, 0.599290780141844, 0.7366430260047282], "class": 2}