{"image": "be37e41a-1ab0-11ef-b232-bd5cfcf36af4.jpg", "bboxes": [0.3051536643026005, 0.2500236406619385, 0.6999527186761229, 0.7571158392434988], "class": 2}