{"image": "be37e41a-1ab0-11ef-b232-bd5cfcf36af4.jpg", "bboxes": [0.1451536643026005, 0.21669030732860517, 0.5399527186761228, 0.7237825059101655], "class": 2}