{"image": "be37e41a-1ab0-11ef-b232-bd5cfcf36af4.jpg", "bboxes": [0.4340425531914894, 0.26288416075650123, 0.8288416075650117, 0.7699763593380615], "class": 2}