{"image": "be37e41a-1ab0-11ef-b232-bd5cfcf36af4.jpg", "bboxes": [0.4222695035460994, 0.2717730496453901, 0.8170685579196217, 0.7788652482269504], "class": 2}