{"image": "be37e41a-1ab0-11ef-b232-bd5cfcf36af4.jpg", "bboxes": [0.43338061465721045, 0.22113475177304964, 0.8281796690307328, 0.7282269503546098], "class": 2}