{"image": "be37e41a-1ab0-11ef-b232-bd5cfcf36af4.jpg", "bboxes": [0.46959810874704494, 0.220661938534279, 0.8643971631205672, 0.7277541371158393], "class": 2}