{"image": "be37e41a-1ab0-11ef-b232-bd5cfcf36af4.jpg", "bboxes": [0.5340425531914894, 0.2384397163120568, 0.9288416075650118, 0.745531914893617], "class": 2}