{"image": "be37e41a-1ab0-11ef-b232-bd5cfcf36af4.jpg", "bboxes": [0.41404255319148936, 0.24510638297872345, 0.8088416075650118, 0.7521985815602837], "class": 2}