{"image": "be37e41a-1ab0-11ef-b232-bd5cfcf36af4.jpg", "bboxes": [0.39338061465721047, 0.22780141843971624, 0.7881796690307329, 0.7348936170212765], "class": 2}