{"image": "be37e41a-1ab0-11ef-b232-bd5cfcf36af4.jpg", "bboxes": [0.4244917257683216, 0.24288416075650124, 0.819290780141844, 0.7499763593380615], "class": 2}