{"image": "be37e41a-1ab0-11ef-b232-bd5cfcf36af4.jpg", "bboxes": [0.23560283687943273, 0.2184397163120568, 0.630401891252955, 0.725531914893617], "class": 2}