{"image": "be37e41a-1ab0-11ef-b232-bd5cfcf36af4.jpg", "bboxes": [0.16293144208037827, 0.2678014184397163, 0.5577304964539006, 0.7748936170212766], "class": 2}