{"image": "be37e41a-1ab0-11ef-b232-bd5cfcf36af4.jpg", "bboxes": [0.34070921985815605, 0.2295508274231679, 0.7355082742316784, 0.7366430260047282], "class": 2}