{"image": "be37e41a-1ab0-11ef-b232-bd5cfcf36af4.jpg", "bboxes": [0.19782505910165493, 0.2366903073286052, 0.5926241134751773, 0.7437825059101655], "class": 2}