{"image": "be37e41a-1ab0-11ef-b232-bd5cfcf36af4.jpg", "bboxes": [0.053380614657210446, 0.22288416075650125, 0.44817966903073286, 0.7299763593380615], "class": 2}