{"image": "be37e41a-1ab0-11ef-b232-bd5cfcf36af4.jpg", "bboxes": [0.15560283687943277, 0.24510638297872345, 0.5504018912529551, 0.7521985815602837], "class": 2}