{"image": "be37e41a-1ab0-11ef-b232-bd5cfcf36af4.jpg", "bboxes": [0.23848699763593384, 0.2611347517730497, 0.6332860520094562, 0.7682269503546099], "class": 2}