{"image": "be37e41a-1ab0-11ef-b232-bd5cfcf36af4.jpg", "bboxes": [0.08671394799054388, 0.27224586288416075, 0.48151300236406613, 0.779338061465721], "class": 2}