{"image": "be37e41a-1ab0-11ef-b232-bd5cfcf36af4.jpg", "bboxes": [0.3600472813238772, 0.25399527186761234, 0.7548463356973995, 0.7610874704491726], "class": 2}