{"image": "be37e41a-1ab0-11ef-b232-bd5cfcf36af4.jpg", "bboxes": [0.3733806146572105, 0.2717730496453901, 0.7681796690307329, 0.7788652482269504], "class": 2}