{"image": "be37e41a-1ab0-11ef-b232-bd5cfcf36af4.jpg", "bboxes": [0.39338061465721047, 0.23446808510638295, 0.7881796690307329, 0.7415602836879431], "class": 2}