{"image": "be37e41a-1ab0-11ef-b232-bd5cfcf36af4.jpg", "bboxes": [0.16226950354609937, 0.2366903073286052, 0.5570685579196217, 0.7437825059101655], "class": 2}