{"image": "be37e41a-1ab0-11ef-b232-bd5cfcf36af4.jpg", "bboxes": [0.5451536643026005, 0.28288416075650125, 0.9399527186761228, 0.7899763593380614], "class": 2}