{"image": "be37e41a-1ab0-11ef-b232-bd5cfcf36af4.jpg", "bboxes": [0.40070921985815605, 0.2433569739952719, 0.7955082742316784, 0.7504491725768321], "class": 2}