{"image": "be37e41a-1ab0-11ef-b232-bd5cfcf36af4.jpg", "bboxes": [0.25182033096926715, 0.2166903073286052, 0.6466193853427895, 0.7237825059101655], "class": 2}