{"image": "be37e41a-1ab0-11ef-b232-bd5cfcf36af4.jpg", "bboxes": [0.4362647754137116, 0.2433569739952719, 0.8310638297872339, 0.7504491725768321], "class": 2}