{"image": "be37e41a-1ab0-11ef-b232-bd5cfcf36af4.jpg", "bboxes": [0.4495981087470449, 0.25224586288416073, 0.8443971631205672, 0.759338061465721], "class": 2}