{"image": "be37e41a-1ab0-11ef-b232-bd5cfcf36af4.jpg", "bboxes": [0.32004728132387716, 0.23621749408983456, 0.7148463356973995, 0.7433096926713948], "class": 2}