{"image": "be37e41a-1ab0-11ef-b232-bd5cfcf36af4.jpg", "bboxes": [0.4222695035460994, 0.22557919621749412, 0.8170685579196217, 0.7326713947990543], "class": 2}