{"image": "be37e41a-1ab0-11ef-b232-bd5cfcf36af4.jpg", "bboxes": [0.16737588652482271, 0.23446808510638295, 0.5621749408983451, 0.7415602836879431], "class": 2}