{"image": "c18f46d9-1aaf-11ef-b427-bd5cfcf36af4.jpg", "bboxes": [0.5163593380614657, 0.25862884160756494, 0.87096926713948, 0.6167848699763594], "class": 2}