{"image": "c18f46d9-1aaf-11ef-b427-bd5cfcf36af4.jpg", "bboxes": [0.11125295508274224, 0.40765957446808515, 0.4658628841607565, 0.7658156028368795], "class": 2}