{"image": "c18f46d9-1aaf-11ef-b427-bd5cfcf36af4.jpg", "bboxes": [0.4074704491725768, 0.20973995271867607, 0.7620803782505912, 0.5678959810874704], "class": 2}