{"image": "c18f46d9-1aaf-11ef-b427-bd5cfcf36af4.jpg", "bboxes": [0.3156973995271867, 0.4232151300236407, 0.670307328605201, 0.7813711583924351], "class": 2}