{"image": "c18f46d9-1aaf-11ef-b427-bd5cfcf36af4.jpg", "bboxes": [0.429692671394799, 0.4032151300236407, 0.7843026004728133, 0.7613711583924351], "class": 2}