{"image": "c18f46d9-1aaf-11ef-b427-bd5cfcf36af4.jpg", "bboxes": [0.48302600472813234, 0.396548463356974, 0.8376359338061466, 0.7547044917257684], "class": 2}