{"image": "c18f46d9-1aaf-11ef-b427-bd5cfcf36af4.jpg", "bboxes": [0.2423640661938533, 0.2052955082742316, 0.5969739952718677, 0.5634515366430259], "class": 2}