{"image": "c18f46d9-1aaf-11ef-b427-bd5cfcf36af4.jpg", "bboxes": [0.43635933806146565, 0.4321040189125296, 0.79096926713948, 0.7902600472813239], "class": 2}