{"image": "c18f46d9-1aaf-11ef-b427-bd5cfcf36af4.jpg", "bboxes": [0.0201418439716311, 0.40988179669030733, 0.3747517730496454, 0.7680378250591017], "class": 2}