{"image": "c18f46d9-1aaf-11ef-b427-bd5cfcf36af4.jpg", "bboxes": [0.3112529550827422, 0.4254373522458629, 0.6658628841607566, 0.7835933806146573], "class": 2}