{"image": "c18f46d9-1aaf-11ef-b427-bd5cfcf36af4.jpg", "bboxes": [0.44302600472813236, 0.20751773049645383, 0.7976359338061467, 0.5656737588652483], "class": 2}