{"image": "c18f46d9-1aaf-11ef-b427-bd5cfcf36af4.jpg", "bboxes": [0.14458628841607557, 0.41210401891252957, 0.4991962174940898, 0.7702600472813239], "class": 2}