{"image": "c18f46d9-1aaf-11ef-b427-bd5cfcf36af4.jpg", "bboxes": [0.09791962174940894, 0.2630732860520094, 0.4525295508274232, 0.6212293144208038], "class": 2}