{"image": "c18f46d9-1aaf-11ef-b427-bd5cfcf36af4.jpg", "bboxes": [0.2601418439716311, 0.2052955082742316, 0.6147517730496455, 0.5634515366430259], "class": 2}