{"image": "c18f46d9-1aaf-11ef-b427-bd5cfcf36af4.jpg", "bboxes": [0.46524822695035456, 0.38988179669030737, 0.8198581560283689, 0.7480378250591018], "class": 2}