{"image": "c18f46d9-1aaf-11ef-b427-bd5cfcf36af4.jpg", "bboxes": [0.3956973995271867, 0.22307328605200938, 0.750307328605201, 0.5812293144208038], "class": 2}