{"image": "c18f46d9-1aaf-11ef-b427-bd5cfcf36af4.jpg", "bboxes": [0.23791962174940884, 0.39210401891252955, 0.5925295508274232, 0.750260047281324], "class": 2}