{"image": "c18f46d9-1aaf-11ef-b427-bd5cfcf36af4.jpg", "bboxes": [0.3785815602836879, 0.37877068557919624, 0.7331914893617022, 0.7369267139479906], "class": 2}