{"image": "c18f46d9-1aaf-11ef-b427-bd5cfcf36af4.jpg", "bboxes": [0.3741371158392435, 0.4276595744680851, 0.7287470449172577, 0.7858156028368795], "class": 2}