{"image": "c18f46d9-1aaf-11ef-b427-bd5cfcf36af4.jpg", "bboxes": [0.429692671394799, 0.4276595744680851, 0.7843026004728133, 0.7858156028368795], "class": 2}