{"image": "c18f46d9-1aaf-11ef-b427-bd5cfcf36af4.jpg", "bboxes": [0.28236406619385335, 0.3809929078014185, 0.6369739952718676, 0.7391489361702128], "class": 2}