{"image": "c18f46d9-1aaf-11ef-b427-bd5cfcf36af4.jpg", "bboxes": [0.3668085106382978, 0.37432624113475177, 0.7214184397163121, 0.7324822695035462], "class": 2}