{"image": "c18f46d9-1aaf-11ef-b427-bd5cfcf36af4.jpg", "bboxes": [0.43347517730496443, 0.21418439716312054, 0.7880851063829788, 0.5723404255319149], "class": 2}