{"image": "c18f46d9-1aaf-11ef-b427-bd5cfcf36af4.jpg", "bboxes": [0.03791962174940888, 0.40765957446808515, 0.39252955082742325, 0.7658156028368795], "class": 2}