{"image": "c18f46d9-1aaf-11ef-b427-bd5cfcf36af4.jpg", "bboxes": [0.5319148936170213, 0.40988179669030733, 0.8865248226950355, 0.7680378250591017], "class": 2}