{"image": "c18f46d9-1aaf-11ef-b427-bd5cfcf36af4.jpg", "bboxes": [0.5763593380614657, 0.43877068557919624, 0.93096926713948, 0.7969267139479906], "class": 2}