{"image": "c18f46d9-1aaf-11ef-b427-bd5cfcf36af4.jpg", "bboxes": [0.5274704491725768, 0.22529550827423162, 0.8820803782505912, 0.583451536643026], "class": 2}