{"image": "c18f46d9-1aaf-11ef-b427-bd5cfcf36af4.jpg", "bboxes": [0.02680851063829781, 0.37877068557919624, 0.38141843971631206, 0.7369267139479906], "class": 2}