{"image": "c18f46d9-1aaf-11ef-b427-bd5cfcf36af4.jpg", "bboxes": [0.40969267139479904, 0.2297399527186761, 0.7643026004728133, 0.5878959810874703], "class": 2}