{"image": "c18f46d9-1aaf-11ef-b427-bd5cfcf36af4.jpg", "bboxes": [0.41569739952718665, 0.40988179669030733, 0.770307328605201, 0.7680378250591017], "class": 2}