{"image": "c18f46d9-1aaf-11ef-b427-bd5cfcf36af4.jpg", "bboxes": [0.45413711583924343, 0.396548463356974, 0.8087470449172578, 0.7547044917257684], "class": 2}