{"image": "c18f46d9-1aaf-11ef-b427-bd5cfcf36af4.jpg", "bboxes": [0.0201418439716311, 0.23862884160756492, 0.3747517730496454, 0.5967848699763594], "class": 2}