{"image": "c18f46d9-1aaf-11ef-b427-bd5cfcf36af4.jpg", "bboxes": [0.2601418439716311, 0.24529550827423163, 0.6147517730496455, 0.603451536643026], "class": 2}