{"image": "c18f46d9-1aaf-11ef-b427-bd5cfcf36af4.jpg", "bboxes": [0.5963593380614657, 0.2119621749408983, 0.95096926713948, 0.5701182033096925], "class": 2}