{"image": "c18f46d9-1aaf-11ef-b427-bd5cfcf36af4.jpg", "bboxes": [0.3741371158392435, 0.249739952718676, 0.7287470449172577, 0.6078959810874704], "class": 2}