{"image": "c18f46d9-1aaf-11ef-b427-bd5cfcf36af4.jpg", "bboxes": [0.6252482269503545, 0.38765957446808513, 0.9798581560283689, 0.7458156028368795], "class": 2}