{"image": "c18f46d9-1aaf-11ef-b427-bd5cfcf36af4.jpg", "bboxes": [0.1334751773049644, 0.4276595744680851, 0.48808510638297875, 0.7858156028368795], "class": 2}