{"image": "c18f46d9-1aaf-11ef-b427-bd5cfcf36af4.jpg", "bboxes": [0.4274704491725768, 0.22529550827423162, 0.7820803782505911, 0.583451536643026], "class": 2}