{"image": "c18f46d9-1aaf-11ef-b427-bd5cfcf36af4.jpg", "bboxes": [0.09347517730496446, 0.2186288416075649, 0.4480851063829787, 0.5767848699763594], "class": 2}