{"image": "c18f46d9-1aaf-11ef-b427-bd5cfcf36af4.jpg", "bboxes": [0.23413711583924346, 0.4232151300236407, 0.5887470449172578, 0.7813711583924351], "class": 2}