{"image": "c18f46d9-1aaf-11ef-b427-bd5cfcf36af4.jpg", "bboxes": [0.46969267139479903, 0.24751773049645387, 0.8243026004728133, 0.6056737588652483], "class": 2}