{"image": "c18f46d9-1aaf-11ef-b427-bd5cfcf36af4.jpg", "bboxes": [0.22680851063829777, 0.21418439716312054, 0.581418439716312, 0.5723404255319149], "class": 2}