{"image": "c18f46d9-1aaf-11ef-b427-bd5cfcf36af4.jpg", "bboxes": [0.26524822695035455, 0.39210401891252955, 0.6198581560283689, 0.750260047281324], "class": 2}