{"image": "c18f46d9-1aaf-11ef-b427-bd5cfcf36af4.jpg", "bboxes": [0.3445862884160755, 0.4254373522458629, 0.6991962174940899, 0.7835933806146573], "class": 2}