{"image": "c18f46d9-1aaf-11ef-b427-bd5cfcf36af4.jpg", "bboxes": [0.6119148936170212, 0.2564066193853427, 0.9665248226950356, 0.614562647754137], "class": 2}