{"image": "c18f46d9-1aaf-11ef-b427-bd5cfcf36af4.jpg", "bboxes": [0.20236406619385328, 0.3721040189125296, 0.5569739952718676, 0.730260047281324], "class": 2}