{"image": "c18f46d9-1aaf-11ef-b427-bd5cfcf36af4.jpg", "bboxes": [0.11125295508274226, 0.24529550827423163, 0.4658628841607565, 0.603451536643026], "class": 2}