{"image": "c18f46d9-1aaf-11ef-b427-bd5cfcf36af4.jpg", "bboxes": [0.5541371158392434, 0.2430732860520094, 0.9087470449172578, 0.6012293144208037], "class": 2}