{"image": "c18f46d9-1aaf-11ef-b427-bd5cfcf36af4.jpg", "bboxes": [0.29413711583924346, 0.40765957446808515, 0.6487470449172578, 0.7658156028368795], "class": 2}