{"image": "c18f46d9-1aaf-11ef-b427-bd5cfcf36af4.jpg", "bboxes": [0.4985815602836879, 0.23862884160756492, 0.8531914893617022, 0.5967848699763594], "class": 2}