{"image": "c18f46d9-1aaf-11ef-b427-bd5cfcf36af4.jpg", "bboxes": [0.4163593380614657, 0.21418439716312054, 0.77096926713948, 0.5723404255319149], "class": 2}