{"image": "c18f46d9-1aaf-11ef-b427-bd5cfcf36af4.jpg", "bboxes": [0.32903073286052, 0.25196217494089823, 0.6836406619385343, 0.6101182033096926], "class": 2}