{"image": "c18f46d9-1aaf-11ef-b427-bd5cfcf36af4.jpg", "bboxes": [0.20680851063829775, 0.21640661938534267, 0.5614184397163121, 0.5745626477541371], "class": 2}