{"image": "c18f46d9-1aaf-11ef-b427-bd5cfcf36af4.jpg", "bboxes": [0.4852482269503546, 0.249739952718676, 0.8398581560283689, 0.6078959810874704], "class": 2}