{"image": "c18f46d9-1aaf-11ef-b427-bd5cfcf36af4.jpg", "bboxes": [0.27569739952718664, 0.37432624113475177, 0.630307328605201, 0.7324822695035462], "class": 2}