{"image": "c18f46d9-1aaf-11ef-b427-bd5cfcf36af4.jpg", "bboxes": [0.509692671394799, 0.416548463356974, 0.8643026004728134, 0.7747044917257684], "class": 2}