{"image": "c18f46d9-1aaf-11ef-b427-bd5cfcf36af4.jpg", "bboxes": [0.5674704491725768, 0.4254373522458629, 0.9220803782505911, 0.7835933806146573], "class": 2}