{"image": "c18f46d9-1aaf-11ef-b427-bd5cfcf36af4.jpg", "bboxes": [0.30302600472813235, 0.436548463356974, 0.6576359338061467, 0.7947044917257684], "class": 2}