{"image": "c18f46d9-1aaf-11ef-b427-bd5cfcf36af4.jpg", "bboxes": [0.33413711583924344, 0.43432624113475177, 0.6887470449172578, 0.7924822695035462], "class": 2}