{"image": "c18f46d9-1aaf-11ef-b427-bd5cfcf36af4.jpg", "bboxes": [0.3563593380614657, 0.21640661938534267, 0.71096926713948, 0.5745626477541371], "class": 2}