{"image": "c18f46d9-1aaf-11ef-b427-bd5cfcf36af4.jpg", "bboxes": [0.46524822695035456, 0.2630732860520094, 0.8198581560283689, 0.6212293144208038], "class": 2}