{"image": "c18f46d9-1aaf-11ef-b427-bd5cfcf36af4.jpg", "bboxes": [0.21635933806146568, 0.4143262411347518, 0.57096926713948, 0.7724822695035461], "class": 2}