{"image": "c18f46d9-1aaf-11ef-b427-bd5cfcf36af4.jpg", "bboxes": [0.4274704491725768, 0.269739952718676, 0.7820803782505911, 0.6278959810874705], "class": 2}