{"image": "c18f46d9-1aaf-11ef-b427-bd5cfcf36af4.jpg", "bboxes": [0.15791962174940888, 0.2430732860520094, 0.5125295508274232, 0.6012293144208037], "class": 2}