{"image": "c18f46d9-1aaf-11ef-b427-bd5cfcf36af4.jpg", "bboxes": [0.11125295508274224, 0.22751773049645385, 0.4658628841607565, 0.5856737588652482], "class": 2}