{"image": "c18f46d9-1aaf-11ef-b427-bd5cfcf36af4.jpg", "bboxes": [0.4074704491725768, 0.2186288416075649, 0.7620803782505912, 0.5767848699763594], "class": 2}