{"image": "c18f46d9-1aaf-11ef-b427-bd5cfcf36af4.jpg", "bboxes": [0.25791962174940886, 0.21640661938534267, 0.6125295508274232, 0.5745626477541371], "class": 2}