{"image": "c18f46d9-1aaf-11ef-b427-bd5cfcf36af4.jpg", "bboxes": [0.25125295508274226, 0.2564066193853427, 0.6058628841607565, 0.614562647754137], "class": 2}