{"image": "c1e037c4-1aaf-11ef-bd28-bd5cfcf36af4.jpg", "bboxes": [0.2591489361702126, 0.19319148936170208, 0.6102127659574468, 0.6246335697399528], "class": 2}