{"image": "c1e037c4-1aaf-11ef-bd28-bd5cfcf36af4.jpg", "bboxes": [0.3297872340425532, 0.1709692671394799, 0.6808510638297874, 0.6024113475177304], "class": 2}