{"image": "c1e037c4-1aaf-11ef-bd28-bd5cfcf36af4.jpg", "bboxes": [0.24312056737588655, 0.13541371158392435, 0.5941843971631208, 0.5668557919621748], "class": 2}