{"image": "c1e037c4-1aaf-11ef-bd28-bd5cfcf36af4.jpg", "bboxes": [0.35692671394799036, 0.3931442080378251, 0.7079905437352245, 0.8245862884160757], "class": 2}