{"image": "c1e037c4-1aaf-11ef-bd28-bd5cfcf36af4.jpg", "bboxes": [0.33248226950354587, 0.3798108747044918, 0.6835460992907801, 0.8112529550827423], "class": 2}