{"image": "c1e037c4-1aaf-11ef-bd28-bd5cfcf36af4.jpg", "bboxes": [0.09248226950354588, 0.40647754137115844, 0.44354609929078015, 0.837919621749409], "class": 2}