{"image": "c1e037c4-1aaf-11ef-bd28-bd5cfcf36af4.jpg", "bboxes": [0.1786761229314421, 0.1576359338061465, 0.5297399527186764, 0.5890780141843971], "class": 2}