{"image": "c1e037c4-1aaf-11ef-bd28-bd5cfcf36af4.jpg", "bboxes": [0.40089834515366435, 0.4286997635933807, 0.7519621749408986, 0.8601418439716312], "class": 2}