{"image": "c1e037c4-1aaf-11ef-bd28-bd5cfcf36af4.jpg", "bboxes": [0.23692671394799036, 0.42203309692671404, 0.5879905437352247, 0.8534751773049646], "class": 2}