{"image": "c1e037c4-1aaf-11ef-bd28-bd5cfcf36af4.jpg", "bboxes": [0.21026004728132378, 0.1709692671394799, 0.5613238770685579, 0.6024113475177304], "class": 2}