{"image": "c1e037c4-1aaf-11ef-bd28-bd5cfcf36af4.jpg", "bboxes": [0.5697872340425532, 0.43536643026004734, 0.9208510638297874, 0.8668085106382979], "class": 2}