{"image": "c1e037c4-1aaf-11ef-bd28-bd5cfcf36af4.jpg", "bboxes": [0.19200945626477542, 0.3731442080378251, 0.5430732860520097, 0.8045862884160757], "class": 2}