{"image": "c1e037c4-1aaf-11ef-bd28-bd5cfcf36af4.jpg", "bboxes": [0.2542316784869977, 0.13541371158392435, 0.6052955082742318, 0.5668557919621748], "class": 2}