{"image": "c1e037c4-1aaf-11ef-bd28-bd5cfcf36af4.jpg", "bboxes": [0.09692671394799035, 0.1954137115839243, 0.4479905437352246, 0.6268557919621749], "class": 2}