{"image": "c1e037c4-1aaf-11ef-bd28-bd5cfcf36af4.jpg", "bboxes": [0.5008983451536643, 0.4153664302600473, 0.8519621749408985, 0.8468085106382979], "class": 2}