{"image": "c1e037c4-1aaf-11ef-bd28-bd5cfcf36af4.jpg", "bboxes": [0.19645390070921986, 0.3775886524822696, 0.547517730496454, 0.8090307328605201], "class": 2}