{"image": "c1e037c4-1aaf-11ef-bd28-bd5cfcf36af4.jpg", "bboxes": [0.567565011820331, 0.13985815602836882, 0.9186288416075652, 0.5713002364066193], "class": 2}