{"image": "c1e037c4-1aaf-11ef-bd28-bd5cfcf36af4.jpg", "bboxes": [0.347565011820331, 0.14874704491725765, 0.6986288416075652, 0.5801891252955083], "class": 2}