{"image": "c1e037c4-1aaf-11ef-bd28-bd5cfcf36af4.jpg", "bboxes": [0.2008983451536643, 0.37536643026004735, 0.5519621749408985, 0.806808510638298], "class": 2}