{"image": "c1e037c4-1aaf-11ef-bd28-bd5cfcf36af4.jpg", "bboxes": [0.283593380614657, 0.402033096926714, 0.6346572104018913, 0.8334751773049646], "class": 2}