{"image": "c1e037c4-1aaf-11ef-bd28-bd5cfcf36af4.jpg", "bboxes": [0.33026004728132374, 0.15319148936170213, 0.6813238770685579, 0.5846335697399527], "class": 2}