{"image": "c1e037c4-1aaf-11ef-bd28-bd5cfcf36af4.jpg", "bboxes": [0.12803782505910144, 0.16874704491725767, 0.47910165484633577, 0.6001891252955083], "class": 2}