{"image": "c1e037c4-1aaf-11ef-bd28-bd5cfcf36af4.jpg", "bboxes": [0.3658156028368793, 0.1776359338061465, 0.7168794326241135, 0.6090780141843971], "class": 2}