{"image": "c1e037c4-1aaf-11ef-bd28-bd5cfcf36af4.jpg", "bboxes": [0.18137115839243478, 0.1887470449172577, 0.532434988179669, 0.6201891252955082], "class": 2}