{"image": "c1e037c4-1aaf-11ef-bd28-bd5cfcf36af4.jpg", "bboxes": [0.4208983451536643, 0.38869976359338065, 0.7719621749408985, 0.8201418439716313], "class": 2}