{"image": "c1e037c4-1aaf-11ef-bd28-bd5cfcf36af4.jpg", "bboxes": [0.5586761229314421, 0.4375886524822696, 0.9097399527186762, 0.8690307328605201], "class": 2}