{"image": "c1e037c4-1aaf-11ef-bd28-bd5cfcf36af4.jpg", "bboxes": [0.3280378250591015, 0.4109219858156029, 0.6791016548463357, 0.8423640661938535], "class": 2}