{"image": "c1e037c4-1aaf-11ef-bd28-bd5cfcf36af4.jpg", "bboxes": [0.40534278959810877, 0.39536643026004736, 0.7564066193853429, 0.8268085106382979], "class": 2}