{"image": "c1e037c4-1aaf-11ef-bd28-bd5cfcf36af4.jpg", "bboxes": [0.3964539007092199, 0.1643026004728132, 0.7475177304964541, 0.5957446808510638], "class": 2}