{"image": "c1e037c4-1aaf-11ef-bd28-bd5cfcf36af4.jpg", "bboxes": [0.21645390070921988, 0.3931442080378251, 0.567517730496454, 0.8245862884160757], "class": 2}