{"image": "c1e037c4-1aaf-11ef-bd28-bd5cfcf36af4.jpg", "bboxes": [0.21692671394799035, 0.18208037825059098, 0.5679905437352246, 0.6135224586288415], "class": 2}