{"image": "c1e037c4-1aaf-11ef-bd28-bd5cfcf36af4.jpg", "bboxes": [0.3080378250591015, 0.16652482269503543, 0.6591016548463358, 0.5979669030732859], "class": 2}