{"image": "c1e037c4-1aaf-11ef-bd28-bd5cfcf36af4.jpg", "bboxes": [0.40581560283687923, 0.39758865248226954, 0.7568794326241135, 0.8290307328605201], "class": 2}