{"image": "c1e037c4-1aaf-11ef-bd28-bd5cfcf36af4.jpg", "bboxes": [0.3564539007092199, 0.15541371158392436, 0.7075177304964541, 0.5868557919621749], "class": 2}