{"image": "c1e037c4-1aaf-11ef-bd28-bd5cfcf36af4.jpg", "bboxes": [0.2720094562647754, 0.39758865248226954, 0.6230732860520096, 0.8290307328605201], "class": 2}