{"image": "c1e037c4-1aaf-11ef-bd28-bd5cfcf36af4.jpg", "bboxes": [0.20359338061465704, 0.1887470449172577, 0.5546572104018912, 0.6201891252955082], "class": 2}