{"image": "c1e037c4-1aaf-11ef-bd28-bd5cfcf36af4.jpg", "bboxes": [0.36137115839243483, 0.15985815602836873, 0.712434988179669, 0.5913002364066193], "class": 2}