{"image": "c1e037c4-1aaf-11ef-bd28-bd5cfcf36af4.jpg", "bboxes": [0.547565011820331, 0.15541371158392436, 0.8986288416075652, 0.5868557919621749], "class": 2}