{"image": "c1e037c4-1aaf-11ef-bd28-bd5cfcf36af4.jpg", "bboxes": [0.507565011820331, 0.1887470449172577, 0.8586288416075651, 0.6201891252955082], "class": 2}