{"image": "c1e037c4-1aaf-11ef-bd28-bd5cfcf36af4.jpg", "bboxes": [0.4102600472813237, 0.41314420803782514, 0.7613238770685579, 0.8445862884160756], "class": 2}