{"image": "c1e037c4-1aaf-11ef-bd28-bd5cfcf36af4.jpg", "bboxes": [0.4720094562647754, 0.1954137115839243, 0.8230732860520096, 0.6268557919621749], "class": 2}