{"image": "c1e037c4-1aaf-11ef-bd28-bd5cfcf36af4.jpg", "bboxes": [0.25026004728132367, 0.4109219858156029, 0.6013238770685578, 0.8423640661938535], "class": 2}