{"image": "c1e037c4-1aaf-11ef-bd28-bd5cfcf36af4.jpg", "bboxes": [0.41423167848699766, 0.3731442080378251, 0.7652955082742319, 0.8045862884160757], "class": 2}