{"image": "c1e037c4-1aaf-11ef-bd28-bd5cfcf36af4.jpg", "bboxes": [0.15248226950354593, 0.1576359338061465, 0.5035460992907801, 0.589078014184397], "class": 2}