{"image": "c1e037c4-1aaf-11ef-bd28-bd5cfcf36af4.jpg", "bboxes": [0.347565011820331, 0.15096926713947986, 0.6986288416075652, 0.5824113475177304], "class": 2}