{"image": "c1e037c4-1aaf-11ef-bd28-bd5cfcf36af4.jpg", "bboxes": [0.40534278959810877, 0.41314420803782514, 0.7564066193853429, 0.8445862884160756], "class": 2}