{"image": "c1e037c4-1aaf-11ef-bd28-bd5cfcf36af4.jpg", "bboxes": [0.08359338061465704, 0.38869976359338065, 0.43465721040189126, 0.8201418439716313], "class": 2}