{"image": "c1e037c4-1aaf-11ef-bd28-bd5cfcf36af4.jpg", "bboxes": [0.0747044917257681, 0.16874704491725767, 0.42576832151300237, 0.6001891252955083], "class": 2}