{"image": "c1e037c4-1aaf-11ef-bd28-bd5cfcf36af4.jpg", "bboxes": [0.263593380614657, 0.382033096926714, 0.6146572104018913, 0.8134751773049645], "class": 2}