{"image": "c1e037c4-1aaf-11ef-bd28-bd5cfcf36af4.jpg", "bboxes": [0.518676122931442, 0.39758865248226954, 0.8697399527186763, 0.8290307328605201], "class": 2}