{"image": "c1e037c4-1aaf-11ef-bd28-bd5cfcf36af4.jpg", "bboxes": [0.4297872340425532, 0.382033096926714, 0.7808510638297874, 0.8134751773049645], "class": 2}