{"image": "c1e037c4-1aaf-11ef-bd28-bd5cfcf36af4.jpg", "bboxes": [0.3008983451536643, 0.4309219858156029, 0.6519621749408985, 0.8623640661938534], "class": 2}