{"image": "c1e037c4-1aaf-11ef-bd28-bd5cfcf36af4.jpg", "bboxes": [0.5053427895981087, 0.13541371158392435, 0.856406619385343, 0.5668557919621748], "class": 2}