{"image": "c1e037c4-1aaf-11ef-bd28-bd5cfcf36af4.jpg", "bboxes": [0.46534278959810876, 0.13096926713947987, 0.816406619385343, 0.5624113475177304], "class": 2}