{"image": "c1e037c4-1aaf-11ef-bd28-bd5cfcf36af4.jpg", "bboxes": [0.11470449172576813, 0.1643026004728132, 0.4657683215130023, 0.5957446808510638], "class": 2}