{"image": "c1e037c4-1aaf-11ef-bd28-bd5cfcf36af4.jpg", "bboxes": [0.5742316784869976, 0.4198108747044918, 0.9252955082742319, 0.8512529550827423], "class": 2}