{"image": "c1e037c4-1aaf-11ef-bd28-bd5cfcf36af4.jpg", "bboxes": [0.3386761229314421, 0.41314420803782514, 0.6897399527186763, 0.8445862884160756], "class": 2}