{"image": "c1e037c4-1aaf-11ef-bd28-bd5cfcf36af4.jpg", "bboxes": [0.20581560283687927, 0.40425531914893625, 0.5568794326241134, 0.8356973995271868], "class": 2}