{"image": "c1e037c4-1aaf-11ef-bd28-bd5cfcf36af4.jpg", "bboxes": [0.17914893617021255, 0.3775886524822696, 0.5302127659574467, 0.8090307328605201], "class": 2}