{"image": "c22f404e-1aaf-11ef-8adc-bd5cfcf36af4.jpg", "bboxes": [0.4414184397163121, 0.25182033096926715, 0.6388179669030734, 0.5709692671394799], "class": 2}