{"image": "c22f404e-1aaf-11ef-8adc-bd5cfcf36af4.jpg", "bboxes": [0.310307328605201, 0.2229314420803783, 0.5077068557919622, 0.542080378250591], "class": 2}