{"image": "c22f404e-1aaf-11ef-8adc-bd5cfcf36af4.jpg", "bboxes": [0.17030732860520098, 0.4290307328605201, 0.3677068557919622, 0.7481796690307329], "class": 2}