{"image": "c22f404e-1aaf-11ef-8adc-bd5cfcf36af4.jpg", "bboxes": [0.6189598108747044, 0.4290307328605201, 0.8163593380614657, 0.7481796690307329], "class": 2}