{"image": "c22f404e-1aaf-11ef-8adc-bd5cfcf36af4.jpg", "bboxes": [0.24586288416075655, 0.25182033096926715, 0.44326241134751776, 0.5709692671394799], "class": 2}