{"image": "c22f404e-1aaf-11ef-8adc-bd5cfcf36af4.jpg", "bboxes": [0.6389598108747044, 0.21848699763593382, 0.8363593380614657, 0.5376359338061465], "class": 2}