{"image": "c22f404e-1aaf-11ef-8adc-bd5cfcf36af4.jpg", "bboxes": [0.2678486997635934, 0.20293144208037828, 0.4652482269503546, 0.522080378250591], "class": 2}