{"image": "c22f404e-1aaf-11ef-8adc-bd5cfcf36af4.jpg", "bboxes": [0.36808510638297876, 0.477919621749409, 0.56548463356974, 0.7970685579196217], "class": 2}