{"image": "c22f404e-1aaf-11ef-8adc-bd5cfcf36af4.jpg", "bboxes": [0.2522931442080377, 0.44236406619385343, 0.44969267139479896, 0.7615130023640662], "class": 2}