{"image": "c22f404e-1aaf-11ef-8adc-bd5cfcf36af4.jpg", "bboxes": [0.5458628841607566, 0.4645862884160757, 0.7432624113475178, 0.7837352245862884], "class": 2}