{"image": "c22f404e-1aaf-11ef-8adc-bd5cfcf36af4.jpg", "bboxes": [0.5480851063829788, 0.45791962174940903, 0.74548463356974, 0.7770685579196217], "class": 2}