{"image": "c22f404e-1aaf-11ef-8adc-bd5cfcf36af4.jpg", "bboxes": [0.5458628841607566, 0.44903073286052014, 0.7432624113475178, 0.7681796690307329], "class": 2}