{"image": "c22f404e-1aaf-11ef-8adc-bd5cfcf36af4.jpg", "bboxes": [0.4214184397163121, 0.2429314420803783, 0.6188179669030733, 0.562080378250591], "class": 2}