{"image": "c22f404e-1aaf-11ef-8adc-bd5cfcf36af4.jpg", "bboxes": [0.25252955082742323, 0.43125295508274236, 0.44992907801418447, 0.7504018912529551], "class": 2}