{"image": "c22f404e-1aaf-11ef-8adc-bd5cfcf36af4.jpg", "bboxes": [0.38118203309692666, 0.2495981087470449, 0.5785815602836879, 0.5687470449172576], "class": 2}