{"image": "c22f404e-1aaf-11ef-8adc-bd5cfcf36af4.jpg", "bboxes": [0.38586288416075654, 0.4268085106382979, 0.5832624113475178, 0.7459574468085106], "class": 2}