{"image": "c22f404e-1aaf-11ef-8adc-bd5cfcf36af4.jpg", "bboxes": [0.6322931442080377, 0.20070921985815604, 0.829692671394799, 0.5198581560283688], "class": 2}