{"image": "c22f404e-1aaf-11ef-8adc-bd5cfcf36af4.jpg", "bboxes": [0.40562647754137116, 0.4668085106382979, 0.6030260047281324, 0.7859574468085107], "class": 2}