{"image": "c22f404e-1aaf-11ef-8adc-bd5cfcf36af4.jpg", "bboxes": [0.5614184397163121, 0.23182033096926713, 0.7588179669030733, 0.5509692671394799], "class": 2}