{"image": "c22f404e-1aaf-11ef-8adc-bd5cfcf36af4.jpg", "bboxes": [0.27895981087470445, 0.43125295508274236, 0.4763593380614657, 0.7504018912529551], "class": 2}