{"image": "c22f404e-1aaf-11ef-8adc-bd5cfcf36af4.jpg", "bboxes": [0.2434042553191489, 0.44014184397163125, 0.4408037825059101, 0.7592907801418439], "class": 2}