{"image": "c22f404e-1aaf-11ef-8adc-bd5cfcf36af4.jpg", "bboxes": [0.5167375886524822, 0.26515366430260046, 0.7141371158392434, 0.5843026004728131], "class": 2}