{"image": "c22f404e-1aaf-11ef-8adc-bd5cfcf36af4.jpg", "bboxes": [0.4614184397163121, 0.22515366430260053, 0.6588179669030734, 0.5443026004728132], "class": 2}