{"image": "c22f404e-1aaf-11ef-8adc-bd5cfcf36af4.jpg", "bboxes": [0.3700709219858156, 0.43347517730496454, 0.5674704491725768, 0.7526241134751773], "class": 2}