{"image": "c22f404e-1aaf-11ef-8adc-bd5cfcf36af4.jpg", "bboxes": [0.5525295508274232, 0.4468085106382979, 0.7499290780141844, 0.7659574468085106], "class": 2}