{"image": "c22f404e-1aaf-11ef-8adc-bd5cfcf36af4.jpg", "bboxes": [0.45697399527186766, 0.24070921985815608, 0.6543735224586289, 0.5598581560283687], "class": 2}