{"image": "c22f404e-1aaf-11ef-8adc-bd5cfcf36af4.jpg", "bboxes": [0.23919621749408987, 0.24515366430260055, 0.4365957446808511, 0.5643026004728132], "class": 2}