{"image": "c22f404e-1aaf-11ef-8adc-bd5cfcf36af4.jpg", "bboxes": [0.3122931442080378, 0.45347517730496456, 0.509692671394799, 0.7726241134751772], "class": 2}