{"image": "c22f404e-1aaf-11ef-8adc-bd5cfcf36af4.jpg", "bboxes": [0.32340425531914885, 0.44458628841607567, 0.5208037825059102, 0.7637352245862884], "class": 2}