{"image": "c22f404e-1aaf-11ef-8adc-bd5cfcf36af4.jpg", "bboxes": [0.5014184397163121, 0.2629314420803782, 0.6988179669030733, 0.582080378250591], "class": 2}