{"image": "c22f404e-1aaf-11ef-8adc-bd5cfcf36af4.jpg", "bboxes": [0.45451536643026, 0.4690307328605201, 0.6519148936170212, 0.7881796690307329], "class": 2}