{"image": "c22f404e-1aaf-11ef-8adc-bd5cfcf36af4.jpg", "bboxes": [0.48364066193853433, 0.2229314420803783, 0.6810401891252955, 0.542080378250591], "class": 2}