{"image": "c22f404e-1aaf-11ef-8adc-bd5cfcf36af4.jpg", "bboxes": [0.17919621749408987, 0.25182033096926715, 0.3765957446808511, 0.5709692671394799], "class": 2}