{"image": "c22f404e-1aaf-11ef-8adc-bd5cfcf36af4.jpg", "bboxes": [0.5278486997635934, 0.417919621749409, 0.7252482269503545, 0.7370685579196218], "class": 2}