{"image": "c22f404e-1aaf-11ef-8adc-bd5cfcf36af4.jpg", "bboxes": [0.17919621749408987, 0.2495981087470449, 0.3765957446808511, 0.5687470449172576], "class": 2}