{"image": "c22f404e-1aaf-11ef-8adc-bd5cfcf36af4.jpg", "bboxes": [0.42586288416075657, 0.2362647754137116, 0.6232624113475178, 0.5554137115839244], "class": 2}