{"image": "c22f404e-1aaf-11ef-8adc-bd5cfcf36af4.jpg", "bboxes": [0.46784869976359333, 0.2429314420803783, 0.6652482269503546, 0.562080378250591], "class": 2}