{"image": "c22f404e-1aaf-11ef-8adc-bd5cfcf36af4.jpg", "bboxes": [0.21919621749408988, 0.4645862884160757, 0.4165957446808511, 0.7837352245862884], "class": 2}