{"image": "c22f404e-1aaf-11ef-8adc-bd5cfcf36af4.jpg", "bboxes": [0.6145153664302601, 0.24515366430260055, 0.8119148936170213, 0.5643026004728132], "class": 2}