{"image": "c22f404e-1aaf-11ef-8adc-bd5cfcf36af4.jpg", "bboxes": [0.29919621749408987, 0.4156973995271868, 0.4965957446808511, 0.7348463356973995], "class": 2}