{"image": "c22f404e-1aaf-11ef-8adc-bd5cfcf36af4.jpg", "bboxes": [0.4078486997635933, 0.48014184397163123, 0.6052482269503545, 0.799290780141844], "class": 2}