{"image": "c22f404e-1aaf-11ef-8adc-bd5cfcf36af4.jpg", "bboxes": [0.30808510638297876, 0.20293144208037828, 0.50548463356974, 0.522080378250591], "class": 2}