{"image": "c22f404e-1aaf-11ef-8adc-bd5cfcf36af4.jpg", "bboxes": [0.4925295508274232, 0.25848699763593386, 0.6899290780141845, 0.5776359338061465], "class": 2}