{"image": "c22f404e-1aaf-11ef-8adc-bd5cfcf36af4.jpg", "bboxes": [0.5900709219858156, 0.47125295508274234, 0.7874704491725768, 0.790401891252955], "class": 2}