{"image": "c22f404e-1aaf-11ef-8adc-bd5cfcf36af4.jpg", "bboxes": [0.5456264775413711, 0.20737588652482275, 0.7430260047281323, 0.5265248226950354], "class": 2}