{"image": "c22f404e-1aaf-11ef-8adc-bd5cfcf36af4.jpg", "bboxes": [0.2878486997635933, 0.4156973995271868, 0.4852482269503545, 0.7348463356973995], "class": 2}