{"image": "c22f404e-1aaf-11ef-8adc-bd5cfcf36af4.jpg", "bboxes": [0.4100709219858155, 0.437919621749409, 0.6074704491725769, 0.7570685579196217], "class": 2}