{"image": "c22f404e-1aaf-11ef-8adc-bd5cfcf36af4.jpg", "bboxes": [0.29697399527186763, 0.4756973995271868, 0.49437352245862887, 0.7948463356973995], "class": 2}