{"image": "c22f404e-1aaf-11ef-8adc-bd5cfcf36af4.jpg", "bboxes": [0.5500709219858155, 0.2562647754137116, 0.7474704491725768, 0.5754137115839244], "class": 2}