{"image": "c22f404e-1aaf-11ef-8adc-bd5cfcf36af4.jpg", "bboxes": [0.5611820330969266, 0.2562647754137116, 0.7585815602836878, 0.5754137115839244], "class": 2}