{"image": "c22f404e-1aaf-11ef-8adc-bd5cfcf36af4.jpg", "bboxes": [0.5058628841607565, 0.46236406619385345, 0.7032624113475178, 0.7815130023640662], "class": 2}