{"image": "c22f404e-1aaf-11ef-8adc-bd5cfcf36af4.jpg", "bboxes": [0.6056264775413711, 0.417919621749409, 0.8030260047281323, 0.7370685579196218], "class": 2}