{"image": "c22f404e-1aaf-11ef-8adc-bd5cfcf36af4.jpg", "bboxes": [0.1991962174940899, 0.24737588652482267, 0.3965957446808511, 0.5665248226950355], "class": 2}