{"image": "c22f404e-1aaf-11ef-8adc-bd5cfcf36af4.jpg", "bboxes": [0.5789598108747045, 0.24515366430260055, 0.7763593380614657, 0.5643026004728132], "class": 2}