{"image": "c22f404e-1aaf-11ef-8adc-bd5cfcf36af4.jpg", "bboxes": [0.42784869976359324, 0.20959810874704501, 0.6252482269503545, 0.5287470449172577], "class": 2}