{"image": "c22f404e-1aaf-11ef-8adc-bd5cfcf36af4.jpg", "bboxes": [0.33697399527186767, 0.2629314420803782, 0.5343735224586289, 0.582080378250591], "class": 2}