{"image": "c22f404e-1aaf-11ef-8adc-bd5cfcf36af4.jpg", "bboxes": [0.2456264775413711, 0.2540425531914894, 0.44302600472813236, 0.5731914893617021], "class": 2}