{"image": "c22f404e-1aaf-11ef-8adc-bd5cfcf36af4.jpg", "bboxes": [0.3189598108747045, 0.44014184397163125, 0.5163593380614657, 0.7592907801418439], "class": 2}