{"image": "c22f404e-1aaf-11ef-8adc-bd5cfcf36af4.jpg", "bboxes": [0.33673758865248227, 0.22070921985815606, 0.5341371158392434, 0.5398581560283688], "class": 2}