{"image": "c22f404e-1aaf-11ef-8adc-bd5cfcf36af4.jpg", "bboxes": [0.23697399527186766, 0.4290307328605201, 0.43437352245862887, 0.7481796690307329], "class": 2}