{"image": "c22f404e-1aaf-11ef-8adc-bd5cfcf36af4.jpg", "bboxes": [0.5034042553191489, 0.2295981087470449, 0.7008037825059101, 0.5487470449172577], "class": 2}