{"image": "c22f404e-1aaf-11ef-8adc-bd5cfcf36af4.jpg", "bboxes": [0.5147517730496455, 0.4268085106382979, 0.7121513002364067, 0.7459574468085106], "class": 2}