{"image": "c22f404e-1aaf-11ef-8adc-bd5cfcf36af4.jpg", "bboxes": [0.5436406619385343, 0.24070921985815608, 0.7410401891252956, 0.5598581560283687], "class": 2}