{"image": "c22f404e-1aaf-11ef-8adc-bd5cfcf36af4.jpg", "bboxes": [0.5278486997635934, 0.4734751773049646, 0.7252482269503546, 0.7926241134751772], "class": 2}