{"image": "c22f404e-1aaf-11ef-8adc-bd5cfcf36af4.jpg", "bboxes": [0.48808510638297875, 0.46236406619385345, 0.68548463356974, 0.7815130023640662], "class": 2}