{"image": "c22f404e-1aaf-11ef-8adc-bd5cfcf36af4.jpg", "bboxes": [0.5078486997635934, 0.25182033096926715, 0.7052482269503546, 0.5709692671394799], "class": 2}