{"image": "c22f404e-1aaf-11ef-8adc-bd5cfcf36af4.jpg", "bboxes": [0.57451536643026, 0.4356973995271868, 0.7719148936170213, 0.7548463356973995], "class": 2}