{"image": "c22f404e-1aaf-11ef-8adc-bd5cfcf36af4.jpg", "bboxes": [0.30364066193853434, 0.22737588652482277, 0.5010401891252956, 0.5465248226950354], "class": 2}