{"image": "c280dd46-1aaf-11ef-94f3-bd5cfcf36af4.jpg", "bboxes": [0.42274231678487, 0.039952718676122934, 0.765531914893617, 0.37801418439716306], "class": 2}