{"image": "c280dd46-1aaf-11ef-94f3-bd5cfcf36af4.jpg", "bboxes": [0.1811347517730496, 0.06661938534278966, 0.5239243498817967, 0.4046808510638298], "class": 2}