{"image": "c280dd46-1aaf-11ef-94f3-bd5cfcf36af4.jpg", "bboxes": [0.46780141843971634, 0.5708747044917258, 0.8105910165484633, 0.908936170212766], "class": 2}