{"image": "c280dd46-1aaf-11ef-94f3-bd5cfcf36af4.jpg", "bboxes": [0.36113475177304966, 0.6219858156028369, 0.7039243498817966, 0.9600472813238771], "class": 2}