{"image": "c280dd46-1aaf-11ef-94f3-bd5cfcf36af4.jpg", "bboxes": [0.5138534278959811, 0.0821749408983452, 0.8566430260047282, 0.4202364066193853], "class": 2}