{"image": "c280dd46-1aaf-11ef-94f3-bd5cfcf36af4.jpg", "bboxes": [0.11224586288416072, 0.10217494089834522, 0.4550354609929078, 0.44023640661938535], "class": 2}