{"image": "c280dd46-1aaf-11ef-94f3-bd5cfcf36af4.jpg", "bboxes": [0.2189125295508274, 0.10217494089834522, 0.5617021276595744, 0.44023640661938535], "class": 2}