{"image": "c280dd46-1aaf-11ef-94f3-bd5cfcf36af4.jpg", "bboxes": [0.27607565011820334, 0.5842080378250591, 0.6188652482269503, 0.9222695035460993], "class": 2}