{"image": "c280dd46-1aaf-11ef-94f3-bd5cfcf36af4.jpg", "bboxes": [0.3344680851063829, 0.09550827423167851, 0.67725768321513, 0.43356973995271864], "class": 2}