{"image": "c280dd46-1aaf-11ef-94f3-bd5cfcf36af4.jpg", "bboxes": [0.4278014184397163, 0.05550827423167848, 0.7705910165484633, 0.3935697399527186], "class": 2}