{"image": "c280dd46-1aaf-11ef-94f3-bd5cfcf36af4.jpg", "bboxes": [0.1989125295508274, 0.5997635933806147, 0.5417021276595744, 0.9378250591016548], "class": 2}