{"image": "c280dd46-1aaf-11ef-94f3-bd5cfcf36af4.jpg", "bboxes": [0.09446808510638294, 0.051063829787234116, 0.43725768321513003, 0.38912529550827424], "class": 2}