{"image": "c280dd46-1aaf-11ef-94f3-bd5cfcf36af4.jpg", "bboxes": [0.20335697399527186, 0.05995271867612295, 0.5461465721040188, 0.3980141843971631], "class": 2}