{"image": "c280dd46-1aaf-11ef-94f3-bd5cfcf36af4.jpg", "bboxes": [0.39224586288416075, 0.5730969267139481, 0.7350354609929077, 0.9111583924349882], "class": 2}