{"image": "c280dd46-1aaf-11ef-94f3-bd5cfcf36af4.jpg", "bboxes": [0.48780141843971625, 0.04884160756501188, 0.8305910165484633, 0.386903073286052], "class": 2}