{"image": "c280dd46-1aaf-11ef-94f3-bd5cfcf36af4.jpg", "bboxes": [0.34274231678487, 0.08439716312056744, 0.6855319148936171, 0.42245862884160756], "class": 2}