{"image": "c280dd46-1aaf-11ef-94f3-bd5cfcf36af4.jpg", "bboxes": [0.34113475177304964, 0.5708747044917258, 0.6839243498817966, 0.908936170212766], "class": 2}