{"image": "c280dd46-1aaf-11ef-94f3-bd5cfcf36af4.jpg", "bboxes": [0.30274231678487, 0.5819858156028369, 0.645531914893617, 0.920047281323877], "class": 2}