{"image": "c280dd46-1aaf-11ef-94f3-bd5cfcf36af4.jpg", "bboxes": [0.16335697399527183, 0.5642080378250591, 0.5061465721040188, 0.9022695035460992], "class": 2}