{"image": "c280dd46-1aaf-11ef-94f3-bd5cfcf36af4.jpg", "bboxes": [0.32718676122931445, 0.5553191489361703, 0.6699763593380614, 0.8933806146572104], "class": 2}