{"image": "c280dd46-1aaf-11ef-94f3-bd5cfcf36af4.jpg", "bboxes": [0.2122458628841607, 0.5775413711583924, 0.5550354609929078, 0.9156028368794326], "class": 2}