{"image": "c280dd46-1aaf-11ef-94f3-bd5cfcf36af4.jpg", "bboxes": [0.30718676122931443, 0.04884160756501188, 0.6499763593380615, 0.386903073286052], "class": 2}