{"image": "c280dd46-1aaf-11ef-94f3-bd5cfcf36af4.jpg", "bboxes": [0.4871867612293144, 0.5553191489361703, 0.8299763593380615, 0.8933806146572104], "class": 2}