{"image": "c280dd46-1aaf-11ef-94f3-bd5cfcf36af4.jpg", "bboxes": [0.1300236406619385, 0.5775413711583924, 0.4728132387706856, 0.9156028368794326], "class": 2}