{"image": "c280dd46-1aaf-11ef-94f3-bd5cfcf36af4.jpg", "bboxes": [0.3144680851063829, 0.5753191489361702, 0.65725768321513, 0.9133806146572103], "class": 2}