{"image": "c280dd46-1aaf-11ef-94f3-bd5cfcf36af4.jpg", "bboxes": [0.34940898345153665, 0.10439716312056746, 0.6921985815602837, 0.4424586288416076], "class": 2}