{"image": "c280dd46-1aaf-11ef-94f3-bd5cfcf36af4.jpg", "bboxes": [0.4078014184397163, 0.07773049645390073, 0.7505910165484633, 0.41579196217494085], "class": 2}