{"image": "c280dd46-1aaf-11ef-94f3-bd5cfcf36af4.jpg", "bboxes": [0.4966903073286052, 0.613096926713948, 0.8394799054373522, 0.9511583924349881], "class": 2}