{"image": "c280dd46-1aaf-11ef-94f3-bd5cfcf36af4.jpg", "bboxes": [0.19385342789598112, 0.10217494089834522, 0.5366430260047281, 0.44023640661938535], "class": 2}