{"image": "c280dd46-1aaf-11ef-94f3-bd5cfcf36af4.jpg", "bboxes": [0.10780141843971625, 0.6108747044917258, 0.45059101654846334, 0.9489361702127659], "class": 2}