{"image": "c280dd46-1aaf-11ef-94f3-bd5cfcf36af4.jpg", "bboxes": [0.29829787234042554, 0.5619858156028369, 0.6410874704491726, 0.900047281323877], "class": 2}