{"image": "c280dd46-1aaf-11ef-94f3-bd5cfcf36af4.jpg", "bboxes": [0.4211347517730496, 0.04661938534278964, 0.7639243498817967, 0.38468085106382977], "class": 2}