{"image": "c280dd46-1aaf-11ef-94f3-bd5cfcf36af4.jpg", "bboxes": [0.2694089834515367, 0.5908747044917259, 0.6121985815602837, 0.928936170212766], "class": 2}