{"image": "c280dd46-1aaf-11ef-94f3-bd5cfcf36af4.jpg", "bboxes": [0.3455791962174941, 0.6153191489361702, 0.6883687943262411, 0.9533806146572104], "class": 2}