{"image": "c280dd46-1aaf-11ef-94f3-bd5cfcf36af4.jpg", "bboxes": [0.28940898345153665, 0.10661938534278959, 0.6321985815602837, 0.4446808510638297], "class": 2}