{"image": "c280dd46-1aaf-11ef-94f3-bd5cfcf36af4.jpg", "bboxes": [0.26274231678487, 0.09995271867612299, 0.605531914893617, 0.4380141843971631], "class": 2}