{"image": "c280dd46-1aaf-11ef-94f3-bd5cfcf36af4.jpg", "bboxes": [0.43669030732860514, 0.6175413711583925, 0.7794799054373522, 0.9556028368794326], "class": 2}