{"image": "c280dd46-1aaf-11ef-94f3-bd5cfcf36af4.jpg", "bboxes": [0.20274231678487, 0.0888416075650118, 0.5455319148936171, 0.4269030732860519], "class": 2}