{"image": "c280dd46-1aaf-11ef-94f3-bd5cfcf36af4.jpg", "bboxes": [0.48940898345153666, 0.593096926713948, 0.8321985815602837, 0.9311583924349881], "class": 2}