{"image": "c280dd46-1aaf-11ef-94f3-bd5cfcf36af4.jpg", "bboxes": [0.47002364066193847, 0.08439716312056744, 0.8128132387706856, 0.4224586288416076], "class": 2}