{"image": "c280dd46-1aaf-11ef-94f3-bd5cfcf36af4.jpg", "bboxes": [0.41224586288416076, 0.09106382978723404, 0.7550354609929077, 0.4291252955082741], "class": 2}