{"image": "c280dd46-1aaf-11ef-94f3-bd5cfcf36af4.jpg", "bboxes": [0.32274231678487, 0.08439716312056744, 0.6655319148936171, 0.4224586288416076], "class": 2}