{"image": "c280dd46-1aaf-11ef-94f3-bd5cfcf36af4.jpg", "bboxes": [0.09224586288416071, 0.5975413711583925, 0.4350354609929078, 0.9356028368794326], "class": 2}