{"image": "c280dd46-1aaf-11ef-94f3-bd5cfcf36af4.jpg", "bboxes": [0.40496453900709223, 0.051063829787234116, 0.7477541371158393, 0.38912529550827424], "class": 2}