{"image": "c280dd46-1aaf-11ef-94f3-bd5cfcf36af4.jpg", "bboxes": [0.4389125295508274, 0.09328605200945628, 0.7817021276595745, 0.4313475177304964], "class": 2}