{"image": "c280dd46-1aaf-11ef-94f3-bd5cfcf36af4.jpg", "bboxes": [0.37891252955082744, 0.06439716312056742, 0.7217021276595744, 0.40245862884160755], "class": 2}