{"image": "c280dd46-1aaf-11ef-94f3-bd5cfcf36af4.jpg", "bboxes": [0.49891252955082743, 0.5886524822695036, 0.8417021276595744, 0.9267139479905437], "class": 2}