{"image": "c280dd46-1aaf-11ef-94f3-bd5cfcf36af4.jpg", "bboxes": [0.5671867612293144, 0.593096926713948, 0.9099763593380615, 0.9311583924349881], "class": 2}