{"image": "c280dd46-1aaf-11ef-94f3-bd5cfcf36af4.jpg", "bboxes": [0.34940898345153665, 0.05328605200945624, 0.6921985815602837, 0.39134751773049636], "class": 2}