{"image": "c280dd46-1aaf-11ef-94f3-bd5cfcf36af4.jpg", "bboxes": [0.46780141843971634, 0.0888416075650118, 0.8105910165484633, 0.4269030732860519], "class": 2}