{"image": "c280dd46-1aaf-11ef-94f3-bd5cfcf36af4.jpg", "bboxes": [0.3205200945626478, 0.5686524822695036, 0.6633096926713948, 0.9067139479905437], "class": 2}