{"image": "c280dd46-1aaf-11ef-94f3-bd5cfcf36af4.jpg", "bboxes": [0.27163120567375887, 0.5797635933806147, 0.614420803782506, 0.9178250591016548], "class": 2}