{"image": "c280dd46-1aaf-11ef-94f3-bd5cfcf36af4.jpg", "bboxes": [0.11891252955082743, 0.5775413711583924, 0.4617021276595744, 0.9156028368794326], "class": 2}