{"image": "c280dd46-1aaf-11ef-94f3-bd5cfcf36af4.jpg", "bboxes": [0.45829787234042557, 0.0821749408983452, 0.8010874704491726, 0.4202364066193853], "class": 2}