{"image": "c280dd46-1aaf-11ef-94f3-bd5cfcf36af4.jpg", "bboxes": [0.23829787234042554, 0.593096926713948, 0.5810874704491726, 0.9311583924349881], "class": 2}