{"image": "c280dd46-1aaf-11ef-94f3-bd5cfcf36af4.jpg", "bboxes": [0.3878014184397163, 0.07106382978723402, 0.7305910165484633, 0.40912529550827414], "class": 2}