{"image": "c280dd46-1aaf-11ef-94f3-bd5cfcf36af4.jpg", "bboxes": [0.22780141843971624, 0.5997635933806147, 0.5705910165484633, 0.9378250591016548], "class": 2}