{"image": "c280dd46-1aaf-11ef-94f3-bd5cfcf36af4.jpg", "bboxes": [0.5249645390070922, 0.5975413711583925, 0.8677541371158393, 0.9356028368794326], "class": 2}