{"image": "c280dd46-1aaf-11ef-94f3-bd5cfcf36af4.jpg", "bboxes": [0.5516312056737589, 0.6042080378250592, 0.8944208037825059, 0.9422695035460993], "class": 2}