{"image": "c280dd46-1aaf-11ef-94f3-bd5cfcf36af4.jpg", "bboxes": [0.1366903073286052, 0.6108747044917258, 0.4794799054373522, 0.9489361702127659], "class": 2}