{"image": "c280dd46-1aaf-11ef-94f3-bd5cfcf36af4.jpg", "bboxes": [0.35607565011820336, 0.10217494089834522, 0.6988652482269504, 0.44023640661938535], "class": 2}