{"image": "c280dd46-1aaf-11ef-94f3-bd5cfcf36af4.jpg", "bboxes": [0.23002364066193848, 0.6064302600472814, 0.5728132387706856, 0.9444917257683215], "class": 2}