{"image": "c280dd46-1aaf-11ef-94f3-bd5cfcf36af4.jpg", "bboxes": [0.5160756501182033, 0.5642080378250591, 0.8588652482269503, 0.9022695035460992], "class": 2}