{"image": "c280dd46-1aaf-11ef-94f3-bd5cfcf36af4.jpg", "bboxes": [0.24557919621749402, 0.6042080378250592, 0.5883687943262411, 0.9422695035460993], "class": 2}