{"image": "c280dd46-1aaf-11ef-94f3-bd5cfcf36af4.jpg", "bboxes": [0.48113475177304965, 0.5886524822695036, 0.8239243498817966, 0.9267139479905437], "class": 2}