{"image": "c41520c7-1aaf-11ef-aeac-bd5cfcf36af4.jpg", "bboxes": [0.0, 0.41229314420803787, 0.17271867612293146, 0.8401891252955083], "class": 2}