{"image": "c41520c7-1aaf-11ef-aeac-bd5cfcf36af4.jpg", "bboxes": [0.0022222222222222365, 0.41229314420803787, 0.27271867612293144, 0.8401891252955083], "class": 2}