{"image": "c41520c7-1aaf-11ef-aeac-bd5cfcf36af4.jpg", "bboxes": [0.791725768321513, 0.4500709219858156, 0.9977777777777778, 0.8779669030732861], "class": 2}