{"image": "c41520c7-1aaf-11ef-aeac-bd5cfcf36af4.jpg", "bboxes": [0.0022222222222222365, 0.1264775413711584, 0.032718676122931445, 0.5543735224586288], "class": 2}