{"image": "c41520c7-1aaf-11ef-aeac-bd5cfcf36af4.jpg", "bboxes": [0.01040189125295532, 0.1575886524822695, 0.308274231678487, 0.5854846335697399], "class": 2}