{"image": "c41520c7-1aaf-11ef-aeac-bd5cfcf36af4.jpg", "bboxes": [0.9806146572104019, 0.43451536643026006, 0.9977777777777778, 0.8624113475177305], "class": 2}