{"image": "c41520c7-1aaf-11ef-aeac-bd5cfcf36af4.jpg", "bboxes": [0.0, 0.14647754137115843, 0.26605200945626484, 0.5743735224586288], "class": 2}