{"image": "c41520c7-1aaf-11ef-aeac-bd5cfcf36af4.jpg", "bboxes": [0.9161702127659574, 0.4500709219858156, 1.0, 0.8779669030732861], "class": 2}