{"image": "c41520c7-1aaf-11ef-aeac-bd5cfcf36af4.jpg", "bboxes": [0.9650591016548463, 0.46340425531914897, 0.9977777777777778, 0.8913002364066194], "class": 2}