{"image": "c41520c7-1aaf-11ef-aeac-bd5cfcf36af4.jpg", "bboxes": [0.951725768321513, 0.10869976359338063, 1.0, 0.536595744680851], "class": 2}