{"image": "c41520c7-1aaf-11ef-aeac-bd5cfcf36af4.jpg", "bboxes": [0.0022222222222222365, 0.11092198581560288, 0.057163120567375936, 0.5388179669030733], "class": 2}