{"image": "c41520c7-1aaf-11ef-aeac-bd5cfcf36af4.jpg", "bboxes": [0.0, 0.4589598108747045, 0.028274231678487083, 0.8868557919621749], "class": 2}