{"image": "c41520c7-1aaf-11ef-aeac-bd5cfcf36af4.jpg", "bboxes": [0.7495035460992907, 0.09981087470449168, 0.9977777777777778, 0.5277068557919622], "class": 2}