{"image": "c41520c7-1aaf-11ef-aeac-bd5cfcf36af4.jpg", "bboxes": [0.0, 0.10203309692671392, 0.05938534278959817, 0.5299290780141843], "class": 2}