{"image": "c41520c7-1aaf-11ef-aeac-bd5cfcf36af4.jpg", "bboxes": [0.8050591016548463, 0.13981087470449172, 0.9977777777777778, 0.5677068557919622], "class": 2}