{"image": "c41520c7-1aaf-11ef-aeac-bd5cfcf36af4.jpg", "bboxes": [0.0, 0.4367375886524823, 0.2638297872340426, 0.8646335697399528], "class": 2}