{"image": "c41520c7-1aaf-11ef-aeac-bd5cfcf36af4.jpg", "bboxes": [0.0, 0.4411820330969267, 0.008274231678487065, 0.8690780141843971], "class": 2}