{"image": "c41520c7-1aaf-11ef-aeac-bd5cfcf36af4.jpg", "bboxes": [0.691725768321513, 0.42340425531914894, 0.9895981087470447, 0.8513002364066193], "class": 2}