{"image": "c41520c7-1aaf-11ef-aeac-bd5cfcf36af4.jpg", "bboxes": [0.0, 0.4545153664302601, 0.21049645390070926, 0.8824113475177305], "class": 2}