{"image": "c41520c7-1aaf-11ef-aeac-bd5cfcf36af4.jpg", "bboxes": [0.7783924349881797, 0.15536643026004726, 0.9977777777777778, 0.5832624113475178], "class": 2}