{"image": "c41520c7-1aaf-11ef-aeac-bd5cfcf36af4.jpg", "bboxes": [0.0, 0.12425531914893617, 0.10827423167848704, 0.5521513002364067], "class": 2}