{"image": "c41520c7-1aaf-11ef-aeac-bd5cfcf36af4.jpg", "bboxes": [0.0, 0.13758865248226948, 0.10382978723404257, 0.5654846335697399], "class": 2}