{"image": "c41520c7-1aaf-11ef-aeac-bd5cfcf36af4.jpg", "bboxes": [0.7072813238770685, 0.4545153664302601, 0.9977777777777778, 0.8824113475177305], "class": 2}