{"image": "c41520c7-1aaf-11ef-aeac-bd5cfcf36af4.jpg", "bboxes": [0.01040189125295532, 0.15536643026004726, 0.308274231678487, 0.5832624113475178], "class": 2}