{"image": "c41520c7-1aaf-11ef-aeac-bd5cfcf36af4.jpg", "bboxes": [0.0022222222222222365, 0.46340425531914897, 0.008274231678487065, 0.8913002364066194], "class": 2}