{"image": "c41520c7-1aaf-11ef-aeac-bd5cfcf36af4.jpg", "bboxes": [0.7650591016548463, 0.4278486997635934, 0.9977777777777778, 0.8557446808510638], "class": 2}