{"image": "c41520c7-1aaf-11ef-aeac-bd5cfcf36af4.jpg", "bboxes": [0.8806146572104019, 0.09314420803782508, 0.9977777777777778, 0.5210401891252955], "class": 2}