{"image": "c41520c7-1aaf-11ef-aeac-bd5cfcf36af4.jpg", "bboxes": [0.9961702127659574, 0.4789598108747045, 1.0, 0.9068557919621749], "class": 2}