{"image": "c41520c7-1aaf-11ef-aeac-bd5cfcf36af4.jpg", "bboxes": [0.0, 0.11092198581560286, 0.2193853427895982, 0.5388179669030733], "class": 2}