{"image": "c41520c7-1aaf-11ef-aeac-bd5cfcf36af4.jpg", "bboxes": [0.951725768321513, 0.46118203309692674, 1.0, 0.8890780141843971], "class": 2}