{"image": "c41520c7-1aaf-11ef-aeac-bd5cfcf36af4.jpg", "bboxes": [0.8361702127659574, 0.11092198581560288, 0.9977777777777778, 0.5388179669030733], "class": 2}