{"image": "c41520c7-1aaf-11ef-aeac-bd5cfcf36af4.jpg", "bboxes": [0.008179669030733083, 0.13758865248226948, 0.30605200945626476, 0.5654846335697399], "class": 2}