{"image": "c41520c7-1aaf-11ef-aeac-bd5cfcf36af4.jpg", "bboxes": [0.0022222222222222365, 0.43451536643026006, 0.07938534278959819, 0.8624113475177305], "class": 2}