{"image": "c41520c7-1aaf-11ef-aeac-bd5cfcf36af4.jpg", "bboxes": [0.9472813238770685, 0.09536643026004732, 1.0, 0.5232624113475177], "class": 2}