{"image": "c41520c7-1aaf-11ef-aeac-bd5cfcf36af4.jpg", "bboxes": [0.0022222222222222365, 0.47451536643026004, 0.2127186761229315, 0.9024113475177304], "class": 2}