{"image": "c41520c7-1aaf-11ef-aeac-bd5cfcf36af4.jpg", "bboxes": [0.01706855791962203, 0.45229314420803785, 0.3149408983451537, 0.8801891252955083], "class": 2}