{"image": "c41520c7-1aaf-11ef-aeac-bd5cfcf36af4.jpg", "bboxes": [0.0, 0.12203309692671394, 0.10827423167848704, 0.5499290780141843], "class": 2}