{"image": "c41520c7-1aaf-11ef-aeac-bd5cfcf36af4.jpg", "bboxes": [0.0, 0.15314420803782502, 0.05938534278959817, 0.5810401891252954], "class": 2}