{"image": "c41520c7-1aaf-11ef-aeac-bd5cfcf36af4.jpg", "bboxes": [0.0, 0.11758865248226946, 0.25271867612293153, 0.5454846335697399], "class": 2}