{"image": "c41520c7-1aaf-11ef-aeac-bd5cfcf36af4.jpg", "bboxes": [0.0, 0.14203309692671395, 0.15938534278959815, 0.5699290780141844], "class": 2}