{"image": "c41520c7-1aaf-11ef-aeac-bd5cfcf36af4.jpg", "bboxes": [0.0022222222222222365, 0.4189598108747045, 0.07938534278959819, 0.846855791962175], "class": 2}