{"image": "c41520c7-1aaf-11ef-aeac-bd5cfcf36af4.jpg", "bboxes": [0.0022222222222222365, 0.4500709219858156, 0.15271867612293144, 0.8779669030732861], "class": 2}