{"image": "c466be85-1aaf-11ef-be10-bd5cfcf36af4.jpg", "bboxes": [0.0, 0.4529078014184398, 0.03508274231678499, 0.8240661938534279], "class": 2}