{"image": "c466be85-1aaf-11ef-be10-bd5cfcf36af4.jpg", "bboxes": [0.7515839243498817, 0.16704491725768322, 0.9903546099290778, 0.5382033096926714], "class": 2}