{"image": "c466be85-1aaf-11ef-be10-bd5cfcf36af4.jpg", "bboxes": [0.051867612293144405, 0.16926713947990546, 0.2906382978723405, 0.5404255319148936], "class": 2}