{"image": "c466be85-1aaf-11ef-be10-bd5cfcf36af4.jpg", "bboxes": [0.7693617021276595, 0.21371158392434986, 1.0, 0.584869976359338], "class": 2}