{"image": "c466be85-1aaf-11ef-be10-bd5cfcf36af4.jpg", "bboxes": [0.9449172576832151, 0.4262411347517731, 1.0, 0.7973995271867612], "class": 2}