{"image": "c466be85-1aaf-11ef-be10-bd5cfcf36af4.jpg", "bboxes": [0.06964539007092219, 0.4706855791962175, 0.30841607565011825, 0.8418439716312057], "class": 2}