{"image": "c466be85-1aaf-11ef-be10-bd5cfcf36af4.jpg", "bboxes": [0.9671394799054372, 0.1981560283687943, 0.9977777777777778, 0.5693144208037825], "class": 2}