{"image": "c466be85-1aaf-11ef-be10-bd5cfcf36af4.jpg", "bboxes": [0.06964539007092219, 0.415130023640662, 0.3084160756501183, 0.7862884160756501], "class": 2}