{"image": "c466be85-1aaf-11ef-be10-bd5cfcf36af4.jpg", "bboxes": [0.0, 0.44624113475177307, 0.13508274231678497, 0.8173995271867612], "class": 2}