{"image": "c466be85-1aaf-11ef-be10-bd5cfcf36af4.jpg", "bboxes": [0.06297872340425559, 0.4106855791962175, 0.3017494089834516, 0.7818439716312057], "class": 2}