{"image": "c466be85-1aaf-11ef-be10-bd5cfcf36af4.jpg", "bboxes": [0.06964539007092219, 0.4284633569739953, 0.30841607565011825, 0.7996217494089835], "class": 2}