{"image": "c466be85-1aaf-11ef-be10-bd5cfcf36af4.jpg", "bboxes": [0.8360283687943262, 0.18926713947990548, 1.0, 0.5604255319148936], "class": 2}