{"image": "c466be85-1aaf-11ef-be10-bd5cfcf36af4.jpg", "bboxes": [0.0, 0.4373522458628842, 0.12841607565011826, 0.8085106382978724], "class": 2}