{"image": "c466be85-1aaf-11ef-be10-bd5cfcf36af4.jpg", "bboxes": [0.973806146572104, 0.4484633569739953, 0.9977777777777778, 0.8196217494089835], "class": 2}