{"image": "c466be85-1aaf-11ef-be10-bd5cfcf36af4.jpg", "bboxes": [0.0022222222222222365, 0.4106855791962175, 0.15952718676122934, 0.7818439716312057], "class": 2}