{"image": "c466be85-1aaf-11ef-be10-bd5cfcf36af4.jpg", "bboxes": [0.9582505910165484, 0.45068557919621755, 0.9977777777777778, 0.8218439716312057], "class": 2}