{"image": "c466be85-1aaf-11ef-be10-bd5cfcf36af4.jpg", "bboxes": [0.0, 0.4240189125295509, 0.17063829787234053, 0.795177304964539], "class": 2}