{"image": "c466be85-1aaf-11ef-be10-bd5cfcf36af4.jpg", "bboxes": [0.0022222222222222365, 0.18482269503546103, 0.017304964539007206, 0.5559810874704492], "class": 2}