{"image": "c466be85-1aaf-11ef-be10-bd5cfcf36af4.jpg", "bboxes": [0.0, 0.4173522458628842, 0.18619385342789607, 0.7885106382978724], "class": 2}