{"image": "c466be85-1aaf-11ef-be10-bd5cfcf36af4.jpg", "bboxes": [0.0, 0.4440189125295509, 0.15952718676122934, 0.815177304964539], "class": 2}