{"image": "c466be85-1aaf-11ef-be10-bd5cfcf36af4.jpg", "bboxes": [0.8604728132387706, 0.4106855791962175, 1.0, 0.7818439716312057], "class": 2}