{"image": "c466be85-1aaf-11ef-be10-bd5cfcf36af4.jpg", "bboxes": [0.773806146572104, 0.44624113475177307, 1.0, 0.8173995271867612], "class": 2}