{"image": "c466be85-1aaf-11ef-be10-bd5cfcf36af4.jpg", "bboxes": [0.9382505910165484, 0.2159338061465721, 1.0, 0.5870921985815603], "class": 2}