{"image": "c466be85-1aaf-11ef-be10-bd5cfcf36af4.jpg", "bboxes": [0.8626950354609928, 0.40401891252955086, 0.9977777777777778, 0.775177304964539], "class": 2}