{"image": "c466be85-1aaf-11ef-be10-bd5cfcf36af4.jpg", "bboxes": [0.0022222222222222365, 0.41290780141843975, 0.00841607565011826, 0.7840661938534279], "class": 2}