{"image": "c466be85-1aaf-11ef-be10-bd5cfcf36af4.jpg", "bboxes": [0.0022222222222222365, 0.1914893617021276, 0.22841607565011823, 0.5626477541371158], "class": 2}