{"image": "c466be85-1aaf-11ef-be10-bd5cfcf36af4.jpg", "bboxes": [0.8204728132387706, 0.16704491725768322, 1.0, 0.5382033096926714], "class": 2}