{"image": "c466be85-1aaf-11ef-be10-bd5cfcf36af4.jpg", "bboxes": [0.8626950354609928, 0.4706855791962175, 0.9977777777777778, 0.8418439716312057], "class": 2}