{"image": "c466be85-1aaf-11ef-be10-bd5cfcf36af4.jpg", "bboxes": [0.0, 0.43290780141843976, 0.10397163120567388, 0.8040661938534279], "class": 2}