{"image": "c466be85-1aaf-11ef-be10-bd5cfcf36af4.jpg", "bboxes": [0.04297872340425557, 0.4173522458628842, 0.2817494089834516, 0.7885106382978724], "class": 2}