{"image": "c466be85-1aaf-11ef-be10-bd5cfcf36af4.jpg", "bboxes": [0.0022222222222222365, 0.4484633569739953, 0.17063829787234053, 0.8196217494089835], "class": 2}