{"image": "c466be85-1aaf-11ef-be10-bd5cfcf36af4.jpg", "bboxes": [0.0022222222222222365, 0.20926713947990536, 0.01508274231678497, 0.5804255319148937], "class": 2}