{"image": "c466be85-1aaf-11ef-be10-bd5cfcf36af4.jpg", "bboxes": [0.8049172576832151, 0.44179669030732865, 1.0, 0.8129550827423168], "class": 2}