{"image": "c466be85-1aaf-11ef-be10-bd5cfcf36af4.jpg", "bboxes": [0.893806146572104, 0.20260047281323879, 1.0, 0.5737588652482268], "class": 2}