{"image": "c466be85-1aaf-11ef-be10-bd5cfcf36af4.jpg", "bboxes": [0.0022222222222222365, 0.20037825059101655, 0.1817494089834516, 0.5715366430260047], "class": 2}