{"image": "c466be85-1aaf-11ef-be10-bd5cfcf36af4.jpg", "bboxes": [0.8471394799054373, 0.4706855791962175, 1.0, 0.8418439716312057], "class": 2}