{"image": "c466be85-1aaf-11ef-be10-bd5cfcf36af4.jpg", "bboxes": [0.6849172576832151, 0.19371158392434984, 0.9236879432624111, 0.564869976359338], "class": 2}