{"image": "c466be85-1aaf-11ef-be10-bd5cfcf36af4.jpg", "bboxes": [0.7915839243498817, 0.44179669030732865, 0.9977777777777778, 0.8129550827423168], "class": 2}