{"image": "c466be85-1aaf-11ef-be10-bd5cfcf36af4.jpg", "bboxes": [0.9693617021276595, 0.4195744680851064, 0.9977777777777778, 0.7907328605200946], "class": 2}