{"image": "c466be85-1aaf-11ef-be10-bd5cfcf36af4.jpg", "bboxes": [0.7182505910165484, 0.4662411347517731, 0.9570212765957444, 0.8373995271867612], "class": 2}