{"image": "c466be85-1aaf-11ef-be10-bd5cfcf36af4.jpg", "bboxes": [0.8826950354609928, 0.16926713947990546, 0.9977777777777778, 0.5404255319148936], "class": 2}