{"image": "c466be85-1aaf-11ef-be10-bd5cfcf36af4.jpg", "bboxes": [0.8249172576832151, 0.2226004728132388, 0.9977777777777778, 0.593758865248227], "class": 2}