{"image": "c466be85-1aaf-11ef-be10-bd5cfcf36af4.jpg", "bboxes": [0.833806146572104, 0.16260047281323878, 0.9977777777777778, 0.5337588652482269], "class": 2}