{"image": "c466be85-1aaf-11ef-be10-bd5cfcf36af4.jpg", "bboxes": [0.9693617021276595, 0.21371158392434986, 0.9977777777777778, 0.584869976359338], "class": 2}