{"image": "c466be85-1aaf-11ef-be10-bd5cfcf36af4.jpg", "bboxes": [0.9160283687943261, 0.21815602836879433, 0.9977777777777778, 0.5893144208037825], "class": 2}