{"image": "c466be85-1aaf-11ef-be10-bd5cfcf36af4.jpg", "bboxes": [0.9804728132387707, 0.41290780141843975, 1.0, 0.7840661938534279], "class": 2}