{"image": "c466be85-1aaf-11ef-be10-bd5cfcf36af4.jpg", "bboxes": [0.6960283687943262, 0.1781560283687943, 0.9347990543735222, 0.5493144208037825], "class": 2}