{"image": "c466be85-1aaf-11ef-be10-bd5cfcf36af4.jpg", "bboxes": [0.744917257683215, 0.45513002364066196, 0.9836879432624112, 0.8262884160756502], "class": 2}