{"image": "c466be85-1aaf-11ef-be10-bd5cfcf36af4.jpg", "bboxes": [0.0022222222222222365, 0.1603782505910165, 0.23952718676122942, 0.5315366430260047], "class": 2}