{"image": "c466be85-1aaf-11ef-be10-bd5cfcf36af4.jpg", "bboxes": [0.06964539007092219, 0.22482269503546104, 0.30841607565011825, 0.5959810874704493], "class": 2}