{"image": "c466be85-1aaf-11ef-be10-bd5cfcf36af4.jpg", "bboxes": [0.8582505910165484, 0.40846335697399533, 1.0, 0.7796217494089834], "class": 2}