{"image": "c5095e5e-1aaf-11ef-bb33-bd5cfcf36af4.jpg", "bboxes": [0.23120567375886536, 0.2123404255319149, 0.5609929078014184, 0.6307801418439716], "class": 2}