{"image": "c5095e5e-1aaf-11ef-bb33-bd5cfcf36af4.jpg", "bboxes": [0.36676122931442096, 0.18122931442080378, 0.696548463356974, 0.5996690307328605], "class": 2}