{"image": "c5095e5e-1aaf-11ef-bb33-bd5cfcf36af4.jpg", "bboxes": [0.29011820330969273, 0.22789598108747045, 0.6199054373522458, 0.6463356973995271], "class": 2}