{"image": "c5095e5e-1aaf-11ef-bb33-bd5cfcf36af4.jpg", "bboxes": [0.24567375886524828, 0.34699763593380617, 0.5754609929078014, 0.7654373522458628], "class": 2}