{"image": "c5095e5e-1aaf-11ef-bb33-bd5cfcf36af4.jpg", "bboxes": [0.4390070921985816, 0.38255319148936173, 0.7687943262411346, 0.8009929078014184], "class": 2}