{"image": "c5095e5e-1aaf-11ef-bb33-bd5cfcf36af4.jpg", "bboxes": [0.4301182033096927, 0.38255319148936173, 0.7599054373522458, 0.8009929078014184], "class": 2}