{"image": "c5095e5e-1aaf-11ef-bb33-bd5cfcf36af4.jpg", "bboxes": [0.33120567375886534, 0.36033096926713953, 0.6609929078014184, 0.7787706855791962], "class": 2}