{"image": "c5095e5e-1aaf-11ef-bb33-bd5cfcf36af4.jpg", "bboxes": [0.5790070921985816, 0.20345153664302604, 0.9087943262411347, 0.6218912529550827], "class": 2}