{"image": "c5095e5e-1aaf-11ef-bb33-bd5cfcf36af4.jpg", "bboxes": [0.5101182033096927, 0.2123404255319149, 0.8399054373522458, 0.6307801418439716], "class": 2}