{"image": "c5095e5e-1aaf-11ef-bb33-bd5cfcf36af4.jpg", "bboxes": [0.4390070921985816, 0.36477541371158395, 0.7687943262411346, 0.7832151300236406], "class": 2}