{"image": "c5095e5e-1aaf-11ef-bb33-bd5cfcf36af4.jpg", "bboxes": [0.6167848699763594, 0.22567375886524832, 0.9465721040189125, 0.644113475177305], "class": 2}