{"image": "c5095e5e-1aaf-11ef-bb33-bd5cfcf36af4.jpg", "bboxes": [0.2912056737588653, 0.23900709219858163, 0.6209929078014185, 0.6574468085106382], "class": 2}