{"image": "c5095e5e-1aaf-11ef-bb33-bd5cfcf36af4.jpg", "bboxes": [0.3167848699763594, 0.17900709219858157, 0.6465721040189125, 0.5974468085106382], "class": 2}