{"image": "c5095e5e-1aaf-11ef-bb33-bd5cfcf36af4.jpg", "bboxes": [0.40122931442080384, 0.40255319148936175, 0.731016548463357, 0.8209929078014184], "class": 2}