{"image": "c5095e5e-1aaf-11ef-bb33-bd5cfcf36af4.jpg", "bboxes": [0.16676122931442083, 0.3536643026004728, 0.496548463356974, 0.7721040189125296], "class": 2}