{"image": "c5095e5e-1aaf-11ef-bb33-bd5cfcf36af4.jpg", "bboxes": [0.34122931442080384, 0.39366430260047286, 0.6710165484633569, 0.8121040189125295], "class": 2}