{"image": "c5095e5e-1aaf-11ef-bb33-bd5cfcf36af4.jpg", "bboxes": [0.08453900709219864, 0.22345153664302608, 0.41432624113475164, 0.6418912529550825], "class": 2}