{"image": "c5095e5e-1aaf-11ef-bb33-bd5cfcf36af4.jpg", "bboxes": [0.11342789598108749, 0.23234042553191492, 0.44321513002364066, 0.6507801418439716], "class": 2}