{"image": "c5095e5e-1aaf-11ef-bb33-bd5cfcf36af4.jpg", "bboxes": [0.1645390070921986, 0.19456264775413712, 0.49432624113475176, 0.6130023640661939], "class": 2}