{"image": "c5095e5e-1aaf-11ef-bb33-bd5cfcf36af4.jpg", "bboxes": [0.4312056737588653, 0.17900709219858157, 0.7609929078014184, 0.5974468085106382], "class": 2}