{"image": "c5095e5e-1aaf-11ef-bb33-bd5cfcf36af4.jpg", "bboxes": [0.33234042553191495, 0.39366430260047286, 0.6621276595744681, 0.8121040189125295], "class": 2}