{"image": "c5095e5e-1aaf-11ef-bb33-bd5cfcf36af4.jpg", "bboxes": [0.5478959810874705, 0.192340425531915, 0.8776832151300236, 0.6107801418439716], "class": 2}