{"image": "c5095e5e-1aaf-11ef-bb33-bd5cfcf36af4.jpg", "bboxes": [0.5812293144208038, 0.3492198581560284, 0.9110165484633569, 0.7676595744680851], "class": 2}