{"image": "c5095e5e-1aaf-11ef-bb33-bd5cfcf36af4.jpg", "bboxes": [0.39678486997635937, 0.36921985815602837, 0.7265721040189125, 0.7876595744680851], "class": 2}