{"image": "c5095e5e-1aaf-11ef-bb33-bd5cfcf36af4.jpg", "bboxes": [0.5567848699763593, 0.2190070921985816, 0.8865721040189125, 0.6374468085106383], "class": 2}