{"image": "c5095e5e-1aaf-11ef-bb33-bd5cfcf36af4.jpg", "bboxes": [0.048983451536643074, 0.3981087470449173, 0.37877068557919613, 0.816548463356974], "class": 2}