{"image": "c5095e5e-1aaf-11ef-bb33-bd5cfcf36af4.jpg", "bboxes": [0.2545626477541372, 0.4003309692671395, 0.5843498817966902, 0.8187706855791962], "class": 2}