{"image": "c5095e5e-1aaf-11ef-bb33-bd5cfcf36af4.jpg", "bboxes": [0.25120567375886527, 0.3892198581560284, 0.5809929078014184, 0.807659574468085], "class": 2}