{"image": "c5095e5e-1aaf-11ef-bb33-bd5cfcf36af4.jpg", "bboxes": [0.17565011820330978, 0.3892198581560284, 0.5054373522458628, 0.807659574468085], "class": 2}