{"image": "c5095e5e-1aaf-11ef-bb33-bd5cfcf36af4.jpg", "bboxes": [0.41011820330969273, 0.37810874704491726, 0.7399054373522458, 0.7965484633569739], "class": 2}