{"image": "c5095e5e-1aaf-11ef-bb33-bd5cfcf36af4.jpg", "bboxes": [0.5145626477541372, 0.18567375886524828, 0.8443498817966902, 0.604113475177305], "class": 2}