{"image": "c5095e5e-1aaf-11ef-bb33-bd5cfcf36af4.jpg", "bboxes": [0.22453900709219865, 0.3581087470449173, 0.5543262411347517, 0.7765484633569739], "class": 2}