{"image": "c5095e5e-1aaf-11ef-bb33-bd5cfcf36af4.jpg", "bboxes": [0.343451536643026, 0.38477541371158397, 0.6732387706855791, 0.8032151300236406], "class": 2}