{"image": "c5095e5e-1aaf-11ef-bb33-bd5cfcf36af4.jpg", "bboxes": [0.5167848699763594, 0.20345153664302604, 0.8465721040189125, 0.6218912529550827], "class": 2}