{"image": "c5095e5e-1aaf-11ef-bb33-bd5cfcf36af4.jpg", "bboxes": [0.16453900709219862, 0.38699763593380615, 0.49432624113475176, 0.8054373522458629], "class": 2}