{"image": "c5095e5e-1aaf-11ef-bb33-bd5cfcf36af4.jpg", "bboxes": [0.35011820330969273, 0.17678486997635937, 0.6799054373522458, 0.595224586288416], "class": 2}