{"image": "c5095e5e-1aaf-11ef-bb33-bd5cfcf36af4.jpg", "bboxes": [0.5590070921985816, 0.40477541371158393, 0.8887943262411346, 0.8232151300236407], "class": 2}