{"image": "c5095e5e-1aaf-11ef-bb33-bd5cfcf36af4.jpg", "bboxes": [0.07787234042553193, 0.3803309692671395, 0.4076595744680851, 0.7987706855791962], "class": 2}