{"image": "c5095e5e-1aaf-11ef-bb33-bd5cfcf36af4.jpg", "bboxes": [0.28567375886524826, 0.3536643026004728, 0.6154609929078013, 0.7721040189125296], "class": 2}