{"image": "c5095e5e-1aaf-11ef-bb33-bd5cfcf36af4.jpg", "bboxes": [0.4423167848699764, 0.23011820330969268, 0.7721040189125294, 0.6485579196217494], "class": 2}