{"image": "c5095e5e-1aaf-11ef-bb33-bd5cfcf36af4.jpg", "bboxes": [0.2923404255319149, 0.38255319148936173, 0.622127659574468, 0.8009929078014184], "class": 2}