{"image": "c5095e5e-1aaf-11ef-bb33-bd5cfcf36af4.jpg", "bboxes": [0.2400945626477542, 0.23900709219858163, 0.5698817966903074, 0.6574468085106382], "class": 2}