{"image": "c5095e5e-1aaf-11ef-bb33-bd5cfcf36af4.jpg", "bboxes": [0.3400945626477542, 0.18345153664302605, 0.6698817966903072, 0.6018912529550827], "class": 2}