{"image": "c5095e5e-1aaf-11ef-bb33-bd5cfcf36af4.jpg", "bboxes": [0.31234042553191493, 0.23234042553191492, 0.642127659574468, 0.6507801418439716], "class": 2}