{"image": "c5095e5e-1aaf-11ef-bb33-bd5cfcf36af4.jpg", "bboxes": [0.41787234042553195, 0.36921985815602837, 0.7476595744680851, 0.7876595744680851], "class": 2}