{"image": "c5095e5e-1aaf-11ef-bb33-bd5cfcf36af4.jpg", "bboxes": [0.2878959810874705, 0.39366430260047286, 0.6176832151300236, 0.8121040189125295], "class": 2}