{"image": "c5095e5e-1aaf-11ef-bb33-bd5cfcf36af4.jpg", "bboxes": [0.46122931442080384, 0.3914420803782506, 0.7910165484633569, 0.8098817966903072], "class": 2}