{"image": "c5095e5e-1aaf-11ef-bb33-bd5cfcf36af4.jpg", "bboxes": [0.2089834515366431, 0.21011820330969266, 0.5387706855791962, 0.6285579196217495], "class": 2}