{"image": "c5095e5e-1aaf-11ef-bb33-bd5cfcf36af4.jpg", "bboxes": [0.6145626477541372, 0.2056737588652483, 0.9443498817966902, 0.624113475177305], "class": 2}