{"image": "c5095e5e-1aaf-11ef-bb33-bd5cfcf36af4.jpg", "bboxes": [0.41456264775413715, 0.19678486997635936, 0.7443498817966903, 0.615224586288416], "class": 2}