{"image": "c5095e5e-1aaf-11ef-bb33-bd5cfcf36af4.jpg", "bboxes": [0.28231678486997647, 0.18345153664302605, 0.6121040189125295, 0.6018912529550827], "class": 2}