{"image": "c5095e5e-1aaf-11ef-bb33-bd5cfcf36af4.jpg", "bboxes": [0.6056737588652483, 0.19678486997635936, 0.9354609929078014, 0.615224586288416], "class": 2}