{"image": "c5095e5e-1aaf-11ef-bb33-bd5cfcf36af4.jpg", "bboxes": [0.3534278959810875, 0.2256737588652483, 0.6832151300236406, 0.6441134751773049], "class": 2}