{"image": "c5095e5e-1aaf-11ef-bb33-bd5cfcf36af4.jpg", "bboxes": [0.19342789598108756, 0.18345153664302605, 0.5232151300236406, 0.6018912529550827], "class": 2}