{"image": "c55a0356-1aaf-11ef-ae18-bd5cfcf36af4.jpg", "bboxes": [0.32988179669030726, 0.3805673758865249, 0.6159338061465721, 0.8238297872340425], "class": 2}