{"image": "c55a0356-1aaf-11ef-ae18-bd5cfcf36af4.jpg", "bboxes": [0.4262884160756502, 0.13394799054373518, 0.712340425531915, 0.5772104018912529], "class": 2}