{"image": "c55a0356-1aaf-11ef-ae18-bd5cfcf36af4.jpg", "bboxes": [0.37654846335697395, 0.13172576832151295, 0.6626004728132388, 0.5749881796690306], "class": 2}