{"image": "c55a0356-1aaf-11ef-ae18-bd5cfcf36af4.jpg", "bboxes": [0.5107328605200946, 0.15617021276595744, 0.7967848699763593, 0.5994326241134751], "class": 2}