{"image": "c55a0356-1aaf-11ef-ae18-bd5cfcf36af4.jpg", "bboxes": [0.3862884160756501, 0.411678486997636, 0.672340425531915, 0.8549408983451537], "class": 2}