{"image": "c55a0356-1aaf-11ef-ae18-bd5cfcf36af4.jpg", "bboxes": [0.46406619385342796, 0.36945626477541377, 0.7501182033096927, 0.8127186761229315], "class": 2}