{"image": "c55a0356-1aaf-11ef-ae18-bd5cfcf36af4.jpg", "bboxes": [0.3662884160756501, 0.191725768321513, 0.652340425531915, 0.6349881796690307], "class": 2}