{"image": "c55a0356-1aaf-11ef-ae18-bd5cfcf36af4.jpg", "bboxes": [0.5707328605200945, 0.17394799054373522, 0.8567848699763594, 0.617210401891253], "class": 2}