{"image": "c55a0356-1aaf-11ef-ae18-bd5cfcf36af4.jpg", "bboxes": [0.4476595744680851, 0.4027895981087471, 0.7337115839243499, 0.8460520094562648], "class": 2}