{"image": "c55a0356-1aaf-11ef-ae18-bd5cfcf36af4.jpg", "bboxes": [0.40184397163120567, 0.36723404255319153, 0.6878959810874705, 0.8104964539007092], "class": 2}