{"image": "c55a0356-1aaf-11ef-ae18-bd5cfcf36af4.jpg", "bboxes": [0.23739952718676127, 0.1295035460992907, 0.5234515366430261, 0.5727659574468085], "class": 2}