{"image": "c55a0356-1aaf-11ef-ae18-bd5cfcf36af4.jpg", "bboxes": [0.4529550827423168, 0.16505910165484627, 0.7390070921985816, 0.608321513002364], "class": 2}