{"image": "c55a0356-1aaf-11ef-ae18-bd5cfcf36af4.jpg", "bboxes": [0.24988179669030727, 0.3827895981087471, 0.535933806146572, 0.8260520094562648], "class": 2}