{"image": "c55a0356-1aaf-11ef-ae18-bd5cfcf36af4.jpg", "bboxes": [0.315177304964539, 0.36723404255319153, 0.6012293144208039, 0.8104964539007092], "class": 2}