{"image": "c55a0356-1aaf-11ef-ae18-bd5cfcf36af4.jpg", "bboxes": [0.195177304964539, 0.3805673758865249, 0.48122931442080386, 0.8238297872340425], "class": 2}