{"image": "c55a0356-1aaf-11ef-ae18-bd5cfcf36af4.jpg", "bboxes": [0.19654846335697396, 0.3739007092198582, 0.48260047281323876, 0.817163120567376], "class": 2}