{"image": "c55a0356-1aaf-11ef-ae18-bd5cfcf36af4.jpg", "bboxes": [0.2321040189125295, 0.3739007092198582, 0.5181560283687944, 0.817163120567376], "class": 2}