{"image": "c55a0356-1aaf-11ef-ae18-bd5cfcf36af4.jpg", "bboxes": [0.40628841607565014, 0.42723404255319153, 0.692340425531915, 0.8704964539007093], "class": 2}