{"image": "c55a0356-1aaf-11ef-ae18-bd5cfcf36af4.jpg", "bboxes": [0.2773995271867612, 0.3761229314420804, 0.563451536643026, 0.8193853427895982], "class": 2}