{"image": "c55a0356-1aaf-11ef-ae18-bd5cfcf36af4.jpg", "bboxes": [0.42321513002364064, 0.40056737588652486, 0.7092671394799054, 0.8438297872340426], "class": 2}