{"image": "c55a0356-1aaf-11ef-ae18-bd5cfcf36af4.jpg", "bboxes": [0.5485106382978724, 0.36723404255319153, 0.8345626477541371, 0.8104964539007092], "class": 2}