{"image": "c55a0356-1aaf-11ef-ae18-bd5cfcf36af4.jpg", "bboxes": [0.4298817966903073, 0.1472813238770685, 0.7159338061465721, 0.5905437352245863], "class": 2}