{"image": "c55a0356-1aaf-11ef-ae18-bd5cfcf36af4.jpg", "bboxes": [0.24851063829787234, 0.36723404255319153, 0.5345626477541372, 0.8104964539007092], "class": 2}