{"image": "c55a0356-1aaf-11ef-ae18-bd5cfcf36af4.jpg", "bboxes": [0.17295508274231675, 0.4139007092198582, 0.4590070921985816, 0.857163120567376], "class": 2}