{"image": "c55a0356-1aaf-11ef-ae18-bd5cfcf36af4.jpg", "bboxes": [0.17654846335697394, 0.1672813238770685, 0.46260047281323874, 0.6105437352245862], "class": 2}