{"image": "c55a0356-1aaf-11ef-ae18-bd5cfcf36af4.jpg", "bboxes": [0.3921040189125295, 0.37834515366430266, 0.6781560283687943, 0.8216075650118204], "class": 2}