{"image": "c55a0356-1aaf-11ef-ae18-bd5cfcf36af4.jpg", "bboxes": [0.17962174940898346, 0.40056737588652486, 0.4656737588652483, 0.8438297872340426], "class": 2}