{"image": "c55a0356-1aaf-11ef-ae18-bd5cfcf36af4.jpg", "bboxes": [0.5685106382978724, 0.13172576832151295, 0.8545626477541372, 0.5749881796690306], "class": 2}