{"image": "c55a0356-1aaf-11ef-ae18-bd5cfcf36af4.jpg", "bboxes": [0.5121040189125295, 0.1295035460992907, 0.7981560283687943, 0.5727659574468085], "class": 2}