{"image": "c55a0356-1aaf-11ef-ae18-bd5cfcf36af4.jpg", "bboxes": [0.1432151300236406, 0.17394799054373522, 0.4292671394799054, 0.617210401891253], "class": 2}