{"image": "c55a0356-1aaf-11ef-ae18-bd5cfcf36af4.jpg", "bboxes": [0.20543735224586285, 0.39612293144208044, 0.49148936170212765, 0.8393853427895982], "class": 2}