{"image": "c55a0356-1aaf-11ef-ae18-bd5cfcf36af4.jpg", "bboxes": [0.22851063829787233, 0.371678486997636, 0.5145626477541372, 0.8149408983451537], "class": 2}