{"image": "c55a0356-1aaf-11ef-ae18-bd5cfcf36af4.jpg", "bboxes": [0.24406619385342787, 0.40501182033096933, 0.5301182033096927, 0.848274231678487], "class": 2}