{"image": "c55a0356-1aaf-11ef-ae18-bd5cfcf36af4.jpg", "bboxes": [0.2209929078014184, 0.13617021276595742, 0.5070449172576832, 0.5794326241134751], "class": 2}