{"image": "c55a0356-1aaf-11ef-ae18-bd5cfcf36af4.jpg", "bboxes": [0.2640661938534279, 0.1406146572104019, 0.5501182033096927, 0.5838770685579195], "class": 2}