{"image": "c55a0356-1aaf-11ef-ae18-bd5cfcf36af4.jpg", "bboxes": [0.34765957446808504, 0.18950354609929076, 0.6337115839243499, 0.6327659574468085], "class": 2}