{"image": "c55a0356-1aaf-11ef-ae18-bd5cfcf36af4.jpg", "bboxes": [0.335177304964539, 0.13617021276595742, 0.6212293144208039, 0.5794326241134751], "class": 2}