{"image": "c55a0356-1aaf-11ef-ae18-bd5cfcf36af4.jpg", "bboxes": [0.22321513002364063, 0.3894562647754138, 0.5092671394799054, 0.8327186761229315], "class": 2}