{"image": "c55a0356-1aaf-11ef-ae18-bd5cfcf36af4.jpg", "bboxes": [0.16765957446808505, 0.42723404255319153, 0.4537115839243499, 0.8704964539007093], "class": 2}