{"image": "c55a0356-1aaf-11ef-ae18-bd5cfcf36af4.jpg", "bboxes": [0.5143262411347518, 0.15617021276595744, 0.8003782505910165, 0.5994326241134751], "class": 2}