{"image": "c55a0356-1aaf-11ef-ae18-bd5cfcf36af4.jpg", "bboxes": [0.3698817966903073, 0.1295035460992907, 0.6559338061465722, 0.5727659574468085], "class": 2}