{"image": "c55a0356-1aaf-11ef-ae18-bd5cfcf36af4.jpg", "bboxes": [0.2707328605200946, 0.18283687943262406, 0.5567848699763593, 0.6260992907801418], "class": 2}