{"image": "c55a0356-1aaf-11ef-ae18-bd5cfcf36af4.jpg", "bboxes": [0.195177304964539, 0.431678486997636, 0.48122931442080386, 0.8749408983451537], "class": 2}