{"image": "c55a0356-1aaf-11ef-ae18-bd5cfcf36af4.jpg", "bboxes": [0.1609929078014184, 0.1472813238770685, 0.4470449172576832, 0.5905437352245863], "class": 2}