{"image": "c55a0356-1aaf-11ef-ae18-bd5cfcf36af4.jpg", "bboxes": [0.4596217494089835, 0.37834515366430266, 0.7456737588652482, 0.8216075650118204], "class": 2}