{"image": "c55a0356-1aaf-11ef-ae18-bd5cfcf36af4.jpg", "bboxes": [0.4632151300236406, 0.40501182033096933, 0.7492671394799054, 0.848274231678487], "class": 2}