{"image": "c55a0356-1aaf-11ef-ae18-bd5cfcf36af4.jpg", "bboxes": [0.5529550827423169, 0.3827895981087471, 0.8390070921985816, 0.8260520094562648], "class": 2}