{"image": "c55a0356-1aaf-11ef-ae18-bd5cfcf36af4.jpg", "bboxes": [0.195177304964539, 0.1406146572104019, 0.48122931442080386, 0.5838770685579195], "class": 2}