{"image": "c55a0356-1aaf-11ef-ae18-bd5cfcf36af4.jpg", "bboxes": [0.3285106382978723, 0.13394799054373518, 0.6145626477541372, 0.5772104018912529], "class": 2}