{"image": "c55a0356-1aaf-11ef-ae18-bd5cfcf36af4.jpg", "bboxes": [0.36765957446808506, 0.1539479905437352, 0.6537115839243499, 0.597210401891253], "class": 2}