{"image": "c55a0356-1aaf-11ef-ae18-bd5cfcf36af4.jpg", "bboxes": [0.4485106382978723, 0.39612293144208044, 0.7345626477541372, 0.8393853427895982], "class": 2}