{"image": "c55a0356-1aaf-11ef-ae18-bd5cfcf36af4.jpg", "bboxes": [0.34406619385342785, 0.36501182033096935, 0.6301182033096927, 0.808274231678487], "class": 2}