{"image": "c55a0356-1aaf-11ef-ae18-bd5cfcf36af4.jpg", "bboxes": [0.5454373522458629, 0.4227895981087471, 0.8314893617021276, 0.8660520094562648], "class": 2}