{"image": "c55a0356-1aaf-11ef-ae18-bd5cfcf36af4.jpg", "bboxes": [0.35739952718676127, 0.13394799054373518, 0.643451536643026, 0.5772104018912529], "class": 2}