{"image": "c55a0356-1aaf-11ef-ae18-bd5cfcf36af4.jpg", "bboxes": [0.1885106382978723, 0.431678486997636, 0.47456264775413715, 0.8749408983451537], "class": 2}