{"image": "c55a0356-1aaf-11ef-ae18-bd5cfcf36af4.jpg", "bboxes": [0.2521040189125295, 0.42945626477541377, 0.5381560283687943, 0.8727186761229315], "class": 2}