{"image": "c55a0356-1aaf-11ef-ae18-bd5cfcf36af4.jpg", "bboxes": [0.4943262411347517, 0.13172576832151295, 0.7803782505910165, 0.5749881796690306], "class": 2}