{"image": "c55a0356-1aaf-11ef-ae18-bd5cfcf36af4.jpg", "bboxes": [0.27962174940898343, 0.15839243498817965, 0.5656737588652483, 0.6016548463356973], "class": 2}