{"image": "c55a0356-1aaf-11ef-ae18-bd5cfcf36af4.jpg", "bboxes": [0.5196217494089834, 0.16950354609929075, 0.8056737588652483, 0.6127659574468085], "class": 2}