{"image": "c55a0356-1aaf-11ef-ae18-bd5cfcf36af4.jpg", "bboxes": [0.3773995271867613, 0.3850118203309693, 0.663451536643026, 0.828274231678487], "class": 2}