{"image": "c55a0356-1aaf-11ef-ae18-bd5cfcf36af4.jpg", "bboxes": [0.4485106382978723, 0.17394799054373522, 0.7345626477541372, 0.617210401891253], "class": 2}