{"image": "c55a0356-1aaf-11ef-ae18-bd5cfcf36af4.jpg", "bboxes": [0.5121040189125295, 0.3761229314420804, 0.7981560283687943, 0.8193853427895982], "class": 2}