{"image": "c55a0356-1aaf-11ef-ae18-bd5cfcf36af4.jpg", "bboxes": [0.34543735224586286, 0.17617021276595746, 0.6314893617021277, 0.6194326241134751], "class": 2}