{"image": "c55a0356-1aaf-11ef-ae18-bd5cfcf36af4.jpg", "bboxes": [0.5498817966903072, 0.3850118203309693, 0.8359338061465721, 0.828274231678487], "class": 2}