{"image": "c55a0356-1aaf-11ef-ae18-bd5cfcf36af4.jpg", "bboxes": [0.5498817966903072, 0.39612293144208044, 0.8359338061465721, 0.8393853427895982], "class": 2}