{"image": "c55a0356-1aaf-11ef-ae18-bd5cfcf36af4.jpg", "bboxes": [0.4796217494089835, 0.13394799054373518, 0.7656737588652482, 0.5772104018912529], "class": 2}