{"image": "c55a0356-1aaf-11ef-ae18-bd5cfcf36af4.jpg", "bboxes": [0.5685106382978724, 0.1406146572104019, 0.8545626477541372, 0.5838770685579195], "class": 2}