{"image": "c55a0356-1aaf-11ef-ae18-bd5cfcf36af4.jpg", "bboxes": [0.3085106382978724, 0.18061465721040182, 0.5945626477541371, 0.6238770685579196], "class": 2}