{"image": "c55a0356-1aaf-11ef-ae18-bd5cfcf36af4.jpg", "bboxes": [0.2018439716312057, 0.17172576832151298, 0.48789598108747045, 0.6149881796690306], "class": 2}