{"image": "c5ace0c9-1aaf-11ef-94b7-bd5cfcf36af4.jpg", "bboxes": [0.2956028368794326, 0.09049645390070926, 0.6714893617021274, 0.5030260047281323], "class": 2}