{"image": "c5ace0c9-1aaf-11ef-94b7-bd5cfcf36af4.jpg", "bboxes": [0.4978250591016548, 0.4547517730496454, 0.8737115839243497, 0.8672813238770685], "class": 2}