{"image": "c5ace0c9-1aaf-11ef-94b7-bd5cfcf36af4.jpg", "bboxes": [0.2573995271867615, 0.15049645390070931, 0.6332860520094563, 0.5630260047281324], "class": 2}