{"image": "c5ace0c9-1aaf-11ef-94b7-bd5cfcf36af4.jpg", "bboxes": [0.5067139479905437, 0.4347517730496454, 0.8826004728132385, 0.8472813238770686], "class": 2}