{"image": "c5ace0c9-1aaf-11ef-94b7-bd5cfcf36af4.jpg", "bboxes": [0.2244917257683215, 0.12382978723404259, 0.6003782505910162, 0.5363593380614657], "class": 2}