{"image": "c5ace0c9-1aaf-11ef-94b7-bd5cfcf36af4.jpg", "bboxes": [0.16226950354609926, 0.44808510638297877, 0.5381560283687941, 0.8606146572104019], "class": 2}