{"image": "c5ace0c9-1aaf-11ef-94b7-bd5cfcf36af4.jpg", "bboxes": [0.41295508274231707, 0.4636406619385343, 0.7888416075650119, 0.8761702127659574], "class": 2}