{"image": "c5ace0c9-1aaf-11ef-94b7-bd5cfcf36af4.jpg", "bboxes": [0.45338061465721036, 0.11938534278959811, 0.8292671394799052, 0.5319148936170213], "class": 2}