{"image": "c5ace0c9-1aaf-11ef-94b7-bd5cfcf36af4.jpg", "bboxes": [0.18226950354609925, 0.490307328605201, 0.5581560283687941, 0.902836879432624], "class": 2}