{"image": "c5ace0c9-1aaf-11ef-94b7-bd5cfcf36af4.jpg", "bboxes": [0.3178250591016548, 0.0993853427895981, 0.6937115839243496, 0.5119148936170212], "class": 2}