{"image": "c5ace0c9-1aaf-11ef-94b7-bd5cfcf36af4.jpg", "bboxes": [0.22893617021276594, 0.12605200945626482, 0.6048226950354607, 0.5385815602836879], "class": 2}