{"image": "c5ace0c9-1aaf-11ef-94b7-bd5cfcf36af4.jpg", "bboxes": [0.22851063829787255, 0.4525295508274232, 0.6043971631205673, 0.8650591016548463], "class": 2}