{"image": "c5ace0c9-1aaf-11ef-94b7-bd5cfcf36af4.jpg", "bboxes": [0.27338061465721036, 0.13938534278959813, 0.6492671394799052, 0.5519148936170213], "class": 2}