{"image": "c5ace0c9-1aaf-11ef-94b7-bd5cfcf36af4.jpg", "bboxes": [0.37962174940898374, 0.13938534278959813, 0.7555082742316785, 0.5519148936170213], "class": 2}