{"image": "c5ace0c9-1aaf-11ef-94b7-bd5cfcf36af4.jpg", "bboxes": [0.41115839243498814, 0.450307328605201, 0.787044917257683, 0.8628368794326241], "class": 2}