{"image": "c5ace0c9-1aaf-11ef-94b7-bd5cfcf36af4.jpg", "bboxes": [0.2178250591016548, 0.13271867612293153, 0.5937115839243496, 0.5452482269503546], "class": 2}