{"image": "c5ace0c9-1aaf-11ef-94b7-bd5cfcf36af4.jpg", "bboxes": [0.4244917257683215, 0.47919621749408986, 0.8003782505910163, 0.891725768321513], "class": 2}