{"image": "c5ace0c9-1aaf-11ef-94b7-bd5cfcf36af4.jpg", "bboxes": [0.4351773049645392, 0.4925295508274232, 0.8110638297872341, 0.9050591016548463], "class": 2}