{"image": "c5ace0c9-1aaf-11ef-94b7-bd5cfcf36af4.jpg", "bboxes": [0.5222695035460992, 0.09716312056737597, 0.898156028368794, 0.509692671394799], "class": 2}