{"image": "c5ace0c9-1aaf-11ef-94b7-bd5cfcf36af4.jpg", "bboxes": [0.3644917257683215, 0.49475177304964546, 0.7403782505910163, 0.9072813238770685], "class": 2}