{"image": "c5ace0c9-1aaf-11ef-94b7-bd5cfcf36af4.jpg", "bboxes": [0.41115839243498814, 0.43697399527186764, 0.787044917257683, 0.8495035460992907], "class": 2}