{"image": "c5ace0c9-1aaf-11ef-94b7-bd5cfcf36af4.jpg", "bboxes": [0.32851063829787264, 0.4725295508274232, 0.7043971631205674, 0.8850591016548462], "class": 2}