{"image": "c5ace0c9-1aaf-11ef-94b7-bd5cfcf36af4.jpg", "bboxes": [0.3667139479905437, 0.14827423167848708, 0.7426004728132385, 0.5608037825059101], "class": 2}