{"image": "c5ace0c9-1aaf-11ef-94b7-bd5cfcf36af4.jpg", "bboxes": [0.4662884160756504, 0.48808510638297875, 0.8421749408983452, 0.9006146572104019], "class": 2}