{"image": "c5ace0c9-1aaf-11ef-94b7-bd5cfcf36af4.jpg", "bboxes": [0.12851063829787257, 0.4436406619385343, 0.5043971631205675, 0.8561702127659574], "class": 2}