{"image": "c5ace0c9-1aaf-11ef-94b7-bd5cfcf36af4.jpg", "bboxes": [0.5244917257683215, 0.45697399527186766, 0.9003782505910163, 0.8695035460992907], "class": 2}