{"image": "c5ace0c9-1aaf-11ef-94b7-bd5cfcf36af4.jpg", "bboxes": [0.10406619385342819, 0.4436406619385343, 0.479952718676123, 0.8561702127659574], "class": 2}