{"image": "c5ace0c9-1aaf-11ef-94b7-bd5cfcf36af4.jpg", "bboxes": [0.4956028368794326, 0.4547517730496454, 0.8714893617021274, 0.8672813238770685], "class": 2}