{"image": "c5ace0c9-1aaf-11ef-94b7-bd5cfcf36af4.jpg", "bboxes": [0.24893617021276593, 0.4680851063829788, 0.6248226950354607, 0.8806146572104019], "class": 2}