{"image": "c5ace0c9-1aaf-11ef-94b7-bd5cfcf36af4.jpg", "bboxes": [0.32004728132387705, 0.11938534278959811, 0.6959338061465719, 0.5319148936170213], "class": 2}