{"image": "c5ace0c9-1aaf-11ef-94b7-bd5cfcf36af4.jpg", "bboxes": [0.2867139479905437, 0.15049645390070931, 0.6626004728132385, 0.5630260047281324], "class": 2}