{"image": "c5ace0c9-1aaf-11ef-94b7-bd5cfcf36af4.jpg", "bboxes": [0.4907328605200948, 0.49697399527186764, 0.8666193853427896, 0.9095035460992907], "class": 2}