{"image": "c5ace0c9-1aaf-11ef-94b7-bd5cfcf36af4.jpg", "bboxes": [0.10628841607565043, 0.5014184397163121, 0.48217494089834523, 0.9139479905437352], "class": 2}