{"image": "c5ace0c9-1aaf-11ef-94b7-bd5cfcf36af4.jpg", "bboxes": [0.15338061465721037, 0.10382978723404257, 0.5292671394799052, 0.5163593380614657], "class": 2}