{"image": "c5ace0c9-1aaf-11ef-94b7-bd5cfcf36af4.jpg", "bboxes": [0.2440661938534282, 0.15049645390070931, 0.6199527186761229, 0.5630260047281324], "class": 2}