{"image": "c5ace0c9-1aaf-11ef-94b7-bd5cfcf36af4.jpg", "bboxes": [0.17115839243498815, 0.12382978723404259, 0.547044917257683, 0.5363593380614657], "class": 2}