{"image": "c5ace0c9-1aaf-11ef-94b7-bd5cfcf36af4.jpg", "bboxes": [0.28406619385342813, 0.4925295508274232, 0.6599527186761229, 0.9050591016548463], "class": 2}