{"image": "c5ace0c9-1aaf-11ef-94b7-bd5cfcf36af4.jpg", "bboxes": [0.12406619385342821, 0.10382978723404257, 0.499952718676123, 0.5163593380614657], "class": 2}