{"image": "c5ace0c9-1aaf-11ef-94b7-bd5cfcf36af4.jpg", "bboxes": [0.28406619385342813, 0.13271867612293153, 0.6599527186761229, 0.5452482269503546], "class": 2}