{"image": "c5ace0c9-1aaf-11ef-94b7-bd5cfcf36af4.jpg", "bboxes": [0.2867139479905437, 0.13938534278959813, 0.6626004728132385, 0.5519148936170213], "class": 2}