{"image": "c5ace0c9-1aaf-11ef-94b7-bd5cfcf36af4.jpg", "bboxes": [0.460047281323877, 0.1060520094562648, 0.8359338061465719, 0.5185815602836878], "class": 2}