{"image": "c5ace0c9-1aaf-11ef-94b7-bd5cfcf36af4.jpg", "bboxes": [0.20851063829787264, 0.09049645390070926, 0.5843971631205673, 0.5030260047281323], "class": 2}