{"image": "c5ace0c9-1aaf-11ef-94b7-bd5cfcf36af4.jpg", "bboxes": [0.3129550827423171, 0.4391962174940899, 0.6888416075650119, 0.8517257683215129], "class": 2}