{"image": "c5ace0c9-1aaf-11ef-94b7-bd5cfcf36af4.jpg", "bboxes": [0.3733806146572104, 0.450307328605201, 0.7492671394799052, 0.8628368794326241], "class": 2}