{"image": "c5ace0c9-1aaf-11ef-94b7-bd5cfcf36af4.jpg", "bboxes": [0.37115839243498816, 0.09049645390070926, 0.747044917257683, 0.5030260047281323], "class": 2}