{"image": "c5ace0c9-1aaf-11ef-94b7-bd5cfcf36af4.jpg", "bboxes": [0.11338061465721037, 0.4436406619385343, 0.4892671394799052, 0.8561702127659574], "class": 2}