{"image": "c5ace0c9-1aaf-11ef-94b7-bd5cfcf36af4.jpg", "bboxes": [0.4356028368794326, 0.08827423167848703, 0.8114893617021274, 0.5008037825059102], "class": 2}