{"image": "c5ace0c9-1aaf-11ef-94b7-bd5cfcf36af4.jpg", "bboxes": [0.2685106382978726, 0.10160756501182033, 0.6443971631205674, 0.5141371158392434], "class": 2}