{"image": "c5ace0c9-1aaf-11ef-94b7-bd5cfcf36af4.jpg", "bboxes": [0.4556028368794326, 0.09716312056737597, 0.8314893617021274, 0.509692671394799], "class": 2}