{"image": "c5ace0c9-1aaf-11ef-94b7-bd5cfcf36af4.jpg", "bboxes": [0.3907328605200948, 0.4414184397163121, 0.7666193853427896, 0.8539479905437352], "class": 2}