{"image": "c5ace0c9-1aaf-11ef-94b7-bd5cfcf36af4.jpg", "bboxes": [0.19962174940898372, 0.4680851063829788, 0.5755082742316785, 0.8806146572104019], "class": 2}