{"image": "c5ace0c9-1aaf-11ef-94b7-bd5cfcf36af4.jpg", "bboxes": [0.4133806146572104, 0.4991962174940899, 0.7892671394799052, 0.911725768321513], "class": 2}