{"image": "c5ace0c9-1aaf-11ef-94b7-bd5cfcf36af4.jpg", "bboxes": [0.381843971631206, 0.13494089834515366, 0.7577304964539008, 0.5474704491725768], "class": 2}