{"image": "c5ace0c9-1aaf-11ef-94b7-bd5cfcf36af4.jpg", "bboxes": [0.32851063829787264, 0.08605200945626479, 0.7043971631205674, 0.49858156028368794], "class": 2}