{"image": "c5ace0c9-1aaf-11ef-94b7-bd5cfcf36af4.jpg", "bboxes": [0.14406619385342812, 0.11494089834515375, 0.519952718676123, 0.5274704491725768], "class": 2}