{"image": "c5ace0c9-1aaf-11ef-94b7-bd5cfcf36af4.jpg", "bboxes": [0.10893617021276593, 0.5014184397163121, 0.4848226950354607, 0.9139479905437352], "class": 2}