{"image": "c5ace0c9-1aaf-11ef-94b7-bd5cfcf36af4.jpg", "bboxes": [0.38004728132387705, 0.47919621749408986, 0.7559338061465718, 0.891725768321513], "class": 2}