{"image": "c5ace0c9-1aaf-11ef-94b7-bd5cfcf36af4.jpg", "bboxes": [0.16449172576832147, 0.09049645390070926, 0.5403782505910163, 0.5030260047281323], "class": 2}