{"image": "c5ace0c9-1aaf-11ef-94b7-bd5cfcf36af4.jpg", "bboxes": [0.0996217494089837, 0.4814184397163121, 0.4755082742316785, 0.8939479905437352], "class": 2}