{"image": "c5ace0c9-1aaf-11ef-94b7-bd5cfcf36af4.jpg", "bboxes": [0.14628841607565035, 0.4991962174940899, 0.5221749408983452, 0.911725768321513], "class": 2}