{"image": "c5ace0c9-1aaf-11ef-94b7-bd5cfcf36af4.jpg", "bboxes": [0.2667139479905437, 0.14160756501182037, 0.6426004728132385, 0.5541371158392434], "class": 2}