{"image": "c5ace0c9-1aaf-11ef-94b7-bd5cfcf36af4.jpg", "bboxes": [0.4485106382978727, 0.4725295508274232, 0.8243971631205674, 0.8850591016548462], "class": 2}