{"image": "c5ace0c9-1aaf-11ef-94b7-bd5cfcf36af4.jpg", "bboxes": [0.1156028368794326, 0.46586288416075655, 0.4914893617021274, 0.8783924349881796], "class": 2}