{"image": "c6ee6d53-1aaf-11ef-9e85-bd5cfcf36af4.jpg", "bboxes": [0.47111111111111115, 0.15271867612293144, 0.7784397163120567, 0.5085106382978724], "class": 2}