{"image": "c6ee6d53-1aaf-11ef-9e85-bd5cfcf36af4.jpg", "bboxes": [0.40378250591016557, 0.1616075650118204, 0.7111111111111111, 0.5173995271867612], "class": 2}