{"image": "c6ee6d53-1aaf-11ef-9e85-bd5cfcf36af4.jpg", "bboxes": [0.54, 0.14605200945626484, 0.8473286052009456, 0.5018439716312056], "class": 2}