{"image": "c6ee6d53-1aaf-11ef-9e85-bd5cfcf36af4.jpg", "bboxes": [0.2844444444444445, 0.188274231678487, 0.59177304964539, 0.5440661938534279], "class": 2}