{"image": "c6ee6d53-1aaf-11ef-9e85-bd5cfcf36af4.jpg", "bboxes": [0.24156028368794333, 0.16382978723404262, 0.5488888888888889, 0.5196217494089834], "class": 2}