{"image": "c6ee6d53-1aaf-11ef-9e85-bd5cfcf36af4.jpg", "bboxes": [0.2748936170212767, 0.44482269503546107, 0.5822222222222222, 0.8006146572104018], "class": 2}