{"image": "c6ee6d53-1aaf-11ef-9e85-bd5cfcf36af4.jpg", "bboxes": [0.3304491725768322, 0.46482269503546103, 0.6377777777777778, 0.8206146572104018], "class": 2}