{"image": "c6ee6d53-1aaf-11ef-9e85-bd5cfcf36af4.jpg", "bboxes": [0.4504491725768322, 0.1438297872340426, 0.7577777777777778, 0.4996217494089834], "class": 2}