{"image": "c6ee6d53-1aaf-11ef-9e85-bd5cfcf36af4.jpg", "bboxes": [0.32378250591016555, 0.48482269503546105, 0.6311111111111111, 0.8406146572104018], "class": 2}