{"image": "c6ee6d53-1aaf-11ef-9e85-bd5cfcf36af4.jpg", "bboxes": [0.3860047281323878, 0.16827423167848699, 0.6933333333333334, 0.5240661938534279], "class": 2}