{"image": "c6ee6d53-1aaf-11ef-9e85-bd5cfcf36af4.jpg", "bboxes": [0.4288888888888889, 0.4914893617021277, 0.7362174940898345, 0.8472813238770686], "class": 2}