{"image": "c6ee6d53-1aaf-11ef-9e85-bd5cfcf36af4.jpg", "bboxes": [0.5844444444444444, 0.4581560283687944, 0.89177304964539, 0.8139479905437352], "class": 2}