{"image": "c6ee6d53-1aaf-11ef-9e85-bd5cfcf36af4.jpg", "bboxes": [0.4422222222222222, 0.15271867612293144, 0.7495508274231677, 0.5085106382978724], "class": 2}