{"image": "c6ee6d53-1aaf-11ef-9e85-bd5cfcf36af4.jpg", "bboxes": [0.33267139479905444, 0.19271867612293148, 0.64, 0.5485106382978723], "class": 2}