{"image": "c6ee6d53-1aaf-11ef-9e85-bd5cfcf36af4.jpg", "bboxes": [0.36444444444444446, 0.47593380614657216, 0.67177304964539, 0.831725768321513], "class": 2}