{"image": "c6ee6d53-1aaf-11ef-9e85-bd5cfcf36af4.jpg", "bboxes": [0.4488888888888889, 0.20160756501182042, 0.7562174940898344, 0.5573995271867611], "class": 2}