{"image": "c6ee6d53-1aaf-11ef-9e85-bd5cfcf36af4.jpg", "bboxes": [0.38, 0.49371158392434994, 0.6873286052009455, 0.8495035460992907], "class": 2}