{"image": "c6ee6d53-1aaf-11ef-9e85-bd5cfcf36af4.jpg", "bboxes": [0.5777777777777777, 0.1949408983451537, 0.8851063829787233, 0.5507328605200945], "class": 2}