{"image": "c6ee6d53-1aaf-11ef-9e85-bd5cfcf36af4.jpg", "bboxes": [0.30000000000000004, 0.1816075650118204, 0.6073286052009456, 0.5373995271867611], "class": 2}