{"image": "c6ee6d53-1aaf-11ef-9e85-bd5cfcf36af4.jpg", "bboxes": [0.2644444444444445, 0.49815602836879436, 0.57177304964539, 0.8539479905437352], "class": 2}