{"image": "c6ee6d53-1aaf-11ef-9e85-bd5cfcf36af4.jpg", "bboxes": [0.24156028368794333, 0.16827423167848699, 0.5488888888888889, 0.5240661938534279], "class": 2}