{"image": "c6ee6d53-1aaf-11ef-9e85-bd5cfcf36af4.jpg", "bboxes": [0.21777777777777774, 0.5003782505910166, 0.5251063829787233, 0.8561702127659574], "class": 2}