{"image": "c6ee6d53-1aaf-11ef-9e85-bd5cfcf36af4.jpg", "bboxes": [0.22156028368794334, 0.15938534278959815, 0.5288888888888889, 0.515177304964539], "class": 2}