{"image": "c6ee6d53-1aaf-11ef-9e85-bd5cfcf36af4.jpg", "bboxes": [0.5377777777777778, 0.45593380614657214, 0.8451063829787233, 0.811725768321513], "class": 2}