{"image": "c6ee6d53-1aaf-11ef-9e85-bd5cfcf36af4.jpg", "bboxes": [0.14378250591016556, 0.49371158392434994, 0.45111111111111113, 0.8495035460992907], "class": 2}