{"image": "c6ee6d53-1aaf-11ef-9e85-bd5cfcf36af4.jpg", "bboxes": [0.2911111111111111, 0.19938534278959819, 0.5984397163120567, 0.555177304964539], "class": 2}