{"image": "c6ee6d53-1aaf-11ef-9e85-bd5cfcf36af4.jpg", "bboxes": [0.46156028368794333, 0.48037825059101663, 0.7688888888888888, 0.8361702127659574], "class": 2}