{"image": "c6ee6d53-1aaf-11ef-9e85-bd5cfcf36af4.jpg", "bboxes": [0.36888888888888893, 0.19049645390070924, 0.6762174940898344, 0.54628841607565], "class": 2}