{"image": "c6ee6d53-1aaf-11ef-9e85-bd5cfcf36af4.jpg", "bboxes": [0.4533333333333334, 0.4403782505910166, 0.7606619385342789, 0.7961702127659575], "class": 2}