{"image": "c6ee6d53-1aaf-11ef-9e85-bd5cfcf36af4.jpg", "bboxes": [0.22888888888888892, 0.44482269503546107, 0.5362174940898344, 0.8006146572104018], "class": 2}