{"image": "c6ee6d53-1aaf-11ef-9e85-bd5cfcf36af4.jpg", "bboxes": [0.5755555555555556, 0.44260047281323883, 0.8828841607565011, 0.7983924349881796], "class": 2}