{"image": "c6ee6d53-1aaf-11ef-9e85-bd5cfcf36af4.jpg", "bboxes": [0.4060047281323878, 0.1571631205673759, 0.7133333333333334, 0.5129550827423167], "class": 2}