{"image": "c6ee6d53-1aaf-11ef-9e85-bd5cfcf36af4.jpg", "bboxes": [0.43933806146572113, 0.4737115839243499, 0.7466666666666667, 0.8295035460992908], "class": 2}