{"image": "c6ee6d53-1aaf-11ef-9e85-bd5cfcf36af4.jpg", "bboxes": [0.2088888888888889, 0.49815602836879436, 0.5162174940898344, 0.8539479905437352], "class": 2}