{"image": "c6ee6d53-1aaf-11ef-9e85-bd5cfcf36af4.jpg", "bboxes": [0.46378250591016557, 0.46704491725768327, 0.7711111111111111, 0.8228368794326241], "class": 2}