{"image": "c6ee6d53-1aaf-11ef-9e85-bd5cfcf36af4.jpg", "bboxes": [0.46822695035461, 0.43815602836879436, 0.7755555555555556, 0.7939479905437352], "class": 2}