{"image": "c6ee6d53-1aaf-11ef-9e85-bd5cfcf36af4.jpg", "bboxes": [0.18888888888888888, 0.19271867612293148, 0.4962174940898344, 0.5485106382978723], "class": 2}