{"image": "c6ee6d53-1aaf-11ef-9e85-bd5cfcf36af4.jpg", "bboxes": [0.43999999999999995, 0.49371158392434994, 0.7473286052009456, 0.8495035460992907], "class": 2}