{"image": "c6ee6d53-1aaf-11ef-9e85-bd5cfcf36af4.jpg", "bboxes": [0.12822695035461001, 0.16827423167848699, 0.43555555555555553, 0.5240661938534279], "class": 2}