{"image": "c6ee6d53-1aaf-11ef-9e85-bd5cfcf36af4.jpg", "bboxes": [0.3504491725768322, 0.5026004728132388, 0.6577777777777778, 0.8583924349881796], "class": 2}