{"image": "c6ee6d53-1aaf-11ef-9e85-bd5cfcf36af4.jpg", "bboxes": [0.46822695035461, 0.18605200945626477, 0.7755555555555556, 0.5418439716312056], "class": 2}