{"image": "c6ee6d53-1aaf-11ef-9e85-bd5cfcf36af4.jpg", "bboxes": [0.36822695035461, 0.20160756501182042, 0.6755555555555556, 0.5573995271867611], "class": 2}