{"image": "c6ee6d53-1aaf-11ef-9e85-bd5cfcf36af4.jpg", "bboxes": [0.5933333333333333, 0.48037825059101663, 0.9006619385342789, 0.8361702127659574], "class": 2}