{"image": "c6ee6d53-1aaf-11ef-9e85-bd5cfcf36af4.jpg", "bboxes": [0.1393380614657211, 0.4514893617021277, 0.44666666666666666, 0.8072813238770685], "class": 2}