{"image": "c6ee6d53-1aaf-11ef-9e85-bd5cfcf36af4.jpg", "bboxes": [0.35489361702127664, 0.46482269503546103, 0.6622222222222223, 0.8206146572104018], "class": 2}