{"image": "c6ee6d53-1aaf-11ef-9e85-bd5cfcf36af4.jpg", "bboxes": [0.4415602836879433, 0.4359338061465722, 0.7488888888888889, 0.791725768321513], "class": 2}