{"image": "c6ee6d53-1aaf-11ef-9e85-bd5cfcf36af4.jpg", "bboxes": [0.30156028368794335, 0.19049645390070924, 0.6088888888888889, 0.54628841607565], "class": 2}