{"image": "c6ee6d53-1aaf-11ef-9e85-bd5cfcf36af4.jpg", "bboxes": [0.11489361702127666, 0.4692671394799055, 0.4222222222222222, 0.8250591016548463], "class": 2}