{"image": "c6ee6d53-1aaf-11ef-9e85-bd5cfcf36af4.jpg", "bboxes": [0.16600472813238779, 0.17271867612293146, 0.47333333333333333, 0.5285106382978723], "class": 2}