{"image": "c6ee6d53-1aaf-11ef-9e85-bd5cfcf36af4.jpg", "bboxes": [0.29333333333333333, 0.20827423167848702, 0.6006619385342788, 0.5640661938534278], "class": 2}