{"image": "c6ee6d53-1aaf-11ef-9e85-bd5cfcf36af4.jpg", "bboxes": [0.28, 0.4892671394799055, 0.5873286052009455, 0.8450591016548463], "class": 2}