{"image": "c6ee6d53-1aaf-11ef-9e85-bd5cfcf36af4.jpg", "bboxes": [0.5037825059101656, 0.20382978723404255, 0.8111111111111111, 0.5596217494089835], "class": 2}