{"image": "c6ee6d53-1aaf-11ef-9e85-bd5cfcf36af4.jpg", "bboxes": [0.3215602836879433, 0.14160756501182037, 0.6288888888888889, 0.49739952718676117], "class": 2}