{"image": "c6ee6d53-1aaf-11ef-9e85-bd5cfcf36af4.jpg", "bboxes": [0.23555555555555552, 0.44482269503546107, 0.5428841607565011, 0.8006146572104018], "class": 2}