{"image": "c6ee6d53-1aaf-11ef-9e85-bd5cfcf36af4.jpg", "bboxes": [0.45267139479905444, 0.4403782505910166, 0.76, 0.7961702127659575], "class": 2}