{"image": "c6ee6d53-1aaf-11ef-9e85-bd5cfcf36af4.jpg", "bboxes": [0.3088888888888889, 0.17716312056737593, 0.6162174940898344, 0.5329550827423167], "class": 2}