{"image": "c6ee6d53-1aaf-11ef-9e85-bd5cfcf36af4.jpg", "bboxes": [0.48156028368794335, 0.5003782505910166, 0.7888888888888889, 0.8561702127659574], "class": 2}