{"image": "c73ed573-1aaf-11ef-a56d-bd5cfcf36af4.jpg", "bboxes": [0.12312056737588654, 0.20628841607565007, 0.3949881796690307, 0.5183451536643027], "class": 2}