{"image": "c73ed573-1aaf-11ef-a56d-bd5cfcf36af4.jpg", "bboxes": [0.47423167848699765, 0.18406619385342793, 0.7460992907801418, 0.4961229314420804], "class": 2}