{"image": "c73ed573-1aaf-11ef-a56d-bd5cfcf36af4.jpg", "bboxes": [0.23200945626477543, 0.4794326241134752, 0.5038770685579196, 0.7914893617021277], "class": 2}