{"image": "c73ed573-1aaf-11ef-a56d-bd5cfcf36af4.jpg", "bboxes": [0.6050118203309693, 0.4638770685579196, 0.8768794326241135, 0.7759338061465721], "class": 2}