{"image": "c73ed573-1aaf-11ef-a56d-bd5cfcf36af4.jpg", "bboxes": [0.5650118203309693, 0.48609929078014186, 0.8368794326241135, 0.7981560283687943], "class": 2}