{"image": "c73ed573-1aaf-11ef-a56d-bd5cfcf36af4.jpg", "bboxes": [0.19612293144208037, 0.5127659574468085, 0.46799054373522453, 0.824822695035461], "class": 2}