{"image": "c73ed573-1aaf-11ef-a56d-bd5cfcf36af4.jpg", "bboxes": [0.4164539007092199, 0.195177304964539, 0.6883215130023641, 0.5072340425531915], "class": 2}