{"image": "c73ed573-1aaf-11ef-a56d-bd5cfcf36af4.jpg", "bboxes": [0.2294562647754137, 0.4705437352245863, 0.501323877068558, 0.7826004728132387], "class": 2}