{"image": "c73ed573-1aaf-11ef-a56d-bd5cfcf36af4.jpg", "bboxes": [0.46534278959810876, 0.22184397163120576, 0.737210401891253, 0.5339007092198582], "class": 2}