{"image": "c73ed573-1aaf-11ef-a56d-bd5cfcf36af4.jpg", "bboxes": [0.287565011820331, 0.4838770685579196, 0.5594326241134752, 0.795933806146572], "class": 2}