{"image": "c73ed573-1aaf-11ef-a56d-bd5cfcf36af4.jpg", "bboxes": [0.467565011820331, 0.4927659574468085, 0.7394326241134752, 0.804822695035461], "class": 2}