{"image": "c73ed573-1aaf-11ef-a56d-bd5cfcf36af4.jpg", "bboxes": [0.38534278959810875, 0.17517730496453898, 0.657210401891253, 0.48723404255319147], "class": 2}