{"image": "c73ed573-1aaf-11ef-a56d-bd5cfcf36af4.jpg", "bboxes": [0.2808983451536643, 0.47721040189125297, 0.5527659574468086, 0.7892671394799055], "class": 2}