{"image": "c73ed573-1aaf-11ef-a56d-bd5cfcf36af4.jpg", "bboxes": [0.22056737588652486, 0.4816548463356974, 0.492434988179669, 0.7937115839243499], "class": 2}