{"image": "c73ed573-1aaf-11ef-a56d-bd5cfcf36af4.jpg", "bboxes": [0.5031205673758865, 0.1818439716312057, 0.7749881796690308, 0.49390070921985824], "class": 2}