{"image": "c73ed573-1aaf-11ef-a56d-bd5cfcf36af4.jpg", "bboxes": [0.42756501182033096, 0.4905437352245863, 0.6994326241134752, 0.8026004728132388], "class": 2}