{"image": "c73ed573-1aaf-11ef-a56d-bd5cfcf36af4.jpg", "bboxes": [0.32723404255319144, 0.5194326241134752, 0.5991016548463357, 0.8314893617021276], "class": 2}