{"image": "c73ed573-1aaf-11ef-a56d-bd5cfcf36af4.jpg", "bboxes": [0.1983451536643026, 0.18406619385342793, 0.47021276595744677, 0.4961229314420804], "class": 2}