{"image": "c73ed573-1aaf-11ef-a56d-bd5cfcf36af4.jpg", "bboxes": [0.25200945626477544, 0.4638770685579196, 0.5238770685579196, 0.7759338061465721], "class": 2}