{"image": "c73ed573-1aaf-11ef-a56d-bd5cfcf36af4.jpg", "bboxes": [0.43612293144208036, 0.21295508274231678, 0.7079905437352245, 0.5250118203309693], "class": 2}