{"image": "c73ed573-1aaf-11ef-a56d-bd5cfcf36af4.jpg", "bboxes": [0.4583451536643026, 0.17739952718676125, 0.7302127659574468, 0.4894562647754137], "class": 2}