{"image": "c73ed573-1aaf-11ef-a56d-bd5cfcf36af4.jpg", "bboxes": [0.518676122931442, 0.4616548463356974, 0.7905437352245863, 0.7737115839243499], "class": 2}