{"image": "c73ed573-1aaf-11ef-a56d-bd5cfcf36af4.jpg", "bboxes": [0.5297872340425532, 0.2085106382978723, 0.8016548463356974, 0.5205673758865248], "class": 2}