{"image": "c73ed573-1aaf-11ef-a56d-bd5cfcf36af4.jpg", "bboxes": [0.24056737588652477, 0.4838770685579196, 0.512434988179669, 0.795933806146572], "class": 2}