{"image": "c73ed573-1aaf-11ef-a56d-bd5cfcf36af4.jpg", "bboxes": [0.1986761229314421, 0.17517730496453898, 0.4705437352245863, 0.48723404255319147], "class": 2}