{"image": "c73ed573-1aaf-11ef-a56d-bd5cfcf36af4.jpg", "bboxes": [0.5161229314420803, 0.4927659574468085, 0.7879905437352246, 0.804822695035461], "class": 2}