{"image": "c73ed573-1aaf-11ef-a56d-bd5cfcf36af4.jpg", "bboxes": [0.2542316784869977, 0.49498817966903075, 0.5260992907801418, 0.8070449172576832], "class": 2}