{"image": "c73ed573-1aaf-11ef-a56d-bd5cfcf36af4.jpg", "bboxes": [0.2386761229314421, 0.2196217494089835, 0.5105437352245863, 0.5316784869976359], "class": 2}