{"image": "c73ed573-1aaf-11ef-a56d-bd5cfcf36af4.jpg", "bboxes": [0.4716784869976359, 0.4883215130023641, 0.7435460992907801, 0.8003782505910165], "class": 2}