{"image": "c73ed573-1aaf-11ef-a56d-bd5cfcf36af4.jpg", "bboxes": [0.2294562647754137, 0.4905437352245863, 0.501323877068558, 0.8026004728132388], "class": 2}