{"image": "c73ed573-1aaf-11ef-a56d-bd5cfcf36af4.jpg", "bboxes": [0.5961229314420804, 0.18628841607565017, 0.8679905437352246, 0.49834515366430254], "class": 2}