{"image": "c73ed573-1aaf-11ef-a56d-bd5cfcf36af4.jpg", "bboxes": [0.5272340425531915, 0.17517730496453898, 0.7991016548463357, 0.48723404255319147], "class": 2}