{"image": "c73ed573-1aaf-11ef-a56d-bd5cfcf36af4.jpg", "bboxes": [0.2497872340425532, 0.4616548463356974, 0.5216548463356974, 0.7737115839243499], "class": 2}