{"image": "c73ed573-1aaf-11ef-a56d-bd5cfcf36af4.jpg", "bboxes": [0.3250118203309693, 0.4683215130023641, 0.5968794326241135, 0.7803782505910165], "class": 2}