{"image": "c73ed573-1aaf-11ef-a56d-bd5cfcf36af4.jpg", "bboxes": [0.347565011820331, 0.45721040189125295, 0.6194326241134752, 0.7692671394799054], "class": 2}