{"image": "c73ed573-1aaf-11ef-a56d-bd5cfcf36af4.jpg", "bboxes": [0.20278959810874708, 0.1885106382978723, 0.47465721040189124, 0.5005673758865248], "class": 2}