{"image": "c73ed573-1aaf-11ef-a56d-bd5cfcf36af4.jpg", "bboxes": [0.3497872340425532, 0.20406619385342795, 0.6216548463356975, 0.5161229314420803], "class": 2}