{"image": "c73ed573-1aaf-11ef-a56d-bd5cfcf36af4.jpg", "bboxes": [0.33423167848699764, 0.22184397163120576, 0.6060992907801418, 0.5339007092198582], "class": 2}