{"image": "c73ed573-1aaf-11ef-a56d-bd5cfcf36af4.jpg", "bboxes": [0.15645390070921988, 0.19739952718676124, 0.4283215130023641, 0.5094562647754137], "class": 2}