{"image": "c73ed573-1aaf-11ef-a56d-bd5cfcf36af4.jpg", "bboxes": [0.44312056737588656, 0.49498817966903075, 0.7149881796690307, 0.8070449172576832], "class": 2}