{"image": "c73ed573-1aaf-11ef-a56d-bd5cfcf36af4.jpg", "bboxes": [0.4186761229314421, 0.4816548463356974, 0.6905437352245863, 0.7937115839243499], "class": 2}