{"image": "c73ed573-1aaf-11ef-a56d-bd5cfcf36af4.jpg", "bboxes": [0.49834515366430254, 0.19962174940898347, 0.7702127659574468, 0.5116784869976359], "class": 2}