{"image": "c73ed573-1aaf-11ef-a56d-bd5cfcf36af4.jpg", "bboxes": [0.24723404255319148, 0.2018439716312057, 0.5191016548463356, 0.5139007092198582], "class": 2}