{"image": "c73ed573-1aaf-11ef-a56d-bd5cfcf36af4.jpg", "bboxes": [0.5072340425531915, 0.1818439716312057, 0.7791016548463356, 0.4939007092198582], "class": 2}