{"image": "c73ed573-1aaf-11ef-a56d-bd5cfcf36af4.jpg", "bboxes": [0.3742316784869977, 0.21517730496453902, 0.6460992907801418, 0.5272340425531915], "class": 2}