{"image": "c73ed573-1aaf-11ef-a56d-bd5cfcf36af4.jpg", "bboxes": [0.15645390070921988, 0.19295508274231676, 0.4283215130023641, 0.5050118203309693], "class": 2}