{"image": "c73ed573-1aaf-11ef-a56d-bd5cfcf36af4.jpg", "bboxes": [0.5805673758865249, 0.4794326241134752, 0.852434988179669, 0.7914893617021277], "class": 2}