{"image": "c73ed573-1aaf-11ef-a56d-bd5cfcf36af4.jpg", "bboxes": [0.49167848699763594, 0.5149881796690308, 0.7635460992907801, 0.8270449172576833], "class": 2}