{"image": "c73ed573-1aaf-11ef-a56d-bd5cfcf36af4.jpg", "bboxes": [0.38089834515366433, 0.21073286052009454, 0.6527659574468085, 0.522789598108747], "class": 2}