{"image": "c73ed573-1aaf-11ef-a56d-bd5cfcf36af4.jpg", "bboxes": [0.13645390070921987, 0.4616548463356974, 0.4083215130023641, 0.7737115839243499], "class": 2}