{"image": "c73ed573-1aaf-11ef-a56d-bd5cfcf36af4.jpg", "bboxes": [0.20945626477541368, 0.4638770685579196, 0.48132387706855795, 0.7759338061465721], "class": 2}