{"image": "c73ed573-1aaf-11ef-a56d-bd5cfcf36af4.jpg", "bboxes": [0.16978723404255322, 0.2018439716312057, 0.4416548463356974, 0.5139007092198582], "class": 2}