{"image": "c73ed573-1aaf-11ef-a56d-bd5cfcf36af4.jpg", "bboxes": [0.29612293144208035, 0.17517730496453898, 0.5679905437352246, 0.48723404255319147], "class": 2}