{"image": "c73ed573-1aaf-11ef-a56d-bd5cfcf36af4.jpg", "bboxes": [0.44723404255319144, 0.21295508274231678, 0.7191016548463357, 0.5250118203309693], "class": 2}