{"image": "c73ed573-1aaf-11ef-a56d-bd5cfcf36af4.jpg", "bboxes": [0.48756501182033096, 0.2018439716312057, 0.7594326241134752, 0.5139007092198582], "class": 2}