{"image": "c73ed573-1aaf-11ef-a56d-bd5cfcf36af4.jpg", "bboxes": [0.4627895981087471, 0.16628841607565015, 0.7346572104018912, 0.47834515366430264], "class": 2}