{"image": "c73ed573-1aaf-11ef-a56d-bd5cfcf36af4.jpg", "bboxes": [0.5383451536643026, 0.21295508274231678, 0.8102127659574467, 0.5250118203309693], "class": 2}