{"image": "c73ed573-1aaf-11ef-a56d-bd5cfcf36af4.jpg", "bboxes": [0.5342316784869977, 0.497210401891253, 0.8060992907801419, 0.8092671394799055], "class": 2}