{"image": "c73ed573-1aaf-11ef-a56d-bd5cfcf36af4.jpg", "bboxes": [0.28534278959810877, 0.4638770685579196, 0.5572104018912529, 0.7759338061465721], "class": 2}