{"image": "c73ed573-1aaf-11ef-a56d-bd5cfcf36af4.jpg", "bboxes": [0.26945626477541373, 0.49498817966903075, 0.5413238770685579, 0.8070449172576832], "class": 2}