{"image": "c73ed573-1aaf-11ef-a56d-bd5cfcf36af4.jpg", "bboxes": [0.19390070921985814, 0.4594326241134752, 0.4657683215130023, 0.7714893617021277], "class": 2}