{"image": "c73ed573-1aaf-11ef-a56d-bd5cfcf36af4.jpg", "bboxes": [0.38501182033096926, 0.2196217494089835, 0.6568794326241134, 0.5316784869976359], "class": 2}