{"image": "c73ed573-1aaf-11ef-a56d-bd5cfcf36af4.jpg", "bboxes": [0.15200945626477544, 0.2262884160756501, 0.4238770685579196, 0.5383451536643026], "class": 2}