{"image": "c73ed573-1aaf-11ef-a56d-bd5cfcf36af4.jpg", "bboxes": [0.38534278959810875, 0.2262884160756501, 0.657210401891253, 0.5383451536643026], "class": 2}