{"image": "c73ed573-1aaf-11ef-a56d-bd5cfcf36af4.jpg", "bboxes": [0.4853427895981088, 0.195177304964539, 0.757210401891253, 0.5072340425531915], "class": 2}