{"image": "c73ed573-1aaf-11ef-a56d-bd5cfcf36af4.jpg", "bboxes": [0.2850118203309693, 0.5194326241134752, 0.5568794326241134, 0.8314893617021276], "class": 2}