{"image": "c73ed573-1aaf-11ef-a56d-bd5cfcf36af4.jpg", "bboxes": [0.16312056737588654, 0.4727659574468085, 0.43498817966903075, 0.784822695035461], "class": 2}