{"image": "c73ed573-1aaf-11ef-a56d-bd5cfcf36af4.jpg", "bboxes": [0.4720094562647754, 0.517210401891253, 0.7438770685579197, 0.8292671394799054], "class": 2}