{"image": "c73ed573-1aaf-11ef-a56d-bd5cfcf36af4.jpg", "bboxes": [0.4164539007092199, 0.20406619385342795, 0.6883215130023641, 0.5161229314420803], "class": 2}