{"image": "d203ad9c-07fb-11ef-a9de-64d2c4ecd148.jpg", "bboxes": [0.9642424242424245, 0.08074074074074078, 1.0, 1.0], "class": 1}