{"image": "d203ad9c-07fb-11ef-a9de-64d2c4ecd148.jpg", "bboxes": [0.8331313131313133, 0.0, 0.9977777777777778, 0.7481481481481481], "class": 1}