{"image": "d203ad9c-07fb-11ef-a9de-64d2c4ecd148.jpg", "bboxes": [0.1953535353535355, 0.0, 0.9596632996632997, 0.7148148148148147], "class": 1}