{"image": "d203ad9c-07fb-11ef-a9de-64d2c4ecd148.jpg", "bboxes": [0.16202020202020218, 0.0, 0.9263299663299663, 0.6303703703703702], "class": 1}