{"image": "d203ad9c-07fb-11ef-a9de-64d2c4ecd148.jpg", "bboxes": [0.13589225589225584, 0.0, 0.90020202020202, 0.9977777777777778], "class": 1}