{"image": "d203ad9c-07fb-11ef-a9de-64d2c4ecd148.jpg", "bboxes": [0.6775757575757577, 0.19407407407407418, 1.0, 1.0], "class": 1}