{"image": "d203ad9c-07fb-11ef-a9de-64d2c4ecd148.jpg", "bboxes": [0.27589225589225586, 0.0, 0.9977777777777778, 0.5748148148148148], "class": 1}