{"image": "d203ad9c-07fb-11ef-a9de-64d2c4ecd148.jpg", "bboxes": [0.8981144781144781, 0.0, 0.9977777777777778, 0.9748148148148147], "class": 1}