{"image": "d203ad9c-07fb-11ef-a9de-64d2c4ecd148.jpg", "bboxes": [0.0022222222222222365, 0.4118518518518519, 0.45521885521885525, 0.9977777777777778], "class": 1}