{"image": "d203ad9c-07fb-11ef-a9de-64d2c4ecd148.jpg", "bboxes": [0.747003367003367, 0.0, 1.0, 0.9103703703703703], "class": 1}