{"image": "d203ad9c-07fb-11ef-a9de-64d2c4ecd148.jpg", "bboxes": [0.0, 0.0022222222222222365, 0.06242424242424224, 0.9698989898989898], "class": 1}