{"image": "d203ad9c-07fb-11ef-a9de-64d2c4ecd148.jpg", "bboxes": [0.5931313131313134, 0.09851851851851856, 1.0, 1.0], "class": 1}