{"image": "d203ad9c-07fb-11ef-a9de-64d2c4ecd148.jpg", "bboxes": [0.6353535353535356, 0.0, 1.0, 0.6081481481481481], "class": 1}