{"image": "d203ad9c-07fb-11ef-a9de-64d2c4ecd148.jpg", "bboxes": [0.1025589225589225, 0.0, 0.8668686868686867, 0.9787878787878788], "class": 1}