{"image": "d203ad9c-07fb-11ef-a9de-64d2c4ecd148.jpg", "bboxes": [0.0, 0.0, 0.19299663299663306, 0.9414814814814814], "class": 1}