{"image": "d203ad9c-07fb-11ef-a9de-64d2c4ecd148.jpg", "bboxes": [0.0, 0.0, 0.6552188552188553, 0.8281481481481481], "class": 1}