{"image": "d203ad9c-07fb-11ef-a9de-64d2c4ecd148.jpg", "bboxes": [0.0, 0.3985185185185186, 0.35353535353535337, 1.0], "class": 1}