{"image": "d203ad9c-07fb-11ef-a9de-64d2c4ecd148.jpg", "bboxes": [0.63979797979798, 0.0, 1.0, 0.8059259259259258], "class": 1}