{"image": "d203ad9c-07fb-11ef-a9de-64d2c4ecd148.jpg", "bboxes": [0.07589225589225584, 0.0022222222222222365, 0.8402020202020201, 0.9977777777777778], "class": 1}