{"image": "d203ad9c-07fb-11ef-a9de-64d2c4ecd148.jpg", "bboxes": [0.707003367003367, 0.0, 0.9977777777777778, 0.8748148148148147], "class": 1}