{"image": "d203ad9c-07fb-11ef-a9de-64d2c4ecd148.jpg", "bboxes": [0.1803367003367003, 0.1251851851851853, 0.9446464646464645, 1.0], "class": 1}