{"image": "d203ad9c-07fb-11ef-a9de-64d2c4ecd148.jpg", "bboxes": [0.0, 0.29407407407407415, 0.5624242424242423, 1.0], "class": 1}