{"image": "d203ad9c-07fb-11ef-a9de-64d2c4ecd148.jpg", "bboxes": [0.63979797979798, 0.33851851851851855, 0.9977777777777778, 0.9977777777777778], "class": 1}