{"image": "d203ad9c-07fb-11ef-a9de-64d2c4ecd148.jpg", "bboxes": [0.4203367003367003, 0.30074074074074086, 0.9977777777777778, 0.9977777777777778], "class": 1}