{"image": "d203ad9c-07fb-11ef-a9de-64d2c4ecd148.jpg", "bboxes": [0.16255892255892251, 0.0, 0.9268686868686867, 0.9977777777777778], "class": 1}