{"image": "d203ad9c-07fb-11ef-a9de-64d2c4ecd148.jpg", "bboxes": [0.7286868686868688, 0.058518518518518636, 0.9977777777777778, 0.9977777777777778], "class": 1}