{"image": "d203ad9c-07fb-11ef-a9de-64d2c4ecd148.jpg", "bboxes": [0.0022222222222222365, 0.4296296296296297, 0.43966329966329976, 0.9977777777777778], "class": 1}