{"image": "d203ad9c-07fb-11ef-a9de-64d2c4ecd148.jpg", "bboxes": [0.35535353535353553, 0.0, 1.0, 0.788148148148148], "class": 1}