{"image": "d203ad9c-07fb-11ef-a9de-64d2c4ecd148.jpg", "bboxes": [0.3709090909090911, 0.0, 1.0, 0.9903703703703702], "class": 1}