{"image": "d203ad9c-07fb-11ef-a9de-64d2c4ecd148.jpg", "bboxes": [0.1442424242424244, 0.0, 0.9085521885521886, 0.8948148148148147], "class": 1}