{"image": "d203ad9c-07fb-11ef-a9de-64d2c4ecd148.jpg", "bboxes": [0.21535353535353552, 0.0, 0.9796632996632997, 0.7414814814814814], "class": 1}