{"image": "d203ad9c-07fb-11ef-a9de-64d2c4ecd148.jpg", "bboxes": [0.07313131313131327, 0.0, 0.8374410774410774, 0.8370370370370369], "class": 1}