{"image": "d203ad9c-07fb-11ef-a9de-64d2c4ecd148.jpg", "bboxes": [0.4292255892255892, 0.0, 1.0, 0.7437037037037036], "class": 1}