{"image": "d203ad9c-07fb-11ef-a9de-64d2c4ecd148.jpg", "bboxes": [0.0022222222222222365, 0.08074074074074078, 0.12410774410774417, 0.9977777777777778], "class": 1}