{"image": "d203ad9c-07fb-11ef-a9de-64d2c4ecd148.jpg", "bboxes": [0.4375757575757578, 0.20518518518518525, 0.9977777777777778, 0.9977777777777778], "class": 1}