{"image": "d203ad9c-07fb-11ef-a9de-64d2c4ecd148.jpg", "bboxes": [0.4847811447811447, 0.0, 0.9977777777777778, 0.5837037037037036], "class": 1}