{"image": "d203ad9c-07fb-11ef-a9de-64d2c4ecd148.jpg", "bboxes": [0.04478114478114473, 0.0, 0.8090909090909089, 1.0], "class": 1}