{"image": "d203ad9c-07fb-11ef-a9de-64d2c4ecd148.jpg", "bboxes": [0.0, 0.12074074074074082, 0.10020202020202001, 1.0], "class": 1}