{"image": "d203ad9c-07fb-11ef-a9de-64d2c4ecd148.jpg", "bboxes": [0.21144781144781138, 0.0, 0.9757575757575756, 0.9859259259259259], "class": 1}