{"image": "d203ad9c-07fb-11ef-a9de-64d2c4ecd148.jpg", "bboxes": [0.0, 0.012323232323232397, 0.6152188552188553, 1.0], "class": 1}