{"image": "d203ad9c-07fb-11ef-a9de-64d2c4ecd148.jpg", "bboxes": [0.0, 0.0, 0.6046464646464644, 0.797037037037037], "class": 1}