{"image": "d306c40e-07fb-11ef-a9de-64d2c4ecd148.jpg", "bboxes": [0.09575757575757608, 0.0, 0.8668013468013467, 0.7575757575757575], "class": 1}