{"image": "d306c40e-07fb-11ef-a9de-64d2c4ecd148.jpg", "bboxes": [0.27542087542087557, 0.0, 0.9977777777777778, 0.7597979797979797], "class": 1}