{"image": "d306c40e-07fb-11ef-a9de-64d2c4ecd148.jpg", "bboxes": [0.46653198653198674, 0.0022222222222222365, 0.9977777777777778, 0.9977777777777778], "class": 1}