{"image": "d306c40e-07fb-11ef-a9de-64d2c4ecd148.jpg", "bboxes": [0.3224242424242427, 0.013535353535353623, 1.0, 1.0], "class": 1}