{"image": "d306c40e-07fb-11ef-a9de-64d2c4ecd148.jpg", "bboxes": [0.16464646464646496, 0.0, 0.9356902356902356, 1.0], "class": 1}