{"image": "d306c40e-07fb-11ef-a9de-64d2c4ecd148.jpg", "bboxes": [0.0, 0.07131313131313133, 0.3268013468013467, 0.9977777777777778], "class": 1}