{"image": "d306c40e-07fb-11ef-a9de-64d2c4ecd148.jpg", "bboxes": [0.0, 0.04686868686868695, 0.04013468013468001, 0.9977777777777778], "class": 1}