{"image": "d306c40e-07fb-11ef-a9de-64d2c4ecd148.jpg", "bboxes": [0.2576430976430978, 0.0, 1.0, 0.782020202020202], "class": 1}