{"image": "d306c40e-07fb-11ef-a9de-64d2c4ecd148.jpg", "bboxes": [0.9268686868686872, 0.0, 1.0, 0.8109090909090908], "class": 1}