{"image": "d306c40e-07fb-11ef-a9de-64d2c4ecd148.jpg", "bboxes": [0.0, 0.0022222222222222365, 0.49346801346801333, 0.9867340067340067], "class": 1}