{"image": "d306c40e-07fb-11ef-a9de-64d2c4ecd148.jpg", "bboxes": [0.0, 0.24464646464646467, 0.44868686868686836, 1.0], "class": 1}