{"image": "d306c40e-07fb-11ef-a9de-64d2c4ecd148.jpg", "bboxes": [0.21764309764309775, 0.0, 0.9886868686868684, 0.782020202020202], "class": 1}