{"image": "d306c40e-07fb-11ef-a9de-64d2c4ecd148.jpg", "bboxes": [0.6243097643097645, 0.0, 0.9977777777777778, 0.8886868686868686], "class": 1}