{"image": "d306c40e-07fb-11ef-a9de-64d2c4ecd148.jpg", "bboxes": [0.0022222222222222365, 0.04020202020202024, 0.10424242424242391, 0.9977777777777778], "class": 1}