{"image": "d306c40e-07fb-11ef-a9de-64d2c4ecd148.jpg", "bboxes": [0.2068686868686872, 0.0, 0.9779124579124578, 1.0], "class": 1}