{"image": "d306c40e-07fb-11ef-a9de-64d2c4ecd148.jpg", "bboxes": [0.21131313131313165, 0.0, 0.9823569023569022, 0.9977777777777778], "class": 1}