{"image": "d306c40e-07fb-11ef-a9de-64d2c4ecd148.jpg", "bboxes": [0.2068686868686872, 0.13131313131313138, 0.9779124579124578, 0.9977777777777778], "class": 1}