{"image": "d306c40e-07fb-11ef-a9de-64d2c4ecd148.jpg", "bboxes": [0.6135353535353538, 0.0, 0.9977777777777778, 0.6686868686868687], "class": 1}