{"image": "d306c40e-07fb-11ef-a9de-64d2c4ecd148.jpg", "bboxes": [0.5424242424242427, 0.1646464646464647, 0.9977777777777778, 0.9977777777777778], "class": 1}