{"image": "d306c40e-07fb-11ef-a9de-64d2c4ecd148.jpg", "bboxes": [0.0, 0.2513131313131314, 0.26235690235690223, 1.0], "class": 1}