{"image": "d306c40e-07fb-11ef-a9de-64d2c4ecd148.jpg", "bboxes": [0.0, 0.00909090909090915, 0.529023569023569, 1.0], "class": 1}