{"image": "d306c40e-07fb-11ef-a9de-64d2c4ecd148.jpg", "bboxes": [0.0, 0.0, 0.15124579124579113, 0.6709090909090908], "class": 1}