{"image": "d306c40e-07fb-11ef-a9de-64d2c4ecd148.jpg", "bboxes": [0.0022222222222222365, 0.06020202020202026, 0.5086868686868684, 0.9977777777777778], "class": 1}