{"image": "d306c40e-07fb-11ef-a9de-64d2c4ecd148.jpg", "bboxes": [0.715757575757576, 0.11797979797979807, 1.0, 1.0], "class": 1}