{"image": "d306c40e-07fb-11ef-a9de-64d2c4ecd148.jpg", "bboxes": [0.0, 0.0, 0.5664646464646461, 0.6664646464646464], "class": 1}