{"image": "d306c40e-07fb-11ef-a9de-64d2c4ecd148.jpg", "bboxes": [0.8554208754208755, 0.031313131313131404, 1.0, 1.0], "class": 1}