{"image": "d306c40e-07fb-11ef-a9de-64d2c4ecd148.jpg", "bboxes": [0.0, 0.16686868686868694, 0.6309090909090906, 1.0], "class": 1}