{"image": "d306c40e-07fb-11ef-a9de-64d2c4ecd148.jpg", "bboxes": [0.0022222222222222365, 0.0, 0.5731313131313128, 0.7797979797979797], "class": 1}