{"image": "d306c40e-07fb-11ef-a9de-64d2c4ecd148.jpg", "bboxes": [0.2265319865319867, 0.0, 0.9975757575757572, 0.702020202020202], "class": 1}