{"image": "d306c40e-07fb-11ef-a9de-64d2c4ecd148.jpg", "bboxes": [0.030976430976431102, 0.0, 0.8020202020202016, 0.6397979797979797], "class": 1}