{"image": "d306c40e-07fb-11ef-a9de-64d2c4ecd148.jpg", "bboxes": [0.5602020202020205, 0.006868686868686913, 1.0, 1.0], "class": 1}