{"image": "d306c40e-07fb-11ef-a9de-64d2c4ecd148.jpg", "bboxes": [0.37131313131313165, 0.0, 1.0, 0.8153535353535353], "class": 1}