{"image": "d306c40e-07fb-11ef-a9de-64d2c4ecd148.jpg", "bboxes": [0.6824242424242427, 0.23797979797979807, 0.9977777777777778, 0.9977777777777778], "class": 1}