{"image": "d36eba79-1aaf-11ef-9d1e-bd5cfcf36af4.jpg", "bboxes": [0.05489361702127667, 0.1266193853427896, 0.4426004728132388, 0.5403309692671394], "class": 2}