{"image": "d36eba79-1aaf-11ef-9d1e-bd5cfcf36af4.jpg", "bboxes": [0.3171158392434989, 0.484113475177305, 0.704822695035461, 0.8978250591016548], "class": 2}