{"image": "d36eba79-1aaf-11ef-9d1e-bd5cfcf36af4.jpg", "bboxes": [0.06822695035461, 0.13106382978723408, 0.4559338061465721, 0.5447754137115839], "class": 2}