{"image": "d36eba79-1aaf-11ef-9d1e-bd5cfcf36af4.jpg", "bboxes": [0.039338061465721115, 0.11106382978723406, 0.42704491725768323, 0.5247754137115839], "class": 2}