{"image": "d36eba79-1aaf-11ef-9d1e-bd5cfcf36af4.jpg", "bboxes": [0.23739952718676127, 0.424113475177305, 0.6251063829787233, 0.8378250591016548], "class": 2}