{"image": "d36eba79-1aaf-11ef-9d1e-bd5cfcf36af4.jpg", "bboxes": [0.37517730496453905, 0.14217494089834515, 0.7628841607565011, 0.555886524822695], "class": 2}