{"image": "d36eba79-1aaf-11ef-9d1e-bd5cfcf36af4.jpg", "bboxes": [0.3529550827423168, 0.119952718676123, 0.7406619385342789, 0.5336643026004728], "class": 2}