{"image": "d36eba79-1aaf-11ef-9d1e-bd5cfcf36af4.jpg", "bboxes": [0.2596217494089834, 0.44855791962174946, 0.6473286052009455, 0.8622695035460992], "class": 2}