{"image": "d36eba79-1aaf-11ef-9d1e-bd5cfcf36af4.jpg", "bboxes": [0.3460047281323878, 0.1555082742316786, 0.7337115839243499, 0.5692198581560284], "class": 2}