{"image": "d36eba79-1aaf-11ef-9d1e-bd5cfcf36af4.jpg", "bboxes": [0.3593380614657211, 0.11773049645390077, 0.7470449172576832, 0.5314420803782506], "class": 2}