{"image": "d36eba79-1aaf-11ef-9d1e-bd5cfcf36af4.jpg", "bboxes": [0.0771158392434989, 0.48855791962174944, 0.464822695035461, 0.9022695035460992], "class": 2}