{"image": "d36eba79-1aaf-11ef-9d1e-bd5cfcf36af4.jpg", "bboxes": [0.31933806146572113, 0.444113475177305, 0.7070449172576833, 0.8578250591016549], "class": 2}