{"image": "d36eba79-1aaf-11ef-9d1e-bd5cfcf36af4.jpg", "bboxes": [0.45739952718676125, 0.47522458628841613, 0.8451063829787233, 0.8889361702127659], "class": 2}