{"image": "d36eba79-1aaf-11ef-9d1e-bd5cfcf36af4.jpg", "bboxes": [0.2971158392434989, 0.4263356973995272, 0.684822695035461, 0.8400472813238771], "class": 2}