{"image": "d36eba79-1aaf-11ef-9d1e-bd5cfcf36af4.jpg", "bboxes": [0.2904491725768322, 0.12217494089834524, 0.6781560283687943, 0.5358865248226949], "class": 2}