{"image": "d36eba79-1aaf-11ef-9d1e-bd5cfcf36af4.jpg", "bboxes": [0.16378250591016555, 0.4730023640661939, 0.5514893617021277, 0.8867139479905437], "class": 2}