{"image": "d36eba79-1aaf-11ef-9d1e-bd5cfcf36af4.jpg", "bboxes": [0.3371158392434989, 0.16217494089834517, 0.724822695035461, 0.575886524822695], "class": 2}