{"image": "d36eba79-1aaf-11ef-9d1e-bd5cfcf36af4.jpg", "bboxes": [0.14822695035461, 0.1132860520094563, 0.535933806146572, 0.5269976359338061], "class": 2}