{"image": "d36eba79-1aaf-11ef-9d1e-bd5cfcf36af4.jpg", "bboxes": [0.23489361702127667, 0.4330023640661939, 0.6226004728132387, 0.8467139479905437], "class": 2}