{"image": "d36eba79-1aaf-11ef-9d1e-bd5cfcf36af4.jpg", "bboxes": [0.16378250591016555, 0.11550827423167853, 0.5514893617021277, 0.5292198581560283], "class": 2}