{"image": "d36eba79-1aaf-11ef-9d1e-bd5cfcf36af4.jpg", "bboxes": [0.4326713947990544, 0.13550827423167855, 0.8203782505910165, 0.5492198581560284], "class": 2}