{"image": "d36eba79-1aaf-11ef-9d1e-bd5cfcf36af4.jpg", "bboxes": [0.4173995271867612, 0.119952718676123, 0.8051063829787233, 0.5336643026004728], "class": 2}