{"image": "d36eba79-1aaf-11ef-9d1e-bd5cfcf36af4.jpg", "bboxes": [0.2640661938534279, 0.444113475177305, 0.65177304964539, 0.8578250591016549], "class": 2}