{"image": "d36eba79-1aaf-11ef-9d1e-bd5cfcf36af4.jpg", "bboxes": [0.4460047281323878, 0.15773049645390066, 0.8337115839243499, 0.5714420803782505], "class": 2}