{"image": "d36eba79-1aaf-11ef-9d1e-bd5cfcf36af4.jpg", "bboxes": [0.2771158392434989, 0.4863356973995272, 0.664822695035461, 0.900047281323877], "class": 2}