{"image": "d36eba79-1aaf-11ef-9d1e-bd5cfcf36af4.jpg", "bboxes": [0.2837825059101656, 0.1266193853427896, 0.6714893617021277, 0.5403309692671394], "class": 2}