{"image": "d36eba79-1aaf-11ef-9d1e-bd5cfcf36af4.jpg", "bboxes": [0.1573995271867612, 0.47078014184397166, 0.5451063829787233, 0.8844917257683215], "class": 2}