{"image": "d36eba79-1aaf-11ef-9d1e-bd5cfcf36af4.jpg", "bboxes": [0.1993380614657211, 0.10439716312056746, 0.5870449172576833, 0.5181087470449173], "class": 2}