{"image": "d36eba79-1aaf-11ef-9d1e-bd5cfcf36af4.jpg", "bboxes": [0.10600472813238777, 0.4685579196217494, 0.4937115839243499, 0.8822695035460992], "class": 2}