{"image": "d36eba79-1aaf-11ef-9d1e-bd5cfcf36af4.jpg", "bboxes": [0.5062884160756501, 0.464113475177305, 0.8939952718676122, 0.8778250591016548], "class": 2}