{"image": "d36eba79-1aaf-11ef-9d1e-bd5cfcf36af4.jpg", "bboxes": [0.13711583924349888, 0.4418912529550828, 0.524822695035461, 0.8556028368794326], "class": 2}