{"image": "d36eba79-1aaf-11ef-9d1e-bd5cfcf36af4.jpg", "bboxes": [0.22600472813238778, 0.14217494089834515, 0.6137115839243499, 0.555886524822695], "class": 2}