{"image": "d36eba79-1aaf-11ef-9d1e-bd5cfcf36af4.jpg", "bboxes": [0.08156028368794334, 0.10439716312056746, 0.46926713947990545, 0.5181087470449173], "class": 2}