{"image": "d36eba79-1aaf-11ef-9d1e-bd5cfcf36af4.jpg", "bboxes": [0.4285106382978724, 0.1399527186761229, 0.8162174940898345, 0.5536643026004728], "class": 2}