{"image": "d36eba79-1aaf-11ef-9d1e-bd5cfcf36af4.jpg", "bboxes": [0.5418439716312057, 0.4552245862884161, 0.9295508274231677, 0.8689361702127659], "class": 2}