{"image": "d36eba79-1aaf-11ef-9d1e-bd5cfcf36af4.jpg", "bboxes": [0.3260047281323878, 0.10439716312056746, 0.7137115839243499, 0.5181087470449173], "class": 2}