{"image": "d36eba79-1aaf-11ef-9d1e-bd5cfcf36af4.jpg", "bboxes": [0.3771158392434989, 0.44855791962174946, 0.764822695035461, 0.8622695035460992], "class": 2}