{"image": "d36eba79-1aaf-11ef-9d1e-bd5cfcf36af4.jpg", "bboxes": [0.5018439716312058, 0.4507801418439717, 0.8895508274231678, 0.8644917257683215], "class": 2}