{"image": "d36eba79-1aaf-11ef-9d1e-bd5cfcf36af4.jpg", "bboxes": [0.35267139479905446, 0.4530023640661939, 0.7403782505910166, 0.8667139479905437], "class": 2}