{"image": "d36eba79-1aaf-11ef-9d1e-bd5cfcf36af4.jpg", "bboxes": [0.4818439716312056, 0.15995271867612293, 0.8695508274231678, 0.5736643026004729], "class": 2}