{"image": "d36eba79-1aaf-11ef-9d1e-bd5cfcf36af4.jpg", "bboxes": [0.23517730496453904, 0.15328605200945633, 0.6228841607565011, 0.566997635933806], "class": 2}