{"image": "d36eba79-1aaf-11ef-9d1e-bd5cfcf36af4.jpg", "bboxes": [0.2018439716312057, 0.4774468085106383, 0.5895508274231678, 0.8911583924349882], "class": 2}