{"image": "d36eba79-1aaf-11ef-9d1e-bd5cfcf36af4.jpg", "bboxes": [0.455177304964539, 0.09773049645390075, 0.8428841607565011, 0.5114420803782506], "class": 2}