{"image": "d36eba79-1aaf-11ef-9d1e-bd5cfcf36af4.jpg", "bboxes": [0.26851063829787236, 0.16217494089834517, 0.6562174940898344, 0.575886524822695], "class": 2}