{"image": "d36eba79-1aaf-11ef-9d1e-bd5cfcf36af4.jpg", "bboxes": [0.47739952718676126, 0.1332860520094563, 0.8651063829787233, 0.5469976359338061], "class": 2}