{"image": "d36eba79-1aaf-11ef-9d1e-bd5cfcf36af4.jpg", "bboxes": [0.575177304964539, 0.13773049645390079, 0.9628841607565011, 0.5514420803782505], "class": 2}