{"image": "d36eba79-1aaf-11ef-9d1e-bd5cfcf36af4.jpg", "bboxes": [0.19267139479905446, 0.45744680851063835, 0.5803782505910166, 0.8711583924349882], "class": 2}