{"image": "d36eba79-1aaf-11ef-9d1e-bd5cfcf36af4.jpg", "bboxes": [0.3529550827423168, 0.1332860520094563, 0.7406619385342789, 0.5469976359338061], "class": 2}