{"image": "d36eba79-1aaf-11ef-9d1e-bd5cfcf36af4.jpg", "bboxes": [0.4593380614657211, 0.4507801418439717, 0.8470449172576832, 0.8644917257683215], "class": 2}