{"image": "d36eba79-1aaf-11ef-9d1e-bd5cfcf36af4.jpg", "bboxes": [0.41295508274231674, 0.45744680851063835, 0.8006619385342789, 0.8711583924349882], "class": 2}