{"image": "d36eba79-1aaf-11ef-9d1e-bd5cfcf36af4.jpg", "bboxes": [0.16851063829787238, 0.4774468085106383, 0.5562174940898345, 0.8911583924349882], "class": 2}