{"image": "d36eba79-1aaf-11ef-9d1e-bd5cfcf36af4.jpg", "bboxes": [0.37044917257683224, 0.4463356973995272, 0.7581560283687944, 0.8600472813238771], "class": 2}