{"image": "d36eba79-1aaf-11ef-9d1e-bd5cfcf36af4.jpg", "bboxes": [0.3662884160756501, 0.12439716312056737, 0.7539952718676122, 0.5381087470449173], "class": 2}