{"image": "d36eba79-1aaf-11ef-9d1e-bd5cfcf36af4.jpg", "bboxes": [0.15962174940898344, 0.4307801418439717, 0.5473286052009456, 0.8444917257683214], "class": 2}