{"image": "d36eba79-1aaf-11ef-9d1e-bd5cfcf36af4.jpg", "bboxes": [0.38378250591016555, 0.464113475177305, 0.7714893617021277, 0.8778250591016548], "class": 2}