{"image": "d36eba79-1aaf-11ef-9d1e-bd5cfcf36af4.jpg", "bboxes": [0.12600472813238778, 0.424113475177305, 0.5137115839243499, 0.8378250591016548], "class": 2}