{"image": "d36eba79-1aaf-11ef-9d1e-bd5cfcf36af4.jpg", "bboxes": [0.33267139479905444, 0.4863356973995272, 0.7203782505910166, 0.900047281323877], "class": 2}