{"image": "d36eba79-1aaf-11ef-9d1e-bd5cfcf36af4.jpg", "bboxes": [0.23489361702127667, 0.14884160756501186, 0.6226004728132387, 0.5625531914893617], "class": 2}