{"image": "d36eba79-1aaf-11ef-9d1e-bd5cfcf36af4.jpg", "bboxes": [0.2462884160756501, 0.464113475177305, 0.6339952718676123, 0.8778250591016548], "class": 2}