{"image": "d36eba79-1aaf-11ef-9d1e-bd5cfcf36af4.jpg", "bboxes": [0.4040661938534279, 0.1555082742316786, 0.79177304964539, 0.5692198581560284], "class": 2}