{"image": "d36eba79-1aaf-11ef-9d1e-bd5cfcf36af4.jpg", "bboxes": [0.2793380614657211, 0.4685579196217494, 0.6670449172576832, 0.8822695035460992], "class": 2}