{"image": "d36eba79-1aaf-11ef-9d1e-bd5cfcf36af4.jpg", "bboxes": [0.43739952718676123, 0.09550827423167851, 0.8251063829787233, 0.5092198581560283], "class": 2}