{"image": "d36eba79-1aaf-11ef-9d1e-bd5cfcf36af4.jpg", "bboxes": [0.4371158392434989, 0.13550827423167855, 0.824822695035461, 0.5492198581560284], "class": 2}