{"image": "d36eba79-1aaf-11ef-9d1e-bd5cfcf36af4.jpg", "bboxes": [0.28156028368794334, 0.12884160756501184, 0.6692671394799055, 0.5425531914893617], "class": 2}