{"image": "d3c1b45c-1aaf-11ef-9b8b-bd5cfcf36af4.jpg", "bboxes": [0.5005200945626479, 0.47503546099290783, 0.7995744680851065, 0.8391016548463357], "class": 2}