{"image": "d3c1b45c-1aaf-11ef-9b8b-bd5cfcf36af4.jpg", "bboxes": [0.4227423167848702, 0.4505910165484634, 0.7217966903073286, 0.8146572104018912], "class": 2}