{"image": "d3c1b45c-1aaf-11ef-9b8b-bd5cfcf36af4.jpg", "bboxes": [0.3426477541371158, 0.45725768321513005, 0.6417021276595744, 0.8213238770685579], "class": 2}