{"image": "d3c1b45c-1aaf-11ef-9b8b-bd5cfcf36af4.jpg", "bboxes": [0.3605200945626479, 0.1853427895981088, 0.6595744680851064, 0.5494089834515365], "class": 2}