{"image": "d3c1b45c-1aaf-11ef-9b8b-bd5cfcf36af4.jpg", "bboxes": [0.32052009456264785, 0.14312056737588652, 0.6195744680851064, 0.5071867612293144], "class": 2}