{"image": "d3c1b45c-1aaf-11ef-9b8b-bd5cfcf36af4.jpg", "bboxes": [0.49163120567375906, 0.15867612293144207, 0.7906855791962175, 0.5227423167848699], "class": 2}