{"image": "d3c1b45c-1aaf-11ef-9b8b-bd5cfcf36af4.jpg", "bboxes": [0.32709219858156025, 0.4728132387706856, 0.6261465721040188, 0.8368794326241135], "class": 2}