{"image": "d3c1b45c-1aaf-11ef-9b8b-bd5cfcf36af4.jpg", "bboxes": [0.08042553191489359, 0.13423167848699769, 0.3794799054373521, 0.49829787234042544], "class": 2}