{"image": "d3c1b45c-1aaf-11ef-9b8b-bd5cfcf36af4.jpg", "bboxes": [0.2137588652482269, 0.18978723404255327, 0.5128132387706854, 0.553853427895981], "class": 2}