{"image": "d3c1b45c-1aaf-11ef-9b8b-bd5cfcf36af4.jpg", "bboxes": [0.42042553191489357, 0.4683687943262412, 0.7194799054373521, 0.832434988179669], "class": 2}