{"image": "d3c1b45c-1aaf-11ef-9b8b-bd5cfcf36af4.jpg", "bboxes": [0.47829787234042564, 0.45281323877068563, 0.7773522458628842, 0.8168794326241134], "class": 2}