{"image": "d3c1b45c-1aaf-11ef-9b8b-bd5cfcf36af4.jpg", "bboxes": [0.5271867612293146, 0.18089834515366432, 0.8262411347517731, 0.5449645390070922], "class": 2}