{"image": "d3c1b45c-1aaf-11ef-9b8b-bd5cfcf36af4.jpg", "bboxes": [0.36496453900709236, 0.14089834515366428, 0.6640189125295508, 0.5049645390070922], "class": 2}