{"image": "d3c1b45c-1aaf-11ef-9b8b-bd5cfcf36af4.jpg", "bboxes": [0.16931442080378248, 0.5061465721040189, 0.468368794326241, 0.8702127659574468], "class": 2}