{"image": "d3c1b45c-1aaf-11ef-9b8b-bd5cfcf36af4.jpg", "bboxes": [0.5427423167848702, 0.147565011820331, 0.8417966903073286, 0.5116312056737589], "class": 2}