{"image": "d3c1b45c-1aaf-11ef-9b8b-bd5cfcf36af4.jpg", "bboxes": [0.36486997635933804, 0.15867612293144207, 0.6639243498817965, 0.5227423167848699], "class": 2}