{"image": "d3c1b45c-1aaf-11ef-9b8b-bd5cfcf36af4.jpg", "bboxes": [0.5827423167848702, 0.1920094562647754, 0.8817966903073287, 0.5560756501182033], "class": 2}