{"image": "d3c1b45c-1aaf-11ef-9b8b-bd5cfcf36af4.jpg", "bboxes": [0.3337588652482269, 0.1564539007092198, 0.6328132387706854, 0.5205200945626477], "class": 2}