{"image": "d3c1b45c-1aaf-11ef-9b8b-bd5cfcf36af4.jpg", "bboxes": [0.404869976359338, 0.13200945626477545, 0.7039243498817965, 0.4960756501182033], "class": 2}