{"image": "d3c1b45c-1aaf-11ef-9b8b-bd5cfcf36af4.jpg", "bboxes": [0.4071867612293145, 0.14312056737588652, 0.7062411347517731, 0.5071867612293144], "class": 2}