{"image": "d3c1b45c-1aaf-11ef-9b8b-bd5cfcf36af4.jpg", "bboxes": [0.12486997635933803, 0.14534278959810876, 0.42392434988179656, 0.5094089834515366], "class": 2}