{"image": "d3c1b45c-1aaf-11ef-9b8b-bd5cfcf36af4.jpg", "bboxes": [0.21385342789598127, 0.147565011820331, 0.5129078014184398, 0.5116312056737589], "class": 2}