{"image": "d3c1b45c-1aaf-11ef-9b8b-bd5cfcf36af4.jpg", "bboxes": [0.0826477541371158, 0.15867612293144207, 0.38170212765957434, 0.5227423167848699], "class": 2}