{"image": "d3c1b45c-1aaf-11ef-9b8b-bd5cfcf36af4.jpg", "bboxes": [0.5982978723404259, 0.4417021276595745, 0.8973522458628842, 0.8057683215130024], "class": 2}