{"image": "d3c1b45c-1aaf-11ef-9b8b-bd5cfcf36af4.jpg", "bboxes": [0.3293144208037825, 0.16534278959810877, 0.6283687943262409, 0.5294089834515365], "class": 2}