{"image": "d3c1b45c-1aaf-11ef-9b8b-bd5cfcf36af4.jpg", "bboxes": [0.6271867612293145, 0.18756501182033103, 0.926241134751773, 0.5516312056737589], "class": 2}