{"image": "d3c1b45c-1aaf-11ef-9b8b-bd5cfcf36af4.jpg", "bboxes": [0.2559810874704491, 0.4705910165484634, 0.5550354609929077, 0.8346572104018912], "class": 2}