{"image": "d3c1b45c-1aaf-11ef-9b8b-bd5cfcf36af4.jpg", "bboxes": [0.444869976359338, 0.19645390070921986, 0.7439243498817966, 0.5605200945626477], "class": 2}