{"image": "d3c1b45c-1aaf-11ef-9b8b-bd5cfcf36af4.jpg", "bboxes": [0.5360756501182035, 0.4728132387706856, 0.835130023640662, 0.8368794326241135], "class": 2}