{"image": "d3c1b45c-1aaf-11ef-9b8b-bd5cfcf36af4.jpg", "bboxes": [0.5471867612293146, 0.18756501182033103, 0.8462411347517731, 0.5516312056737589], "class": 2}