{"image": "d3c1b45c-1aaf-11ef-9b8b-bd5cfcf36af4.jpg", "bboxes": [0.4493144208037825, 0.15423167848699773, 0.748368794326241, 0.5182978723404255], "class": 2}