{"image": "d3c1b45c-1aaf-11ef-9b8b-bd5cfcf36af4.jpg", "bboxes": [0.4715366430260047, 0.4728132387706856, 0.7705910165484632, 0.8368794326241135], "class": 2}