{"image": "d3c1b45c-1aaf-11ef-9b8b-bd5cfcf36af4.jpg", "bboxes": [0.2226477541371158, 0.48614657210401896, 0.5217021276595744, 0.8502127659574468], "class": 2}