{"image": "d3c1b45c-1aaf-11ef-9b8b-bd5cfcf36af4.jpg", "bboxes": [0.34042553191489355, 0.47503546099290783, 0.6394799054373521, 0.8391016548463357], "class": 2}