{"image": "d3c1b45c-1aaf-11ef-9b8b-bd5cfcf36af4.jpg", "bboxes": [0.28042553191489356, 0.4617021276595745, 0.5794799054373521, 0.8257683215130024], "class": 2}