{"image": "d3c1b45c-1aaf-11ef-9b8b-bd5cfcf36af4.jpg", "bboxes": [0.2559810874704491, 0.4817021276595745, 0.5550354609929077, 0.8457683215130023], "class": 2}