{"image": "d3c1b45c-1aaf-11ef-9b8b-bd5cfcf36af4.jpg", "bboxes": [0.45163120567375903, 0.1542316784869977, 0.7506855791962175, 0.5182978723404255], "class": 2}