{"image": "d3c1b45c-1aaf-11ef-9b8b-bd5cfcf36af4.jpg", "bboxes": [0.23829787234042565, 0.17867612293144206, 0.5373522458628842, 0.54274231678487], "class": 2}