{"image": "d3c1b45c-1aaf-11ef-9b8b-bd5cfcf36af4.jpg", "bboxes": [0.5982978723404258, 0.4550354609929078, 0.8973522458628842, 0.8191016548463357], "class": 2}