{"image": "d3c1b45c-1aaf-11ef-9b8b-bd5cfcf36af4.jpg", "bboxes": [0.46709219858156026, 0.17645390070921985, 0.7661465721040187, 0.5405200945626477], "class": 2}