{"image": "d3c1b45c-1aaf-11ef-9b8b-bd5cfcf36af4.jpg", "bboxes": [0.3004255319148936, 0.44836879432624116, 0.5994799054373521, 0.812434988179669], "class": 2}