{"image": "d3c1b45c-1aaf-11ef-9b8b-bd5cfcf36af4.jpg", "bboxes": [0.4426477541371158, 0.4417021276595745, 0.7417021276595743, 0.8057683215130024], "class": 2}