{"image": "d3c1b45c-1aaf-11ef-9b8b-bd5cfcf36af4.jpg", "bboxes": [0.22709219858156024, 0.4928132387706856, 0.5261465721040187, 0.8568794326241135], "class": 2}