{"image": "d3c1b45c-1aaf-11ef-9b8b-bd5cfcf36af4.jpg", "bboxes": [0.20496453900709233, 0.4972576832151301, 0.5040189125295509, 0.861323877068558], "class": 2}