{"image": "d3c1b45c-1aaf-11ef-9b8b-bd5cfcf36af4.jpg", "bboxes": [0.3337588652482269, 0.1608983451536643, 0.6328132387706854, 0.5249645390070922], "class": 2}