{"image": "d3c1b45c-1aaf-11ef-9b8b-bd5cfcf36af4.jpg", "bboxes": [0.2538534278959812, 0.1853427895981088, 0.5529078014184398, 0.5494089834515365], "class": 2}