{"image": "d3c1b45c-1aaf-11ef-9b8b-bd5cfcf36af4.jpg", "bboxes": [0.14931442080378246, 0.19645390070921986, 0.448368794326241, 0.5605200945626477], "class": 2}