{"image": "d3c1b45c-1aaf-11ef-9b8b-bd5cfcf36af4.jpg", "bboxes": [0.5027423167848701, 0.13867612293144205, 0.8017966903073286, 0.5027423167848699], "class": 2}