{"image": "d3c1b45c-1aaf-11ef-9b8b-bd5cfcf36af4.jpg", "bboxes": [0.11375886524822691, 0.43947990543735227, 0.41281323877068543, 0.8035460992907801], "class": 2}