{"image": "d3c1b45c-1aaf-11ef-9b8b-bd5cfcf36af4.jpg", "bboxes": [0.2115366430260047, 0.46614657210401894, 0.5105910165484632, 0.8302127659574468], "class": 2}