{"image": "d3c1b45c-1aaf-11ef-9b8b-bd5cfcf36af4.jpg", "bboxes": [0.34709219858156026, 0.19645390070921986, 0.6461465721040187, 0.5605200945626477], "class": 2}