{"image": "d3c1b45c-1aaf-11ef-9b8b-bd5cfcf36af4.jpg", "bboxes": [0.23820330969267137, 0.4972576832151301, 0.5372576832151299, 0.861323877068558], "class": 2}