{"image": "d3c1b45c-1aaf-11ef-9b8b-bd5cfcf36af4.jpg", "bboxes": [0.39598108747044913, 0.1542316784869977, 0.6950354609929077, 0.5182978723404255], "class": 2}