{"image": "d3c1b45c-1aaf-11ef-9b8b-bd5cfcf36af4.jpg", "bboxes": [0.5338534278959812, 0.14978723404255323, 0.8329078014184398, 0.513853427895981], "class": 2}