{"image": "d3c1b45c-1aaf-11ef-9b8b-bd5cfcf36af4.jpg", "bboxes": [0.5294089834515368, 0.17867612293144208, 0.8284633569739953, 0.54274231678487], "class": 2}