{"image": "d406a9fa-07fb-11ef-a9de-64d2c4ecd148.jpg", "bboxes": [0.8810774410774413, 0.1775084175084175, 1.0, 1.0], "class": 1}