{"image": "d406a9fa-07fb-11ef-a9de-64d2c4ecd148.jpg", "bboxes": [0.0022222222222222365, 0.21750841750841754, 0.7344781144781142, 0.9977777777777778], "class": 1}