{"image": "d406a9fa-07fb-11ef-a9de-64d2c4ecd148.jpg", "bboxes": [0.15185185185185168, 0.16195286195286193, 0.9700336700336698, 0.9977777777777778], "class": 1}