{"image": "d406a9fa-07fb-11ef-a9de-64d2c4ecd148.jpg", "bboxes": [0.2674074074074072, 0.0, 0.9977777777777778, 0.6624915824915825], "class": 1}