{"image": "d406a9fa-07fb-11ef-a9de-64d2c4ecd148.jpg", "bboxes": [0.35407407407407393, 0.4241750841750842, 0.9977777777777778, 0.9977777777777778], "class": 1}