{"image": "d406a9fa-07fb-11ef-a9de-64d2c4ecd148.jpg", "bboxes": [0.5785185185185184, 0.0, 0.9977777777777778, 0.8402693602693603], "class": 1}