{"image": "d406a9fa-07fb-11ef-a9de-64d2c4ecd148.jpg", "bboxes": [0.0, 0.007878787878787952, 0.7970370370370372, 1.0], "class": 1}