{"image": "d406a9fa-07fb-11ef-a9de-64d2c4ecd148.jpg", "bboxes": [0.014410774410774693, 0.0022222222222222365, 0.8325925925925928, 0.9977777777777778], "class": 1}