{"image": "d406a9fa-07fb-11ef-a9de-64d2c4ecd148.jpg", "bboxes": [0.0, 0.0022222222222222365, 0.4303703703703705, 0.9854545454545455], "class": 1}