{"image": "d406a9fa-07fb-11ef-a9de-64d2c4ecd148.jpg", "bboxes": [0.5655218855218858, 0.01973063973063971, 0.9977777777777778, 0.9977777777777778], "class": 1}