{"image": "d406a9fa-07fb-11ef-a9de-64d2c4ecd148.jpg", "bboxes": [0.0, 0.16195286195286196, 0.16781144781144752, 1.0], "class": 1}