{"image": "d406a9fa-07fb-11ef-a9de-64d2c4ecd148.jpg", "bboxes": [0.16774410774410803, 0.23084175084175085, 0.9859259259259261, 0.9977777777777778], "class": 1}