{"image": "d406a9fa-07fb-11ef-a9de-64d2c4ecd148.jpg", "bboxes": [0.0, 0.43306397306397304, 0.0859259259259261, 1.0], "class": 1}