{"image": "d406a9fa-07fb-11ef-a9de-64d2c4ecd148.jpg", "bboxes": [0.2096296296296295, 0.4352861952861953, 1.0, 1.0], "class": 1}