{"image": "d406a9fa-07fb-11ef-a9de-64d2c4ecd148.jpg", "bboxes": [0.5810774410774414, 0.30639730639730633, 1.0, 1.0], "class": 1}