{"image": "d406a9fa-07fb-11ef-a9de-64d2c4ecd148.jpg", "bboxes": [0.25629629629629613, 0.3041750841750842, 1.0, 1.0], "class": 1}