{"image": "d406a9fa-07fb-11ef-a9de-64d2c4ecd148.jpg", "bboxes": [0.0, 0.293063973063973, 0.003703703703703872, 1.0], "class": 1}