{"image": "d406a9fa-07fb-11ef-a9de-64d2c4ecd148.jpg", "bboxes": [0.07629629629629608, 0.3175084175084175, 0.8944781144781142, 1.0], "class": 1}