{"image": "d406a9fa-07fb-11ef-a9de-64d2c4ecd148.jpg", "bboxes": [0.4299663299663303, 0.09528619528619531, 0.9977777777777778, 0.9977777777777778], "class": 1}