{"image": "d406a9fa-07fb-11ef-a9de-64d2c4ecd148.jpg", "bboxes": [0.2474074074074072, 0.09084175084175083, 1.0, 1.0], "class": 1}