{"image": "d406a9fa-07fb-11ef-a9de-64d2c4ecd148.jpg", "bboxes": [0.9607407407407406, 0.4108417508417508, 1.0, 1.0], "class": 1}