{"image": "d406a9fa-07fb-11ef-a9de-64d2c4ecd148.jpg", "bboxes": [0.8696296296296295, 0.0, 1.0, 0.8958249158249159], "class": 1}