{"image": "d406a9fa-07fb-11ef-a9de-64d2c4ecd148.jpg", "bboxes": [0.17629629629629617, 0.0, 0.9944781144781142, 0.6247138047138048], "class": 1}