{"image": "d406a9fa-07fb-11ef-a9de-64d2c4ecd148.jpg", "bboxes": [0.7610774410774414, 0.13528619528619523, 1.0, 1.0], "class": 1}