{"image": "d406a9fa-07fb-11ef-a9de-64d2c4ecd148.jpg", "bboxes": [0.4362962962962962, 0.0, 1.0, 0.5691582491582492], "class": 1}