{"image": "d406a9fa-07fb-11ef-a9de-64d2c4ecd148.jpg", "bboxes": [0.7096296296296294, 0.0, 0.9977777777777778, 0.8247138047138047], "class": 1}