{"image": "d406a9fa-07fb-11ef-a9de-64d2c4ecd148.jpg", "bboxes": [0.8321885521885525, 0.3108417508417508, 0.9977777777777778, 0.9977777777777778], "class": 1}