{"image": "d406a9fa-07fb-11ef-a9de-64d2c4ecd148.jpg", "bboxes": [0.716632996632997, 0.0, 0.9977777777777778, 0.6469360269360269], "class": 1}