{"image": "d406a9fa-07fb-11ef-a9de-64d2c4ecd148.jpg", "bboxes": [0.0, 0.29973063973063974, 0.7344781144781142, 1.0], "class": 1}