{"image": "d406a9fa-07fb-11ef-a9de-64d2c4ecd148.jpg", "bboxes": [0.13885521885521915, 0.35084175084175084, 0.9570370370370372, 0.9977777777777778], "class": 1}