{"image": "d406a9fa-07fb-11ef-a9de-64d2c4ecd148.jpg", "bboxes": [0.051851851851851705, 0.0, 0.8700336700336697, 1.0], "class": 1}