{"image": "d406a9fa-07fb-11ef-a9de-64d2c4ecd148.jpg", "bboxes": [0.7407407407407406, 0.03973063973063973, 1.0, 1.0], "class": 1}