{"image": "d406a9fa-07fb-11ef-a9de-64d2c4ecd148.jpg", "bboxes": [0.41885521885521915, 0.25750841750841746, 1.0, 1.0], "class": 1}