{"image": "d406a9fa-07fb-11ef-a9de-64d2c4ecd148.jpg", "bboxes": [0.0022222222222222365, 0.0, 0.11447811447811418, 0.7824915824915825], "class": 1}