{"image": "d406a9fa-07fb-11ef-a9de-64d2c4ecd148.jpg", "bboxes": [0.5918518518518516, 0.21084175084175083, 1.0, 1.0], "class": 1}