{"image": "d406a9fa-07fb-11ef-a9de-64d2c4ecd148.jpg", "bboxes": [0.46107744107744136, 0.0, 0.9977777777777778, 0.6802693602693602], "class": 1}