{"image": "d406a9fa-07fb-11ef-a9de-64d2c4ecd148.jpg", "bboxes": [0.2785185185185184, 0.0, 0.9977777777777778, 0.8491582491582491], "class": 1}