{"image": "d406a9fa-07fb-11ef-a9de-64d2c4ecd148.jpg", "bboxes": [0.7340740740740739, 0.12861952861952863, 0.9977777777777778, 0.9977777777777778], "class": 1}