{"image": "d406a9fa-07fb-11ef-a9de-64d2c4ecd148.jpg", "bboxes": [0.687744107744108, 0.0, 1.0, 0.7491582491582491], "class": 1}