{"image": "d406a9fa-07fb-11ef-a9de-64d2c4ecd148.jpg", "bboxes": [0.0, 0.20639730639730636, 0.15259259259259275, 0.9977777777777778], "class": 1}