{"image": "d406a9fa-07fb-11ef-a9de-64d2c4ecd148.jpg", "bboxes": [0.11663299663299692, 0.0, 0.934814814814815, 1.0], "class": 1}