{"image": "d406a9fa-07fb-11ef-a9de-64d2c4ecd148.jpg", "bboxes": [0.0, 0.30639730639730633, 0.8037037037037039, 0.9977777777777778], "class": 1}