{"image": "d406a9fa-07fb-11ef-a9de-64d2c4ecd148.jpg", "bboxes": [0.9010774410774414, 0.0, 1.0, 0.7580471380471381], "class": 1}