{"image": "d406a9fa-07fb-11ef-a9de-64d2c4ecd148.jpg", "bboxes": [0.7788552188552191, 0.0063973063973064015, 1.0, 1.0], "class": 1}