{"image": "d411ee29-1aaf-11ef-9993-bd5cfcf36af4.jpg", "bboxes": [0.331725768321513, 0.11801418439716305, 0.6567848699763594, 0.531725768321513], "class": 2}