{"image": "d411ee29-1aaf-11ef-9993-bd5cfcf36af4.jpg", "bboxes": [0.24099290780141838, 0.1535697399527186, 0.5660520094562648, 0.5672813238770685], "class": 2}