{"image": "d411ee29-1aaf-11ef-9993-bd5cfcf36af4.jpg", "bboxes": [0.10728132387706857, 0.11356973995271868, 0.432340425531915, 0.5272813238770685], "class": 2}