{"image": "d411ee29-1aaf-11ef-9993-bd5cfcf36af4.jpg", "bboxes": [0.20950354609929078, 0.4260520094562648, 0.5345626477541372, 0.8397635933806147], "class": 2}