{"image": "d411ee29-1aaf-11ef-9993-bd5cfcf36af4.jpg", "bboxes": [0.39877068557919615, 0.43716312056737594, 0.7238297872340426, 0.8508747044917258], "class": 2}