{"image": "d411ee29-1aaf-11ef-9993-bd5cfcf36af4.jpg", "bboxes": [0.26543735224586285, 0.16023640661938532, 0.5904964539007093, 0.5739479905437352], "class": 2}