{"image": "d411ee29-1aaf-11ef-9993-bd5cfcf36af4.jpg", "bboxes": [0.26988179669030726, 0.16690307328605203, 0.5949408983451537, 0.5806146572104018], "class": 2}