{"image": "d411ee29-1aaf-11ef-9993-bd5cfcf36af4.jpg", "bboxes": [0.4206146572104018, 0.45938534278959814, 0.7456737588652482, 0.873096926713948], "class": 2}