{"image": "d411ee29-1aaf-11ef-9993-bd5cfcf36af4.jpg", "bboxes": [0.5387706855791962, 0.13801418439716306, 0.8638297872340426, 0.551725768321513], "class": 2}