{"image": "d411ee29-1aaf-11ef-9993-bd5cfcf36af4.jpg", "bboxes": [0.4521040189125295, 0.13579196217494083, 0.7771631205673759, 0.5495035460992908], "class": 2}