{"image": "d411ee29-1aaf-11ef-9993-bd5cfcf36af4.jpg", "bboxes": [0.3450591016548463, 0.4438297872340426, 0.6701182033096927, 0.8575413711583925], "class": 2}