{"image": "d411ee29-1aaf-11ef-9993-bd5cfcf36af4.jpg", "bboxes": [0.5343262411347517, 0.43716312056737594, 0.8593853427895981, 0.8508747044917258], "class": 2}