{"image": "d411ee29-1aaf-11ef-9993-bd5cfcf36af4.jpg", "bboxes": [0.2898817966903073, 0.11134751773049645, 0.6149408983451538, 0.5250591016548463], "class": 2}