{"image": "d411ee29-1aaf-11ef-9993-bd5cfcf36af4.jpg", "bboxes": [0.3409929078014184, 0.42827423167848705, 0.6660520094562649, 0.8419858156028369], "class": 2}