{"image": "d411ee29-1aaf-11ef-9993-bd5cfcf36af4.jpg", "bboxes": [0.2361702127659574, 0.15134751773049637, 0.5612293144208038, 0.5650591016548463], "class": 2}