{"image": "d411ee29-1aaf-11ef-9993-bd5cfcf36af4.jpg", "bboxes": [0.5654373522458629, 0.15579196217494085, 0.8904964539007093, 0.5695035460992908], "class": 2}