{"image": "d411ee29-1aaf-11ef-9993-bd5cfcf36af4.jpg", "bboxes": [0.11839243498817964, 0.13579196217494083, 0.44345153664302606, 0.5495035460992908], "class": 2}