{"image": "d411ee29-1aaf-11ef-9993-bd5cfcf36af4.jpg", "bboxes": [0.06283687943262406, 0.4527186761229315, 0.3878959810874705, 0.8664302600472814], "class": 2}