{"image": "d411ee29-1aaf-11ef-9993-bd5cfcf36af4.jpg", "bboxes": [0.15839243498817968, 0.15579196217494085, 0.4834515366430261, 0.5695035460992908], "class": 2}