{"image": "d411ee29-1aaf-11ef-9993-bd5cfcf36af4.jpg", "bboxes": [0.3276595744680851, 0.12468085106382976, 0.6527186761229314, 0.5383924349881797], "class": 2}