{"image": "d411ee29-1aaf-11ef-9993-bd5cfcf36af4.jpg", "bboxes": [0.09839243498817962, 0.4816075650118204, 0.42345153664302604, 0.8953191489361703], "class": 2}