{"image": "d411ee29-1aaf-11ef-9993-bd5cfcf36af4.jpg", "bboxes": [0.616548463356974, 0.4816075650118204, 0.9416075650118204, 0.8953191489361703], "class": 2}