{"image": "d411ee29-1aaf-11ef-9993-bd5cfcf36af4.jpg", "bboxes": [0.35839243498817963, 0.4727186761229315, 0.683451536643026, 0.8864302600472813], "class": 2}