{"image": "d411ee29-1aaf-11ef-9993-bd5cfcf36af4.jpg", "bboxes": [0.48061465721040186, 0.4727186761229315, 0.8056737588652483, 0.8864302600472813], "class": 2}