{"image": "d411ee29-1aaf-11ef-9993-bd5cfcf36af4.jpg", "bboxes": [0.5165484633569739, 0.11356973995271868, 0.8416075650118203, 0.5272813238770685], "class": 2}