{"image": "d411ee29-1aaf-11ef-9993-bd5cfcf36af4.jpg", "bboxes": [0.29617021276595745, 0.4304964539007093, 0.6212293144208039, 0.8442080378250592], "class": 2}