{"image": "d411ee29-1aaf-11ef-9993-bd5cfcf36af4.jpg", "bboxes": [0.33617021276595743, 0.12245862884160752, 0.6612293144208039, 0.5361702127659573], "class": 2}