{"image": "d411ee29-1aaf-11ef-9993-bd5cfcf36af4.jpg", "bboxes": [0.23172576832151293, 0.12912529550827423, 0.5567848699763593, 0.5428368794326242], "class": 2}