{"image": "d411ee29-1aaf-11ef-9993-bd5cfcf36af4.jpg", "bboxes": [0.4583924349881796, 0.4393853427895982, 0.783451536643026, 0.853096926713948], "class": 2}