{"image": "d411ee29-1aaf-11ef-9993-bd5cfcf36af4.jpg", "bboxes": [0.38505910165484625, 0.448274231678487, 0.7101182033096927, 0.8619858156028369], "class": 2}