{"image": "d411ee29-1aaf-11ef-9993-bd5cfcf36af4.jpg", "bboxes": [0.48765957446808506, 0.13134751773049647, 0.8127186761229315, 0.5450591016548463], "class": 2}