{"image": "d411ee29-1aaf-11ef-9993-bd5cfcf36af4.jpg", "bboxes": [0.3695035460992907, 0.43271867612293147, 0.6945626477541371, 0.8464302600472814], "class": 2}