{"image": "d411ee29-1aaf-11ef-9993-bd5cfcf36af4.jpg", "bboxes": [0.13839243498817966, 0.45049645390070925, 0.4634515366430261, 0.8642080378250592], "class": 2}