{"image": "d411ee29-1aaf-11ef-9993-bd5cfcf36af4.jpg", "bboxes": [0.42950354609929076, 0.13801418439716306, 0.7545626477541372, 0.551725768321513], "class": 2}