{"image": "d411ee29-1aaf-11ef-9993-bd5cfcf36af4.jpg", "bboxes": [0.4139479905437352, 0.15579196217494085, 0.7390070921985816, 0.5695035460992908], "class": 2}