{"image": "d411ee29-1aaf-11ef-9993-bd5cfcf36af4.jpg", "bboxes": [0.35654846335697393, 0.15579196217494085, 0.6816075650118204, 0.5695035460992908], "class": 2}