{"image": "d411ee29-1aaf-11ef-9993-bd5cfcf36af4.jpg", "bboxes": [0.5632151300236407, 0.16690307328605203, 0.8882742316784871, 0.5806146572104018], "class": 2}