{"image": "d411ee29-1aaf-11ef-9993-bd5cfcf36af4.jpg", "bboxes": [0.27432624113475174, 0.45049645390070925, 0.5993853427895981, 0.8642080378250592], "class": 2}