{"image": "d411ee29-1aaf-11ef-9993-bd5cfcf36af4.jpg", "bboxes": [0.607659574468085, 0.44160756501182036, 0.9327186761229315, 0.8553191489361702], "class": 2}