{"image": "d411ee29-1aaf-11ef-9993-bd5cfcf36af4.jpg", "bboxes": [0.3187706855791962, 0.4616075650118204, 0.6438297872340426, 0.8753191489361702], "class": 2}