{"image": "d411ee29-1aaf-11ef-9993-bd5cfcf36af4.jpg", "bboxes": [0.06950354609929077, 0.448274231678487, 0.3945626477541372, 0.8619858156028369], "class": 2}