{"image": "d411ee29-1aaf-11ef-9993-bd5cfcf36af4.jpg", "bboxes": [0.37210401891252953, 0.4549408983451537, 0.697163120567376, 0.8686524822695035], "class": 2}