{"image": "d411ee29-1aaf-11ef-9993-bd5cfcf36af4.jpg", "bboxes": [0.1672813238770685, 0.14468085106382977, 0.4923404255319149, 0.5583924349881797], "class": 2}