{"image": "d411ee29-1aaf-11ef-9993-bd5cfcf36af4.jpg", "bboxes": [0.46543735224586286, 0.10468085106382974, 0.7904964539007092, 0.5183924349881797], "class": 2}