{"image": "d411ee29-1aaf-11ef-9993-bd5cfcf36af4.jpg", "bboxes": [0.3628368794326241, 0.4660520094562648, 0.6878959810874705, 0.8797635933806147], "class": 2}