{"image": "d411ee29-1aaf-11ef-9993-bd5cfcf36af4.jpg", "bboxes": [0.3787706855791962, 0.4860520094562648, 0.7038297872340425, 0.8997635933806147], "class": 2}