{"image": "d411ee29-1aaf-11ef-9993-bd5cfcf36af4.jpg", "bboxes": [0.23432624113475173, 0.4838297872340426, 0.5593853427895982, 0.8975413711583925], "class": 2}