{"image": "d411ee29-1aaf-11ef-9993-bd5cfcf36af4.jpg", "bboxes": [0.44543735224586284, 0.11579196217494081, 0.7704964539007093, 0.5295035460992907], "class": 2}