{"image": "d411ee29-1aaf-11ef-9993-bd5cfcf36af4.jpg", "bboxes": [0.15617021276595744, 0.13579196217494083, 0.48122931442080386, 0.5495035460992908], "class": 2}