{"image": "d411ee29-1aaf-11ef-9993-bd5cfcf36af4.jpg", "bboxes": [0.37839243498817965, 0.14245862884160754, 0.7034515366430261, 0.5561702127659574], "class": 2}