{"image": "d411ee29-1aaf-11ef-9993-bd5cfcf36af4.jpg", "bboxes": [0.2321040189125295, 0.4616075650118204, 0.5571631205673759, 0.8753191489361702], "class": 2}