{"image": "d411ee29-1aaf-11ef-9993-bd5cfcf36af4.jpg", "bboxes": [0.3517257683215129, 0.14468085106382977, 0.6767848699763596, 0.5583924349881797], "class": 2}