{"image": "d411ee29-1aaf-11ef-9993-bd5cfcf36af4.jpg", "bboxes": [0.1850591016548463, 0.1024586288416075, 0.5101182033096927, 0.5161702127659574], "class": 2}