{"image": "d411ee29-1aaf-11ef-9993-bd5cfcf36af4.jpg", "bboxes": [0.4583924349881796, 0.45049645390070925, 0.783451536643026, 0.8642080378250592], "class": 2}