{"image": "d411ee29-1aaf-11ef-9993-bd5cfcf36af4.jpg", "bboxes": [0.3050591016548463, 0.47049645390070927, 0.6301182033096927, 0.8842080378250592], "class": 2}