{"image": "d411ee29-1aaf-11ef-9993-bd5cfcf36af4.jpg", "bboxes": [0.5409929078014184, 0.126903073286052, 0.8660520094562648, 0.5406146572104018], "class": 2}