{"image": "d411ee29-1aaf-11ef-9993-bd5cfcf36af4.jpg", "bboxes": [0.40505910165484627, 0.146903073286052, 0.7301182033096927, 0.5606146572104018], "class": 2}