{"image": "d411ee29-1aaf-11ef-9993-bd5cfcf36af4.jpg", "bboxes": [0.27172576832151296, 0.4238297872340426, 0.5967848699763594, 0.8375413711583924], "class": 2}