{"image": "d411ee29-1aaf-11ef-9993-bd5cfcf36af4.jpg", "bboxes": [0.2361702127659574, 0.1024586288416075, 0.5612293144208038, 0.5161702127659574], "class": 2}