{"image": "d411ee29-1aaf-11ef-9993-bd5cfcf36af4.jpg", "bboxes": [0.06950354609929077, 0.46827423167848703, 0.3945626477541372, 0.881985815602837], "class": 2}