{"image": "d411ee29-1aaf-11ef-9993-bd5cfcf36af4.jpg", "bboxes": [0.4809929078014184, 0.4616075650118204, 0.8060520094562648, 0.8753191489361702], "class": 2}