{"image": "d411ee29-1aaf-11ef-9993-bd5cfcf36af4.jpg", "bboxes": [0.22505910165484633, 0.47049645390070927, 0.5501182033096927, 0.8842080378250592], "class": 2}