{"image": "d411ee29-1aaf-11ef-9993-bd5cfcf36af4.jpg", "bboxes": [0.1539479905437352, 0.1646808510638298, 0.4790070921985816, 0.5783924349881796], "class": 2}