{"image": "d45c0fda-07fb-11ef-a9de-64d2c4ecd148.jpg", "bboxes": [0.884175084175084, 0.023164983164983055, 1.0, 1.0], "class": 1}