{"image": "d45c0fda-07fb-11ef-a9de-64d2c4ecd148.jpg", "bboxes": [0.13750841750841725, 0.13872053872053858, 0.9119191919191918, 0.9977777777777778], "class": 1}