{"image": "d45c0fda-07fb-11ef-a9de-64d2c4ecd148.jpg", "bboxes": [0.16363636363636375, 0.0, 0.9380471380471384, 0.7146127946127947], "class": 1}