{"image": "d45c0fda-07fb-11ef-a9de-64d2c4ecd148.jpg", "bboxes": [0.0, 0.16094276094276083, 0.41360269360269386, 1.0], "class": 1}