{"image": "d45c0fda-07fb-11ef-a9de-64d2c4ecd148.jpg", "bboxes": [0.37084175084175053, 0.38316498316498304, 1.0, 1.0], "class": 1}