{"image": "d45c0fda-07fb-11ef-a9de-64d2c4ecd148.jpg", "bboxes": [0.0, 0.4187205387205386, 0.5208080808080807, 1.0], "class": 1}