{"image": "d45c0fda-07fb-11ef-a9de-64d2c4ecd148.jpg", "bboxes": [0.44861952861952836, 0.00760942760942751, 1.0, 1.0], "class": 1}