{"image": "d45c0fda-07fb-11ef-a9de-64d2c4ecd148.jpg", "bboxes": [0.7508417508417505, 0.13427609427609422, 0.9977777777777778, 0.9977777777777778], "class": 1}