{"image": "d45c0fda-07fb-11ef-a9de-64d2c4ecd148.jpg", "bboxes": [0.0, 0.13205387205387198, 0.5869360269360272, 0.9977777777777778], "class": 1}