{"image": "d45c0fda-07fb-11ef-a9de-64d2c4ecd148.jpg", "bboxes": [0.2814141414141415, 0.3409427609427609, 0.9977777777777778, 0.9977777777777778], "class": 1}