{"image": "d45c0fda-07fb-11ef-a9de-64d2c4ecd148.jpg", "bboxes": [0.855286195286195, 0.0022222222222222365, 0.9977777777777778, 0.9541414141414141], "class": 1}