{"image": "d45c0fda-07fb-11ef-a9de-64d2c4ecd148.jpg", "bboxes": [0.0022222222222222365, 0.39649831649831635, 0.7008080808080809, 0.9977777777777778], "class": 1}