{"image": "d45c0fda-07fb-11ef-a9de-64d2c4ecd148.jpg", "bboxes": [0.7503030303030304, 0.0, 1.0, 0.8746127946127947], "class": 1}