{"image": "d45c0fda-07fb-11ef-a9de-64d2c4ecd148.jpg", "bboxes": [0.24141414141414153, 0.0, 0.9977777777777778, 0.8301683501683502], "class": 1}