{"image": "d45c0fda-07fb-11ef-a9de-64d2c4ecd148.jpg", "bboxes": [0.0, 0.4364983164983164, 0.2891582491582494, 1.0], "class": 1}