{"image": "d45c0fda-07fb-11ef-a9de-64d2c4ecd148.jpg", "bboxes": [0.0, 0.0525252525252526, 0.6424915824915828, 0.9977777777777778], "class": 1}