{"image": "d45c0fda-07fb-11ef-a9de-64d2c4ecd148.jpg", "bboxes": [0.0, 0.10983164983164972, 0.44080808080808076, 1.0], "class": 1}