{"image": "d45c0fda-07fb-11ef-a9de-64d2c4ecd148.jpg", "bboxes": [0.41474747474747486, 0.13872053872053858, 0.9977777777777778, 0.9977777777777778], "class": 1}