{"image": "d45c0fda-07fb-11ef-a9de-64d2c4ecd148.jpg", "bboxes": [0.0, 0.13649831649831645, 0.3580471380471383, 0.9977777777777778], "class": 1}