{"image": "d45c0fda-07fb-11ef-a9de-64d2c4ecd148.jpg", "bboxes": [0.8708417508417505, 0.0, 1.0, 0.9323905723905724], "class": 1}