{"image": "d45c0fda-07fb-11ef-a9de-64d2c4ecd148.jpg", "bboxes": [0.1597306397306395, 0.0, 0.934141414141414, 0.9657239057239059], "class": 1}