{"image": "d45c0fda-07fb-11ef-a9de-64d2c4ecd148.jpg", "bboxes": [0.19973063973063943, 0.0022222222222222365, 0.9741414141414141, 0.9977777777777778], "class": 1}