{"image": "d45c0fda-07fb-11ef-a9de-64d2c4ecd148.jpg", "bboxes": [0.0, 0.33205387205387193, 0.16026936026936053, 0.9977777777777778], "class": 1}