{"image": "d45c0fda-07fb-11ef-a9de-64d2c4ecd148.jpg", "bboxes": [0.059191919191919296, 0.12983164983164974, 0.8336026936026939, 0.9977777777777778], "class": 1}