{"image": "d45c0fda-07fb-11ef-a9de-64d2c4ecd148.jpg", "bboxes": [0.16861952861952834, 0.2164983164983164, 0.9430303030303029, 0.9977777777777778], "class": 1}