{"image": "d45c0fda-07fb-11ef-a9de-64d2c4ecd148.jpg", "bboxes": [0.3508417508417506, 0.09649831649831642, 1.0, 1.0], "class": 1}