{"image": "d45c0fda-07fb-11ef-a9de-64d2c4ecd148.jpg", "bboxes": [0.49750841750841723, 0.0, 0.9977777777777778, 0.8523905723905725], "class": 1}