{"image": "d45c0fda-07fb-11ef-a9de-64d2c4ecd148.jpg", "bboxes": [0.0, 0.3742760942760942, 0.07858585858585854, 1.0], "class": 1}