{"image": "d45c0fda-07fb-11ef-a9de-64d2c4ecd148.jpg", "bboxes": [0.0022222222222222365, 0.3431649831649831, 0.09858585858585846, 0.9977777777777778], "class": 1}