{"image": "d45c0fda-07fb-11ef-a9de-64d2c4ecd148.jpg", "bboxes": [0.27084175084175055, 0.17649831649831638, 0.9977777777777778, 0.9977777777777778], "class": 1}