{"image": "d45c0fda-07fb-11ef-a9de-64d2c4ecd148.jpg", "bboxes": [0.9863973063973062, 0.04316498316498307, 0.9977777777777778, 0.9977777777777778], "class": 1}