{"image": "d45c0fda-07fb-11ef-a9de-64d2c4ecd148.jpg", "bboxes": [0.6614141414141416, 0.0, 0.9977777777777778, 0.7612794612794613], "class": 1}