{"image": "d45c0fda-07fb-11ef-a9de-64d2c4ecd148.jpg", "bboxes": [0.0, 0.07872053872053864, 0.002491582491582752, 1.0], "class": 1}