{"image": "d45c0fda-07fb-11ef-a9de-64d2c4ecd148.jpg", "bboxes": [0.29696969696969705, 0.0, 1.0, 0.7346127946127947], "class": 1}