{"image": "d45c0fda-07fb-11ef-a9de-64d2c4ecd148.jpg", "bboxes": [0.6969696969696971, 0.0, 0.9977777777777778, 0.9390572390572391], "class": 1}