{"image": "d45c0fda-07fb-11ef-a9de-64d2c4ecd148.jpg", "bboxes": [0.0, 0.030303030303030373, 0.3736026936026939, 1.0], "class": 1}