{"image": "d45c0fda-07fb-11ef-a9de-64d2c4ecd148.jpg", "bboxes": [0.45973063973063943, 0.0, 0.9977777777777778, 0.6257239057239058], "class": 1}