{"image": "d45c0fda-07fb-11ef-a9de-64d2c4ecd148.jpg", "bboxes": [0.5041750841750838, 0.0, 1.0, 0.9541414141414141], "class": 1}