{"image": "d45c0fda-07fb-11ef-a9de-64d2c4ecd148.jpg", "bboxes": [0.705858585858586, 0.06316498316498309, 1.0, 1.0], "class": 1}