{"image": "d45c0fda-07fb-11ef-a9de-64d2c4ecd148.jpg", "bboxes": [0.0, 0.1587205387205386, 0.3136026936026939, 1.0], "class": 1}