{"image": "d45c0fda-07fb-11ef-a9de-64d2c4ecd148.jpg", "bboxes": [0.0, 0.3409427609427609, 0.6180471380471383, 1.0], "class": 1}