{"image": "d45c0fda-07fb-11ef-a9de-64d2c4ecd148.jpg", "bboxes": [0.7769696969696971, 0.03474747474747482, 1.0, 1.0], "class": 1}