{"image": "d45c0fda-07fb-11ef-a9de-64d2c4ecd148.jpg", "bboxes": [0.0, 0.14094276094276081, 0.6847138047138049, 1.0], "class": 1}