{"image": "d45c0fda-07fb-11ef-a9de-64d2c4ecd148.jpg", "bboxes": [0.19306397306397283, 0.0, 0.9674747474747474, 0.7346127946127947], "class": 1}