{"image": "d4628499-1aaf-11ef-922d-bd5cfcf36af4.jpg", "bboxes": [0.15390070921985835, 0.43139479905437356, 0.4884160756501183, 0.8805673758865248], "class": 2}