{"image": "d4628499-1aaf-11ef-922d-bd5cfcf36af4.jpg", "bboxes": [0.7426950354609928, 0.12165484633569745, 0.9977777777777778, 0.5708274231678486], "class": 2}