{"image": "d4628499-1aaf-11ef-922d-bd5cfcf36af4.jpg", "bboxes": [0.8138061465721039, 0.07721040189125294, 1.0, 0.5263829787234042], "class": 2}