{"image": "d4628499-1aaf-11ef-922d-bd5cfcf36af4.jpg", "bboxes": [0.0022222222222222365, 0.4336170212765958, 0.25508274231678496, 0.882789598108747], "class": 2}