{"image": "d4628499-1aaf-11ef-922d-bd5cfcf36af4.jpg", "bboxes": [0.10945626477541381, 0.13498817966903076, 0.44397163120567384, 0.5841607565011819], "class": 2}