{"image": "d4628499-1aaf-11ef-922d-bd5cfcf36af4.jpg", "bboxes": [0.4804728132387706, 0.4425059101654847, 0.8149881796690306, 0.891678486997636], "class": 2}