{"image": "d4628499-1aaf-11ef-922d-bd5cfcf36af4.jpg", "bboxes": [0.14278959810874714, 0.42695035460992914, 0.47730496453900717, 0.8761229314420804], "class": 2}