{"image": "d4628499-1aaf-11ef-922d-bd5cfcf36af4.jpg", "bboxes": [0.0, 0.07721040189125294, 0.2573049645390072, 0.5263829787234042], "class": 2}