{"image": "d4628499-1aaf-11ef-922d-bd5cfcf36af4.jpg", "bboxes": [0.0, 0.11943262411347522, 0.13952718676122944, 0.5686052009456264], "class": 2}