{"image": "d4628499-1aaf-11ef-922d-bd5cfcf36af4.jpg", "bboxes": [0.0, 0.08165484633569742, 0.16397163120567382, 0.5308274231678487], "class": 2}