{"image": "d4628499-1aaf-11ef-922d-bd5cfcf36af4.jpg", "bboxes": [0.18056737588652494, 0.10165484633569744, 0.515082742316785, 0.5508274231678487], "class": 2}