{"image": "d4628499-1aaf-11ef-922d-bd5cfcf36af4.jpg", "bboxes": [0.7360283687943262, 0.06832151300236411, 0.9977777777777778, 0.5174940898345153], "class": 2}