{"image": "d4628499-1aaf-11ef-922d-bd5cfcf36af4.jpg", "bboxes": [0.7826950354609928, 0.4513947990543736, 0.9977777777777778, 0.9005673758865248], "class": 2}