{"image": "d4628499-1aaf-11ef-922d-bd5cfcf36af4.jpg", "bboxes": [0.16945626477541387, 0.07276595744680847, 0.5039716312056739, 0.5219385342789598], "class": 2}