{"image": "d4628499-1aaf-11ef-922d-bd5cfcf36af4.jpg", "bboxes": [0.7226950354609928, 0.4202836879432625, 1.0, 0.8694562647754137], "class": 2}