{"image": "d4628499-1aaf-11ef-922d-bd5cfcf36af4.jpg", "bboxes": [0.15834515366430268, 0.4669503546099291, 0.4928605200945627, 0.9161229314420803], "class": 2}