{"image": "d4628499-1aaf-11ef-922d-bd5cfcf36af4.jpg", "bboxes": [0.0, 0.43806146572104027, 0.23952718676122942, 0.8872340425531915], "class": 2}