{"image": "d4628499-1aaf-11ef-922d-bd5cfcf36af4.jpg", "bboxes": [0.09834515366430276, 0.09721040189125296, 0.4328605200945628, 0.5463829787234042], "class": 2}