{"image": "d4628499-1aaf-11ef-922d-bd5cfcf36af4.jpg", "bboxes": [0.0, 0.08609929078014189, 0.14174940898345156, 0.5352718676122931], "class": 2}