{"image": "d4628499-1aaf-11ef-922d-bd5cfcf36af4.jpg", "bboxes": [0.7315839243498817, 0.13498817966903076, 0.9977777777777778, 0.5841607565011819], "class": 2}