{"image": "d4628499-1aaf-11ef-922d-bd5cfcf36af4.jpg", "bboxes": [0.16278959810874716, 0.07276595744680847, 0.4973049645390072, 0.5219385342789598], "class": 2}