{"image": "d4628499-1aaf-11ef-922d-bd5cfcf36af4.jpg", "bboxes": [0.0022222222222222365, 0.11054373522458627, 0.21508274231678495, 0.5597163120567376], "class": 2}