{"image": "d4628499-1aaf-11ef-922d-bd5cfcf36af4.jpg", "bboxes": [0.0, 0.4291725768321514, 0.1884160756501183, 0.8783451536643025], "class": 2}