{"image": "d4628499-1aaf-11ef-922d-bd5cfcf36af4.jpg", "bboxes": [0.744917257683215, 0.44917257683215134, 0.9977777777777778, 0.8983451536643026], "class": 2}