{"image": "d4628499-1aaf-11ef-922d-bd5cfcf36af4.jpg", "bboxes": [0.13834515366430267, 0.1060992907801418, 0.4728605200945627, 0.5552718676122931], "class": 2}