{"image": "d4628499-1aaf-11ef-922d-bd5cfcf36af4.jpg", "bboxes": [0.8160283687943262, 0.4336170212765958, 1.0, 0.882789598108747], "class": 2}