{"image": "d4628499-1aaf-11ef-922d-bd5cfcf36af4.jpg", "bboxes": [0.22056737588652497, 0.08165484633569742, 0.555082742316785, 0.5308274231678487], "class": 2}