{"image": "d4628499-1aaf-11ef-922d-bd5cfcf36af4.jpg", "bboxes": [0.0, 0.4447281323877069, 0.2884160756501183, 0.8939007092198582], "class": 2}