{"image": "d4628499-1aaf-11ef-922d-bd5cfcf36af4.jpg", "bboxes": [0.853806146572104, 0.11054373522458627, 1.0, 0.5597163120567376], "class": 2}