{"image": "d4628499-1aaf-11ef-922d-bd5cfcf36af4.jpg", "bboxes": [0.12501182033096936, 0.475839243498818, 0.4595271867612294, 0.9250118203309693], "class": 2}