{"image": "d4628499-1aaf-11ef-922d-bd5cfcf36af4.jpg", "bboxes": [0.6404728132387706, 0.10609929078014181, 0.9749881796690306, 0.5552718676122931], "class": 2}