{"image": "d4628499-1aaf-11ef-922d-bd5cfcf36af4.jpg", "bboxes": [0.6226950354609928, 0.10832151300236403, 0.9572104018912528, 0.5574940898345153], "class": 2}