{"image": "d4628499-1aaf-11ef-922d-bd5cfcf36af4.jpg", "bboxes": [0.5626950354609929, 0.4625059101654847, 0.8972104018912528, 0.9116784869976359], "class": 2}