{"image": "d4628499-1aaf-11ef-922d-bd5cfcf36af4.jpg", "bboxes": [0.4715839243498817, 0.42250591016548467, 0.8060992907801418, 0.871678486997636], "class": 2}