{"image": "d4628499-1aaf-11ef-922d-bd5cfcf36af4.jpg", "bboxes": [0.8671394799054373, 0.4291725768321514, 0.9977777777777778, 0.8783451536643025], "class": 2}