{"image": "d4628499-1aaf-11ef-922d-bd5cfcf36af4.jpg", "bboxes": [0.2161229314420805, 0.4825059101654847, 0.5506382978723405, 0.9316784869976359], "class": 2}