{"image": "d4628499-1aaf-11ef-922d-bd5cfcf36af4.jpg", "bboxes": [0.6071394799054373, 0.4802836879432625, 0.9416548463356973, 0.9294562647754137], "class": 2}