{"image": "d4628499-1aaf-11ef-922d-bd5cfcf36af4.jpg", "bboxes": [0.5426950354609928, 0.4447281323877069, 0.8772104018912529, 0.8939007092198582], "class": 2}