{"image": "d4628499-1aaf-11ef-922d-bd5cfcf36af4.jpg", "bboxes": [0.0022222222222222365, 0.44028368794326245, 0.32619385342789614, 0.8894562647754137], "class": 2}