{"image": "d4628499-1aaf-11ef-922d-bd5cfcf36af4.jpg", "bboxes": [0.21834515366430274, 0.44695035460992916, 0.5528605200945627, 0.8961229314420803], "class": 2}