{"image": "d4628499-1aaf-11ef-922d-bd5cfcf36af4.jpg", "bboxes": [0.0022222222222222365, 0.47361702127659583, 0.28619385342789605, 0.9227895981087471], "class": 2}