{"image": "d4628499-1aaf-11ef-922d-bd5cfcf36af4.jpg", "bboxes": [0.191678486997636, 0.12609929078014182, 0.526193853427896, 0.5752718676122931], "class": 2}