{"image": "d4628499-1aaf-11ef-922d-bd5cfcf36af4.jpg", "bboxes": [0.6449172576832151, 0.08387706855791965, 0.9794326241134751, 0.5330496453900708], "class": 2}