{"image": "d4628499-1aaf-11ef-922d-bd5cfcf36af4.jpg", "bboxes": [0.613806146572104, 0.1127659574468085, 0.948321513002364, 0.5619385342789598], "class": 2}