{"image": "d4628499-1aaf-11ef-922d-bd5cfcf36af4.jpg", "bboxes": [0.0005673758865248901, 0.47806146572104025, 0.3350827423167849, 0.9272340425531915], "class": 2}