{"image": "d4628499-1aaf-11ef-922d-bd5cfcf36af4.jpg", "bboxes": [0.0022222222222222365, 0.07721040189125294, 0.226193853427896, 0.5263829787234042], "class": 2}