{"image": "d4628499-1aaf-11ef-922d-bd5cfcf36af4.jpg", "bboxes": [0.2027895981087472, 0.10387706855791967, 0.5373049645390071, 0.5530496453900708], "class": 2}