{"image": "d4628499-1aaf-11ef-922d-bd5cfcf36af4.jpg", "bboxes": [0.0072340425531916, 0.10387706855791967, 0.34174940898345163, 0.5530496453900708], "class": 2}