{"image": "d4628499-1aaf-11ef-922d-bd5cfcf36af4.jpg", "bboxes": [0.0022222222222222365, 0.09276595744680849, 0.19730496453900714, 0.5419385342789598], "class": 2}