{"image": "d4628499-1aaf-11ef-922d-bd5cfcf36af4.jpg", "bboxes": [0.8204728132387706, 0.10165484633569744, 1.0, 0.5508274231678487], "class": 2}