{"image": "d4628499-1aaf-11ef-922d-bd5cfcf36af4.jpg", "bboxes": [0.0022222222222222365, 0.11943262411347522, 0.19952718676122938, 0.5686052009456264], "class": 2}