{"image": "d4628499-1aaf-11ef-922d-bd5cfcf36af4.jpg", "bboxes": [0.5760283687943262, 0.4336170212765958, 0.9105437352245862, 0.882789598108747], "class": 2}