{"image": "d4628499-1aaf-11ef-922d-bd5cfcf36af4.jpg", "bboxes": [0.11167848699763605, 0.12609929078014182, 0.4461938534278961, 0.5752718676122931], "class": 2}