{"image": "d4628499-1aaf-11ef-922d-bd5cfcf36af4.jpg", "bboxes": [0.6804728132387706, 0.09721040189125296, 1.0, 0.5463829787234042], "class": 2}