{"image": "d4628499-1aaf-11ef-922d-bd5cfcf36af4.jpg", "bboxes": [0.7760283687943261, 0.07276595744680847, 1.0, 0.5219385342789598], "class": 2}