{"image": "d4628499-1aaf-11ef-922d-bd5cfcf36af4.jpg", "bboxes": [0.8471394799054373, 0.11498817966903074, 1.0, 0.5641607565011819], "class": 2}