{"image": "d4628499-1aaf-11ef-922d-bd5cfcf36af4.jpg", "bboxes": [0.0022222222222222365, 0.0994326241134752, 0.2817494089834516, 0.5486052009456264], "class": 2}