{"image": "d4628499-1aaf-11ef-922d-bd5cfcf36af4.jpg", "bboxes": [0.0, 0.45806146572104023, 0.18619385342789607, 0.9072340425531915], "class": 2}