{"image": "d4628499-1aaf-11ef-922d-bd5cfcf36af4.jpg", "bboxes": [0.8160283687943262, 0.1127659574468085, 0.9977777777777778, 0.5619385342789598], "class": 2}