{"image": "d4628499-1aaf-11ef-922d-bd5cfcf36af4.jpg", "bboxes": [0.7426950354609928, 0.41806146572104025, 1.0, 0.8672340425531915], "class": 2}