{"image": "d4628499-1aaf-11ef-922d-bd5cfcf36af4.jpg", "bboxes": [0.03612293144208045, 0.1127659574468085, 0.3706382978723405, 0.5619385342789598], "class": 2}