{"image": "d4628499-1aaf-11ef-922d-bd5cfcf36af4.jpg", "bboxes": [0.7271394799054373, 0.45806146572104023, 1.0, 0.9072340425531915], "class": 2}