{"image": "d4628499-1aaf-11ef-922d-bd5cfcf36af4.jpg", "bboxes": [0.593806146572104, 0.08387706855791967, 0.928321513002364, 0.5330496453900708], "class": 2}