{"image": "d4628499-1aaf-11ef-922d-bd5cfcf36af4.jpg", "bboxes": [0.493806146572104, 0.44028368794326245, 0.8283215130023639, 0.8894562647754137], "class": 2}