{"image": "d4b4cac2-1aaf-11ef-a9d0-bd5cfcf36af4.jpg", "bboxes": [0.0022222222222222365, 0.0022222222222222365, 0.09574468085106391, 0.3244444444444444], "class": 2}