{"image": "d4b4cac2-1aaf-11ef-a9d0-bd5cfcf36af4.jpg", "bboxes": [0.9309219858156027, 0.0, 1.0, 0.3222222222222222], "class": 2}