{"image": "d4b4cac2-1aaf-11ef-a9d0-bd5cfcf36af4.jpg", "bboxes": [0.944255319148936, 0.6933333333333334, 0.9977777777777778, 0.9977777777777778], "class": 2}