{"image": "d4b4cac2-1aaf-11ef-a9d0-bd5cfcf36af4.jpg", "bboxes": [0.8931442080378249, 0.6622222222222223, 1.0, 1.0], "class": 2}