{"image": "d4b4cac2-1aaf-11ef-a9d0-bd5cfcf36af4.jpg", "bboxes": [0.0022222222222222365, 0.6377777777777778, 0.1335224586288417, 0.9888416075650118], "class": 2}