{"image": "d4b4cac2-1aaf-11ef-a9d0-bd5cfcf36af4.jpg", "bboxes": [0.0022222222222222365, 0.0022222222222222365, 0.06463356973995282, 0.3488888888888889], "class": 2}