{"image": "d4b4cac2-1aaf-11ef-a9d0-bd5cfcf36af4.jpg", "bboxes": [0.864255319148936, 0.0022222222222222365, 0.9977777777777778, 0.34], "class": 2}