{"image": "d4b4cac2-1aaf-11ef-a9d0-bd5cfcf36af4.jpg", "bboxes": [0.0, 0.6555555555555556, 0.1201891252955084, 1.0], "class": 2}