{"image": "d4b4cac2-1aaf-11ef-a9d0-bd5cfcf36af4.jpg", "bboxes": [0.0022222222222222365, 0.6333333333333333, 0.10907801418439733, 0.9843971631205674], "class": 2}