{"image": "d4b4cac2-1aaf-11ef-a9d0-bd5cfcf36af4.jpg", "bboxes": [0.0022222222222222365, 0.0022222222222222365, 0.1335224586288417, 0.3088888888888889], "class": 2}