{"image": "d4b4cac2-1aaf-11ef-a9d0-bd5cfcf36af4.jpg", "bboxes": [0.9153664302600472, 0.0022695035460992274, 0.9977777777777778, 0.3533333333333334], "class": 2}