{"image": "d4b4cac2-1aaf-11ef-a9d0-bd5cfcf36af4.jpg", "bboxes": [0.9598108747044916, 0.7, 0.9977777777777778, 0.9977777777777778], "class": 2}