{"image": "d4b4cac2-1aaf-11ef-a9d0-bd5cfcf36af4.jpg", "bboxes": [0.944255319148936, 0.0, 1.0, 0.3244444444444444], "class": 2}