{"image": "d4b4cac2-1aaf-11ef-a9d0-bd5cfcf36af4.jpg", "bboxes": [0.0, 0.6822222222222222, 0.004633569739952881, 1.0], "class": 2}