{"image": "d4b4cac2-1aaf-11ef-a9d0-bd5cfcf36af4.jpg", "bboxes": [0.9798108747044916, 0.0, 1.0, 0.32666666666666666], "class": 2}