{"image": "d4b4cac2-1aaf-11ef-a9d0-bd5cfcf36af4.jpg", "bboxes": [0.0, 0.6622222222222223, 0.09352245862884168, 1.0], "class": 2}