{"image": "d4b4cac2-1aaf-11ef-a9d0-bd5cfcf36af4.jpg", "bboxes": [0.0, 0.6844444444444444, 0.11796690307328617, 1.0], "class": 2}