{"image": "d4b4cac2-1aaf-11ef-a9d0-bd5cfcf36af4.jpg", "bboxes": [0.0, 0.6488888888888888, 0.1268557919621751, 0.999952718676123], "class": 2}