{"image": "d556dec4-07fb-11ef-a9de-64d2c4ecd148.jpg", "bboxes": [0.9021548821548822, 0.0, 1.0, 0.7040404040404041], "class": 1}