{"image": "d556dec4-07fb-11ef-a9de-64d2c4ecd148.jpg", "bboxes": [0.6113131313131316, 0.37151515151515135, 0.9977777777777778, 0.9977777777777778], "class": 1}