{"image": "d556dec4-07fb-11ef-a9de-64d2c4ecd148.jpg", "bboxes": [0.3268686868686872, 0.10262626262626251, 1.0, 1.0], "class": 1}