{"image": "d556dec4-07fb-11ef-a9de-64d2c4ecd148.jpg", "bboxes": [0.18909090909090942, 0.11818181818181805, 0.9534006734006734, 1.0], "class": 1}