{"image": "d556dec4-07fb-11ef-a9de-64d2c4ecd148.jpg", "bboxes": [0.2179797979797983, 0.0, 0.9822895622895622, 0.6595959595959597], "class": 1}