{"image": "d556dec4-07fb-11ef-a9de-64d2c4ecd148.jpg", "bboxes": [0.0, 0.30707070707070694, 0.7509090909090905, 1.0], "class": 1}