{"image": "d556dec4-07fb-11ef-a9de-64d2c4ecd148.jpg", "bboxes": [0.04686868686868719, 0.26262626262626254, 0.8111784511784511, 1.0], "class": 1}