{"image": "d556dec4-07fb-11ef-a9de-64d2c4ecd148.jpg", "bboxes": [0.8468686868686872, 0.07818181818181802, 1.0, 1.0], "class": 1}