{"image": "d556dec4-07fb-11ef-a9de-64d2c4ecd148.jpg", "bboxes": [0.23131313131313164, 0.002154882154882232, 0.9956228956228955, 0.9977777777777778], "class": 1}