{"image": "d556dec4-07fb-11ef-a9de-64d2c4ecd148.jpg", "bboxes": [0.17575757575757608, 0.25151515151515136, 0.94006734006734, 1.0], "class": 1}