{"image": "d556dec4-07fb-11ef-a9de-64d2c4ecd148.jpg", "bboxes": [0.884646464646465, 0.0, 1.0, 0.9618181818181819], "class": 1}