{"image": "d556dec4-07fb-11ef-a9de-64d2c4ecd148.jpg", "bboxes": [0.7757575757575761, 0.0, 1.0, 0.7862626262626263], "class": 1}