{"image": "d556dec4-07fb-11ef-a9de-64d2c4ecd148.jpg", "bboxes": [0.03575757575757608, 0.0, 0.80006734006734, 1.0], "class": 1}