{"image": "d556dec4-07fb-11ef-a9de-64d2c4ecd148.jpg", "bboxes": [0.0022222222222222365, 0.020404040404040313, 0.544242424242424, 0.9977777777777778], "class": 1}