{"image": "d556dec4-07fb-11ef-a9de-64d2c4ecd148.jpg", "bboxes": [0.41326599326599334, 0.14929292929292914, 0.9977777777777778, 0.9977777777777778], "class": 1}