{"image": "d556dec4-07fb-11ef-a9de-64d2c4ecd148.jpg", "bboxes": [0.8465993265993267, 0.0759595959595959, 1.0, 1.0], "class": 1}