{"image": "d556dec4-07fb-11ef-a9de-64d2c4ecd148.jpg", "bboxes": [0.0, 0.08707070707070697, 0.6756228956228956, 1.0], "class": 1}