{"image": "d556dec4-07fb-11ef-a9de-64d2c4ecd148.jpg", "bboxes": [0.0022222222222222365, 0.0, 0.22202020202020167, 0.6973737373737375], "class": 1}