{"image": "d556dec4-07fb-11ef-a9de-64d2c4ecd148.jpg", "bboxes": [0.8354882154882155, 0.0, 1.0, 0.892929292929293], "class": 1}