{"image": "d556dec4-07fb-11ef-a9de-64d2c4ecd148.jpg", "bboxes": [0.35353535353535387, 0.0, 0.9977777777777778, 0.6684848484848486], "class": 1}