{"image": "d556dec4-07fb-11ef-a9de-64d2c4ecd148.jpg", "bboxes": [0.6510437710437711, 0.0, 0.9977777777777778, 0.9977777777777778], "class": 1}