{"image": "d556dec4-07fb-11ef-a9de-64d2c4ecd148.jpg", "bboxes": [0.0, 0.12040404040404029, 0.13117845117845112, 0.9977777777777778], "class": 1}