{"image": "d556dec4-07fb-11ef-a9de-64d2c4ecd148.jpg", "bboxes": [0.9065993265993266, 0.0, 0.9977777777777778, 0.9040404040404042], "class": 1}