{"image": "d556dec4-07fb-11ef-a9de-64d2c4ecd148.jpg", "bboxes": [0.0, 0.3226262626262625, 0.15340067340067334, 1.0], "class": 1}