{"image": "d556dec4-07fb-11ef-a9de-64d2c4ecd148.jpg", "bboxes": [0.25993265993266, 0.03595959595959586, 1.0, 1.0], "class": 1}