{"image": "d556dec4-07fb-11ef-a9de-64d2c4ecd148.jpg", "bboxes": [0.3332659932659934, 0.0, 1.0, 0.9956228956228955], "class": 1}