{"image": "d556dec4-07fb-11ef-a9de-64d2c4ecd148.jpg", "bboxes": [0.04659932659932664, 0.19151515151515142, 0.8109090909090906, 1.0], "class": 1}