{"image": "d556dec4-07fb-11ef-a9de-64d2c4ecd148.jpg", "bboxes": [0.0, 0.3759595959595958, 0.6134006734006734, 0.9977777777777778], "class": 1}