{"image": "d556dec4-07fb-11ef-a9de-64d2c4ecd148.jpg", "bboxes": [0.13548821548821555, 0.0, 0.8997979797979795, 0.8262626262626264], "class": 1}