{"image": "d556dec4-07fb-11ef-a9de-64d2c4ecd148.jpg", "bboxes": [0.0, 0.19373737373737365, 0.5953535353535351, 1.0], "class": 1}