{"image": "d556dec4-07fb-11ef-a9de-64d2c4ecd148.jpg", "bboxes": [0.344646464646465, 0.0, 0.9977777777777778, 0.6107070707070709], "class": 1}