{"image": "d556dec4-07fb-11ef-a9de-64d2c4ecd148.jpg", "bboxes": [0.7532659932659933, 0.0022222222222222365, 0.9977777777777778, 0.9867340067340067], "class": 1}