{"image": "d556dec4-07fb-11ef-a9de-64d2c4ecd148.jpg", "bboxes": [0.8754882154882155, 0.0, 0.9977777777777778, 0.6307070707070708], "class": 1}