{"image": "d556dec4-07fb-11ef-a9de-64d2c4ecd148.jpg", "bboxes": [0.026599326599326623, 0.34484848484848474, 0.7909090909090906, 1.0], "class": 1}