{"image": "d556dec4-07fb-11ef-a9de-64d2c4ecd148.jpg", "bboxes": [0.0, 0.38929292929292914, 0.6111784511784512, 1.0], "class": 1}