{"image": "d5fcaa0e-1aaf-11ef-9855-bd5cfcf36af4.jpg", "bboxes": [0.93725768321513, 0.6957446808510638, 1.0, 1.0], "class": 2}