{"image": "d5fcaa0e-1aaf-11ef-9855-bd5cfcf36af4.jpg", "bboxes": [0.0, 0.0, 0.10274231678486997, 0.2975886524822695], "class": 2}