{"image": "d5fcaa0e-1aaf-11ef-9855-bd5cfcf36af4.jpg", "bboxes": [0.0, 0.0022222222222222365, 0.07385342789598108, 0.2953664302600473], "class": 2}