{"image": "d5fcaa0e-1aaf-11ef-9855-bd5cfcf36af4.jpg", "bboxes": [0.0, 0.697966903073286, 0.0160756501182033, 0.9977777777777778], "class": 2}