{"image": "d5fcaa0e-1aaf-11ef-9855-bd5cfcf36af4.jpg", "bboxes": [0.0, 0.7357446808510638, 0.12496453900709219, 0.9977777777777778], "class": 2}