{"image": "d5fcaa0e-1aaf-11ef-9855-bd5cfcf36af4.jpg", "bboxes": [0.9883687943262411, 0.7224113475177305, 1.0, 1.0], "class": 2}