{"image": "d5fcaa0e-1aaf-11ef-9855-bd5cfcf36af4.jpg", "bboxes": [0.0, 0.7090780141843972, 0.018297872340425524, 1.0], "class": 2}