{"image": "d5fcaa0e-1aaf-11ef-9855-bd5cfcf36af4.jpg", "bboxes": [0.9461465721040189, 0.0022222222222222365, 0.9977777777777778, 0.2664775413711584], "class": 2}