{"image": "d5fcaa0e-1aaf-11ef-9855-bd5cfcf36af4.jpg", "bboxes": [0.9705910165484634, 0.717966903073286, 1.0, 1.0], "class": 2}