{"image": "d5fcaa0e-1aaf-11ef-9855-bd5cfcf36af4.jpg", "bboxes": [0.9083687943262413, 0.7290780141843971, 0.9977777777777778, 0.9977777777777778], "class": 2}