{"image": "d5fcaa0e-1aaf-11ef-9855-bd5cfcf36af4.jpg", "bboxes": [0.9505910165484633, 0.0, 1.0, 0.27981087470449173], "class": 2}