{"image": "d5fcaa0e-1aaf-11ef-9855-bd5cfcf36af4.jpg", "bboxes": [0.9083687943262412, 0.697966903073286, 1.0, 1.0], "class": 2}