{"image": "d5fcaa0e-1aaf-11ef-9855-bd5cfcf36af4.jpg", "bboxes": [0.9528132387706856, 0.0, 1.0, 0.273144208037825], "class": 2}