{"image": "d5fcaa0e-1aaf-11ef-9855-bd5cfcf36af4.jpg", "bboxes": [0.0, 0.7313002364066193, 0.047186761229314415, 1.0], "class": 2}