{"image": "d5fcaa0e-1aaf-11ef-9855-bd5cfcf36af4.jpg", "bboxes": [0.0, 0.0, 0.020520094562647747, 0.3153664302600473], "class": 2}