{"image": "d5fcaa0e-1aaf-11ef-9855-bd5cfcf36af4.jpg", "bboxes": [0.0, 0.6824113475177305, 0.10274231678486997, 1.0], "class": 2}