{"image": "d5fcaa0e-1aaf-11ef-9855-bd5cfcf36af4.jpg", "bboxes": [0.0, 0.7313002364066193, 0.04052009456264775, 0.9977777777777778], "class": 2}