{"image": "d5fcaa0e-1aaf-11ef-9855-bd5cfcf36af4.jpg", "bboxes": [0.9861465721040189, 0.0, 1.0, 0.2953664302600473], "class": 2}