{"image": "d5fcaa0e-1aaf-11ef-9855-bd5cfcf36af4.jpg", "bboxes": [0.91725768321513, 0.7224113475177305, 0.9977777777777778, 0.9977777777777778], "class": 2}