{"image": "d5fcaa0e-1aaf-11ef-9855-bd5cfcf36af4.jpg", "bboxes": [0.8750354609929079, 0.6801891252955082, 1.0, 1.0], "class": 2}