{"image": "d5fcaa0e-1aaf-11ef-9855-bd5cfcf36af4.jpg", "bboxes": [0.9017021276595745, 0.7246335697399527, 1.0, 1.0], "class": 2}