{"image": "d5fcaa0e-1aaf-11ef-9855-bd5cfcf36af4.jpg", "bboxes": [0.9928132387706856, 0.6868557919621749, 1.0, 1.0], "class": 2}