{"image": "d5fcaa0e-1aaf-11ef-9855-bd5cfcf36af4.jpg", "bboxes": [0.9794799054373523, 0.0022222222222222365, 0.9977777777777778, 0.2842553191489362], "class": 2}