{"image": "d5fcaa0e-1aaf-11ef-9855-bd5cfcf36af4.jpg", "bboxes": [0.0, 0.7046335697399527, 0.09163120567375886, 1.0], "class": 2}