{"image": "d5fcaa0e-1aaf-11ef-9855-bd5cfcf36af4.jpg", "bboxes": [0.9239243498817966, 0.6957446808510638, 0.9977777777777778, 0.9977777777777778], "class": 2}