{"image": "d65967f6-07fb-11ef-a9de-64d2c4ecd148.jpg", "bboxes": [0.5164309764309761, 0.0, 0.9977777777777778, 0.5343434343434343], "class": 1}