{"image": "d65967f6-07fb-11ef-a9de-64d2c4ecd148.jpg", "bboxes": [0.1919865319865317, 0.0, 0.9731313131313128, 0.7521212121212121], "class": 1}