{"image": "d65967f6-07fb-11ef-a9de-64d2c4ecd148.jpg", "bboxes": [0.5408754208754205, 0.0, 0.9977777777777778, 0.5254545454545454], "class": 1}