{"image": "d65967f6-07fb-11ef-a9de-64d2c4ecd148.jpg", "bboxes": [0.09198653198653173, 0.0, 0.8731313131313128, 0.7987878787878787], "class": 1}