{"image": "d65967f6-07fb-11ef-a9de-64d2c4ecd148.jpg", "bboxes": [0.26976430976430943, 0.3212121212121213, 1.0, 1.0], "class": 1}