{"image": "d65967f6-07fb-11ef-a9de-64d2c4ecd148.jpg", "bboxes": [0.9202020202020206, 0.17898989898989903, 1.0, 1.0], "class": 1}