{"image": "d65967f6-07fb-11ef-a9de-64d2c4ecd148.jpg", "bboxes": [0.5364309764309761, 0.22343434343434343, 0.9977777777777778, 0.9977777777777778], "class": 1}