{"image": "d65967f6-07fb-11ef-a9de-64d2c4ecd148.jpg", "bboxes": [0.0, 0.21010101010101012, 0.23023569023569052, 0.9977777777777778], "class": 1}