{"image": "d65967f6-07fb-11ef-a9de-64d2c4ecd148.jpg", "bboxes": [0.0022222222222222365, 0.3745454545454546, 0.6509090909090907, 0.9977777777777778], "class": 1}