{"image": "d65967f6-07fb-11ef-a9de-64d2c4ecd148.jpg", "bboxes": [0.18242424242424274, 0.0, 0.9635690235690239, 0.7387878787878788], "class": 1}