{"image": "d65967f6-07fb-11ef-a9de-64d2c4ecd148.jpg", "bboxes": [0.49131313131313165, 0.0, 0.9977777777777778, 0.8476767676767677], "class": 1}