{"image": "d65967f6-07fb-11ef-a9de-64d2c4ecd148.jpg", "bboxes": [0.0, 0.20565656565656565, 0.5324579124579127, 1.0], "class": 1}