{"image": "d65967f6-07fb-11ef-a9de-64d2c4ecd148.jpg", "bboxes": [0.07643097643097618, 0.0, 0.8575757575757572, 0.5676767676767677], "class": 1}