{"image": "d65967f6-07fb-11ef-a9de-64d2c4ecd148.jpg", "bboxes": [0.6586531986531984, 0.0, 0.9977777777777778, 0.6498989898989899], "class": 1}