{"image": "d65967f6-07fb-11ef-a9de-64d2c4ecd148.jpg", "bboxes": [0.2675420875420873, 0.15454545454545454, 0.9977777777777778, 0.9977777777777778], "class": 1}