{"image": "d65967f6-07fb-11ef-a9de-64d2c4ecd148.jpg", "bboxes": [0.7779797979797983, 0.0, 1.0, 0.8276767676767677], "class": 1}