{"image": "d65967f6-07fb-11ef-a9de-64d2c4ecd148.jpg", "bboxes": [0.8602020202020205, 0.17454545454545456, 1.0, 1.0], "class": 1}