{"image": "d65967f6-07fb-11ef-a9de-64d2c4ecd148.jpg", "bboxes": [0.8379797979797983, 0.19232323232323234, 1.0, 1.0], "class": 1}