{"image": "d65967f6-07fb-11ef-a9de-64d2c4ecd148.jpg", "bboxes": [0.01643097643097613, 0.0, 0.7975757575757573, 0.9909090909090909], "class": 1}