{"image": "d65967f6-07fb-11ef-a9de-64d2c4ecd148.jpg", "bboxes": [0.0, 0.3101010101010101, 0.375353535353535, 1.0], "class": 1}