{"image": "d65967f6-07fb-11ef-a9de-64d2c4ecd148.jpg", "bboxes": [0.0, 0.0022222222222222365, 0.02356902356902386, 0.9820202020202019], "class": 1}