{"image": "d65967f6-07fb-11ef-a9de-64d2c4ecd148.jpg", "bboxes": [0.834208754208754, 0.4745454545454546, 1.0, 1.0], "class": 1}