{"image": "d65967f6-07fb-11ef-a9de-64d2c4ecd148.jpg", "bboxes": [0.965319865319865, 0.0, 0.9977777777777778, 0.7187878787878788], "class": 1}