{"image": "d65967f6-07fb-11ef-a9de-64d2c4ecd148.jpg", "bboxes": [0.0, 0.3034343434343435, 0.6264646464646462, 1.0], "class": 1}