{"image": "d65967f6-07fb-11ef-a9de-64d2c4ecd148.jpg", "bboxes": [0.0, 0.4678787878787879, 0.7102356902356906, 0.9977777777777778], "class": 1}