{"image": "d65967f6-07fb-11ef-a9de-64d2c4ecd148.jpg", "bboxes": [0.6090909090909095, 0.12121212121212122, 1.0, 1.0], "class": 1}