{"image": "d65967f6-07fb-11ef-a9de-64d2c4ecd148.jpg", "bboxes": [0.30464646464646494, 0.20565656565656565, 0.9977777777777778, 0.9977777777777778], "class": 1}