{"image": "d65967f6-07fb-11ef-a9de-64d2c4ecd148.jpg", "bboxes": [0.48087542087542057, 0.4101010101010102, 1.0, 1.0], "class": 1}