{"image": "d65967f6-07fb-11ef-a9de-64d2c4ecd148.jpg", "bboxes": [0.844646464646465, 0.09010101010101013, 1.0, 1.0], "class": 1}