{"image": "d65967f6-07fb-11ef-a9de-64d2c4ecd148.jpg", "bboxes": [0.21643097643097609, 0.0, 0.9975757575757572, 0.8965656565656566], "class": 1}