{"image": "d65967f6-07fb-11ef-a9de-64d2c4ecd148.jpg", "bboxes": [0.0022222222222222365, 0.15676767676767678, 0.2686868686868684, 0.9977777777777778], "class": 1}