{"image": "d65967f6-07fb-11ef-a9de-64d2c4ecd148.jpg", "bboxes": [0.0, 0.16565656565656572, 0.19090909090909058, 1.0], "class": 1}