{"image": "d65967f6-07fb-11ef-a9de-64d2c4ecd148.jpg", "bboxes": [0.0, 0.4056565656565657, 0.0909090909090906, 1.0], "class": 1}