{"image": "d65967f6-07fb-11ef-a9de-64d2c4ecd148.jpg", "bboxes": [0.5490909090909094, 0.0, 0.9977777777777778, 0.8254545454545454], "class": 1}