{"image": "d65967f6-07fb-11ef-a9de-64d2c4ecd148.jpg", "bboxes": [0.825319865319865, 0.47676767676767684, 1.0, 1.0], "class": 1}