{"image": "d65967f6-07fb-11ef-a9de-64d2c4ecd148.jpg", "bboxes": [0.0, 0.07676767676767682, 0.7280134680134683, 0.9977777777777778], "class": 1}