{"image": "d65967f6-07fb-11ef-a9de-64d2c4ecd148.jpg", "bboxes": [0.6357575757575761, 0.0, 1.0, 0.7543434343434343], "class": 1}