{"image": "d65967f6-07fb-11ef-a9de-64d2c4ecd148.jpg", "bboxes": [0.0779797979797983, 0.0, 0.8591245791245794, 0.5454545454545454], "class": 1}