{"image": "d65967f6-07fb-11ef-a9de-64d2c4ecd148.jpg", "bboxes": [0.9764309764309761, 0.2412121212121212, 0.9977777777777778, 0.9977777777777778], "class": 1}