{"image": "d65967f6-07fb-11ef-a9de-64d2c4ecd148.jpg", "bboxes": [0.0068686868686871905, 0.1834343434343435, 0.7880134680134683, 1.0], "class": 1}