{"image": "d65967f6-07fb-11ef-a9de-64d2c4ecd148.jpg", "bboxes": [0.7742087542087539, 0.138989898989899, 0.9977777777777778, 0.9977777777777778], "class": 1}