{"image": "d65967f6-07fb-11ef-a9de-64d2c4ecd148.jpg", "bboxes": [0.9942087542087539, 0.31232323232323234, 0.9977777777777778, 0.9977777777777778], "class": 1}