{"image": "d6eb724a-1aaf-11ef-88c4-bd5cfcf36af4.jpg", "bboxes": [0.3546099290780142, 0.4678486997635934, 0.6382978723404257, 0.7893617021276597], "class": 2}