{"image": "d6eb724a-1aaf-11ef-88c4-bd5cfcf36af4.jpg", "bboxes": [0.328368794326241, 0.4456264775413712, 0.6120567375886525, 0.7671394799054374], "class": 2}