{"image": "d6eb724a-1aaf-11ef-88c4-bd5cfcf36af4.jpg", "bboxes": [0.06127659574468086, 0.4500709219858156, 0.34496453900709234, 0.7715839243498819], "class": 2}