{"image": "d6eb724a-1aaf-11ef-88c4-bd5cfcf36af4.jpg", "bboxes": [0.07905437352245864, 0.2461938534278959, 0.3627423167848701, 0.5677068557919622], "class": 2}