{"image": "d6eb724a-1aaf-11ef-88c4-bd5cfcf36af4.jpg", "bboxes": [0.16349881796690308, 0.4767375886524823, 0.44718676122931456, 0.7982505910165485], "class": 2}