{"image": "d6eb724a-1aaf-11ef-88c4-bd5cfcf36af4.jpg", "bboxes": [0.5505910165484632, 0.41229314420803787, 0.8342789598108746, 0.7338061465721041], "class": 2}