{"image": "d6eb724a-1aaf-11ef-88c4-bd5cfcf36af4.jpg", "bboxes": [0.6239243498817966, 0.45673758865248226, 0.907612293144208, 0.7782505910165485], "class": 2}