{"image": "d6eb724a-1aaf-11ef-88c4-bd5cfcf36af4.jpg", "bboxes": [0.19238770685579198, 0.44784869976359337, 0.47607565011820346, 0.7693617021276596], "class": 2}