{"image": "d6eb724a-1aaf-11ef-88c4-bd5cfcf36af4.jpg", "bboxes": [0.48392434988179656, 0.4389598108747045, 0.767612293144208, 0.7604728132387707], "class": 2}