{"image": "d6eb724a-1aaf-11ef-88c4-bd5cfcf36af4.jpg", "bboxes": [0.5817021276595743, 0.4256264775413712, 0.8653900709219858, 0.7471394799054374], "class": 2}