{"image": "d6eb724a-1aaf-11ef-88c4-bd5cfcf36af4.jpg", "bboxes": [0.27503546099290765, 0.41451536643026005, 0.5587234042553191, 0.7360283687943263], "class": 2}