{"image": "d6eb724a-1aaf-11ef-88c4-bd5cfcf36af4.jpg", "bboxes": [0.40794326241134754, 0.21286052009456258, 0.691631205673759, 0.5343735224586288], "class": 2}