{"image": "d6eb724a-1aaf-11ef-88c4-bd5cfcf36af4.jpg", "bboxes": [0.36127659574468085, 0.2195271867612293, 0.6449645390070924, 0.5410401891252955], "class": 2}