{"image": "d6eb724a-1aaf-11ef-88c4-bd5cfcf36af4.jpg", "bboxes": [0.5928132387706855, 0.21063829787234034, 0.8765011820330969, 0.5321513002364067], "class": 2}