{"image": "d6eb724a-1aaf-11ef-88c4-bd5cfcf36af4.jpg", "bboxes": [0.1746099290780142, 0.21508274231678481, 0.4582978723404257, 0.536595744680851], "class": 2}