{"image": "d6eb724a-1aaf-11ef-88c4-bd5cfcf36af4.jpg", "bboxes": [0.468368794326241, 0.42340425531914894, 0.7520567375886524, 0.7449172576832152], "class": 2}