{"image": "d6eb724a-1aaf-11ef-88c4-bd5cfcf36af4.jpg", "bboxes": [0.041276595744680865, 0.2506382978723404, 0.3249645390070923, 0.5721513002364066], "class": 2}