{"image": "d6eb724a-1aaf-11ef-88c4-bd5cfcf36af4.jpg", "bboxes": [0.5105910165484633, 0.42118203309692676, 0.7942789598108747, 0.7426950354609929], "class": 2}