{"image": "d6eb724a-1aaf-11ef-88c4-bd5cfcf36af4.jpg", "bboxes": [0.44127659574468087, 0.20397163120567374, 0.7249645390070923, 0.52548463356974], "class": 2}