{"image": "d6eb724a-1aaf-11ef-88c4-bd5cfcf36af4.jpg", "bboxes": [0.6150354609929076, 0.41229314420803787, 0.8987234042553192, 0.7338061465721041], "class": 2}