{"image": "d6eb724a-1aaf-11ef-88c4-bd5cfcf36af4.jpg", "bboxes": [0.4661465721040188, 0.2528605200945626, 0.7498345153664304, 0.5743735224586289], "class": 2}