{"image": "d6eb724a-1aaf-11ef-88c4-bd5cfcf36af4.jpg", "bboxes": [0.5505910165484632, 0.2661938534278959, 0.8342789598108747, 0.5877068557919621], "class": 2}