{"image": "d6eb724a-1aaf-11ef-88c4-bd5cfcf36af4.jpg", "bboxes": [0.5794799054373521, 0.44784869976359337, 0.8631678486997636, 0.7693617021276596], "class": 2}