{"image": "d6eb724a-1aaf-11ef-88c4-bd5cfcf36af4.jpg", "bboxes": [0.10127659574468087, 0.42340425531914894, 0.3849645390070924, 0.7449172576832152], "class": 2}