{"image": "d6eb724a-1aaf-11ef-88c4-bd5cfcf36af4.jpg", "bboxes": [0.3234988179669031, 0.22174940898345152, 0.6071867612293146, 0.5432624113475177], "class": 2}