{"image": "d6eb724a-1aaf-11ef-88c4-bd5cfcf36af4.jpg", "bboxes": [0.16127659574468087, 0.21063829787234034, 0.4449645390070924, 0.5321513002364067], "class": 2}