{"image": "d6eb724a-1aaf-11ef-88c4-bd5cfcf36af4.jpg", "bboxes": [0.59725768321513, 0.44340425531914895, 0.8809456264775414, 0.7649172576832152], "class": 2}