{"image": "d6eb724a-1aaf-11ef-88c4-bd5cfcf36af4.jpg", "bboxes": [0.34794326241134754, 0.4256264775413712, 0.631631205673759, 0.7471394799054374], "class": 2}