{"image": "d6eb724a-1aaf-11ef-88c4-bd5cfcf36af4.jpg", "bboxes": [0.5950354609929076, 0.21730496453900705, 0.8787234042553191, 0.5388179669030733], "class": 2}