{"image": "d6eb724a-1aaf-11ef-88c4-bd5cfcf36af4.jpg", "bboxes": [0.33947990543735207, 0.4789598108747045, 0.6231678486997636, 0.8004728132387707], "class": 2}