{"image": "d6eb724a-1aaf-11ef-88c4-bd5cfcf36af4.jpg", "bboxes": [0.29238770685579196, 0.4322931442080378, 0.5760756501182035, 0.7538061465721041], "class": 2}