{"image": "d6eb724a-1aaf-11ef-88c4-bd5cfcf36af4.jpg", "bboxes": [0.4617021276595743, 0.44784869976359337, 0.7453900709219858, 0.7693617021276596], "class": 2}