{"image": "d6eb724a-1aaf-11ef-88c4-bd5cfcf36af4.jpg", "bboxes": [0.22349881796690307, 0.19952718676122927, 0.5071867612293146, 0.5210401891252955], "class": 2}