{"image": "d6eb724a-1aaf-11ef-88c4-bd5cfcf36af4.jpg", "bboxes": [0.36127659574468085, 0.46562647754137115, 0.6449645390070924, 0.7871394799054374], "class": 2}