{"image": "d6eb724a-1aaf-11ef-88c4-bd5cfcf36af4.jpg", "bboxes": [0.31016548463356974, 0.4367375886524823, 0.5938534278959813, 0.7582505910165486], "class": 2}