{"image": "d6eb724a-1aaf-11ef-88c4-bd5cfcf36af4.jpg", "bboxes": [0.20794326241134753, 0.47229314420803786, 0.491631205673759, 0.793806146572104], "class": 2}