{"image": "d6eb724a-1aaf-11ef-88c4-bd5cfcf36af4.jpg", "bboxes": [0.3234988179669031, 0.4367375886524823, 0.6071867612293146, 0.7582505910165486], "class": 2}