{"image": "d6eb724a-1aaf-11ef-88c4-bd5cfcf36af4.jpg", "bboxes": [0.5839243498817965, 0.4589598108747045, 0.8676122931442081, 0.7804728132387707], "class": 2}