{"image": "d6eb724a-1aaf-11ef-88c4-bd5cfcf36af4.jpg", "bboxes": [0.3794799054373521, 0.46562647754137115, 0.6631678486997635, 0.7871394799054374], "class": 2}