{"image": "d6eb724a-1aaf-11ef-88c4-bd5cfcf36af4.jpg", "bboxes": [0.1946099290780142, 0.4189598108747045, 0.4782978723404257, 0.7404728132387708], "class": 2}