{"image": "d6eb724a-1aaf-11ef-88c4-bd5cfcf36af4.jpg", "bboxes": [0.5505910165484632, 0.2595271867612292, 0.8342789598108746, 0.5810401891252954], "class": 2}