{"image": "d6eb724a-1aaf-11ef-88c4-bd5cfcf36af4.jpg", "bboxes": [0.5705910165484632, 0.2017494089834515, 0.8542789598108746, 0.5232624113475177], "class": 2}