{"image": "d6eb724a-1aaf-11ef-88c4-bd5cfcf36af4.jpg", "bboxes": [0.6728132387706854, 0.4678486997635934, 0.9565011820330969, 0.7893617021276597], "class": 2}