{"image": "d6eb724a-1aaf-11ef-88c4-bd5cfcf36af4.jpg", "bboxes": [0.2861465721040187, 0.4189598108747045, 0.5698345153664303, 0.7404728132387708], "class": 2}