{"image": "d6eb724a-1aaf-11ef-88c4-bd5cfcf36af4.jpg", "bboxes": [0.2612765957446809, 0.4500709219858156, 0.5449645390070923, 0.7715839243498819], "class": 2}