{"image": "d6eb724a-1aaf-11ef-88c4-bd5cfcf36af4.jpg", "bboxes": [0.4172576832151299, 0.43451536643026006, 0.7009456264775413, 0.7560283687943263], "class": 2}