{"image": "d6eb724a-1aaf-11ef-88c4-bd5cfcf36af4.jpg", "bboxes": [0.6194799054373521, 0.24841607565011814, 0.9031678486997636, 0.5699290780141844], "class": 2}