{"image": "d6eb724a-1aaf-11ef-88c4-bd5cfcf36af4.jpg", "bboxes": [0.09905437352245865, 0.45673758865248226, 0.38274231678487014, 0.7782505910165485], "class": 2}