{"image": "d6eb724a-1aaf-11ef-88c4-bd5cfcf36af4.jpg", "bboxes": [0.5461465721040187, 0.4767375886524823, 0.8298345153664303, 0.7982505910165485], "class": 2}