{"image": "d6eb724a-1aaf-11ef-88c4-bd5cfcf36af4.jpg", "bboxes": [0.4346099290780142, 0.23508274231678483, 0.7182978723404256, 0.556595744680851], "class": 2}