{"image": "d6eb724a-1aaf-11ef-88c4-bd5cfcf36af4.jpg", "bboxes": [0.308368794326241, 0.22397163120567365, 0.5920567375886525, 0.5454846335697399], "class": 2}