{"image": "d6eb724a-1aaf-11ef-88c4-bd5cfcf36af4.jpg", "bboxes": [0.37725768321512987, 0.4367375886524823, 0.6609456264775412, 0.7582505910165486], "class": 2}