{"image": "d6eb724a-1aaf-11ef-88c4-bd5cfcf36af4.jpg", "bboxes": [0.21238770685579197, 0.43451536643026006, 0.4960756501182035, 0.7560283687943263], "class": 2}