{"image": "d6eb724a-1aaf-11ef-88c4-bd5cfcf36af4.jpg", "bboxes": [0.5417021276595744, 0.42340425531914894, 0.8253900709219858, 0.7449172576832152], "class": 2}