{"image": "d701eec6-07fb-11ef-a9de-64d2c4ecd148.jpg", "bboxes": [0.17804713804713818, 0.3686868686868686, 0.9457239057239055, 0.9977777777777778], "class": 1}