{"image": "d701eec6-07fb-11ef-a9de-64d2c4ecd148.jpg", "bboxes": [0.29872053872053883, 0.0, 1.0, 0.7379797979797981], "class": 1}