{"image": "d701eec6-07fb-11ef-a9de-64d2c4ecd148.jpg", "bboxes": [0.07872053872053886, 0.0, 0.8463973063973063, 0.7579797979797981], "class": 1}