{"image": "d701eec6-07fb-11ef-a9de-64d2c4ecd148.jpg", "bboxes": [0.5720538720538721, 0.0, 1.0, 0.5935353535353536], "class": 1}