{"image": "d701eec6-07fb-11ef-a9de-64d2c4ecd148.jpg", "bboxes": [0.9853872053872056, 0.0, 1.0, 0.6513131313131314], "class": 1}