{"image": "d701eec6-07fb-11ef-a9de-64d2c4ecd148.jpg", "bboxes": [0.14760942760942775, 0.29979797979797973, 0.9152861952861951, 1.0], "class": 1}