{"image": "d701eec6-07fb-11ef-a9de-64d2c4ecd148.jpg", "bboxes": [0.5313804713804715, 0.0, 0.9977777777777778, 0.9224242424242425], "class": 1}