{"image": "d701eec6-07fb-11ef-a9de-64d2c4ecd148.jpg", "bboxes": [0.2091582491582493, 0.08868686868686859, 0.9768350168350167, 0.9977777777777778], "class": 1}