{"image": "d701eec6-07fb-11ef-a9de-64d2c4ecd148.jpg", "bboxes": [0.6676094276094278, 0.22646464646464637, 0.9977777777777778, 0.9977777777777778], "class": 1}