{"image": "d701eec6-07fb-11ef-a9de-64d2c4ecd148.jpg", "bboxes": [0.30094276094276107, 0.0, 1.0, 0.7802020202020202], "class": 1}