{"image": "d701eec6-07fb-11ef-a9de-64d2c4ecd148.jpg", "bboxes": [0.0022222222222222365, 0.0, 0.0708417508417507, 0.9424242424242425], "class": 1}