{"image": "d701eec6-07fb-11ef-a9de-64d2c4ecd148.jpg", "bboxes": [0.24094276094276112, 0.0, 1.0, 0.8557575757575758], "class": 1}