{"image": "d701eec6-07fb-11ef-a9de-64d2c4ecd148.jpg", "bboxes": [0.0, 0.293131313131313, 0.5523905723905722, 0.9977777777777778], "class": 1}