{"image": "d701eec6-07fb-11ef-a9de-64d2c4ecd148.jpg", "bboxes": [0.7624915824915827, 0.0, 1.0, 0.9690909090909091], "class": 1}