{"image": "d701eec6-07fb-11ef-a9de-64d2c4ecd148.jpg", "bboxes": [0.7253872053872055, 0.11313131313131308, 1.0, 1.0], "class": 1}