{"image": "d701eec6-07fb-11ef-a9de-64d2c4ecd148.jpg", "bboxes": [0.10693602693602706, 0.0, 0.8746127946127945, 0.9977777777777778], "class": 1}