{"image": "d701eec6-07fb-11ef-a9de-64d2c4ecd148.jpg", "bboxes": [0.025387205387205514, 0.0, 0.7930639730639729, 0.566868686868687], "class": 1}