{"image": "d701eec6-07fb-11ef-a9de-64d2c4ecd148.jpg", "bboxes": [0.12983164983164996, 0.09757575757575754, 0.8975084175084174, 1.0], "class": 1}