{"image": "d701eec6-07fb-11ef-a9de-64d2c4ecd148.jpg", "bboxes": [0.8320538720538722, 0.0, 1.0, 0.9157575757575759], "class": 1}