{"image": "d701eec6-07fb-11ef-a9de-64d2c4ecd148.jpg", "bboxes": [0.0, 0.0, 0.05084175084175069, 0.7024242424242425], "class": 1}