{"image": "d701eec6-07fb-11ef-a9de-64d2c4ecd148.jpg", "bboxes": [0.26983164983165, 0.0022222222222222365, 0.9977777777777778, 0.9517171717171716], "class": 1}