{"image": "d701eec6-07fb-11ef-a9de-64d2c4ecd148.jpg", "bboxes": [0.6387205387205388, 0.11313131313131308, 0.9977777777777778, 0.9977777777777778], "class": 1}