{"image": "d701eec6-07fb-11ef-a9de-64d2c4ecd148.jpg", "bboxes": [0.0, 0.0, 0.6346127946127944, 0.6646464646464647], "class": 1}