{"image": "d701eec6-07fb-11ef-a9de-64d2c4ecd148.jpg", "bboxes": [0.1802693602693604, 0.0, 0.9479461279461278, 0.9824242424242425], "class": 1}