{"image": "d701eec6-07fb-11ef-a9de-64d2c4ecd148.jpg", "bboxes": [0.6964983164983167, 0.28868686868686866, 0.9977777777777778, 0.9977777777777778], "class": 1}