{"image": "d701eec6-07fb-11ef-a9de-64d2c4ecd148.jpg", "bboxes": [0.5387205387205389, 0.37757575757575745, 1.0, 1.0], "class": 1}