{"image": "d701eec6-07fb-11ef-a9de-64d2c4ecd148.jpg", "bboxes": [0.9253872053872055, 0.0, 1.0, 0.9606060606060606], "class": 1}