{"image": "d701eec6-07fb-11ef-a9de-64d2c4ecd148.jpg", "bboxes": [0.6987205387205389, 0.0, 1.0, 0.7424242424242425], "class": 1}