{"image": "d701eec6-07fb-11ef-a9de-64d2c4ecd148.jpg", "bboxes": [0.2142760942760944, 0.413131313131313, 0.9819528619528618, 0.9977777777777778], "class": 1}