{"image": "d701eec6-07fb-11ef-a9de-64d2c4ecd148.jpg", "bboxes": [0.8342760942760944, 0.0, 0.9977777777777778, 0.826868686868687], "class": 1}