{"image": "d701eec6-07fb-11ef-a9de-64d2c4ecd148.jpg", "bboxes": [0.0, 0.03535353535353525, 0.4679461279461278, 0.9977777777777778], "class": 1}