{"image": "d701eec6-07fb-11ef-a9de-64d2c4ecd148.jpg", "bboxes": [0.0, 0.0022222222222222365, 0.5412794612794611, 0.9977777777777778], "class": 1}