{"image": "d701eec6-07fb-11ef-a9de-64d2c4ecd148.jpg", "bboxes": [0.9631649831649833, 0.37535353535353533, 1.0, 1.0], "class": 1}