{"image": "d701eec6-07fb-11ef-a9de-64d2c4ecd148.jpg", "bboxes": [0.8491582491582493, 0.046060606060606135, 0.9977777777777778, 0.9977777777777778], "class": 1}