{"image": "d701eec6-07fb-11ef-a9de-64d2c4ecd148.jpg", "bboxes": [0.8002693602693604, 0.0, 1.0, 0.7402020202020203], "class": 1}