{"image": "d701eec6-07fb-11ef-a9de-64d2c4ecd148.jpg", "bboxes": [0.4876094276094277, 0.0, 0.9977777777777778, 0.8202020202020203], "class": 1}