{"image": "d701eec6-07fb-11ef-a9de-64d2c4ecd148.jpg", "bboxes": [0.6069360269360271, 0.3175757575757575, 1.0, 1.0], "class": 1}