{"image": "d701eec6-07fb-11ef-a9de-64d2c4ecd148.jpg", "bboxes": [0.6342760942760944, 0.0527272727272728, 0.9977777777777778, 0.9977777777777778], "class": 1}