{"image": "d701eec6-07fb-11ef-a9de-64d2c4ecd148.jpg", "bboxes": [0.0, 0.12202020202020192, 0.7479461279461278, 1.0], "class": 1}