{"image": "d701eec6-07fb-11ef-a9de-64d2c4ecd148.jpg", "bboxes": [0.1564983164983167, 0.0, 0.9241750841750841, 0.8690909090909091], "class": 1}