{"image": "d701eec6-07fb-11ef-a9de-64d2c4ecd148.jpg", "bboxes": [0.886936026936027, 0.0, 0.9977777777777778, 0.797979797979798], "class": 1}