{"image": "d701eec6-07fb-11ef-a9de-64d2c4ecd148.jpg", "bboxes": [0.0, 0.030505050505050584, 0.47016835016835, 1.0], "class": 1}