{"image": "d701eec6-07fb-11ef-a9de-64d2c4ecd148.jpg", "bboxes": [0.6780471380471382, 0.11535353535353532, 1.0, 1.0], "class": 1}