{"image": "d7559a98-07fc-11ef-aaac-64d2c4ecd148.jpg", "bboxes": [0.0, 0.5077441077441076, 0.08148148148148165, 0.9977777777777778], "class": 1}