{"image": "d7559a98-07fc-11ef-aaac-64d2c4ecd148.jpg", "bboxes": [0.5140740740740739, 0.2166329966329965, 0.9977777777777778, 0.9977777777777778], "class": 1}