{"image": "d7559a98-07fc-11ef-aaac-64d2c4ecd148.jpg", "bboxes": [0.3104377104377104, 0.0, 0.9703703703703705, 0.3522558922558924], "class": 1}