{"image": "d7559a98-07fc-11ef-aaac-64d2c4ecd148.jpg", "bboxes": [0.6251851851851851, 0.5388552188552187, 1.0, 1.0], "class": 1}