{"image": "d7559a98-07fc-11ef-aaac-64d2c4ecd148.jpg", "bboxes": [0.07629629629629608, 0.6188552188552188, 0.7362289562289562, 0.9977777777777778], "class": 1}