{"image": "d7559a98-07fc-11ef-aaac-64d2c4ecd148.jpg", "bboxes": [0.8029629629629628, 0.0, 1.0, 0.7122558922558924], "class": 1}