{"image": "d7559a98-07fc-11ef-aaac-64d2c4ecd148.jpg", "bboxes": [0.0, 0.6121885521885522, 0.4725925925925928, 0.9977777777777778], "class": 1}