{"image": "d7559a98-07fc-11ef-aaac-64d2c4ecd148.jpg", "bboxes": [0.0, 0.3944107744107743, 0.3873400673400673, 1.0], "class": 1}