{"image": "d7559a98-07fc-11ef-aaac-64d2c4ecd148.jpg", "bboxes": [0.9140740740740739, 0.5921885521885522, 1.0, 1.0], "class": 1}