{"image": "d7559a98-07fc-11ef-aaac-64d2c4ecd148.jpg", "bboxes": [0.0, 0.5499663299663299, 0.29037037037037056, 0.9977777777777778], "class": 1}