{"image": "d7559a98-07fc-11ef-aaac-64d2c4ecd148.jpg", "bboxes": [0.3593265993265993, 0.0, 1.0, 0.39225589225589236], "class": 1}