{"image": "d7559a98-07fc-11ef-aaac-64d2c4ecd148.jpg", "bboxes": [0.4126599326599326, 0.5832996632996632, 0.9977777777777778, 0.9977777777777778], "class": 1}