{"image": "d7559a98-07fc-11ef-aaac-64d2c4ecd148.jpg", "bboxes": [0.06599326599326598, 0.0, 0.7259259259259261, 0.7611447811447812], "class": 1}