{"image": "d7559a98-07fc-11ef-aaac-64d2c4ecd148.jpg", "bboxes": [0.1482154882154882, 0.0, 0.8081481481481483, 0.6055892255892257], "class": 1}