{"image": "d7559a98-07fc-11ef-aaac-64d2c4ecd148.jpg", "bboxes": [0.625993265993266, 0.5144107744107743, 0.9977777777777778, 0.9977777777777778], "class": 1}