{"image": "d7559a98-07fc-11ef-aaac-64d2c4ecd148.jpg", "bboxes": [0.0, 0.24774410774410757, 0.21037037037037054, 0.9977777777777778], "class": 1}