{"image": "d7559a98-07fc-11ef-aaac-64d2c4ecd148.jpg", "bboxes": [0.9296296296296295, 0.0, 0.9977777777777778, 0.6567003367003368], "class": 1}