{"image": "d7559a98-07fc-11ef-aaac-64d2c4ecd148.jpg", "bboxes": [0.8407407407407406, 0.0, 0.9977777777777778, 0.8211447811447813], "class": 1}