{"image": "d7559a98-07fc-11ef-aaac-64d2c4ecd148.jpg", "bboxes": [0.26518518518518497, 0.0, 0.9251178451178451, 0.7922558922558923], "class": 1}