{"image": "d7559a98-07fc-11ef-aaac-64d2c4ecd148.jpg", "bboxes": [0.9829629629629628, 0.0, 1.0, 0.5700336700336701], "class": 1}