{"image": "d7559a98-07fc-11ef-aaac-64d2c4ecd148.jpg", "bboxes": [0.18599326599326596, 0.45218855218855214, 0.8459259259259261, 0.9977777777777778], "class": 1}