{"image": "d7559a98-07fc-11ef-aaac-64d2c4ecd148.jpg", "bboxes": [0.3393265993265993, 0.0, 0.9992592592592594, 0.5811447811447812], "class": 1}