{"image": "d7559a98-07fc-11ef-aaac-64d2c4ecd148.jpg", "bboxes": [0.0022222222222222365, 0.4877441077441077, 0.1517845117845118, 0.9977777777777778], "class": 1}