{"image": "d7559a98-07fc-11ef-aaac-64d2c4ecd148.jpg", "bboxes": [0.24962962962962942, 0.0, 0.9095622895622896, 0.3167003367003368], "class": 1}