{"image": "d7559a98-07fc-11ef-aaac-64d2c4ecd148.jpg", "bboxes": [0.6074074074074072, 0.0, 1.0, 0.6522558922558923], "class": 1}