{"image": "d7559a98-07fc-11ef-aaac-64d2c4ecd148.jpg", "bboxes": [0.12518518518518507, 0.6744107744107743, 0.7851178451178451, 1.0], "class": 1}