{"image": "d7559a98-07fc-11ef-aaac-64d2c4ecd148.jpg", "bboxes": [0.24599326599326599, 0.0, 0.9059259259259261, 0.34558922558922567], "class": 1}