{"image": "d7559a98-07fc-11ef-aaac-64d2c4ecd148.jpg", "bboxes": [0.6526599326599326, 0.0, 0.9977777777777778, 0.5055892255892257], "class": 1}