{"image": "d7559a98-07fc-11ef-aaac-64d2c4ecd148.jpg", "bboxes": [0.5748821548821549, 0.10107744107744099, 0.9977777777777778, 0.9977777777777778], "class": 1}