{"image": "d7559a98-07fc-11ef-aaac-64d2c4ecd148.jpg", "bboxes": [0.16154882154882153, 0.23885521885521876, 0.8214814814814817, 0.9977777777777778], "class": 1}