{"image": "d7559a98-07fc-11ef-aaac-64d2c4ecd148.jpg", "bboxes": [0.20518518518518503, 0.0, 0.8651178451178452, 0.7078114478114479], "class": 1}