{"image": "d7559a98-07fc-11ef-aaac-64d2c4ecd148.jpg", "bboxes": [0.6274074074074072, 0.0, 1.0, 0.7767003367003368], "class": 1}