{"image": "d7559a98-07fc-11ef-aaac-64d2c4ecd148.jpg", "bboxes": [0.014074074074073906, 0.3566329966329965, 0.6740067340067339, 1.0], "class": 1}