{"image": "d7559a98-07fc-11ef-aaac-64d2c4ecd148.jpg", "bboxes": [0.0, 0.15441077441077436, 0.16370370370370388, 0.9977777777777778], "class": 1}