{"image": "d7559a98-07fc-11ef-aaac-64d2c4ecd148.jpg", "bboxes": [0.0, 0.2277441077441077, 0.10814814814814831, 1.0], "class": 1}