{"image": "d7559a98-07fc-11ef-aaac-64d2c4ecd148.jpg", "bboxes": [0.0, 0.2521885521885521, 0.5206734006734006, 1.0], "class": 1}