{"image": "d7559a98-07fc-11ef-aaac-64d2c4ecd148.jpg", "bboxes": [0.0, 0.121077441077441, 0.21037037037037054, 1.0], "class": 1}