{"image": "d7559a98-07fc-11ef-aaac-64d2c4ecd148.jpg", "bboxes": [0.0, 0.5232996632996632, 0.6317845117845118, 1.0], "class": 1}