{"image": "d7559a98-07fc-11ef-aaac-64d2c4ecd148.jpg", "bboxes": [0.29932659932659933, 0.5366329966329966, 0.9592592592592595, 1.0], "class": 1}