{"image": "d7559a98-07fc-11ef-aaac-64d2c4ecd148.jpg", "bboxes": [0.03185185185185169, 0.5388552188552187, 0.6917845117845118, 1.0], "class": 1}