{"image": "d7559a98-07fc-11ef-aaac-64d2c4ecd148.jpg", "bboxes": [0.0, 0.3166329966329965, 0.04592592592592609, 0.9977777777777778], "class": 1}