{"image": "d7559a98-07fc-11ef-aaac-64d2c4ecd148.jpg", "bboxes": [0.7082154882154882, 0.0, 0.9977777777777778, 0.5033670033670035], "class": 1}