{"image": "d7559a98-07fc-11ef-aaac-64d2c4ecd148.jpg", "bboxes": [0.22074074074074057, 0.0, 0.8806734006734007, 0.8522558922558924], "class": 1}