{"image": "d7559a98-07fc-11ef-aaac-64d2c4ecd148.jpg", "bboxes": [0.6304377104377105, 0.0, 0.9977777777777778, 0.7522558922558924], "class": 1}