{"image": "d7559a98-07fc-11ef-aaac-64d2c4ecd148.jpg", "bboxes": [0.17185185185185173, 0.0, 0.8317845117845116, 0.4278114478114479], "class": 1}