{"image": "d7559a98-07fc-11ef-aaac-64d2c4ecd148.jpg", "bboxes": [0.8296296296296295, 0.12329966329966324, 1.0, 1.0], "class": 1}