{"image": "d7559a98-07fc-11ef-aaac-64d2c4ecd148.jpg", "bboxes": [0.6451851851851851, 0.4121885521885521, 1.0, 1.0], "class": 1}