{"image": "d75806b2-07fb-11ef-a9de-64d2c4ecd148.jpg", "bboxes": [0.0, 0.02282828282828291, 0.5305050505050506, 1.0], "class": 1}