{"image": "d75806b2-07fb-11ef-a9de-64d2c4ecd148.jpg", "bboxes": [0.5494949494949495, 0.0, 1.0, 0.7106397306397305], "class": 1}