{"image": "d75806b2-07fb-11ef-a9de-64d2c4ecd148.jpg", "bboxes": [0.0, 0.04949494949494958, 0.3727272727272728, 1.0], "class": 1}