{"image": "d75806b2-07fb-11ef-a9de-64d2c4ecd148.jpg", "bboxes": [0.21838383838383835, 0.0, 1.0, 0.7706397306397306], "class": 1}