{"image": "d75806b2-07fb-11ef-a9de-64d2c4ecd148.jpg", "bboxes": [0.6539393939393938, 0.23824915824915838, 0.9977777777777778, 0.9977777777777778], "class": 1}