{"image": "d75806b2-07fb-11ef-a9de-64d2c4ecd148.jpg", "bboxes": [0.45171717171717163, 0.0, 0.9977777777777778, 0.8884175084175083], "class": 1}