{"image": "d75806b2-07fb-11ef-a9de-64d2c4ecd148.jpg", "bboxes": [0.3557575757575761, 0.0, 1.0, 0.7506397306397306], "class": 1}