{"image": "d75806b2-07fb-11ef-a9de-64d2c4ecd148.jpg", "bboxes": [0.0, 0.14713804713804723, 0.8016161616161617, 0.9977777777777778], "class": 1}