{"image": "d75806b2-07fb-11ef-a9de-64d2c4ecd148.jpg", "bboxes": [0.44464646464646496, 0.0, 1.0, 0.7239730639730639], "class": 1}