{"image": "d75806b2-07fb-11ef-a9de-64d2c4ecd148.jpg", "bboxes": [0.0, 0.08936026936026942, 0.3682828282828283, 0.9977777777777778], "class": 1}