{"image": "d75806b2-07fb-11ef-a9de-64d2c4ecd148.jpg", "bboxes": [0.0, 0.0, 0.6860606060606061, 0.6706397306397306], "class": 1}