{"image": "d75806b2-07fb-11ef-a9de-64d2c4ecd148.jpg", "bboxes": [0.0022222222222222365, 0.0, 0.6442424242424238, 0.7817508417508416], "class": 1}