{"image": "d75806b2-07fb-11ef-a9de-64d2c4ecd148.jpg", "bboxes": [0.565050505050505, 0.0, 0.9977777777777778, 0.7506397306397306], "class": 1}