{"image": "d75806b2-07fb-11ef-a9de-64d2c4ecd148.jpg", "bboxes": [0.18505050505050502, 0.0, 0.9931313131313129, 0.8039730639730639], "class": 1}