{"image": "d75806b2-07fb-11ef-a9de-64d2c4ecd148.jpg", "bboxes": [0.0, 0.0, 0.6997979797979794, 0.9039730639730639], "class": 1}