{"image": "d75806b2-07fb-11ef-a9de-64d2c4ecd148.jpg", "bboxes": [0.8802020202020205, 0.0, 1.0, 0.9949494949494949], "class": 1}