{"image": "d75806b2-07fb-11ef-a9de-64d2c4ecd148.jpg", "bboxes": [0.0, 0.016026936026936056, 0.5838383838383839, 1.0], "class": 1}