{"image": "d75806b2-07fb-11ef-a9de-64d2c4ecd148.jpg", "bboxes": [0.0022222222222222365, 0.07602693602693611, 0.36646464646464616, 0.9977777777777778], "class": 1}