{"image": "d75806b2-07fb-11ef-a9de-64d2c4ecd148.jpg", "bboxes": [0.6317171717171717, 0.1693602693602695, 1.0, 1.0], "class": 1}