{"image": "d75806b2-07fb-11ef-a9de-64d2c4ecd148.jpg", "bboxes": [0.14505050505050499, 0.0, 0.9531313131313128, 0.9017508417508416], "class": 1}