{"image": "d75806b2-07fb-11ef-a9de-64d2c4ecd148.jpg", "bboxes": [0.0, 0.08713804713804718, 0.5993939393939395, 1.0], "class": 1}