{"image": "d75806b2-07fb-11ef-a9de-64d2c4ecd148.jpg", "bboxes": [0.9561616161616161, 0.0, 1.0, 0.9171717171717171], "class": 1}