{"image": "d75806b2-07fb-11ef-a9de-64d2c4ecd148.jpg", "bboxes": [0.0, 0.3026936026936028, 0.23717171717171723, 1.0], "class": 1}