{"image": "d75806b2-07fb-11ef-a9de-64d2c4ecd148.jpg", "bboxes": [0.7602020202020205, 0.0, 1.0, 0.635084175084175], "class": 1}