{"image": "d75806b2-07fb-11ef-a9de-64d2c4ecd148.jpg", "bboxes": [0.344646464646465, 0.0, 1.0, 0.8395286195286195], "class": 1}