{"image": "d75806b2-07fb-11ef-a9de-64d2c4ecd148.jpg", "bboxes": [0.32020202020202054, 0.30047138047138056, 1.0, 1.0], "class": 1}