{"image": "d75806b2-07fb-11ef-a9de-64d2c4ecd148.jpg", "bboxes": [0.0, 0.07616161616161624, 0.474949494949495, 1.0], "class": 1}