{"image": "d75806b2-07fb-11ef-a9de-64d2c4ecd148.jpg", "bboxes": [0.0022222222222222365, 0.1382491582491583, 0.10646464646464614, 0.9977777777777778], "class": 1}