{"image": "d75806b2-07fb-11ef-a9de-64d2c4ecd148.jpg", "bboxes": [0.3561616161616161, 0.0, 1.0, 0.9773063973063972], "class": 1}