{"image": "d75806b2-07fb-11ef-a9de-64d2c4ecd148.jpg", "bboxes": [0.14949494949494946, 0.04505050505050513, 0.9575757575757573, 1.0], "class": 1}