{"image": "d75806b2-07fb-11ef-a9de-64d2c4ecd148.jpg", "bboxes": [0.39353535353535385, 0.0, 1.0, 0.7395286195286195], "class": 1}