{"image": "d75806b2-07fb-11ef-a9de-64d2c4ecd148.jpg", "bboxes": [0.13616161616161615, 0.016026936026936056, 0.9442424242424239, 1.0], "class": 1}