{"image": "d75806b2-07fb-11ef-a9de-64d2c4ecd148.jpg", "bboxes": [0.005050505050504972, 0.0, 0.8131313131313128, 1.0], "class": 1}