{"image": "d75806b2-07fb-11ef-a9de-64d2c4ecd148.jpg", "bboxes": [0.13616161616161615, 0.005050505050505131, 0.9442424242424239, 0.9977777777777778], "class": 1}