{"image": "d7da4858-1aaf-11ef-a6d6-bd5cfcf36af4.jpg", "bboxes": [0.09044917257683227, 0.14288416075650123, 0.38477541371158397, 0.5459574468085107], "class": 2}