{"image": "d7da4858-1aaf-11ef-a6d6-bd5cfcf36af4.jpg", "bboxes": [0.0022222222222222365, 0.1651063829787235, 0.2803309692671395, 0.5681796690307328], "class": 2}