{"image": "d7da4858-1aaf-11ef-a6d6-bd5cfcf36af4.jpg", "bboxes": [0.5974468085106382, 0.17177304964539009, 0.89177304964539, 0.5748463356973995], "class": 2}