{"image": "d7da4858-1aaf-11ef-a6d6-bd5cfcf36af4.jpg", "bboxes": [0.6730023640661938, 0.1651063829787235, 0.9673286052009455, 0.5681796690307328], "class": 2}