{"image": "d7da4858-1aaf-11ef-a6d6-bd5cfcf36af4.jpg", "bboxes": [0.5974468085106382, 0.1273286052009457, 0.89177304964539, 0.5304018912529551], "class": 2}