{"image": "d7da4858-1aaf-11ef-a6d6-bd5cfcf36af4.jpg", "bboxes": [0.043782505910165526, 0.4584869976359338, 0.33810874704491733, 0.8615602836879432], "class": 2}