{"image": "d7da4858-1aaf-11ef-a6d6-bd5cfcf36af4.jpg", "bboxes": [0.05267139479905447, 0.13177304964539016, 0.34699763593380617, 0.5348463356973996], "class": 2}