{"image": "d7da4858-1aaf-11ef-a6d6-bd5cfcf36af4.jpg", "bboxes": [0.7041134751773049, 0.4873758865248227, 0.9984397163120566, 0.8904491725768321], "class": 2}