{"image": "d7da4858-1aaf-11ef-a6d6-bd5cfcf36af4.jpg", "bboxes": [0.5107801418439716, 0.14288416075650123, 0.8051063829787233, 0.5459574468085107], "class": 2}