{"image": "d7da4858-1aaf-11ef-a6d6-bd5cfcf36af4.jpg", "bboxes": [0.3818912529550827, 0.11399527186761238, 0.6762174940898344, 0.5170685579196217], "class": 2}