{"image": "d7da4858-1aaf-11ef-a6d6-bd5cfcf36af4.jpg", "bboxes": [0.6396690307328605, 0.13621749408983452, 0.9339952718676122, 0.539290780141844], "class": 2}