{"image": "d7da4858-1aaf-11ef-a6d6-bd5cfcf36af4.jpg", "bboxes": [0.3126713947990545, 0.46959810874704494, 0.6069976359338062, 0.8726713947990543], "class": 2}