{"image": "d7da4858-1aaf-11ef-a6d6-bd5cfcf36af4.jpg", "bboxes": [0.19267139479905449, 0.14288416075650123, 0.4869976359338062, 0.5459574468085107], "class": 2}