{"image": "d7da4858-1aaf-11ef-a6d6-bd5cfcf36af4.jpg", "bboxes": [0.039338061465721164, 0.44070921985815603, 0.33366430260047286, 0.8437825059101655], "class": 2}