{"image": "d7da4858-1aaf-11ef-a6d6-bd5cfcf36af4.jpg", "bboxes": [0.04822695035461, 0.4584869976359338, 0.3425531914893617, 0.8615602836879432], "class": 2}