{"image": "d7da4858-1aaf-11ef-a6d6-bd5cfcf36af4.jpg", "bboxes": [0.5774468085106382, 0.48070921985815607, 0.87177304964539, 0.8837825059101654], "class": 2}