{"image": "d7da4858-1aaf-11ef-a6d6-bd5cfcf36af4.jpg", "bboxes": [0.2437825059101656, 0.14288416075650123, 0.5381087470449173, 0.5459574468085107], "class": 2}