{"image": "d7da4858-1aaf-11ef-a6d6-bd5cfcf36af4.jpg", "bboxes": [0.2704491725768322, 0.45182033096926716, 0.5647754137115839, 0.8548936170212765], "class": 2}