{"image": "d7da4858-1aaf-11ef-a6d6-bd5cfcf36af4.jpg", "bboxes": [0.5596690307328605, 0.12066193853427898, 0.8539952718676123, 0.5237352245862884], "class": 2}