{"image": "d7da4858-1aaf-11ef-a6d6-bd5cfcf36af4.jpg", "bboxes": [0.36156028368794335, 0.13843971631205676, 0.655886524822695, 0.5415130023640662], "class": 2}