{"image": "d7da4858-1aaf-11ef-a6d6-bd5cfcf36af4.jpg", "bboxes": [0.6107801418439716, 0.4251536643026005, 0.9051063829787234, 0.8282269503546099], "class": 2}