{"image": "d7da4858-1aaf-11ef-a6d6-bd5cfcf36af4.jpg", "bboxes": [0.30378250591016553, 0.1095508274231679, 0.5981087470449173, 0.5126241134751772], "class": 2}