{"image": "d7da4858-1aaf-11ef-a6d6-bd5cfcf36af4.jpg", "bboxes": [0.6930023640661939, 0.47404255319148936, 0.9873286052009456, 0.8771158392434988], "class": 2}