{"image": "d7da4858-1aaf-11ef-a6d6-bd5cfcf36af4.jpg", "bboxes": [0.07267139479905449, 0.46515366430260047, 0.3669976359338062, 0.8682269503546098], "class": 2}