{"image": "d7da4858-1aaf-11ef-a6d6-bd5cfcf36af4.jpg", "bboxes": [0.5174468085106383, 0.140661938534279, 0.81177304964539, 0.5437352245862883], "class": 2}