{"image": "d7da4858-1aaf-11ef-a6d6-bd5cfcf36af4.jpg", "bboxes": [0.6441134751773049, 0.14955082742316794, 0.9384397163120567, 0.5526241134751773], "class": 2}