{"image": "d7da4858-1aaf-11ef-a6d6-bd5cfcf36af4.jpg", "bboxes": [0.43522458628841604, 0.1339952718676124, 0.7295508274231678, 0.5370685579196217], "class": 2}