{"image": "d7da4858-1aaf-11ef-a6d6-bd5cfcf36af4.jpg", "bboxes": [0.057115839243498945, 0.44293144208037827, 0.35144208037825064, 0.8460047281323877], "class": 2}