{"image": "d7da4858-1aaf-11ef-a6d6-bd5cfcf36af4.jpg", "bboxes": [0.6418912529550828, 0.17399527186761232, 0.9362174940898345, 0.5770685579196217], "class": 2}