{"image": "d7da4858-1aaf-11ef-a6d6-bd5cfcf36af4.jpg", "bboxes": [0.49522458628841604, 0.4851536643026005, 0.7895508274231677, 0.8882269503546099], "class": 2}