{"image": "d7da4858-1aaf-11ef-a6d6-bd5cfcf36af4.jpg", "bboxes": [0.6818912529550827, 0.44293144208037827, 0.9762174940898345, 0.8460047281323877], "class": 2}