{"image": "d7da4858-1aaf-11ef-a6d6-bd5cfcf36af4.jpg", "bboxes": [0.08378250591016556, 0.46959810874704494, 0.37810874704491726, 0.8726713947990543], "class": 2}