{"image": "d7da4858-1aaf-11ef-a6d6-bd5cfcf36af4.jpg", "bboxes": [0.6752245862884161, 0.12288416075650122, 0.9695508274231678, 0.5259574468085106], "class": 2}