{"image": "d7da4858-1aaf-11ef-a6d6-bd5cfcf36af4.jpg", "bboxes": [0.4285579196217494, 0.46070921985815605, 0.7228841607565011, 0.8637825059101655], "class": 2}