{"image": "d7da4858-1aaf-11ef-a6d6-bd5cfcf36af4.jpg", "bboxes": [0.17711583924349894, 0.140661938534279, 0.47144208037825064, 0.5437352245862883], "class": 2}