{"image": "d7da4858-1aaf-11ef-a6d6-bd5cfcf36af4.jpg", "bboxes": [0.3885579196217494, 0.47404255319148936, 0.6828841607565012, 0.8771158392434988], "class": 2}