{"image": "d7da4858-1aaf-11ef-a6d6-bd5cfcf36af4.jpg", "bboxes": [0.36156028368794335, 0.48293144208037825, 0.655886524822695, 0.8860047281323876], "class": 2}