{"image": "d7da4858-1aaf-11ef-a6d6-bd5cfcf36af4.jpg", "bboxes": [0.22822695035461002, 0.46070921985815605, 0.5225531914893617, 0.8637825059101655], "class": 2}