{"image": "d7da4858-1aaf-11ef-a6d6-bd5cfcf36af4.jpg", "bboxes": [0.11044917257683218, 0.4718203309692672, 0.404775413711584, 0.8748936170212765], "class": 2}