{"image": "d7da4858-1aaf-11ef-a6d6-bd5cfcf36af4.jpg", "bboxes": [0.3996690307328605, 0.4273758865248227, 0.6939952718676122, 0.8304491725768322], "class": 2}