{"image": "d7da4858-1aaf-11ef-a6d6-bd5cfcf36af4.jpg", "bboxes": [0.3907801418439716, 0.1539952718676123, 0.6851063829787233, 0.5570685579196217], "class": 2}