{"image": "d7da4858-1aaf-11ef-a6d6-bd5cfcf36af4.jpg", "bboxes": [0.29933806146572106, 0.14955082742316794, 0.5936643026004729, 0.5526241134751773], "class": 2}