{"image": "d7da4858-1aaf-11ef-a6d6-bd5cfcf36af4.jpg", "bboxes": [0.1504491725768322, 0.16732860520094572, 0.4447754137115839, 0.570401891252955], "class": 2}