{"image": "d7da4858-1aaf-11ef-a6d6-bd5cfcf36af4.jpg", "bboxes": [0.44411347517730493, 0.4451536643026005, 0.7384397163120566, 0.8482269503546098], "class": 2}