{"image": "d7da4858-1aaf-11ef-a6d6-bd5cfcf36af4.jpg", "bboxes": [0.6130023640661938, 0.4629314420803783, 0.9073286052009456, 0.8660047281323876], "class": 2}