{"image": "d7da4858-1aaf-11ef-a6d6-bd5cfcf36af4.jpg", "bboxes": [0.22156028368794334, 0.1473286052009457, 0.515886524822695, 0.5504018912529551], "class": 2}