{"image": "d7da4858-1aaf-11ef-a6d6-bd5cfcf36af4.jpg", "bboxes": [0.3326713947990545, 0.15843971631205678, 0.6269976359338062, 0.5615130023640662], "class": 2}