{"image": "d7da4858-1aaf-11ef-a6d6-bd5cfcf36af4.jpg", "bboxes": [0.4618912529550827, 0.16288416075650122, 0.7562174940898344, 0.5659574468085107], "class": 2}