{"image": "d7da4858-1aaf-11ef-a6d6-bd5cfcf36af4.jpg", "bboxes": [0.006004728132387727, 0.4362647754137116, 0.30033096926713954, 0.839338061465721], "class": 2}