{"image": "d7da4858-1aaf-11ef-a6d6-bd5cfcf36af4.jpg", "bboxes": [0.10600472813238782, 0.1539952718676123, 0.4003309692671395, 0.5570685579196217], "class": 2}