{"image": "d829da9b-1aaf-11ef-8291-bd5cfcf36af4.jpg", "bboxes": [0.017541371158392605, 0.5157446808510638, 0.3047754137115838, 0.8987234042553192], "class": 2}