{"image": "d829da9b-1aaf-11ef-8291-bd5cfcf36af4.jpg", "bboxes": [0.5107801418439717, 0.4513002364066194, 0.798014184397163, 0.8342789598108747], "class": 2}