{"image": "d829da9b-1aaf-11ef-8291-bd5cfcf36af4.jpg", "bboxes": [0.6463356973995272, 0.11016548463356979, 0.9335697399527185, 0.493144208037825], "class": 2}