{"image": "d829da9b-1aaf-11ef-8291-bd5cfcf36af4.jpg", "bboxes": [0.5241134751773051, 0.12127659574468086, 0.8113475177304963, 0.5042553191489361], "class": 2}