{"image": "d829da9b-1aaf-11ef-8291-bd5cfcf36af4.jpg", "bboxes": [0.03309692671394815, 0.4735224586288417, 0.32033096926713933, 0.8565011820330969], "class": 2}