{"image": "d829da9b-1aaf-11ef-8291-bd5cfcf36af4.jpg", "bboxes": [0.0022222222222222365, 0.49130023640661946, 0.13144208037825045, 0.8742789598108747], "class": 2}