{"image": "d829da9b-1aaf-11ef-8291-bd5cfcf36af4.jpg", "bboxes": [0.7396690307328606, 0.49352245862884164, 1.0, 0.8765011820330969], "class": 2}