{"image": "d829da9b-1aaf-11ef-8291-bd5cfcf36af4.jpg", "bboxes": [0.7641134751773051, 0.15683215130023642, 0.9977777777777778, 0.5398108747044916], "class": 2}