{"image": "d829da9b-1aaf-11ef-8291-bd5cfcf36af4.jpg", "bboxes": [0.0, 0.46241134751773055, 0.146997635933806, 0.8453900709219858], "class": 2}