{"image": "d829da9b-1aaf-11ef-8291-bd5cfcf36af4.jpg", "bboxes": [0.8196690307328606, 0.4757446808510639, 0.9977777777777778, 0.8587234042553191], "class": 2}