{"image": "d829da9b-1aaf-11ef-8291-bd5cfcf36af4.jpg", "bboxes": [0.5174468085106384, 0.14794326241134748, 0.8046808510638296, 0.5309219858156028], "class": 2}