{"image": "d829da9b-1aaf-11ef-8291-bd5cfcf36af4.jpg", "bboxes": [0.0, 0.15905437352245866, 0.23366430260047266, 0.5420330969267139], "class": 2}