{"image": "d829da9b-1aaf-11ef-8291-bd5cfcf36af4.jpg", "bboxes": [0.8018912529550828, 0.506855791962175, 1.0, 0.8898345153664302], "class": 2}