{"image": "d829da9b-1aaf-11ef-8291-bd5cfcf36af4.jpg", "bboxes": [0.0022222222222222365, 0.15683215130023642, 0.2736643026004727, 0.5398108747044916], "class": 2}