{"image": "d829da9b-1aaf-11ef-8291-bd5cfcf36af4.jpg", "bboxes": [0.6307801418439717, 0.48463356973995275, 0.918014184397163, 0.8676122931442081], "class": 2}