{"image": "d829da9b-1aaf-11ef-8291-bd5cfcf36af4.jpg", "bboxes": [0.2130969267139482, 0.5046335697399528, 0.5003309692671394, 0.887612293144208], "class": 2}