{"image": "d829da9b-1aaf-11ef-8291-bd5cfcf36af4.jpg", "bboxes": [0.15754137115839262, 0.4735224586288417, 0.4447754137115838, 0.8565011820330969], "class": 2}