{"image": "d829da9b-1aaf-11ef-8291-bd5cfcf36af4.jpg", "bboxes": [0.026430260047281436, 0.12572104018912533, 0.31366430260047273, 0.5086997635933805], "class": 2}