{"image": "d829da9b-1aaf-11ef-8291-bd5cfcf36af4.jpg", "bboxes": [0.0022222222222222365, 0.4957446808510639, 0.2669976359338061, 0.8787234042553191], "class": 2}