{"image": "d829da9b-1aaf-11ef-8291-bd5cfcf36af4.jpg", "bboxes": [0.5307801418439717, 0.15460992907801419, 0.818014184397163, 0.5375886524822695], "class": 2}