{"image": "d829da9b-1aaf-11ef-8291-bd5cfcf36af4.jpg", "bboxes": [0.0, 0.4646335697399528, 0.1403309692671394, 0.847612293144208], "class": 2}