{"image": "d829da9b-1aaf-11ef-8291-bd5cfcf36af4.jpg", "bboxes": [0.7507801418439717, 0.5090780141843972, 0.9977777777777778, 0.8920567375886524], "class": 2}