{"image": "d829da9b-1aaf-11ef-8291-bd5cfcf36af4.jpg", "bboxes": [0.684113475177305, 0.5179669030732861, 0.9713475177304963, 0.9009456264775414], "class": 2}