{"image": "d829da9b-1aaf-11ef-8291-bd5cfcf36af4.jpg", "bboxes": [0.07087470449172595, 0.1434988179669031, 0.35810874704491713, 0.5264775413711583], "class": 2}