{"image": "d829da9b-1aaf-11ef-8291-bd5cfcf36af4.jpg", "bboxes": [0.5485579196217495, 0.5046335697399528, 0.8357919621749408, 0.887612293144208], "class": 2}