{"image": "d829da9b-1aaf-11ef-8291-bd5cfcf36af4.jpg", "bboxes": [0.0022222222222222365, 0.4979669030732861, 0.12699763593380609, 0.8809456264775414], "class": 2}