{"image": "d829da9b-1aaf-11ef-8291-bd5cfcf36af4.jpg", "bboxes": [0.6374468085106384, 0.48018912529550833, 0.9246808510638296, 0.8631678486997636], "class": 2}