{"image": "d829da9b-1aaf-11ef-8291-bd5cfcf36af4.jpg", "bboxes": [0.09754137115839256, 0.4690780141843972, 0.38477541371158386, 0.8520567375886525], "class": 2}