{"image": "d829da9b-1aaf-11ef-8291-bd5cfcf36af4.jpg", "bboxes": [0.6507801418439717, 0.5157446808510638, 0.938014184397163, 0.8987234042553192], "class": 2}