{"image": "d829da9b-1aaf-11ef-8291-bd5cfcf36af4.jpg", "bboxes": [0.5107801418439717, 0.4979669030732861, 0.798014184397163, 0.8809456264775414], "class": 2}