{"image": "d829da9b-1aaf-11ef-8291-bd5cfcf36af4.jpg", "bboxes": [0.0, 0.4890780141843972, 0.2425531914893616, 0.8720567375886524], "class": 2}