{"image": "d829da9b-1aaf-11ef-8291-bd5cfcf36af4.jpg", "bboxes": [0.0022222222222222365, 0.0990543735224586, 0.2536643026004727, 0.482033096926714], "class": 2}