{"image": "d829da9b-1aaf-11ef-8291-bd5cfcf36af4.jpg", "bboxes": [0.6952245862884162, 0.506855791962175, 0.9824586288416074, 0.8898345153664302], "class": 2}