{"image": "d829da9b-1aaf-11ef-8291-bd5cfcf36af4.jpg", "bboxes": [0.6685579196217495, 0.49130023640661946, 0.9557919621749408, 0.8742789598108747], "class": 2}