{"image": "d829da9b-1aaf-11ef-8291-bd5cfcf36af4.jpg", "bboxes": [0.18420803782505923, 0.10572104018912531, 0.4714420803782505, 0.48869976359338047], "class": 2}