{"image": "d829da9b-1aaf-11ef-8291-bd5cfcf36af4.jpg", "bboxes": [0.5352245862884162, 0.11238770685579202, 0.8224586288416074, 0.49536643026004723], "class": 2}