{"image": "d829da9b-1aaf-11ef-8291-bd5cfcf36af4.jpg", "bboxes": [0.6885579196217495, 0.13238770685579193, 0.9757919621749407, 0.5153664302600472], "class": 2}