{"image": "d829da9b-1aaf-11ef-8291-bd5cfcf36af4.jpg", "bboxes": [0.533002364066194, 0.48241134751773057, 0.8202364066193851, 0.8653900709219858], "class": 2}