{"image": "d829da9b-1aaf-11ef-8291-bd5cfcf36af4.jpg", "bboxes": [0.7330023640661939, 0.16572104018912526, 0.9977777777777778, 0.5486997635933806], "class": 2}