{"image": "d829da9b-1aaf-11ef-8291-bd5cfcf36af4.jpg", "bboxes": [0.0, 0.48018912529550833, 0.2292198581560283, 0.8631678486997636], "class": 2}