{"image": "d829da9b-1aaf-11ef-8291-bd5cfcf36af4.jpg", "bboxes": [0.6107801418439718, 0.4757446808510639, 0.898014184397163, 0.8587234042553191], "class": 2}