{"image": "d829da9b-1aaf-11ef-8291-bd5cfcf36af4.jpg", "bboxes": [0.6107801418439718, 0.13460992907801417, 0.898014184397163, 0.5175886524822695], "class": 2}