{"image": "d829da9b-1aaf-11ef-8291-bd5cfcf36af4.jpg", "bboxes": [0.0, 0.4601891252955083, 0.2847754137115839, 0.8431678486997636], "class": 2}