{"image": "d829da9b-1aaf-11ef-8291-bd5cfcf36af4.jpg", "bboxes": [0.47300236406619395, 0.13460992907801417, 0.7602364066193852, 0.5175886524822695], "class": 2}