{"image": "d829da9b-1aaf-11ef-8291-bd5cfcf36af4.jpg", "bboxes": [0.0, 0.5001891252955083, 0.286997635933806, 0.8831678486997636], "class": 2}