{"image": "d829da9b-1aaf-11ef-8291-bd5cfcf36af4.jpg", "bboxes": [0.5707801418439717, 0.15683215130023642, 0.8580141843971629, 0.5398108747044916], "class": 2}