{"image": "d829da9b-1aaf-11ef-8291-bd5cfcf36af4.jpg", "bboxes": [0.20198581560283702, 0.506855791962175, 0.4892198581560283, 0.8898345153664302], "class": 2}