{"image": "d829da9b-1aaf-11ef-8291-bd5cfcf36af4.jpg", "bboxes": [0.6796690307328607, 0.10349881796690306, 0.9669030732860519, 0.4864775413711583], "class": 2}