{"image": "d829da9b-1aaf-11ef-8291-bd5cfcf36af4.jpg", "bboxes": [0.5796690307328606, 0.12794326241134757, 0.8669030732860519, 0.5109219858156028], "class": 2}