{"image": "d829da9b-1aaf-11ef-8291-bd5cfcf36af4.jpg", "bboxes": [0.5041134751773051, 0.14127659574468088, 0.7913475177304963, 0.5242553191489361], "class": 2}