{"image": "d829da9b-1aaf-11ef-8291-bd5cfcf36af4.jpg", "bboxes": [0.14420803782505928, 0.4735224586288417, 0.4314420803782505, 0.8565011820330969], "class": 2}