{"image": "d829da9b-1aaf-11ef-8291-bd5cfcf36af4.jpg", "bboxes": [0.5796690307328606, 0.4513002364066194, 0.8669030732860519, 0.8342789598108747], "class": 2}