{"image": "d829da9b-1aaf-11ef-8291-bd5cfcf36af4.jpg", "bboxes": [0.0, 0.10127659574468084, 0.20255319148936157, 0.48425531914893616], "class": 2}