{"image": "d829da9b-1aaf-11ef-8291-bd5cfcf36af4.jpg", "bboxes": [0.5018912529550829, 0.13460992907801417, 0.789125295508274, 0.5175886524822695], "class": 2}