{"image": "d829da9b-1aaf-11ef-8291-bd5cfcf36af4.jpg", "bboxes": [0.11087470449172598, 0.48463356973995275, 0.39810874704491717, 0.8676122931442081], "class": 2}