{"image": "d829da9b-1aaf-11ef-8291-bd5cfcf36af4.jpg", "bboxes": [0.6330023640661939, 0.45352245862884166, 0.9202364066193852, 0.8365011820330969], "class": 2}