{"image": "d84fabbe-07fc-11ef-aaac-64d2c4ecd148.jpg", "bboxes": [0.7064646464646466, 0.0, 1.0, 0.4637710437710438], "class": 1}