{"image": "d84fabbe-07fc-11ef-aaac-64d2c4ecd148.jpg", "bboxes": [0.44565656565656553, 0.3406734006734007, 0.9977777777777778, 0.9977777777777778], "class": 1}