{"image": "d84fabbe-07fc-11ef-aaac-64d2c4ecd148.jpg", "bboxes": [0.41757575757575766, 0.40734006734006734, 1.0, 1.0], "class": 1}