{"image": "d84fabbe-07fc-11ef-aaac-64d2c4ecd148.jpg", "bboxes": [0.33313131313131317, 0.35622895622895623, 0.9977777777777778, 0.9977777777777778], "class": 1}