{"image": "d84fabbe-07fc-11ef-aaac-64d2c4ecd148.jpg", "bboxes": [0.0, 0.17178451178451182, 0.12767676767676778, 0.9977777777777778], "class": 1}