{"image": "d84fabbe-07fc-11ef-aaac-64d2c4ecd148.jpg", "bboxes": [0.9167676767676767, 0.0, 0.9977777777777778, 0.4171043771043771], "class": 1}