{"image": "d84fabbe-07fc-11ef-aaac-64d2c4ecd148.jpg", "bboxes": [0.0022222222222222365, 0.0, 0.3557575757575757, 0.7771043771043771], "class": 1}