{"image": "d84fabbe-07fc-11ef-aaac-64d2c4ecd148.jpg", "bboxes": [0.0, 0.502895622895623, 0.6121212121212122, 0.9977777777777778], "class": 1}