{"image": "d84fabbe-07fc-11ef-aaac-64d2c4ecd148.jpg", "bboxes": [0.9256565656565655, 0.26956228956228956, 0.9977777777777778, 0.9977777777777778], "class": 1}