{"image": "d84fabbe-07fc-11ef-aaac-64d2c4ecd148.jpg", "bboxes": [0.1642424242424243, 0.5584511784511785, 0.8410101010101011, 1.0], "class": 1}