{"image": "d84fabbe-07fc-11ef-aaac-64d2c4ecd148.jpg", "bboxes": [0.5931313131313132, 0.0, 0.9977777777777778, 0.8282154882154882], "class": 1}