{"image": "d84fabbe-07fc-11ef-aaac-64d2c4ecd148.jpg", "bboxes": [0.45313131313131316, 0.0, 0.9977777777777778, 0.7482154882154882], "class": 1}