{"image": "d84fabbe-07fc-11ef-aaac-64d2c4ecd148.jpg", "bboxes": [0.36343434343434333, 0.0, 1.0, 0.9304377104377104], "class": 1}