{"image": "d84fabbe-07fc-11ef-aaac-64d2c4ecd148.jpg", "bboxes": [0.06202020202020208, 0.08067340067340067, 0.7387878787878789, 1.0], "class": 1}