{"image": "d84fabbe-07fc-11ef-aaac-64d2c4ecd148.jpg", "bboxes": [0.0, 0.2984511784511785, 0.07212121212121221, 1.0], "class": 1}