{"image": "d84fabbe-07fc-11ef-aaac-64d2c4ecd148.jpg", "bboxes": [0.19898989898989894, 0.614006734006734, 0.8757575757575757, 1.0], "class": 1}