{"image": "d84fabbe-07fc-11ef-aaac-64d2c4ecd148.jpg", "bboxes": [0.24868686868686873, 0.4984511784511785, 0.9254545454545455, 0.9977777777777778], "class": 1}