{"image": "d84fabbe-07fc-11ef-aaac-64d2c4ecd148.jpg", "bboxes": [0.18121212121212116, 0.0, 0.857979797979798, 0.5437710437710438], "class": 1}