{"image": "d84fabbe-07fc-11ef-aaac-64d2c4ecd148.jpg", "bboxes": [0.550909090909091, 0.0, 1.0, 0.9193265993265993], "class": 1}