{"image": "d84fabbe-07fc-11ef-aaac-64d2c4ecd148.jpg", "bboxes": [0.6834343434343434, 0.3095622895622896, 0.9977777777777778, 0.9977777777777778], "class": 1}