{"image": "d84fabbe-07fc-11ef-aaac-64d2c4ecd148.jpg", "bboxes": [0.30868686868686873, 0.20734006734006738, 0.9854545454545456, 1.0], "class": 1}