{"image": "d84fabbe-07fc-11ef-aaac-64d2c4ecd148.jpg", "bboxes": [0.2642424242424243, 0.0, 0.9410101010101011, 0.7526599326599327], "class": 1}