{"image": "d84fabbe-07fc-11ef-aaac-64d2c4ecd148.jpg", "bboxes": [0.0, 0.34956228956228963, 0.09656565656565666, 1.0], "class": 1}