{"image": "d84fabbe-07fc-11ef-aaac-64d2c4ecd148.jpg", "bboxes": [0.8109090909090909, 0.5095622895622895, 0.9977777777777778, 0.9977777777777778], "class": 1}