{"image": "d84fabbe-07fc-11ef-aaac-64d2c4ecd148.jpg", "bboxes": [0.7989898989898989, 0.2962289562289563, 1.0, 1.0], "class": 1}