{"image": "d84fabbe-07fc-11ef-aaac-64d2c4ecd148.jpg", "bboxes": [0.09898989898989885, 0.0, 0.7757575757575756, 0.6993265993265994], "class": 1}