{"image": "d84fabbe-07fc-11ef-aaac-64d2c4ecd148.jpg", "bboxes": [0.0, 0.5895622895622896, 0.3024242424242424, 1.0], "class": 1}