{"image": "d84fabbe-07fc-11ef-aaac-64d2c4ecd148.jpg", "bboxes": [0.7575757575757577, 0.634006734006734, 0.9977777777777778, 0.9977777777777778], "class": 1}