{"image": "d84fabbe-07fc-11ef-aaac-64d2c4ecd148.jpg", "bboxes": [0.6131313131313132, 0.0, 0.9977777777777778, 0.8371043771043771], "class": 1}