{"image": "d84fabbe-07fc-11ef-aaac-64d2c4ecd148.jpg", "bboxes": [0.6553535353535355, 0.0, 0.9977777777777778, 0.7304377104377104], "class": 1}