{"image": "d84fabbe-07fc-11ef-aaac-64d2c4ecd148.jpg", "bboxes": [0.16787878787878774, 0.5384511784511785, 0.8446464646464646, 1.0], "class": 1}