{"image": "d84fabbe-07fc-11ef-aaac-64d2c4ecd148.jpg", "bboxes": [0.0022222222222222365, 0.0, 0.3735353535353535, 0.41488215488215485], "class": 1}