{"image": "d84fabbe-07fc-11ef-aaac-64d2c4ecd148.jpg", "bboxes": [0.2412121212121211, 0.474006734006734, 0.9179797979797979, 1.0], "class": 1}