{"image": "d84fabbe-07fc-11ef-aaac-64d2c4ecd148.jpg", "bboxes": [0.0, 0.48956228956228953, 0.5068686868686868, 1.0], "class": 1}