{"image": "d84fabbe-07fc-11ef-aaac-64d2c4ecd148.jpg", "bboxes": [0.0, 0.11622895622895624, 0.09878787878787888, 1.0], "class": 1}