{"image": "d84fabbe-07fc-11ef-aaac-64d2c4ecd148.jpg", "bboxes": [0.0, 0.6228956228956228, 0.5276767676767677, 1.0], "class": 1}