{"image": "d84fabbe-07fc-11ef-aaac-64d2c4ecd148.jpg", "bboxes": [0.0, 0.09178451178451186, 0.45434343434343444, 0.9977777777777778], "class": 1}