{"image": "d84fabbe-07fc-11ef-aaac-64d2c4ecd148.jpg", "bboxes": [0.9745454545454545, 0.41622895622895634, 0.9977777777777778, 0.9977777777777778], "class": 1}