{"image": "d84fabbe-07fc-11ef-aaac-64d2c4ecd148.jpg", "bboxes": [0.3642424242424243, 0.0, 1.0, 0.7615488215488215], "class": 1}