{"image": "d84fabbe-07fc-11ef-aaac-64d2c4ecd148.jpg", "bboxes": [0.1078787878787878, 0.09400673400673398, 0.7846464646464646, 0.9977777777777778], "class": 1}