{"image": "d84fabbe-07fc-11ef-aaac-64d2c4ecd148.jpg", "bboxes": [0.8597979797979799, 0.0, 1.0, 0.5215488215488215], "class": 1}