{"image": "d84fabbe-07fc-11ef-aaac-64d2c4ecd148.jpg", "bboxes": [0.65010101010101, 0.0, 0.9977777777777778, 0.7437710437710437], "class": 1}