{"image": "d84fabbe-07fc-11ef-aaac-64d2c4ecd148.jpg", "bboxes": [0.8220202020202021, 0.0, 0.9977777777777778, 0.3793265993265993], "class": 1}