{"image": "d84fabbe-07fc-11ef-aaac-64d2c4ecd148.jpg", "bboxes": [0.6353535353535354, 0.0, 0.9977777777777778, 0.7015488215488215], "class": 1}