{"image": "d84fabbe-07fc-11ef-aaac-64d2c4ecd148.jpg", "bboxes": [0.18868686868686874, 0.0, 0.8654545454545456, 0.5415488215488216], "class": 1}