{"image": "d84fabbe-07fc-11ef-aaac-64d2c4ecd148.jpg", "bboxes": [0.12202020202020208, 0.18067340067340065, 0.7987878787878788, 0.9977777777777778], "class": 1}