{"image": "d8f24298-07fc-11ef-aaac-64d2c4ecd148.jpg", "bboxes": [0.3154882154882156, 0.0, 0.9821548821548821, 0.35084175084175073], "class": 1}