{"image": "d8f24298-07fc-11ef-aaac-64d2c4ecd148.jpg", "bboxes": [0.6021548821548822, 0.4669360269360271, 0.9977777777777778, 0.9977777777777778], "class": 1}