{"image": "d8f24298-07fc-11ef-aaac-64d2c4ecd148.jpg", "bboxes": [0.037710437710437805, 0.33804713804713815, 0.7043771043771043, 1.0], "class": 1}