{"image": "d8f24298-07fc-11ef-aaac-64d2c4ecd148.jpg", "bboxes": [0.3532659932659933, 0.0, 0.9977777777777778, 0.624175084175084], "class": 1}