{"image": "d8f24298-07fc-11ef-aaac-64d2c4ecd148.jpg", "bboxes": [0.10437710437710446, 0.4469360269360271, 0.771043771043771, 1.0], "class": 1}