{"image": "d8f24298-07fc-11ef-aaac-64d2c4ecd148.jpg", "bboxes": [0.33993265993266, 0.26915824915824926, 1.0, 1.0], "class": 1}