{"image": "d8f24298-07fc-11ef-aaac-64d2c4ecd148.jpg", "bboxes": [0.6265993265993267, 0.6313804713804716, 0.9977777777777778, 0.9977777777777778], "class": 1}