{"image": "d8f24298-07fc-11ef-aaac-64d2c4ecd148.jpg", "bboxes": [0.3756228956228957, 0.0, 0.9977777777777778, 0.8730639730639729], "class": 1}