{"image": "d8f24298-07fc-11ef-aaac-64d2c4ecd148.jpg", "bboxes": [0.5643771043771044, 0.0, 1.0, 0.6975084175084174], "class": 1}