{"image": "d8f24298-07fc-11ef-aaac-64d2c4ecd148.jpg", "bboxes": [0.0022222222222222365, 0.23138047138047146, 0.4065993265993265, 0.9977777777777778], "class": 1}