{"image": "d8f24298-07fc-11ef-aaac-64d2c4ecd148.jpg", "bboxes": [0.7132659932659933, 0.0, 1.0, 0.5552861952861952], "class": 1}