{"image": "d8f24298-07fc-11ef-aaac-64d2c4ecd148.jpg", "bboxes": [0.9288215488215489, 0.3402693602693604, 0.9977777777777778, 0.9977777777777778], "class": 1}