{"image": "d8f24298-07fc-11ef-aaac-64d2c4ecd148.jpg", "bboxes": [0.2978451178451179, 0.43138047138047153, 0.9645117845117844, 1.0], "class": 1}