{"image": "d8f24298-07fc-11ef-aaac-64d2c4ecd148.jpg", "bboxes": [0.0, 0.24915824915824925, 0.5843771043771043, 1.0], "class": 1}