{"image": "d8f24298-07fc-11ef-aaac-64d2c4ecd148.jpg", "bboxes": [0.0, 0.3913804713804715, 0.4956228956228956, 1.0], "class": 1}