{"image": "d8f24298-07fc-11ef-aaac-64d2c4ecd148.jpg", "bboxes": [0.0, 0.6269360269360271, 0.66006734006734, 1.0], "class": 1}