{"image": "d8f24298-07fc-11ef-aaac-64d2c4ecd148.jpg", "bboxes": [0.728956228956229, 0.3647138047138049, 1.0, 1.0], "class": 1}