{"image": "d8f24298-07fc-11ef-aaac-64d2c4ecd148.jpg", "bboxes": [0.6622895622895624, 0.0, 0.9977777777777778, 0.33528619528619513], "class": 1}