{"image": "d8f24298-07fc-11ef-aaac-64d2c4ecd148.jpg", "bboxes": [0.0022222222222222365, 0.0, 0.3754882154882154, 0.824175084175084], "class": 1}