{"image": "d8f24298-07fc-11ef-aaac-64d2c4ecd148.jpg", "bboxes": [0.0, 0.1580471380471382, 0.13117845117845112, 1.0], "class": 1}