{"image": "d8f24298-07fc-11ef-aaac-64d2c4ecd148.jpg", "bboxes": [0.0, 0.19804713804713814, 0.6422895622895622, 1.0], "class": 1}