{"image": "d8f24298-07fc-11ef-aaac-64d2c4ecd148.jpg", "bboxes": [0.6800673400673402, 0.0, 0.9977777777777778, 0.6952861952861952], "class": 1}