{"image": "d8f24298-07fc-11ef-aaac-64d2c4ecd148.jpg", "bboxes": [0.9688215488215489, 0.0, 1.0, 0.804175084175084], "class": 1}