{"image": "d8f24298-07fc-11ef-aaac-64d2c4ecd148.jpg", "bboxes": [0.0, 0.3602693602693604, 0.11117845117845111, 1.0], "class": 1}