{"image": "d8f24298-07fc-11ef-aaac-64d2c4ecd148.jpg", "bboxes": [0.3177104377104377, 0.7024915824915826, 0.9843771043771044, 0.9977777777777778], "class": 1}