{"image": "d8f24298-07fc-11ef-aaac-64d2c4ecd148.jpg", "bboxes": [0.10882154882154893, 0.15360269360269374, 0.7754882154882154, 1.0], "class": 1}