{"image": "d8f24298-07fc-11ef-aaac-64d2c4ecd148.jpg", "bboxes": [0.0, 0.5024915824915825, 0.5178451178451178, 0.9977777777777778], "class": 1}