{"image": "d8f24298-07fc-11ef-aaac-64d2c4ecd148.jpg", "bboxes": [0.08451178451178458, 0.0, 0.7511784511784512, 0.4308417508417507], "class": 1}