{"image": "d8f24298-07fc-11ef-aaac-64d2c4ecd148.jpg", "bboxes": [0.26228956228956235, 0.0, 0.9289562289562289, 0.3108417508417507], "class": 1}