{"image": "d8f24298-07fc-11ef-aaac-64d2c4ecd148.jpg", "bboxes": [0.33104377104377114, 0.0, 0.9977104377104377, 0.5330639730639729], "class": 1}