{"image": "d8f24298-07fc-11ef-aaac-64d2c4ecd148.jpg", "bboxes": [0.9443771043771044, 0.0, 1.0, 0.7019528619528618], "class": 1}