{"image": "d8f24298-07fc-11ef-aaac-64d2c4ecd148.jpg", "bboxes": [0.0, 0.40026936026936044, 0.6443771043771043, 1.0], "class": 1}