{"image": "d8f24298-07fc-11ef-aaac-64d2c4ecd148.jpg", "bboxes": [0.30895622895622904, 0.0, 0.9756228956228956, 0.584175084175084], "class": 1}