{"image": "d8f24298-07fc-11ef-aaac-64d2c4ecd148.jpg", "bboxes": [0.35117845117845126, 0.0, 1.0, 0.584175084175084], "class": 1}