{"image": "d8f24298-07fc-11ef-aaac-64d2c4ecd148.jpg", "bboxes": [0.4267340067340068, 0.0, 0.9977777777777778, 0.5975084175084173], "class": 1}