{"image": "d8f24298-07fc-11ef-aaac-64d2c4ecd148.jpg", "bboxes": [0.45326599326599337, 0.0, 0.9977777777777778, 0.6797306397306396], "class": 1}