{"image": "d8f24298-07fc-11ef-aaac-64d2c4ecd148.jpg", "bboxes": [0.3310437710437712, 0.6780471380471382, 0.9977104377104377, 0.9977777777777778], "class": 1}