{"image": "d8f24298-07fc-11ef-aaac-64d2c4ecd148.jpg", "bboxes": [0.0, 0.6869360269360271, 0.42451178451178445, 0.9977777777777778], "class": 1}