{"image": "d8f24298-07fc-11ef-aaac-64d2c4ecd148.jpg", "bboxes": [0.9910437710437711, 0.0, 0.9977777777777778, 0.7886195286195284], "class": 1}