{"image": "d8f24298-07fc-11ef-aaac-64d2c4ecd148.jpg", "bboxes": [6.734006734013241e-05, 0.3602693602693604, 0.6667340067340066, 0.9977777777777778], "class": 1}