{"image": "d8f24298-07fc-11ef-aaac-64d2c4ecd148.jpg", "bboxes": [0.5800673400673402, 0.42693602693602706, 0.9977777777777778, 0.9977777777777778], "class": 1}