{"image": "d8f24298-07fc-11ef-aaac-64d2c4ecd148.jpg", "bboxes": [0.0, 0.7136026936026937, 0.5978451178451177, 0.9977777777777778], "class": 1}