{"image": "d8f24298-07fc-11ef-aaac-64d2c4ecd148.jpg", "bboxes": [0.9177104377104378, 0.4669360269360271, 1.0, 1.0], "class": 1}