{"image": "d8f24298-07fc-11ef-aaac-64d2c4ecd148.jpg", "bboxes": [0.09548821548821551, 0.27360269360269374, 0.7621548821548821, 0.9977777777777778], "class": 1}