{"image": "d8f24298-07fc-11ef-aaac-64d2c4ecd148.jpg", "bboxes": [0.7067340067340068, 0.0, 1.0, 0.30861952861952846], "class": 1}