{"image": "d8f24298-07fc-11ef-aaac-64d2c4ecd148.jpg", "bboxes": [0.5577104377104378, 0.0, 1.0, 0.7152861952861952], "class": 1}