{"image": "d8f24298-07fc-11ef-aaac-64d2c4ecd148.jpg", "bboxes": [0.8221548821548822, 0.5491582491582493, 1.0, 1.0], "class": 1}