{"image": "d968a1b5-1aaf-11ef-b6d6-bd5cfcf36af4.jpg", "bboxes": [0.6947517730496454, 0.3907328605200946, 1.0, 0.8056264775413711], "class": 2}