{"image": "d968a1b5-1aaf-11ef-b6d6-bd5cfcf36af4.jpg", "bboxes": [0.5347517730496454, 0.1477068557919622, 0.8846335697399526, 0.5626004728132388], "class": 2}