{"image": "d968a1b5-1aaf-11ef-b6d6-bd5cfcf36af4.jpg", "bboxes": [0.8036406619385343, 0.4529550827423168, 1.0, 0.8678486997635934], "class": 2}