{"image": "d968a1b5-1aaf-11ef-b6d6-bd5cfcf36af4.jpg", "bboxes": [0.0022222222222222365, 0.13881796690307335, 0.20080378250591013, 0.5537115839243498], "class": 2}