{"image": "d968a1b5-1aaf-11ef-b6d6-bd5cfcf36af4.jpg", "bboxes": [0.05092198581560292, 0.1410401891252956, 0.40080378250591003, 0.5559338061465722], "class": 2}