{"image": "d968a1b5-1aaf-11ef-b6d6-bd5cfcf36af4.jpg", "bboxes": [0.0, 0.395177304964539, 0.2630260047281323, 0.8100709219858155], "class": 2}