{"image": "d968a1b5-1aaf-11ef-b6d6-bd5cfcf36af4.jpg", "bboxes": [0.7858628841607566, 0.42851063829787234, 0.9977777777777778, 0.8434042553191489], "class": 2}