{"image": "d968a1b5-1aaf-11ef-b6d6-bd5cfcf36af4.jpg", "bboxes": [0.5836406619385344, 0.18548463356974, 0.9335224586288415, 0.6003782505910165], "class": 2}