{"image": "d968a1b5-1aaf-11ef-b6d6-bd5cfcf36af4.jpg", "bboxes": [0.8480851063829787, 0.42851063829787234, 1.0, 0.8434042553191489], "class": 2}