{"image": "d968a1b5-1aaf-11ef-b6d6-bd5cfcf36af4.jpg", "bboxes": [0.8236406619385344, 0.4462884160756501, 0.9977777777777778, 0.8611820330969266], "class": 2}