{"image": "d968a1b5-1aaf-11ef-b6d6-bd5cfcf36af4.jpg", "bboxes": [0.7480851063829788, 0.4307328605200946, 0.9977777777777778, 0.8456264775413711], "class": 2}