{"image": "d968a1b5-1aaf-11ef-b6d6-bd5cfcf36af4.jpg", "bboxes": [0.8480851063829787, 0.17659574468085115, 0.9977777777777778, 0.5914893617021277], "class": 2}