{"image": "d968a1b5-1aaf-11ef-b6d6-bd5cfcf36af4.jpg", "bboxes": [0.0, 0.18992907801418446, 0.12080378250591017, 0.6048226950354609], "class": 2}