{"image": "d968a1b5-1aaf-11ef-b6d6-bd5cfcf36af4.jpg", "bboxes": [0.0022222222222222365, 0.44851063829787235, 0.32524822695035466, 0.8634042553191489], "class": 2}