{"image": "d968a1b5-1aaf-11ef-b6d6-bd5cfcf36af4.jpg", "bboxes": [0.0022222222222222365, 0.13659574468085112, 0.16524822695035457, 0.5514893617021277], "class": 2}