{"image": "d968a1b5-1aaf-11ef-b6d6-bd5cfcf36af4.jpg", "bboxes": [0.6369739952718677, 0.43962174940898346, 0.9868557919621748, 0.85451536643026], "class": 2}