{"image": "d968a1b5-1aaf-11ef-b6d6-bd5cfcf36af4.jpg", "bboxes": [0.13314420803782523, 0.435177304964539, 0.4830260047281324, 0.8500709219858156], "class": 2}