{"image": "d968a1b5-1aaf-11ef-b6d6-bd5cfcf36af4.jpg", "bboxes": [0.0, 0.1477068557919622, 0.28524822695035457, 0.5626004728132388], "class": 2}