{"image": "d968a1b5-1aaf-11ef-b6d6-bd5cfcf36af4.jpg", "bboxes": [0.11092198581560297, 0.15215130023640666, 0.46080378250591014, 0.5670449172576832], "class": 2}