{"image": "d968a1b5-1aaf-11ef-b6d6-bd5cfcf36af4.jpg", "bboxes": [0.7569739952718677, 0.18548463356974, 1.0, 0.6003782505910165], "class": 2}