{"image": "d968a1b5-1aaf-11ef-b6d6-bd5cfcf36af4.jpg", "bboxes": [0.6814184397163121, 0.13437352245862888, 0.9977777777777778, 0.5492671394799054], "class": 2}