{"image": "d968a1b5-1aaf-11ef-b6d6-bd5cfcf36af4.jpg", "bboxes": [0.0022222222222222365, 0.16770685579196218, 0.1852482269503546, 0.5826004728132388], "class": 2}