{"image": "d968a1b5-1aaf-11ef-b6d6-bd5cfcf36af4.jpg", "bboxes": [0.7836406619385343, 0.38851063829787236, 0.9977777777777778, 0.8034042553191489], "class": 2}