{"image": "d968a1b5-1aaf-11ef-b6d6-bd5cfcf36af4.jpg", "bboxes": [0.16425531914893632, 0.1610401891252956, 0.5141371158392434, 0.5759338061465721], "class": 2}