{"image": "d968a1b5-1aaf-11ef-b6d6-bd5cfcf36af4.jpg", "bboxes": [0.5214184397163121, 0.17437352245862892, 0.8713002364066192, 0.5892671394799054], "class": 2}