{"image": "d968a1b5-1aaf-11ef-b6d6-bd5cfcf36af4.jpg", "bboxes": [0.0022222222222222365, 0.15659574468085113, 0.2252482269503545, 0.5714893617021278], "class": 2}