{"image": "d968a1b5-1aaf-11ef-b6d6-bd5cfcf36af4.jpg", "bboxes": [0.5058628841607565, 0.1988179669030733, 0.8557446808510637, 0.6137115839243499], "class": 2}