{"image": "d968a1b5-1aaf-11ef-b6d6-bd5cfcf36af4.jpg", "bboxes": [0.6347517730496455, 0.17659574468085115, 0.9846335697399526, 0.5914893617021277], "class": 2}