{"image": "d968a1b5-1aaf-11ef-b6d6-bd5cfcf36af4.jpg", "bboxes": [0.8369739952718677, 0.17215130023640668, 0.9977777777777778, 0.5870449172576833], "class": 2}