{"image": "d968a1b5-1aaf-11ef-b6d6-bd5cfcf36af4.jpg", "bboxes": [0.4925295508274232, 0.4262884160756501, 0.8424113475177304, 0.8411820330969266], "class": 2}