{"image": "d968a1b5-1aaf-11ef-b6d6-bd5cfcf36af4.jpg", "bboxes": [0.6903073286052009, 0.18326241134751775, 1.0, 0.5981560283687943], "class": 2}