{"image": "d968a1b5-1aaf-11ef-b6d6-bd5cfcf36af4.jpg", "bboxes": [0.04647754137115856, 0.15659574468085113, 0.3963593380614657, 0.5714893617021278], "class": 2}