{"image": "d968a1b5-1aaf-11ef-b6d6-bd5cfcf36af4.jpg", "bboxes": [0.0, 0.4418439716312057, 0.18302600472813235, 0.8567375886524822], "class": 2}