{"image": "d968a1b5-1aaf-11ef-b6d6-bd5cfcf36af4.jpg", "bboxes": [0.0022222222222222365, 0.40628841607565014, 0.3452482269503546, 0.8211820330969266], "class": 2}