{"image": "d968a1b5-1aaf-11ef-b6d6-bd5cfcf36af4.jpg", "bboxes": [0.7391962174940899, 0.14326241134751783, 1.0, 0.5581560283687943], "class": 2}