{"image": "d968a1b5-1aaf-11ef-b6d6-bd5cfcf36af4.jpg", "bboxes": [0.03981087470449185, 0.1610401891252956, 0.389692671394799, 0.5759338061465721], "class": 2}