{"image": "d968a1b5-1aaf-11ef-b6d6-bd5cfcf36af4.jpg", "bboxes": [0.13536643026004747, 0.41962174940898345, 0.4852482269503545, 0.83451536643026], "class": 2}