{"image": "d968a1b5-1aaf-11ef-b6d6-bd5cfcf36af4.jpg", "bboxes": [0.5525295508274232, 0.3907328605200946, 0.9024113475177303, 0.8056264775413711], "class": 2}