{"image": "d968a1b5-1aaf-11ef-b6d6-bd5cfcf36af4.jpg", "bboxes": [0.0022222222222222365, 0.18992907801418443, 0.1230260047281323, 0.6048226950354609], "class": 2}