{"image": "d968a1b5-1aaf-11ef-b6d6-bd5cfcf36af4.jpg", "bboxes": [0.8747517730496455, 0.4440661938534279, 0.9977777777777778, 0.8589598108747044], "class": 2}