{"image": "d968a1b5-1aaf-11ef-b6d6-bd5cfcf36af4.jpg", "bboxes": [0.0998108747044919, 0.13437352245862888, 0.44969267139479896, 0.5492671394799054], "class": 2}