{"image": "d968a1b5-1aaf-11ef-b6d6-bd5cfcf36af4.jpg", "bboxes": [0.07981087470449189, 0.42851063829787234, 0.42969267139479905, 0.8434042553191489], "class": 2}