{"image": "d968a1b5-1aaf-11ef-b6d6-bd5cfcf36af4.jpg", "bboxes": [0.6414184397163121, 0.44851063829787235, 0.9913002364066192, 0.8634042553191489], "class": 2}