{"image": "d968a1b5-1aaf-11ef-b6d6-bd5cfcf36af4.jpg", "bboxes": [0.48808510638297875, 0.19659574468085106, 0.8379669030732859, 0.6114893617021276], "class": 2}