{"image": "d968a1b5-1aaf-11ef-b6d6-bd5cfcf36af4.jpg", "bboxes": [0.0, 0.3929550827423168, 0.28524822695035457, 0.8078486997635933], "class": 2}