{"image": "d968a1b5-1aaf-11ef-b6d6-bd5cfcf36af4.jpg", "bboxes": [0.5569739952718676, 0.42851063829787234, 0.9068557919621748, 0.8434042553191489], "class": 2}