{"image": "d968a1b5-1aaf-11ef-b6d6-bd5cfcf36af4.jpg", "bboxes": [0.6747517730496454, 0.435177304964539, 0.9977777777777778, 0.8500709219858156], "class": 2}