{"image": "d968a1b5-1aaf-11ef-b6d6-bd5cfcf36af4.jpg", "bboxes": [0.05981087470449187, 0.40628841607565014, 0.40969267139479904, 0.8211820330969266], "class": 2}