{"image": "d968a1b5-1aaf-11ef-b6d6-bd5cfcf36af4.jpg", "bboxes": [0.7991962174940899, 0.18548463356974, 0.9977777777777778, 0.6003782505910165], "class": 2}