{"image": "d968a1b5-1aaf-11ef-b6d6-bd5cfcf36af4.jpg", "bboxes": [0.062033096926714104, 0.4507328605200946, 0.41191489361702127, 0.8656264775413711], "class": 2}