{"image": "d968a1b5-1aaf-11ef-b6d6-bd5cfcf36af4.jpg", "bboxes": [0.5636406619385343, 0.18326241134751775, 0.9135224586288415, 0.5981560283687943], "class": 2}