{"image": "d968a1b5-1aaf-11ef-b6d6-bd5cfcf36af4.jpg", "bboxes": [0.10425531914893627, 0.41517730496453903, 0.45413711583924343, 0.8300709219858156], "class": 2}