{"image": "d968a1b5-1aaf-11ef-b6d6-bd5cfcf36af4.jpg", "bboxes": [0.8391962174940899, 0.18104018912529551, 0.9977777777777778, 0.5959338061465721], "class": 2}