{"image": "d968a1b5-1aaf-11ef-b6d6-bd5cfcf36af4.jpg", "bboxes": [0.0022222222222222365, 0.14326241134751785, 0.24747044917257677, 0.5581560283687943], "class": 2}