{"image": "d968a1b5-1aaf-11ef-b6d6-bd5cfcf36af4.jpg", "bboxes": [0.49697399527186764, 0.41517730496453903, 0.8468557919621749, 0.8300709219858156], "class": 2}