{"image": "d968a1b5-1aaf-11ef-b6d6-bd5cfcf36af4.jpg", "bboxes": [0.1442553191489363, 0.4218439716312057, 0.49413711583924347, 0.8367375886524823], "class": 2}