{"image": "d968a1b5-1aaf-11ef-b6d6-bd5cfcf36af4.jpg", "bboxes": [0.0022222222222222365, 0.40184397163120567, 0.18969267139479906, 0.8167375886524822], "class": 2}