{"image": "d968a1b5-1aaf-11ef-b6d6-bd5cfcf36af4.jpg", "bboxes": [0.5280851063829788, 0.4418439716312057, 0.877966903073286, 0.8567375886524822], "class": 2}