{"image": "d968a1b5-1aaf-11ef-b6d6-bd5cfcf36af4.jpg", "bboxes": [0.6969739952718677, 0.13659574468085112, 1.0, 0.5514893617021277], "class": 2}