{"image": "d968a1b5-1aaf-11ef-b6d6-bd5cfcf36af4.jpg", "bboxes": [0.8969739952718676, 0.17437352245862892, 1.0, 0.5892671394799054], "class": 2}