{"image": "d968a1b5-1aaf-11ef-b6d6-bd5cfcf36af4.jpg", "bboxes": [0.6014184397163121, 0.17659574468085115, 0.9513002364066192, 0.5914893617021277], "class": 2}