{"image": "d968a1b5-1aaf-11ef-b6d6-bd5cfcf36af4.jpg", "bboxes": [0.630307328605201, 0.40628841607565014, 0.9801891252955082, 0.8211820330969266], "class": 2}