{"image": "d968a1b5-1aaf-11ef-b6d6-bd5cfcf36af4.jpg", "bboxes": [0.0686997635933807, 0.17437352245862892, 0.41858156028368787, 0.5892671394799054], "class": 2}