{"image": "d968a1b5-1aaf-11ef-b6d6-bd5cfcf36af4.jpg", "bboxes": [0.861418439716312, 0.18770685579196222, 0.9977777777777778, 0.6026004728132388], "class": 2}