{"image": "d968a1b5-1aaf-11ef-b6d6-bd5cfcf36af4.jpg", "bboxes": [0.0022222222222222365, 0.4262884160756501, 0.3052482269503546, 0.8411820330969266], "class": 2}