{"image": "d968a1b5-1aaf-11ef-b6d6-bd5cfcf36af4.jpg", "bboxes": [0.6014184397163121, 0.4440661938534279, 0.9513002364066192, 0.8589598108747044], "class": 2}