{"image": "d968a1b5-1aaf-11ef-b6d6-bd5cfcf36af4.jpg", "bboxes": [0.6480851063829788, 0.15881796690307337, 0.9977777777777778, 0.5737115839243498], "class": 2}