{"image": "d968a1b5-1aaf-11ef-b6d6-bd5cfcf36af4.jpg", "bboxes": [0.49475177304964546, 0.41517730496453903, 0.8446335697399526, 0.8300709219858156], "class": 2}