{"image": "d99f4740-07fc-11ef-aaac-64d2c4ecd148.jpg", "bboxes": [0.9532659932659934, 0.0, 0.9977777777777778, 0.4978451178451179], "class": 1}