{"image": "d99f4740-07fc-11ef-aaac-64d2c4ecd148.jpg", "bboxes": [0.4579124579124578, 0.43993265993265984, 0.9977777777777778, 0.9977777777777778], "class": 1}