{"image": "d99f4740-07fc-11ef-aaac-64d2c4ecd148.jpg", "bboxes": [0.0, 0.46437710437710433, 0.35117845117845115, 1.0], "class": 1}