{"image": "d99f4740-07fc-11ef-aaac-64d2c4ecd148.jpg", "bboxes": [0.7999326599326599, 0.0, 0.9977777777777778, 0.7534006734006735], "class": 1}