{"image": "d99f4740-07fc-11ef-aaac-64d2c4ecd148.jpg", "bboxes": [0.43569023569023557, 0.0, 1.0, 0.6756228956228957], "class": 1}