{"image": "d99f4740-07fc-11ef-aaac-64d2c4ecd148.jpg", "bboxes": [0.2556902356902355, 0.0, 1.0, 0.8534006734006735], "class": 1}