{"image": "d99f4740-07fc-11ef-aaac-64d2c4ecd148.jpg", "bboxes": [0.0, 0.19326599326599325, 0.5465319865319866, 0.9977777777777778], "class": 1}