{"image": "d99f4740-07fc-11ef-aaac-64d2c4ecd148.jpg", "bboxes": [0.35124579124579114, 0.0, 1.0, 0.6534006734006734], "class": 1}