{"image": "d99f4740-07fc-11ef-aaac-64d2c4ecd148.jpg", "bboxes": [0.3534680134680134, 0.0, 1.0, 0.5422895622895624], "class": 1}