{"image": "d99f4740-07fc-11ef-aaac-64d2c4ecd148.jpg", "bboxes": [0.0022222222222222365, 0.3288215488215488, 0.8134006734006733, 0.9977777777777778], "class": 1}