{"image": "d99f4740-07fc-11ef-aaac-64d2c4ecd148.jpg", "bboxes": [0.6310437710437711, 0.0, 1.0, 0.9067340067340068], "class": 1}