{"image": "d99f4740-07fc-11ef-aaac-64d2c4ecd148.jpg", "bboxes": [0.9932659932659933, 0.03690235690235698, 1.0, 1.0], "class": 1}