{"image": "d99f4740-07fc-11ef-aaac-64d2c4ecd148.jpg", "bboxes": [0.0, 0.571043771043771, 0.3311784511784511, 1.0], "class": 1}