{"image": "d99f4740-07fc-11ef-aaac-64d2c4ecd148.jpg", "bboxes": [0.0021548821548822163, 0.0, 0.8843097643097644, 0.6356228956228956], "class": 1}