{"image": "d99f4740-07fc-11ef-aaac-64d2c4ecd148.jpg", "bboxes": [0.0022222222222222365, 0.004377104377104257, 0.4734006734006734, 0.9875420875420875], "class": 1}