{"image": "d99f4740-07fc-11ef-aaac-64d2c4ecd148.jpg", "bboxes": [0.0, 0.5665993265993265, 0.5398653198653199, 1.0], "class": 1}