{"image": "d99f4740-07fc-11ef-aaac-64d2c4ecd148.jpg", "bboxes": [0.7554882154882155, 0.40215488215488204, 0.9977777777777778, 0.9977777777777778], "class": 1}