{"image": "d99f4740-07fc-11ef-aaac-64d2c4ecd148.jpg", "bboxes": [0.3510437710437711, 0.0, 1.0, 0.9808754208754208], "class": 1}