{"image": "d99f4740-07fc-11ef-aaac-64d2c4ecd148.jpg", "bboxes": [0.05569023569023557, 0.25771043771043767, 0.9378451178451178, 0.9977777777777778], "class": 1}