{"image": "d99f4740-07fc-11ef-aaac-64d2c4ecd148.jpg", "bboxes": [0.5754882154882156, 0.3599326599326599, 0.9977777777777778, 0.9977777777777778], "class": 1}