{"image": "d99f4740-07fc-11ef-aaac-64d2c4ecd148.jpg", "bboxes": [0.0022222222222222365, 0.39104377104377097, 0.16895622895622886, 0.9977777777777778], "class": 1}