{"image": "d99f4740-07fc-11ef-aaac-64d2c4ecd148.jpg", "bboxes": [0.5577104377104378, 0.004377104377104257, 0.9977777777777778, 0.9875420875420875], "class": 1}