{"image": "d99f4740-07fc-11ef-aaac-64d2c4ecd148.jpg", "bboxes": [0.08902356902356891, 0.13771043771043767, 0.9711784511784511, 0.9977777777777778], "class": 1}