{"image": "d99f4740-07fc-11ef-aaac-64d2c4ecd148.jpg", "bboxes": [0.7021548821548822, 0.42215488215488206, 1.0, 1.0], "class": 1}