{"image": "d99f4740-07fc-11ef-aaac-64d2c4ecd148.jpg", "bboxes": [0.0, 0.19104377104377102, 0.74006734006734, 1.0], "class": 1}