{"image": "d99f4740-07fc-11ef-aaac-64d2c4ecd148.jpg", "bboxes": [0.0022222222222222365, 0.0, 0.8467340067340067, 0.5511784511784512], "class": 1}