{"image": "d99f4740-07fc-11ef-aaac-64d2c4ecd148.jpg", "bboxes": [0.45346801346801335, 0.3554882154882154, 1.0, 1.0], "class": 1}