{"image": "d99f4740-07fc-11ef-aaac-64d2c4ecd148.jpg", "bboxes": [0.5801346801346801, 0.0, 1.0, 0.49340067340067345], "class": 1}