{"image": "d99f4740-07fc-11ef-aaac-64d2c4ecd148.jpg", "bboxes": [0.0, 0.3488215488215488, 0.5554208754208756, 1.0], "class": 1}