{"image": "d99f4740-07fc-11ef-aaac-64d2c4ecd148.jpg", "bboxes": [0.0, 0.3688215488215487, 0.18895622895622888, 1.0], "class": 1}