{"image": "d99f4740-07fc-11ef-aaac-64d2c4ecd148.jpg", "bboxes": [0.5732659932659934, 0.0, 1.0, 0.8978451178451179], "class": 1}