{"image": "d9f667c8-07fc-11ef-aaac-64d2c4ecd148.jpg", "bboxes": [0.0, 0.5062626262626262, 0.3196632996632994, 1.0], "class": 1}