{"image": "d9f667c8-07fc-11ef-aaac-64d2c4ecd148.jpg", "bboxes": [0.47185185185185163, 0.37070707070707065, 0.9977777777777778, 0.9977777777777778], "class": 1}