{"image": "d9f667c8-07fc-11ef-aaac-64d2c4ecd148.jpg", "bboxes": [0.4874074074074073, 0.0, 0.9977777777777778, 0.9381818181818182], "class": 1}