{"image": "d9f667c8-07fc-11ef-aaac-64d2c4ecd148.jpg", "bboxes": [0.03367003367003387, 0.0, 0.925925925925926, 0.5181818181818182], "class": 1}