{"image": "d9f667c8-07fc-11ef-aaac-64d2c4ecd148.jpg", "bboxes": [0.6847811447811449, 0.0, 0.9977777777777778, 0.7537373737373737], "class": 1}