{"image": "d9f667c8-07fc-11ef-aaac-64d2c4ecd148.jpg", "bboxes": [0.0, 0.06626262626262625, 0.7174410774410773, 1.0], "class": 1}