{"image": "d9f667c8-07fc-11ef-aaac-64d2c4ecd148.jpg", "bboxes": [0.1670033670033672, 0.5373737373737373, 1.0, 1.0], "class": 1}