{"image": "d9f667c8-07fc-11ef-aaac-64d2c4ecd148.jpg", "bboxes": [0.0, 0.4129292929292929, 0.535218855218855, 1.0], "class": 1}