{"image": "d9f667c8-07fc-11ef-aaac-64d2c4ecd148.jpg", "bboxes": [0.26033670033670053, 0.0, 1.0, 0.46262626262626266], "class": 1}