{"image": "d9f667c8-07fc-11ef-aaac-64d2c4ecd148.jpg", "bboxes": [0.2958922558922561, 0.0, 0.9977777777777778, 0.9648484848484848], "class": 1}