{"image": "d9f667c8-07fc-11ef-aaac-64d2c4ecd148.jpg", "bboxes": [0.0, 0.25737373737373737, 0.45299663299663284, 1.0], "class": 1}