{"image": "d9f667c8-07fc-11ef-aaac-64d2c4ecd148.jpg", "bboxes": [0.875892255892256, 0.5307070707070707, 1.0, 1.0], "class": 1}