{"image": "d9f667c8-07fc-11ef-aaac-64d2c4ecd148.jpg", "bboxes": [0.3607407407407406, 0.010707070707070665, 1.0, 1.0], "class": 1}