{"image": "d9f667c8-07fc-11ef-aaac-64d2c4ecd148.jpg", "bboxes": [0.384781144781145, 0.008484848484848428, 1.0, 0.9983838383838383], "class": 1}