{"image": "d9f667c8-07fc-11ef-aaac-64d2c4ecd148.jpg", "bboxes": [0.6092255892255894, 0.4551515151515151, 1.0, 1.0], "class": 1}