{"image": "d9f667c8-07fc-11ef-aaac-64d2c4ecd148.jpg", "bboxes": [0.0, 0.47292929292929287, 0.5570370370370372, 0.9977777777777778], "class": 1}