{"image": "d9f667c8-07fc-11ef-aaac-64d2c4ecd148.jpg", "bboxes": [0.7558922558922561, 0.5129292929292929, 1.0, 1.0], "class": 1}