{"image": "d9f667c8-07fc-11ef-aaac-64d2c4ecd148.jpg", "bboxes": [0.6092255892255894, 0.0, 0.9977777777777778, 0.5870707070707071], "class": 1}