{"image": "d9f667c8-07fc-11ef-aaac-64d2c4ecd148.jpg", "bboxes": [0.28478114478114497, 0.02626262626262621, 1.0, 1.0], "class": 1}