{"image": "d9f667c8-07fc-11ef-aaac-64d2c4ecd148.jpg", "bboxes": [0.6114478114478117, 0.284040404040404, 0.9977777777777778, 0.9977777777777778], "class": 1}