{"image": "d9f667c8-07fc-11ef-aaac-64d2c4ecd148.jpg", "bboxes": [0.0, 0.0, 0.12188552188552171, 0.9872727272727272], "class": 1}