{"image": "d9f667c8-07fc-11ef-aaac-64d2c4ecd148.jpg", "bboxes": [0.0, 0.19959595959595955, 0.7503703703703706, 1.0], "class": 1}