{"image": "d9f667c8-07fc-11ef-aaac-64d2c4ecd148.jpg", "bboxes": [0.0, 0.0018181818181818299, 0.06410774410774389, 0.9917171717171717], "class": 1}