{"image": "d9f667c8-07fc-11ef-aaac-64d2c4ecd148.jpg", "bboxes": [0.0022222222222222365, 0.15070707070707065, 0.7174410774410773, 0.9977777777777778], "class": 1}