{"image": "d9f667c8-07fc-11ef-aaac-64d2c4ecd148.jpg", "bboxes": [0.12033670033670053, 0.02828282828282836, 1.0, 1.0], "class": 1}