{"image": "d9f667c8-07fc-11ef-aaac-64d2c4ecd148.jpg", "bboxes": [0.19367003367003388, 0.0, 1.0, 0.6492929292929293], "class": 1}