{"image": "d9f667c8-07fc-11ef-aaac-64d2c4ecd148.jpg", "bboxes": [0.8092255892255894, 0.4107070707070707, 0.9977777777777778, 0.9977777777777778], "class": 1}