{"image": "d9f667c8-07fc-11ef-aaac-64d2c4ecd148.jpg", "bboxes": [0.45589225589225607, 0.2795959595959596, 1.0, 1.0], "class": 1}