{"image": "d9f667c8-07fc-11ef-aaac-64d2c4ecd148.jpg", "bboxes": [0.0022222222222222365, 0.0951515151515151, 0.08632996632996615, 0.9977777777777778], "class": 1}