{"image": "d9f667c8-07fc-11ef-aaac-64d2c4ecd148.jpg", "bboxes": [0.9403367003367006, 0.4884848484848485, 0.9977777777777778, 0.9977777777777778], "class": 1}