{"image": "d9f667c8-07fc-11ef-aaac-64d2c4ecd148.jpg", "bboxes": [0.15367003367003387, 0.0022222222222222365, 0.9977777777777778, 0.9650505050505048], "class": 1}