{"image": "d9f667c8-07fc-11ef-aaac-64d2c4ecd148.jpg", "bboxes": [0.504781144781145, 0.0, 0.9977777777777778, 0.5715151515151515], "class": 1}