{"image": "d9f667c8-07fc-11ef-aaac-64d2c4ecd148.jpg", "bboxes": [0.9336700336700339, 0.3662626262626263, 1.0, 1.0], "class": 1}