{"image": "d9f667c8-07fc-11ef-aaac-64d2c4ecd148.jpg", "bboxes": [0.7914478114478116, 0.006060606060606138, 0.9977777777777778, 0.9959595959595959], "class": 1}