{"image": "d9f667c8-07fc-11ef-aaac-64d2c4ecd148.jpg", "bboxes": [0.46033670033670054, 0.0, 1.0, 0.9137373737373737], "class": 1}