{"image": "d9f667c8-07fc-11ef-aaac-64d2c4ecd148.jpg", "bboxes": [0.0, 0.1395959595959596, 0.6392592592592594, 1.0], "class": 1}