{"image": "d9f667c8-07fc-11ef-aaac-64d2c4ecd148.jpg", "bboxes": [0.824781144781145, 0.0, 1.0, 0.7181818181818181], "class": 1}