{"image": "da470d90-07fc-11ef-aaac-64d2c4ecd148.jpg", "bboxes": [0.0, 0.14390572390572387, 0.38269360269360275, 1.0], "class": 1}