{"image": "da470d90-07fc-11ef-aaac-64d2c4ecd148.jpg", "bboxes": [0.12397306397306385, 0.15016835016835023, 0.9286868686868689, 1.0], "class": 1}