{"image": "da470d90-07fc-11ef-aaac-64d2c4ecd148.jpg", "bboxes": [0.031313131313131126, 0.0, 0.8360269360269361, 0.664983164983165], "class": 1}