{"image": "da470d90-07fc-11ef-aaac-64d2c4ecd148.jpg", "bboxes": [0.29508417508417506, 0.0, 1.0, 0.7316498316498317], "class": 1}