{"image": "da470d90-07fc-11ef-aaac-64d2c4ecd148.jpg", "bboxes": [0.2690909090909089, 0.08835016835016829, 1.0, 1.0], "class": 1}