{"image": "da470d90-07fc-11ef-aaac-64d2c4ecd148.jpg", "bboxes": [0.6335353535353534, 0.030168350168350237, 1.0, 0.9560942760942761], "class": 1}