{"image": "da470d90-07fc-11ef-aaac-64d2c4ecd148.jpg", "bboxes": [0.35286195286195277, 0.056835016835016905, 1.0, 0.9827609427609427], "class": 1}