{"image": "da470d90-07fc-11ef-aaac-64d2c4ecd148.jpg", "bboxes": [0.14841750841750834, 0.0, 0.9531313131313133, 0.7183164983164984], "class": 1}