{"image": "da470d90-07fc-11ef-aaac-64d2c4ecd148.jpg", "bboxes": [0.0884175084175084, 0.31501683501683503, 0.8931313131313133, 0.9977777777777778], "class": 1}