{"image": "da470d90-07fc-11ef-aaac-64d2c4ecd148.jpg", "bboxes": [0.07063973063973061, 0.28835016835016836, 0.8753535353535356, 0.9977777777777778], "class": 1}