{"image": "da470d90-07fc-11ef-aaac-64d2c4ecd148.jpg", "bboxes": [0.46242424242424224, 0.0022222222222222365, 0.9977777777777778, 0.9076094276094275], "class": 1}