{"image": "da470d90-07fc-11ef-aaac-64d2c4ecd148.jpg", "bboxes": [0.5373063973063972, 0.0, 1.0, 0.5583164983164983], "class": 1}