{"image": "da470d90-07fc-11ef-aaac-64d2c4ecd148.jpg", "bboxes": [0.8224242424242423, 0.39057239057239057, 1.0, 1.0], "class": 1}