{"image": "da470d90-07fc-11ef-aaac-64d2c4ecd148.jpg", "bboxes": [0.0022222222222222365, 0.3372390572390572, 0.5331313131313133, 0.9977777777777778], "class": 1}