{"image": "da470d90-07fc-11ef-aaac-64d2c4ecd148.jpg", "bboxes": [0.0, 0.15016835016835023, 0.6093602693602694, 0.9977777777777778], "class": 1}