{"image": "da470d90-07fc-11ef-aaac-64d2c4ecd148.jpg", "bboxes": [0.08175084175084169, 0.3727946127946128, 0.8864646464646466, 0.9977777777777778], "class": 1}