{"image": "da470d90-07fc-11ef-aaac-64d2c4ecd148.jpg", "bboxes": [0.04020202020202002, 0.0, 0.844915824915825, 0.6938720538720539], "class": 1}