{"image": "da470d90-07fc-11ef-aaac-64d2c4ecd148.jpg", "bboxes": [0.4373063973063972, 0.20835016835016829, 1.0, 1.0], "class": 1}