{"image": "da470d90-07fc-11ef-aaac-64d2c4ecd148.jpg", "bboxes": [0.0, 0.06794612794612802, 0.42936026936026944, 0.9938720538720539], "class": 1}