{"image": "da470d90-07fc-11ef-aaac-64d2c4ecd148.jpg", "bboxes": [0.5846464646464644, 0.335016835016835, 1.0, 1.0], "class": 1}