{"image": "da470d90-07fc-11ef-aaac-64d2c4ecd148.jpg", "bboxes": [0.2890909090909089, 0.08794612794612801, 1.0, 1.0], "class": 1}