{"image": "da470d90-07fc-11ef-aaac-64d2c4ecd148.jpg", "bboxes": [0.0017508417508417251, 0.24612794612794608, 0.8064646464646467, 1.0], "class": 1}