{"image": "da470d90-07fc-11ef-aaac-64d2c4ecd148.jpg", "bboxes": [0.12397306397306385, 0.0, 0.9286868686868689, 0.6738720538720538], "class": 1}