{"image": "da470d90-07fc-11ef-aaac-64d2c4ecd148.jpg", "bboxes": [0.26397306397306386, 0.08612794612794616, 1.0, 1.0], "class": 1}