{"image": "da470d90-07fc-11ef-aaac-64d2c4ecd148.jpg", "bboxes": [0.7290909090909089, 0.03461279461279468, 0.9977777777777778, 0.9605387205387206], "class": 1}