{"image": "da470d90-07fc-11ef-aaac-64d2c4ecd148.jpg", "bboxes": [0.6290909090909089, 0.19279461279461274, 1.0, 1.0], "class": 1}