{"image": "da470d90-07fc-11ef-aaac-64d2c4ecd148.jpg", "bboxes": [0.0, 0.10390572390572395, 0.7175757575757578, 1.0], "class": 1}