{"image": "da470d90-07fc-11ef-aaac-64d2c4ecd148.jpg", "bboxes": [0.0, 0.5127946127946128, 0.07757575757575774, 1.0], "class": 1}