{"image": "da470d90-07fc-11ef-aaac-64d2c4ecd148.jpg", "bboxes": [0.5046464646464645, 0.0, 0.9977777777777778, 0.5827609427609428], "class": 1}