{"image": "da470d90-07fc-11ef-aaac-64d2c4ecd148.jpg", "bboxes": [0.9535353535353533, 0.1168350168350169, 1.0, 1.0], "class": 1}