{"image": "da470d90-07fc-11ef-aaac-64d2c4ecd148.jpg", "bboxes": [0.0, 0.0657239057239058, 0.25535353535353555, 0.9916498316498317], "class": 1}