{"image": "da470d90-07fc-11ef-aaac-64d2c4ecd148.jpg", "bboxes": [0.5490909090909089, 0.0, 0.9977777777777778, 0.6938720538720539], "class": 1}