{"image": "da470d90-07fc-11ef-aaac-64d2c4ecd148.jpg", "bboxes": [0.0, 0.0022222222222222365, 0.7826936026936028, 0.8653872053872054], "class": 1}