{"image": "da470d90-07fc-11ef-aaac-64d2c4ecd148.jpg", "bboxes": [0.0022222222222222365, 0.40168350168350164, 0.3775757575757578, 0.9977777777777778], "class": 1}