{"image": "da470d90-07fc-11ef-aaac-64d2c4ecd148.jpg", "bboxes": [0.6239730639730638, 0.095016835016835, 1.0, 1.0], "class": 1}