{"image": "da470d90-07fc-11ef-aaac-64d2c4ecd148.jpg", "bboxes": [0.7846464646464645, 0.003905723905723857, 1.0, 0.9298316498316498], "class": 1}