{"image": "da470d90-07fc-11ef-aaac-64d2c4ecd148.jpg", "bboxes": [0.0, 0.4239057239057239, 0.4975757575757578, 1.0], "class": 1}