{"image": "da470d90-07fc-11ef-aaac-64d2c4ecd148.jpg", "bboxes": [0.5928619528619528, 0.3372390572390572, 0.9977777777777778, 0.9977777777777778], "class": 1}