{"image": "da470d90-07fc-11ef-aaac-64d2c4ecd148.jpg", "bboxes": [0.0, 0.3039057239057239, 0.08424242424242445, 1.0], "class": 1}