{"image": "da470d90-07fc-11ef-aaac-64d2c4ecd148.jpg", "bboxes": [0.2557575757575756, 0.4794612794612794, 0.9977777777777778, 0.9977777777777778], "class": 1}