{"image": "da470d90-07fc-11ef-aaac-64d2c4ecd148.jpg", "bboxes": [0.35353535353535337, 0.11946127946127949, 0.9977777777777778, 0.9977777777777778], "class": 1}