{"image": "da470d90-07fc-11ef-aaac-64d2c4ecd148.jpg", "bboxes": [0.26841750841750833, 0.0, 0.9977777777777778, 0.7027609427609428], "class": 1}