{"image": "da470d90-07fc-11ef-aaac-64d2c4ecd148.jpg", "bboxes": [0.11508417508417501, 0.0022222222222222365, 0.91979797979798, 0.8653872053872054], "class": 1}