{"image": "da470d90-07fc-11ef-aaac-64d2c4ecd148.jpg", "bboxes": [0.0, 0.2727946127946128, 0.6464646464646466, 1.0], "class": 1}