{"image": "da470d90-07fc-11ef-aaac-64d2c4ecd148.jpg", "bboxes": [0.2179797979797978, 0.0022222222222222365, 0.9977777777777778, 0.8609427609427609], "class": 1}