{"image": "da470d90-07fc-11ef-aaac-64d2c4ecd148.jpg", "bboxes": [0.3795286195286195, 0.0, 1.0, 0.6872053872053873], "class": 1}