{"image": "da470d90-07fc-11ef-aaac-64d2c4ecd148.jpg", "bboxes": [0.0022222222222222365, 0.11239057239057246, 0.3153535353535355, 0.9977777777777778], "class": 1}