{"image": "da470d90-07fc-11ef-aaac-64d2c4ecd148.jpg", "bboxes": [0.15575757575757557, 0.33946127946127946, 0.9604713804713806, 0.9977777777777778], "class": 1}