{"image": "da470d90-07fc-11ef-aaac-64d2c4ecd148.jpg", "bboxes": [0.8402020202020201, 0.2772390572390572, 0.9977777777777778, 0.9977777777777778], "class": 1}