{"image": "da470d90-07fc-11ef-aaac-64d2c4ecd148.jpg", "bboxes": [0.35575757575757555, 0.0, 0.9977777777777778, 0.564983164983165], "class": 1}