{"image": "da470d90-07fc-11ef-aaac-64d2c4ecd148.jpg", "bboxes": [0.12175084175084172, 0.23723905723905725, 0.9264646464646467, 0.9977777777777778], "class": 1}