{"image": "da98748c-07fc-11ef-aaac-64d2c4ecd148.jpg", "bboxes": [0.8027609427609428, 0.45279461279461275, 1.0, 1.0], "class": 1}