{"image": "da98748c-07fc-11ef-aaac-64d2c4ecd148.jpg", "bboxes": [0.0, 0.028350168350168348, 0.7781144781144783, 0.9239730639730639], "class": 1}