{"image": "da98748c-07fc-11ef-aaac-64d2c4ecd148.jpg", "bboxes": [0.25831649831649833, 0.08835016835016829, 1.0, 0.9839730639730639], "class": 1}