{"image": "da98748c-07fc-11ef-aaac-64d2c4ecd148.jpg", "bboxes": [0.0, 0.14936026936026944, 0.8505723905723905, 1.0], "class": 1}