{"image": "da98748c-07fc-11ef-aaac-64d2c4ecd148.jpg", "bboxes": [0.13299663299663278, 0.0, 0.9977777777777778, 0.5805387205387206], "class": 1}