{"image": "da98748c-07fc-11ef-aaac-64d2c4ecd148.jpg", "bboxes": [0.084983164983165, 0.009360269360269437, 0.9536700336700339, 0.904983164983165], "class": 1}