{"image": "da98748c-07fc-11ef-aaac-64d2c4ecd148.jpg", "bboxes": [0.09966329966329945, 0.15279461279461282, 0.9683501683501683, 1.0], "class": 1}