{"image": "da98748c-07fc-11ef-aaac-64d2c4ecd148.jpg", "bboxes": [0.9583164983164983, 0.027138047138047214, 1.0, 0.9227609427609428], "class": 1}