{"image": "da98748c-07fc-11ef-aaac-64d2c4ecd148.jpg", "bboxes": [0.0, 0.0, 0.3936700336700339, 0.8227609427609428], "class": 1}