{"image": "da98748c-07fc-11ef-aaac-64d2c4ecd148.jpg", "bboxes": [0.7138720538720539, 0.048350168350168365, 0.9977777777777778, 0.9439730639730639], "class": 1}