{"image": "da98748c-07fc-11ef-aaac-64d2c4ecd148.jpg", "bboxes": [0.7827609427609428, 0.0, 1.0, 0.6383164983164983], "class": 1}