{"image": "da98748c-07fc-11ef-aaac-64d2c4ecd148.jpg", "bboxes": [0.14410774410774396, 0.08491582491582499, 0.9977777777777778, 0.9805387205387206], "class": 1}