{"image": "da98748c-07fc-11ef-aaac-64d2c4ecd148.jpg", "bboxes": [0.0022222222222222365, 0.10835016835016831, 0.24835016835016832, 0.9977777777777778], "class": 1}