{"image": "da98748c-07fc-11ef-aaac-64d2c4ecd148.jpg", "bboxes": [0.1463299663299661, 0.49723905723905726, 1.0, 1.0], "class": 1}