{"image": "da98748c-07fc-11ef-aaac-64d2c4ecd148.jpg", "bboxes": [0.0, 0.030572390572390584, 0.37144781144781164, 0.9261952861952861], "class": 1}