{"image": "da98748c-07fc-11ef-aaac-64d2c4ecd148.jpg", "bboxes": [0.9160942760942761, 0.017239057239057276, 0.9977777777777778, 0.9128619528619528], "class": 1}