{"image": "da98748c-07fc-11ef-aaac-64d2c4ecd148.jpg", "bboxes": [0.0022222222222222365, 0.43279461279461273, 0.16612794612794612, 0.9977777777777778], "class": 1}