{"image": "da98748c-07fc-11ef-aaac-64d2c4ecd148.jpg", "bboxes": [0.0022222222222222365, 0.05158249158249166, 0.23946127946127949, 0.9472053872053873], "class": 1}