{"image": "da98748c-07fc-11ef-aaac-64d2c4ecd148.jpg", "bboxes": [0.2285521885521884, 0.3727946127946128, 1.0, 1.0], "class": 1}