{"image": "da98748c-07fc-11ef-aaac-64d2c4ecd148.jpg", "bboxes": [0.5574410774410772, 0.018249158249158327, 0.9977777777777778, 0.9138720538720538], "class": 1}