{"image": "da98748c-07fc-11ef-aaac-64d2c4ecd148.jpg", "bboxes": [0.0022222222222222365, 0.11279461279461278, 0.15946127946127941, 0.9977777777777778], "class": 1}