{"image": "da98748c-07fc-11ef-aaac-64d2c4ecd148.jpg", "bboxes": [0.504983164983165, 0.0, 1.0, 0.6138720538720539], "class": 1}