{"image": "da98748c-07fc-11ef-aaac-64d2c4ecd148.jpg", "bboxes": [0.4241077441077439, 0.39501683501683504, 1.0, 1.0], "class": 1}