{"image": "da98748c-07fc-11ef-aaac-64d2c4ecd148.jpg", "bboxes": [0.784983164983165, 0.5172390572390573, 0.9977777777777778, 0.9977777777777778], "class": 1}