{"image": "da98748c-07fc-11ef-aaac-64d2c4ecd148.jpg", "bboxes": [0.48053872053872054, 0.0505723905723906, 0.9977777777777778, 0.9461952861952861], "class": 1}