{"image": "da98748c-07fc-11ef-aaac-64d2c4ecd148.jpg", "bboxes": [0.0, 0.42168350168350166, 0.7772390572390573, 1.0], "class": 1}