{"image": "da98748c-07fc-11ef-aaac-64d2c4ecd148.jpg", "bboxes": [0.0, 0.45946127946127946, 0.5647811447811449, 0.9977777777777778], "class": 1}