{"image": "da98748c-07fc-11ef-aaac-64d2c4ecd148.jpg", "bboxes": [0.5605387205387206, 0.4527946127946128, 0.9977777777777778, 0.9977777777777778], "class": 1}