{"image": "da98748c-07fc-11ef-aaac-64d2c4ecd148.jpg", "bboxes": [0.3574410774410772, 0.25723905723905727, 1.0, 1.0], "class": 1}