{"image": "da98748c-07fc-11ef-aaac-64d2c4ecd148.jpg", "bboxes": [0.18632996632996612, 0.375016835016835, 0.9977777777777778, 0.9977777777777778], "class": 1}