{"image": "da98748c-07fc-11ef-aaac-64d2c4ecd148.jpg", "bboxes": [0.5374410774410772, 0.0, 0.9977777777777778, 0.5760942760942761], "class": 1}