{"image": "da98748c-07fc-11ef-aaac-64d2c4ecd148.jpg", "bboxes": [0.3374410774410772, 0.4794612794612795, 1.0, 1.0], "class": 1}