{"image": "da98748c-07fc-11ef-aaac-64d2c4ecd148.jpg", "bboxes": [0.3272053872053872, 0.0, 1.0, 0.7783164983164983], "class": 1}