{"image": "da98748c-07fc-11ef-aaac-64d2c4ecd148.jpg", "bboxes": [0.2760942760942761, 0.0, 1.0, 0.7405387205387206], "class": 1}