{"image": "da98748c-07fc-11ef-aaac-64d2c4ecd148.jpg", "bboxes": [0.5596632996632995, 0.055016835016834964, 0.9977777777777778, 0.9506397306397306], "class": 1}