{"image": "da98748c-07fc-11ef-aaac-64d2c4ecd148.jpg", "bboxes": [0.8672053872053872, 0.030572390572390584, 0.9977777777777778, 0.9261952861952861], "class": 1}