{"image": "da98748c-07fc-11ef-aaac-64d2c4ecd148.jpg", "bboxes": [0.0, 0.016026936026936105, 0.6127946127946128, 0.9116498316498317], "class": 1}