{"image": "da98748c-07fc-11ef-aaac-64d2c4ecd148.jpg", "bboxes": [0.5374410774410772, 0.07057239057239051, 1.0, 0.9661952861952862], "class": 1}