{"image": "da98748c-07fc-11ef-aaac-64d2c4ecd148.jpg", "bboxes": [0.5716498316498316, 0.07279461279461275, 0.9977777777777778, 0.9684175084175083], "class": 1}