{"image": "db3b4180-07fc-11ef-aaac-64d2c4ecd148.jpg", "bboxes": [0.05326599326599335, 0.12457912457912465, 0.8781818181818183, 1.0], "class": 1}