{"image": "db3b4180-07fc-11ef-aaac-64d2c4ecd148.jpg", "bboxes": [0.2840404040404039, 0.0, 0.9977777777777778, 0.5905723905723905], "class": 1}