{"image": "db3b4180-07fc-11ef-aaac-64d2c4ecd148.jpg", "bboxes": [0.06437710437710442, 0.0, 0.8892929292929295, 0.7394612794612795], "class": 1}