{"image": "db3b4180-07fc-11ef-aaac-64d2c4ecd148.jpg", "bboxes": [0.05737373737373724, 0.14457912457912464, 0.8822895622895622, 0.9977777777777778], "class": 1}