{"image": "db3b4180-07fc-11ef-aaac-64d2c4ecd148.jpg", "bboxes": [0.9618181818181817, 0.12457912457912465, 0.9977777777777778, 0.9977777777777778], "class": 1}