{"image": "db3b4180-07fc-11ef-aaac-64d2c4ecd148.jpg", "bboxes": [0.2532659932659933, 0.3338720538720539, 0.9977777777777778, 0.9977777777777778], "class": 1}