{"image": "db3b4180-07fc-11ef-aaac-64d2c4ecd148.jpg", "bboxes": [0.7640404040404039, 0.0, 0.9977777777777778, 0.635016835016835], "class": 1}