{"image": "db3b4180-07fc-11ef-aaac-64d2c4ecd148.jpg", "bboxes": [0.0022222222222222365, 0.5027609427609427, 0.6692929292929296, 0.9977777777777778], "class": 1}