{"image": "db3b4180-07fc-11ef-aaac-64d2c4ecd148.jpg", "bboxes": [0.17993265993265994, 0.0, 1.0, 0.7794612794612794], "class": 1}