{"image": "db3b4180-07fc-11ef-aaac-64d2c4ecd148.jpg", "bboxes": [0.8218181818181817, 0.0, 1.0, 0.7816835016835016], "class": 1}