{"image": "db3b4180-07fc-11ef-aaac-64d2c4ecd148.jpg", "bboxes": [0.8440404040404039, 0.32720538720538717, 0.9977777777777778, 0.9977777777777778], "class": 1}