{"image": "db3b4180-07fc-11ef-aaac-64d2c4ecd148.jpg", "bboxes": [0.0, 0.11124579124579131, 0.7181818181818183, 1.0], "class": 1}