{"image": "db3b4180-07fc-11ef-aaac-64d2c4ecd148.jpg", "bboxes": [0.0, 0.14942760942760946, 0.07595959595959612, 1.0], "class": 1}