{"image": "db3b4180-07fc-11ef-aaac-64d2c4ecd148.jpg", "bboxes": [0.2129292929292928, 0.0, 0.9977777777777778, 0.6616835016835017], "class": 1}