{"image": "db3b4180-07fc-11ef-aaac-64d2c4ecd148.jpg", "bboxes": [0.0, 0.37609427609427615, 0.5426262626262628, 1.0], "class": 1}