{"image": "db3b4180-07fc-11ef-aaac-64d2c4ecd148.jpg", "bboxes": [0.08181818181818168, 0.0, 0.9067340067340067, 0.8931986531986531], "class": 1}