{"image": "db3b4180-07fc-11ef-aaac-64d2c4ecd148.jpg", "bboxes": [0.017373737373737236, 0.11346801346801354, 0.8422895622895622, 0.9977777777777778], "class": 1}