{"image": "db3b4180-07fc-11ef-aaac-64d2c4ecd148.jpg", "bboxes": [0.5443771043771044, 0.0, 0.9977777777777778, 0.5505723905723906], "class": 1}