{"image": "db3b4180-07fc-11ef-aaac-64d2c4ecd148.jpg", "bboxes": [0.35993265993266, 0.08680134680134687, 0.9977777777777778, 0.9977777777777778], "class": 1}