{"image": "db3b4180-07fc-11ef-aaac-64d2c4ecd148.jpg", "bboxes": [0.09104377104377115, 0.04457912457912465, 0.9159595959595961, 0.9772390572390572], "class": 1}