{"image": "db3b4180-07fc-11ef-aaac-64d2c4ecd148.jpg", "bboxes": [0.20437710437710443, 0.0, 1.0, 0.8172390572390572], "class": 1}