{"image": "db3b4180-07fc-11ef-aaac-64d2c4ecd148.jpg", "bboxes": [0.015151515151515013, 0.0, 0.84006734006734, 0.5527946127946127], "class": 1}