{"image": "db3b4180-07fc-11ef-aaac-64d2c4ecd148.jpg", "bboxes": [0.6107070707070705, 0.4360942760942761, 1.0, 1.0], "class": 1}