{"image": "db3b4180-07fc-11ef-aaac-64d2c4ecd148.jpg", "bboxes": [0.04181818181818168, 0.0, 0.8667340067340067, 0.8794612794612795], "class": 1}