{"image": "db3b4180-07fc-11ef-aaac-64d2c4ecd148.jpg", "bboxes": [0.5107070707070706, 0.0, 1.0, 0.8572390572390572], "class": 1}