{"image": "db3b4180-07fc-11ef-aaac-64d2c4ecd148.jpg", "bboxes": [0.0, 0.1960942760942761, 0.48929292929292945, 1.0], "class": 1}