{"image": "db3b4180-07fc-11ef-aaac-64d2c4ecd148.jpg", "bboxes": [0.6195959595959595, 0.0, 0.9977777777777778, 0.5705723905723905], "class": 1}