{"image": "db3b4180-07fc-11ef-aaac-64d2c4ecd148.jpg", "bboxes": [0.5488215488215489, 0.0, 0.9977777777777778, 0.6327946127946128], "class": 1}