{"image": "db3b4180-07fc-11ef-aaac-64d2c4ecd148.jpg", "bboxes": [0.2640404040404039, 0.0, 1.0, 0.5216835016835016], "class": 1}