{"image": "db3b4180-07fc-11ef-aaac-64d2c4ecd148.jpg", "bboxes": [0.8862626262626261, 0.0, 0.9977777777777778, 0.5261279461279461], "class": 1}