{"image": "db3b4180-07fc-11ef-aaac-64d2c4ecd148.jpg", "bboxes": [0.0, 0.36942760942760944, 0.4026262626262628, 1.0], "class": 1}