{"image": "db3b4180-07fc-11ef-aaac-64d2c4ecd148.jpg", "bboxes": [0.8484848484848484, 0.0, 1.0, 0.5883501683501683], "class": 1}