{"image": "db3b4180-07fc-11ef-aaac-64d2c4ecd148.jpg", "bboxes": [0.735151515151515, 0.0, 1.0, 0.6839057239057239], "class": 1}