{"image": "db3b4180-07fc-11ef-aaac-64d2c4ecd148.jpg", "bboxes": [0.15070707070707057, 0.0, 0.9756228956228956, 0.5794612794612795], "class": 1}