{"image": "db3b4180-07fc-11ef-aaac-64d2c4ecd148.jpg", "bboxes": [0.0, 0.47164983164983165, 0.6692929292929295, 1.0], "class": 1}