{"image": "db3b4180-07fc-11ef-aaac-64d2c4ecd148.jpg", "bboxes": [0.1729292929292928, 0.031245791245791313, 0.9977777777777778, 0.9639057239057239], "class": 1}