{"image": "db3b4180-07fc-11ef-aaac-64d2c4ecd148.jpg", "bboxes": [0.6888215488215489, 0.0, 1.0, 0.5394612794612794], "class": 1}