{"image": "db3b4180-07fc-11ef-aaac-64d2c4ecd148.jpg", "bboxes": [0.5529292929292928, 0.49164983164983167, 0.9977777777777778, 0.9977777777777778], "class": 1}