{"image": "db3b4180-07fc-11ef-aaac-64d2c4ecd148.jpg", "bboxes": [0.19959595959595947, 0.17609427609427608, 1.0, 1.0], "class": 1}