{"image": "db3b4180-07fc-11ef-aaac-64d2c4ecd148.jpg", "bboxes": [0.5484848484848484, 0.0, 0.9977777777777778, 0.8683501683501683], "class": 1}