{"image": "db3b4180-07fc-11ef-aaac-64d2c4ecd148.jpg", "bboxes": [0.9484848484848484, 0.2983164983164983, 1.0, 1.0], "class": 1}