{"image": "db3b4180-07fc-11ef-aaac-64d2c4ecd148.jpg", "bboxes": [0.6754882154882156, 0.12498316498316497, 1.0, 1.0], "class": 1}