{"image": "db3b4180-07fc-11ef-aaac-64d2c4ecd148.jpg", "bboxes": [0.0, 0.3227609427609428, 0.6578451178451178, 0.9977777777777778], "class": 1}