{"image": "db3b4180-07fc-11ef-aaac-64d2c4ecd148.jpg", "bboxes": [0.6510437710437711, 0.004983164983164978, 1.0, 0.9376430976430976], "class": 1}