{"image": "db3b4180-07fc-11ef-aaac-64d2c4ecd148.jpg", "bboxes": [0.5684848484848484, 0.2272053872053872, 1.0, 1.0], "class": 1}