{"image": "db3b4180-07fc-11ef-aaac-64d2c4ecd148.jpg", "bboxes": [0.635151515151515, 0.23831649831649837, 0.9977777777777778, 0.9977777777777778], "class": 1}