{"image": "db3b4180-07fc-11ef-aaac-64d2c4ecd148.jpg", "bboxes": [0.8284848484848484, 0.284983164983165, 1.0, 1.0], "class": 1}