{"image": "db3b4180-07fc-11ef-aaac-64d2c4ecd148.jpg", "bboxes": [0.7329292929292928, 0.1894276094276094, 0.9977777777777778, 0.9977777777777778], "class": 1}