{"image": "db3b4180-07fc-11ef-aaac-64d2c4ecd148.jpg", "bboxes": [0.0, 0.4694276094276094, 0.4134006734006733, 1.0], "class": 1}