{"image": "db3b4180-07fc-11ef-aaac-64d2c4ecd148.jpg", "bboxes": [0.5440404040404039, 0.027205387205387233, 0.9977777777777778, 0.9598653198653198], "class": 1}