{"image": "db3b4180-07fc-11ef-aaac-64d2c4ecd148.jpg", "bboxes": [0.0, 0.0, 0.5889562289562289, 0.875016835016835], "class": 1}