{"image": "db8c83ce-07fc-11ef-aaac-64d2c4ecd148.jpg", "bboxes": [0.41037037037037055, 0.26269360269360276, 0.9977777777777778, 0.9977777777777778], "class": 1}