{"image": "db8c83ce-07fc-11ef-aaac-64d2c4ecd148.jpg", "bboxes": [0.0, 0.06491582491582504, 0.48363636363636386, 0.9942087542087541], "class": 1}