{"image": "db8c83ce-07fc-11ef-aaac-64d2c4ecd148.jpg", "bboxes": [0.0, 0.3404713804713806, 0.6436363636363639, 0.9977777777777778], "class": 1}