{"image": "db8c83ce-07fc-11ef-aaac-64d2c4ecd148.jpg", "bboxes": [0.0, 0.4738047138047139, 0.45919191919191943, 0.9977777777777778], "class": 1}