{"image": "db8c83ce-07fc-11ef-aaac-64d2c4ecd148.jpg", "bboxes": [0.44747474747474725, 0.2604713804713805, 0.9977777777777778, 0.9977777777777778], "class": 1}