{"image": "db8c83ce-07fc-11ef-aaac-64d2c4ecd148.jpg", "bboxes": [0.06148148148148165, 0.27602693602693607, 0.9436363636363638, 0.9977777777777778], "class": 1}