{"image": "db8c83ce-07fc-11ef-aaac-64d2c4ecd148.jpg", "bboxes": [0.6014814814814816, 0.0, 1.0, 0.5217508417508416], "class": 1}