{"image": "db8c83ce-07fc-11ef-aaac-64d2c4ecd148.jpg", "bboxes": [0.19037037037037055, 0.05468013468013475, 1.0, 0.9839730639730639], "class": 1}