{"image": "db8c83ce-07fc-11ef-aaac-64d2c4ecd148.jpg", "bboxes": [0.0, 0.056026936026936085, 0.7103030303030305, 0.9853198653198653], "class": 1}