{"image": "db8c83ce-07fc-11ef-aaac-64d2c4ecd148.jpg", "bboxes": [0.18814814814814831, 0.20491582491582494, 1.0, 1.0], "class": 1}