{"image": "db8c83ce-07fc-11ef-aaac-64d2c4ecd148.jpg", "bboxes": [0.0022222222222222365, 0.27380471380471383, 0.585185185185185, 0.9977777777777778], "class": 1}