{"image": "db8c83ce-07fc-11ef-aaac-64d2c4ecd148.jpg", "bboxes": [0.0022222222222222365, 0.0, 0.7318518518518519, 0.6861952861952861], "class": 1}