{"image": "db8c83ce-07fc-11ef-aaac-64d2c4ecd148.jpg", "bboxes": [0.6725925925925927, 0.36936026936026944, 0.9977777777777778, 0.9977777777777778], "class": 1}