{"image": "db8c83ce-07fc-11ef-aaac-64d2c4ecd148.jpg", "bboxes": [0.012592592592592761, 0.14579124579124586, 0.894747474747475, 1.0], "class": 1}