{"image": "db8c83ce-07fc-11ef-aaac-64d2c4ecd148.jpg", "bboxes": [0.4874747474747473, 0.0, 0.9977777777777778, 0.635084175084175], "class": 1}