{"image": "db8c83ce-07fc-11ef-aaac-64d2c4ecd148.jpg", "bboxes": [0.6659259259259261, 0.0, 0.9977777777777778, 0.6061952861952861], "class": 1}