{"image": "db8c83ce-07fc-11ef-aaac-64d2c4ecd148.jpg", "bboxes": [0.13925925925925942, 0.0, 1.0, 0.8795286195286195], "class": 1}