{"image": "db8c83ce-07fc-11ef-aaac-64d2c4ecd148.jpg", "bboxes": [0.7214814814814816, 0.36491582491582497, 0.9977777777777778, 0.9977777777777778], "class": 1}