{"image": "db8c83ce-07fc-11ef-aaac-64d2c4ecd148.jpg", "bboxes": [0.2163636363636361, 0.31380471380471386, 1.0, 1.0], "class": 1}