{"image": "db8c83ce-07fc-11ef-aaac-64d2c4ecd148.jpg", "bboxes": [0.625252525252525, 0.0, 1.0, 0.9084175084175083], "class": 1}