{"image": "db8c83ce-07fc-11ef-aaac-64d2c4ecd148.jpg", "bboxes": [0.4214814814814816, 0.01380471380471393, 0.9977777777777778, 0.9430976430976429], "class": 1}