{"image": "db8c83ce-07fc-11ef-aaac-64d2c4ecd148.jpg", "bboxes": [0.5185858585858584, 0.47824915824915837, 0.9977777777777778, 0.9977777777777778], "class": 1}