{"image": "db8c83ce-07fc-11ef-aaac-64d2c4ecd148.jpg", "bboxes": [0.9859259259259261, 0.24269360269360274, 1.0, 1.0], "class": 1}