{"image": "db8c83ce-07fc-11ef-aaac-64d2c4ecd148.jpg", "bboxes": [0.09858585858585832, 0.0791245791245792, 0.9807407407407406, 0.9977777777777778], "class": 1}