{"image": "db8c83ce-07fc-11ef-aaac-64d2c4ecd148.jpg", "bboxes": [0.15259259259259275, 0.0, 1.0, 0.8839730639730639], "class": 1}