{"image": "db8c83ce-07fc-11ef-aaac-64d2c4ecd148.jpg", "bboxes": [0.15636363636363615, 0.02713804713804724, 1.0, 0.9564309764309764], "class": 1}