{"image": "db8c83ce-07fc-11ef-aaac-64d2c4ecd148.jpg", "bboxes": [0.5052525252525251, 0.041346801346801416, 0.9977777777777778, 0.9706397306397305], "class": 1}