{"image": "db8c83ce-07fc-11ef-aaac-64d2c4ecd148.jpg", "bboxes": [0.0, 0.4226936026936028, 0.7940740740740739, 1.0], "class": 1}