{"image": "db8c83ce-07fc-11ef-aaac-64d2c4ecd148.jpg", "bboxes": [0.7259259259259261, 0.07380471380471387, 1.0, 1.0], "class": 1}