{"image": "db8c83ce-07fc-11ef-aaac-64d2c4ecd148.jpg", "bboxes": [0.0, 0.01468013468013475, 0.525185185185185, 0.9439730639730639], "class": 1}