{"image": "db8c83ce-07fc-11ef-aaac-64d2c4ecd148.jpg", "bboxes": [0.2963636363636361, 0.0, 0.9977777777777778, 0.8484175084175083], "class": 1}