{"image": "db8c83ce-07fc-11ef-aaac-64d2c4ecd148.jpg", "bboxes": [0.34370370370370384, 0.09023569023569031, 1.0, 1.0], "class": 1}