{"image": "db8c83ce-07fc-11ef-aaac-64d2c4ecd148.jpg", "bboxes": [0.6541414141414139, 0.32713804713804717, 0.9977777777777778, 0.9977777777777778], "class": 1}