{"image": "db8c83ce-07fc-11ef-aaac-64d2c4ecd148.jpg", "bboxes": [0.7237037037037038, 0.0, 1.0, 0.8595286195286195], "class": 1}