{"image": "db8c83ce-07fc-11ef-aaac-64d2c4ecd148.jpg", "bboxes": [0.9014814814814817, 0.0, 0.9977777777777778, 0.6328619528619528], "class": 1}