{"image": "db8c83ce-07fc-11ef-aaac-64d2c4ecd148.jpg", "bboxes": [0.494814814814815, 0.0, 1.0, 0.6395286195286195], "class": 1}