{"image": "db8c83ce-07fc-11ef-aaac-64d2c4ecd148.jpg", "bboxes": [0.09414141414141386, 0.0, 0.9762962962962961, 0.6239730639730638], "class": 1}