{"image": "db8c83ce-07fc-11ef-aaac-64d2c4ecd148.jpg", "bboxes": [0.0022222222222222365, 0.01690235690235697, 0.30074074074074053, 0.9461952861952861], "class": 1}