{"image": "dbde8bc4-07fc-11ef-aaac-64d2c4ecd148.jpg", "bboxes": [0.5928619528619528, 0.08936026936026942, 1.0, 1.0], "class": 1}