{"image": "dbde8bc4-07fc-11ef-aaac-64d2c4ecd148.jpg", "bboxes": [0.0, 0.19380471380471387, 0.5626936026936027, 1.0], "class": 1}