{"image": "dbde8bc4-07fc-11ef-aaac-64d2c4ecd148.jpg", "bboxes": [0.0, 0.36491582491582497, 0.4114478114478117, 1.0], "class": 1}