{"image": "dbde8bc4-07fc-11ef-aaac-64d2c4ecd148.jpg", "bboxes": [0.3039730639730639, 0.12148148148148155, 1.0, 1.0], "class": 1}