{"image": "dbde8bc4-07fc-11ef-aaac-64d2c4ecd148.jpg", "bboxes": [0.1439730639730639, 0.0, 1.0, 0.863973063973064], "class": 1}