{"image": "dbde8bc4-07fc-11ef-aaac-64d2c4ecd148.jpg", "bboxes": [0.2863299663299661, 0.3871380471380472, 1.0, 1.0], "class": 1}