{"image": "dbde8bc4-07fc-11ef-aaac-64d2c4ecd148.jpg", "bboxes": [0.0, 0.14814814814814822, 0.43144781144781164, 1.0], "class": 1}