{"image": "dbde8bc4-07fc-11ef-aaac-64d2c4ecd148.jpg", "bboxes": [0.36410774410774394, 0.504915824915825, 0.9977777777777778, 0.9977777777777778], "class": 1}