{"image": "dbde8bc4-07fc-11ef-aaac-64d2c4ecd148.jpg", "bboxes": [0.7817508417508416, 0.0, 0.9977777777777778, 0.5328619528619528], "class": 1}