{"image": "dbde8bc4-07fc-11ef-aaac-64d2c4ecd148.jpg", "bboxes": [0.0, 0.13037037037037044, 0.37144781144781164, 0.9977777777777778], "class": 1}