{"image": "dbde8bc4-07fc-11ef-aaac-64d2c4ecd148.jpg", "bboxes": [0.0329966329966328, 0.1960269360269361, 0.8915824915824917, 1.0], "class": 1}