{"image": "dbde8bc4-07fc-11ef-aaac-64d2c4ecd148.jpg", "bboxes": [0.255218855218855, 0.0, 0.9977777777777778, 0.49730639730639725], "class": 1}