{"image": "dbde8bc4-07fc-11ef-aaac-64d2c4ecd148.jpg", "bboxes": [0.5107744107744105, 0.0, 0.9977777777777778, 0.6617508417508416], "class": 1}