{"image": "dbde8bc4-07fc-11ef-aaac-64d2c4ecd148.jpg", "bboxes": [0.08175084175084167, 0.0, 0.9403367003367006, 0.8461952861952862], "class": 1}