{"image": "dbde8bc4-07fc-11ef-aaac-64d2c4ecd148.jpg", "bboxes": [0.28841750841750835, 0.0, 0.9977777777777778, 0.735084175084175], "class": 1}