{"image": "dbde8bc4-07fc-11ef-aaac-64d2c4ecd148.jpg", "bboxes": [0.40632996632996604, 0.0022222222222222365, 0.9977777777777778, 0.8407407407407407], "class": 1}