{"image": "dbde8bc4-07fc-11ef-aaac-64d2c4ecd148.jpg", "bboxes": [0.0022222222222222365, 0.02814814814814822, 0.36491582491582497, 0.9439730639730639], "class": 1}