{"image": "dbde8bc4-07fc-11ef-aaac-64d2c4ecd148.jpg", "bboxes": [0.735084175084175, 0.0, 0.9977777777777778, 0.575084175084175], "class": 1}