{"image": "dbde8bc4-07fc-11ef-aaac-64d2c4ecd148.jpg", "bboxes": [0.4239730639730639, 0.0, 0.9977777777777778, 0.6506397306397306], "class": 1}