{"image": "dbde8bc4-07fc-11ef-aaac-64d2c4ecd148.jpg", "bboxes": [0.0022222222222222365, 0.10936026936026944, 0.8182491582491583, 0.9977777777777778], "class": 1}