{"image": "dbde8bc4-07fc-11ef-aaac-64d2c4ecd148.jpg", "bboxes": [0.5107744107744105, 0.32491582491582505, 0.9977777777777778, 0.9977777777777778], "class": 1}