{"image": "dbde8bc4-07fc-11ef-aaac-64d2c4ecd148.jpg", "bboxes": [0.0, 0.09158249158249165, 0.5336700336700338, 1.0], "class": 1}