{"image": "dbde8bc4-07fc-11ef-aaac-64d2c4ecd148.jpg", "bboxes": [0.0, 0.3538047138047139, 0.6314478114478117, 0.9977777777777778], "class": 1}