{"image": "dbde8bc4-07fc-11ef-aaac-64d2c4ecd148.jpg", "bboxes": [0.0022222222222222365, 0.30491582491582503, 0.736026936026936, 0.9977777777777778], "class": 1}