{"image": "dbde8bc4-07fc-11ef-aaac-64d2c4ecd148.jpg", "bboxes": [0.4618855218855217, 0.0, 0.9977777777777778, 0.8173063973063972], "class": 1}