{"image": "dbde8bc4-07fc-11ef-aaac-64d2c4ecd148.jpg", "bboxes": [0.4307744107744106, 0.0, 0.9977777777777778, 0.863973063973064], "class": 1}