{"image": "dbde8bc4-07fc-11ef-aaac-64d2c4ecd148.jpg", "bboxes": [0.0, 0.47158249158249166, 0.3604713804713805, 1.0], "class": 1}