{"image": "dbde8bc4-07fc-11ef-aaac-64d2c4ecd148.jpg", "bboxes": [0.15521885521885503, 0.5071380471380472, 1.0, 1.0], "class": 1}