{"image": "dbde8bc4-07fc-11ef-aaac-64d2c4ecd148.jpg", "bboxes": [0.10188552188552169, 0.10148148148148156, 0.9604713804713806, 1.0], "class": 1}