{"image": "dbde8bc4-07fc-11ef-aaac-64d2c4ecd148.jpg", "bboxes": [0.0022222222222222365, 0.012592592592592666, 0.42047138047138055, 0.9284175084175084], "class": 1}