{"image": "dbde8bc4-07fc-11ef-aaac-64d2c4ecd148.jpg", "bboxes": [0.6928619528619527, 0.0, 0.9977777777777778, 0.6461952861952861], "class": 1}