{"image": "dbde8bc4-07fc-11ef-aaac-64d2c4ecd148.jpg", "bboxes": [0.1239730639730639, 0.07158249158249164, 0.9825589225589227, 0.9874074074074073], "class": 1}