{"image": "dbde8bc4-07fc-11ef-aaac-64d2c4ecd148.jpg", "bboxes": [0.8573063973063972, 0.018249158249158293, 0.9977777777777778, 0.9340740740740741], "class": 1}