{"image": "dbde8bc4-07fc-11ef-aaac-64d2c4ecd148.jpg", "bboxes": [0.23966329966329947, 0.25602693602693616, 1.0, 1.0], "class": 1}