{"image": "dbde8bc4-07fc-11ef-aaac-64d2c4ecd148.jpg", "bboxes": [0.22410774410774392, 0.3604713804713805, 0.9977777777777778, 0.9977777777777778], "class": 1}