{"image": "dbde8bc4-07fc-11ef-aaac-64d2c4ecd148.jpg", "bboxes": [0.9106397306397306, 0.1570370370370371, 0.9977777777777778, 0.9977777777777778], "class": 1}