{"image": "dbde8bc4-07fc-11ef-aaac-64d2c4ecd148.jpg", "bboxes": [0.19521885521885507, 0.5115824915824916, 1.0, 1.0], "class": 1}