{"image": "dbde8bc4-07fc-11ef-aaac-64d2c4ecd148.jpg", "bboxes": [0.9661952861952862, 0.0, 1.0, 0.8674074074074073], "class": 1}