{"image": "dbde8bc4-07fc-11ef-aaac-64d2c4ecd148.jpg", "bboxes": [0.6573063973063973, 0.4915824915824917, 0.9977777777777778, 0.9977777777777778], "class": 1}