{"image": "dbde8bc4-07fc-11ef-aaac-64d2c4ecd148.jpg", "bboxes": [0.8217508417508417, 0.007138047138047221, 1.0, 0.9229629629629629], "class": 1}