{"image": "dbde8bc4-07fc-11ef-aaac-64d2c4ecd148.jpg", "bboxes": [0.2529966329966328, 0.12047138047138051, 0.9977777777777778, 0.9977777777777778], "class": 1}