{"image": "dbde8bc4-07fc-11ef-aaac-64d2c4ecd148.jpg", "bboxes": [0.0018855218855217126, 0.01703703703703711, 0.8604713804713806, 0.9328619528619528], "class": 1}