{"image": "dbde8bc4-07fc-11ef-aaac-64d2c4ecd148.jpg", "bboxes": [0.5685521885521884, 0.1348148148148149, 0.9977777777777778, 0.9977777777777778], "class": 1}