{"image": "dbde8bc4-07fc-11ef-aaac-64d2c4ecd148.jpg", "bboxes": [0.5396632996632995, 0.0, 1.0, 0.7261952861952862], "class": 1}