{"image": "dc2ff6d0-07fc-11ef-aaac-64d2c4ecd148.jpg", "bboxes": [0.4573737373737372, 0.46491582491582495, 1.0, 1.0], "class": 1}