{"image": "dc2ff6d0-07fc-11ef-aaac-64d2c4ecd148.jpg", "bboxes": [0.28309764309764285, 0.0, 0.9977777777777778, 0.5817508417508417], "class": 1}