{"image": "dc2ff6d0-07fc-11ef-aaac-64d2c4ecd148.jpg", "bboxes": [0.08626262626262612, 0.0, 0.9280134680134683, 0.6728619528619528], "class": 1}