{"image": "dc2ff6d0-07fc-11ef-aaac-64d2c4ecd148.jpg", "bboxes": [0.5573737373737372, 0.2893602693602695, 0.9977777777777778, 0.9977777777777778], "class": 1}