{"image": "dc2ff6d0-07fc-11ef-aaac-64d2c4ecd148.jpg", "bboxes": [0.0, 0.3026936026936028, 0.6470707070707071, 1.0], "class": 1}