{"image": "dc2ff6d0-07fc-11ef-aaac-64d2c4ecd148.jpg", "bboxes": [0.0, 0.004713804713804785, 0.10262626262626273, 0.9306397306397306], "class": 1}