{"image": "dc2ff6d0-07fc-11ef-aaac-64d2c4ecd148.jpg", "bboxes": [0.0022222222222222365, 0.029360269360269475, 0.6204040404040405, 0.9552861952861952], "class": 1}