{"image": "dc2ff6d0-07fc-11ef-aaac-64d2c4ecd148.jpg", "bboxes": [0.0, 0.45158249158249164, 0.40040404040404054, 1.0], "class": 1}