{"image": "dc2ff6d0-07fc-11ef-aaac-64d2c4ecd148.jpg", "bboxes": [0.5684848484848484, 0.12026936026936035, 0.9977777777777778, 0.9977777777777778], "class": 1}