{"image": "dc2ff6d0-07fc-11ef-aaac-64d2c4ecd148.jpg", "bboxes": [0.0, 0.4693602693602694, 0.8115151515151516, 1.0], "class": 1}