{"image": "dc2ff6d0-07fc-11ef-aaac-64d2c4ecd148.jpg", "bboxes": [0.0, 0.43824915824915833, 0.6791245791245795, 1.0], "class": 1}