{"image": "dc2ff6d0-07fc-11ef-aaac-64d2c4ecd148.jpg", "bboxes": [0.49198653198653175, 0.0, 1.0, 0.6039730639730639], "class": 1}