{"image": "dc2ff6d0-07fc-11ef-aaac-64d2c4ecd148.jpg", "bboxes": [0.0, 0.2582491582491583, 0.6880134680134683, 1.0], "class": 1}