{"image": "dc2ff6d0-07fc-11ef-aaac-64d2c4ecd148.jpg", "bboxes": [0.9040404040404039, 0.007138047138047221, 1.0, 0.933063973063973], "class": 1}