{"image": "dc2ff6d0-07fc-11ef-aaac-64d2c4ecd148.jpg", "bboxes": [0.0, 0.26269360269360276, 0.1004040404040405, 1.0], "class": 1}