{"image": "dc2ff6d0-07fc-11ef-aaac-64d2c4ecd148.jpg", "bboxes": [0.0, 0.16713804713804725, 0.7613468013468017, 0.9977777777777778], "class": 1}