{"image": "dc2ff6d0-07fc-11ef-aaac-64d2c4ecd148.jpg", "bboxes": [0.8907070707070706, 0.0, 0.9977777777777778, 0.5928619528619528], "class": 1}