{"image": "dc2ff6d0-07fc-11ef-aaac-64d2c4ecd148.jpg", "bboxes": [0.735151515151515, 0.14713804713804723, 1.0, 1.0], "class": 1}