{"image": "dc2ff6d0-07fc-11ef-aaac-64d2c4ecd148.jpg", "bboxes": [0.20848484848484836, 0.0, 0.9977777777777778, 0.515084175084175], "class": 1}