{"image": "dc2ff6d0-07fc-11ef-aaac-64d2c4ecd148.jpg", "bboxes": [0.0022222222222222365, 0.1582491582491583, 0.20484848484848495, 0.9977777777777778], "class": 1}