{"image": "dc2ff6d0-07fc-11ef-aaac-64d2c4ecd148.jpg", "bboxes": [0.08976430976430949, 0.0, 0.9315151515151516, 0.8397306397306397], "class": 1}