{"image": "dc2ff6d0-07fc-11ef-aaac-64d2c4ecd148.jpg", "bboxes": [0.25198653198653165, 0.06471380471380478, 0.9977777777777778, 0.9906397306397305], "class": 1}