{"image": "dc2ff6d0-07fc-11ef-aaac-64d2c4ecd148.jpg", "bboxes": [0.0022222222222222365, 0.0022222222222222365, 0.7937373737373739, 0.8397306397306398], "class": 1}