{"image": "dc2ff6d0-07fc-11ef-aaac-64d2c4ecd148.jpg", "bboxes": [0.09737373737373724, 0.0, 0.9391245791245794, 0.8839730639730639], "class": 1}