{"image": "dc2ff6d0-07fc-11ef-aaac-64d2c4ecd148.jpg", "bboxes": [0.12087542087542058, 0.0, 0.9626262626262627, 0.7995286195286194], "class": 1}