{"image": "dc2ff6d0-07fc-11ef-aaac-64d2c4ecd148.jpg", "bboxes": [0.08309764309764278, 0.0022222222222222365, 0.924848484848485, 0.8686195286195285], "class": 1}