{"image": "dc2ff6d0-07fc-11ef-aaac-64d2c4ecd148.jpg", "bboxes": [0.33070707070707056, 0.2604713804713805, 0.9977777777777778, 0.9977777777777778], "class": 1}