{"image": "dc2ff6d0-07fc-11ef-aaac-64d2c4ecd148.jpg", "bboxes": [0.02181818181818168, 0.0, 0.8635690235690239, 0.8908417508417508], "class": 1}