{"image": "dc2ff6d0-07fc-11ef-aaac-64d2c4ecd148.jpg", "bboxes": [0.0022222222222222365, 0.015824915824915894, 0.09595959595959613, 0.9417508417508417], "class": 1}