{"image": "dc2ff6d0-07fc-11ef-aaac-64d2c4ecd148.jpg", "bboxes": [0.0, 0.4115824915824916, 0.6680134680134683, 0.9977777777777778], "class": 1}