{"image": "dc2ff6d0-07fc-11ef-aaac-64d2c4ecd148.jpg", "bboxes": [0.5030976430976428, 0.0022222222222222365, 0.9977777777777778, 0.8708417508417508], "class": 1}