{"image": "dc2ff6d0-07fc-11ef-aaac-64d2c4ecd148.jpg", "bboxes": [0.06087542087542064, 0.0, 0.9026262626262628, 0.6928619528619527], "class": 1}