{"image": "dc2ff6d0-07fc-11ef-aaac-64d2c4ecd148.jpg", "bboxes": [0.755151515151515, 0.1826936026936028, 1.0, 1.0], "class": 1}