{"image": "dc2ff6d0-07fc-11ef-aaac-64d2c4ecd148.jpg", "bboxes": [0.45515151515151503, 0.0, 0.9977777777777778, 0.8928619528619528], "class": 1}