{"image": "dc2ff6d0-07fc-11ef-aaac-64d2c4ecd148.jpg", "bboxes": [0.7995959595959594, 0.029360269360269475, 0.9977777777777778, 0.9552861952861952], "class": 1}