{"image": "dc2ff6d0-07fc-11ef-aaac-64d2c4ecd148.jpg", "bboxes": [0.0, 0.264915824915825, 0.30707070707070716, 1.0], "class": 1}