{"image": "dc2ff6d0-07fc-11ef-aaac-64d2c4ecd148.jpg", "bboxes": [0.9684848484848484, 0.053804713804713855, 0.9977777777777778, 0.9797306397306397], "class": 1}