{"image": "dc2ff6d0-07fc-11ef-aaac-64d2c4ecd148.jpg", "bboxes": [0.0, 0.0022222222222222365, 0.3257912457912461, 0.9086195286195287], "class": 1}