{"image": "dc2ff6d0-07fc-11ef-aaac-64d2c4ecd148.jpg", "bboxes": [0.0022222222222222365, 0.5026936026936027, 0.5337373737373738, 0.9977777777777778], "class": 1}