{"image": "dc2ff6d0-07fc-11ef-aaac-64d2c4ecd148.jpg", "bboxes": [0.5142087542087539, 0.09824915824915836, 1.0, 1.0], "class": 1}