{"image": "dc2ff6d0-07fc-11ef-aaac-64d2c4ecd148.jpg", "bboxes": [0.44181818181818167, 0.066936026936027, 1.0, 0.9928619528619528], "class": 1}