{"image": "dc2ff6d0-07fc-11ef-aaac-64d2c4ecd148.jpg", "bboxes": [0.0022222222222222365, 0.49602693602693615, 0.4092929292929295, 0.9977777777777778], "class": 1}