{"image": "dc2ff6d0-07fc-11ef-aaac-64d2c4ecd148.jpg", "bboxes": [0.0, 0.026936026936027008, 0.5791245791245794, 0.9528619528619527], "class": 1}