{"image": "dc2ff6d0-07fc-11ef-aaac-64d2c4ecd148.jpg", "bboxes": [0.3875420875420873, 0.30491582491582503, 1.0, 1.0], "class": 1}