{"image": "dc2ff6d0-07fc-11ef-aaac-64d2c4ecd148.jpg", "bboxes": [0.0, 0.10915824915824923, 0.4870707070707072, 1.0], "class": 1}