{"image": "dc2ff6d0-07fc-11ef-aaac-64d2c4ecd148.jpg", "bboxes": [0.5395959595959594, 0.0, 1.0, 0.9195286195286194], "class": 1}