{"image": "dc2ff6d0-07fc-11ef-aaac-64d2c4ecd148.jpg", "bboxes": [0.17420875420875392, 0.05602693602693609, 1.0, 0.9819528619528619], "class": 1}