{"image": "dc2ff6d0-07fc-11ef-aaac-64d2c4ecd148.jpg", "bboxes": [0.31420875420875394, 0.14249158249158256, 0.9977777777777778, 0.9977777777777778], "class": 1}