{"image": "dc2ff6d0-07fc-11ef-aaac-64d2c4ecd148.jpg", "bboxes": [0.4818181818181817, 0.0, 1.0, 0.6061952861952861], "class": 1}