{"image": "dc2ff6d0-07fc-11ef-aaac-64d2c4ecd148.jpg", "bboxes": [0.535151515151515, 0.2782491582491583, 0.9977777777777778, 0.9977777777777778], "class": 1}