{"image": "dc2ff6d0-07fc-11ef-aaac-64d2c4ecd148.jpg", "bboxes": [0.7818181818181816, 0.0, 0.9977777777777778, 0.6284175084175083], "class": 1}