{"image": "dc812ba4-07fc-11ef-aaac-64d2c4ecd148.jpg", "bboxes": [0.49542087542087554, 0.0, 1.0, 0.8117171717171715], "class": 1}