{"image": "dc812ba4-07fc-11ef-aaac-64d2c4ecd148.jpg", "bboxes": [0.4976430976430978, 0.1127272727272729, 1.0, 1.0], "class": 1}