{"image": "dc812ba4-07fc-11ef-aaac-64d2c4ecd148.jpg", "bboxes": [0.0, 0.29272727272727295, 0.2845791245791245, 1.0], "class": 1}