{"image": "dc812ba4-07fc-11ef-aaac-64d2c4ecd148.jpg", "bboxes": [0.0, 0.006060606060606211, 0.6725252525252527, 0.9353535353535353], "class": 1}