{"image": "dc812ba4-07fc-11ef-aaac-64d2c4ecd148.jpg", "bboxes": [0.4119191919191917, 0.27494949494949517, 1.0, 1.0], "class": 1}