{"image": "dc812ba4-07fc-11ef-aaac-64d2c4ecd148.jpg", "bboxes": [0.28430976430976446, 0.0, 1.0, 0.9175757575757575], "class": 1}