{"image": "dc812ba4-07fc-11ef-aaac-64d2c4ecd148.jpg", "bboxes": [0.42969696969696947, 0.024646464646464715, 0.9977777777777778, 0.9539393939393938], "class": 1}