{"image": "dc812ba4-07fc-11ef-aaac-64d2c4ecd148.jpg", "bboxes": [0.17319865319865332, 0.0022222222222222365, 0.9947474747474749, 0.8997979797979797], "class": 1}