{"image": "dc812ba4-07fc-11ef-aaac-64d2c4ecd148.jpg", "bboxes": [0.0, 0.12909090909090917, 0.0890235690235689, 1.0], "class": 1}