{"image": "dc812ba4-07fc-11ef-aaac-64d2c4ecd148.jpg", "bboxes": [0.7265319865319867, 0.1535353535353536, 1.0, 1.0], "class": 1}