{"image": "dc812ba4-07fc-11ef-aaac-64d2c4ecd148.jpg", "bboxes": [0.3731986531986533, 0.0, 1.0, 0.8531313131313131], "class": 1}