{"image": "dc812ba4-07fc-11ef-aaac-64d2c4ecd148.jpg", "bboxes": [0.4630303030303028, 0.06020202020202027, 0.9977777777777778, 0.9894949494949493], "class": 1}