{"image": "dc812ba4-07fc-11ef-aaac-64d2c4ecd148.jpg", "bboxes": [0.0022222222222222365, 0.0749494949494951, 0.5912457912457911, 0.9977777777777778], "class": 1}