{"image": "dc812ba4-07fc-11ef-aaac-64d2c4ecd148.jpg", "bboxes": [0.0, 0.09717171717171735, 0.5436363636363639, 1.0], "class": 1}