{"image": "dc812ba4-07fc-11ef-aaac-64d2c4ecd148.jpg", "bboxes": [0.7954208754208756, 0.0, 1.0, 0.9183838383838382], "class": 1}