{"image": "dc812ba4-07fc-11ef-aaac-64d2c4ecd148.jpg", "bboxes": [0.34525252525252503, 0.0, 0.9977777777777778, 0.7294949494949493], "class": 1}