{"image": "dc812ba4-07fc-11ef-aaac-64d2c4ecd148.jpg", "bboxes": [0.5185858585858584, 0.19272727272727286, 0.9977777777777778, 0.9977777777777778], "class": 1}