{"image": "dc812ba4-07fc-11ef-aaac-64d2c4ecd148.jpg", "bboxes": [0.5185858585858584, 0.034949494949495175, 1.0, 0.9642424242424241], "class": 1}