{"image": "dc812ba4-07fc-11ef-aaac-64d2c4ecd148.jpg", "bboxes": [0.0, 0.0, 0.3591919191919194, 0.8494949494949493], "class": 1}