{"image": "dc812ba4-07fc-11ef-aaac-64d2c4ecd148.jpg", "bboxes": [0.6465319865319866, 0.0, 1.0, 0.8072727272727271], "class": 1}