{"image": "dc812ba4-07fc-11ef-aaac-64d2c4ecd148.jpg", "bboxes": [0.85986531986532, 0.3260606060606063, 1.0, 1.0], "class": 1}