{"image": "dc812ba4-07fc-11ef-aaac-64d2c4ecd148.jpg", "bboxes": [0.29764309764309776, 0.0, 1.0, 0.5650505050505049], "class": 1}