{"image": "dc812ba4-07fc-11ef-aaac-64d2c4ecd148.jpg", "bboxes": [0.1487542087542089, 0.0, 0.9703030303030306, 0.7628282828282826], "class": 1}