{"image": "dc812ba4-07fc-11ef-aaac-64d2c4ecd148.jpg", "bboxes": [0.0, 0.26161616161616175, 0.6569696969696972, 0.9977777777777778], "class": 1}