{"image": "dc812ba4-07fc-11ef-aaac-64d2c4ecd148.jpg", "bboxes": [0.37191919191919165, 0.4593939393939396, 0.9977777777777778, 0.9977777777777778], "class": 1}