{"image": "dc812ba4-07fc-11ef-aaac-64d2c4ecd148.jpg", "bboxes": [0.07191919191919172, 0.0, 0.8934680134680133, 0.7406060606060604], "class": 1}