{"image": "dc812ba4-07fc-11ef-aaac-64d2c4ecd148.jpg", "bboxes": [0.9287542087542089, 0.35939393939393965, 0.9977777777777778, 0.9977777777777778], "class": 1}