{"image": "dc812ba4-07fc-11ef-aaac-64d2c4ecd148.jpg", "bboxes": [0.4309764309764311, 0.0305050505050507, 0.9977777777777778, 0.9597979797979798], "class": 1}