{"image": "dc812ba4-07fc-11ef-aaac-64d2c4ecd148.jpg", "bboxes": [0.0, 0.21717171717171735, 0.46013468013468006, 1.0], "class": 1}