{"image": "dc812ba4-07fc-11ef-aaac-64d2c4ecd148.jpg", "bboxes": [0.10525252525252504, 0.0022222222222222365, 0.9268013468013466, 0.9153535353535353], "class": 1}