{"image": "dc812ba4-07fc-11ef-aaac-64d2c4ecd148.jpg", "bboxes": [0.7754208754208756, 0.3349494949494951, 1.0, 1.0], "class": 1}