{"image": "dc812ba4-07fc-11ef-aaac-64d2c4ecd148.jpg", "bboxes": [0.30969696969696947, 0.0, 1.0, 0.6494949494949493], "class": 1}