{"image": "dc812ba4-07fc-11ef-aaac-64d2c4ecd148.jpg", "bboxes": [0.5954208754208755, 0.1882828282828285, 1.0, 1.0], "class": 1}