{"image": "dc812ba4-07fc-11ef-aaac-64d2c4ecd148.jpg", "bboxes": [0.6709764309764311, 0.0, 1.0, 0.5006060606060604], "class": 1}