{"image": "dc812ba4-07fc-11ef-aaac-64d2c4ecd148.jpg", "bboxes": [0.38875420875420885, 0.0, 1.0, 0.7672727272727271], "class": 1}