{"image": "dc812ba4-07fc-11ef-aaac-64d2c4ecd148.jpg", "bboxes": [0.0, 0.25494949494949515, 0.3623569023569022, 1.0], "class": 1}