{"image": "dc812ba4-07fc-11ef-aaac-64d2c4ecd148.jpg", "bboxes": [0.9176430976430978, 0.3527272727272729, 0.9977777777777778, 0.9977777777777778], "class": 1}