{"image": "dc812ba4-07fc-11ef-aaac-64d2c4ecd148.jpg", "bboxes": [0.0, 0.33272727272727287, 0.74013468013468, 1.0], "class": 1}