{"image": "dc812ba4-07fc-11ef-aaac-64d2c4ecd148.jpg", "bboxes": [0.7465319865319866, 0.0, 0.9977777777777778, 0.8028282828282827], "class": 1}