{"image": "dc812ba4-07fc-11ef-aaac-64d2c4ecd148.jpg", "bboxes": [0.5541414141414139, 0.2082828282828284, 1.0, 1.0], "class": 1}