{"image": "dc812ba4-07fc-11ef-aaac-64d2c4ecd148.jpg", "bboxes": [0.15636363636363612, 0.0022222222222222365, 0.9779124579124578, 0.8509090909090908], "class": 1}