{"image": "dc812ba4-07fc-11ef-aaac-64d2c4ecd148.jpg", "bboxes": [0.0022222222222222365, 0.003838383838383974, 0.7223569023569023, 0.933131313131313], "class": 1}