{"image": "dc812ba4-07fc-11ef-aaac-64d2c4ecd148.jpg", "bboxes": [0.7754208754208756, 0.0, 0.9977777777777778, 0.7183838383838382], "class": 1}