{"image": "dc812ba4-07fc-11ef-aaac-64d2c4ecd148.jpg", "bboxes": [0.8776430976430978, 0.0, 0.9977777777777778, 0.6717171717171715], "class": 1}