{"image": "dc812ba4-07fc-11ef-aaac-64d2c4ecd148.jpg", "bboxes": [0.42653198653198665, 0.0, 0.9977777777777778, 0.7783838383838382], "class": 1}