{"image": "dc812ba4-07fc-11ef-aaac-64d2c4ecd148.jpg", "bboxes": [0.0022222222222222365, 0.10020202020202026, 0.40902356902356896, 0.9977777777777778], "class": 1}