{"image": "dc812ba4-07fc-11ef-aaac-64d2c4ecd148.jpg", "bboxes": [0.1487542087542089, 0.1135353535353536, 0.9703030303030306, 0.9977777777777778], "class": 1}