{"image": "dc812ba4-07fc-11ef-aaac-64d2c4ecd148.jpg", "bboxes": [0.0, 0.14686868686868693, 0.6814141414141417, 1.0], "class": 1}