{"image": "dcd2b4d8-07fc-11ef-aaac-64d2c4ecd148.jpg", "bboxes": [0.0, 0.0, 0.3207407407407411, 0.7584511784511785], "class": 1}