{"image": "dcd2b4d8-07fc-11ef-aaac-64d2c4ecd148.jpg", "bboxes": [0.0022222222222222365, 0.11919191919191927, 0.6954208754208755, 0.9977777777777778], "class": 1}