{"image": "dcd2b4d8-07fc-11ef-aaac-64d2c4ecd148.jpg", "bboxes": [0.0, 0.11043771043771045, 0.31851851851851887, 1.0], "class": 1}