{"image": "dcd2b4d8-07fc-11ef-aaac-64d2c4ecd148.jpg", "bboxes": [0.0, 0.45265993265993265, 0.7154208754208755, 1.0], "class": 1}