{"image": "dcd2b4d8-07fc-11ef-aaac-64d2c4ecd148.jpg", "bboxes": [0.8090235690235689, 0.03488215488215485, 0.9977777777777778, 0.9608080808080808], "class": 1}