{"image": "dcd2b4d8-07fc-11ef-aaac-64d2c4ecd148.jpg", "bboxes": [0.14235690235690224, 0.07488215488215488, 0.980740740740741, 1.0], "class": 1}