{"image": "dcd2b4d8-07fc-11ef-aaac-64d2c4ecd148.jpg", "bboxes": [0.1725925925925923, 0.2215488215488215, 1.0, 1.0], "class": 1}