{"image": "dcd2b4d8-07fc-11ef-aaac-64d2c4ecd148.jpg", "bboxes": [0.48592592592592554, 0.35932659932659927, 0.9977777777777778, 0.9977777777777778], "class": 1}