{"image": "dcd2b4d8-07fc-11ef-aaac-64d2c4ecd148.jpg", "bboxes": [0.5779124579124578, 0.0, 0.9977777777777778, 0.8895622895622896], "class": 1}