{"image": "dcd2b4d8-07fc-11ef-aaac-64d2c4ecd148.jpg", "bboxes": [0.9379124579124578, 0.26821548821548824, 1.0, 1.0], "class": 1}