{"image": "dcd2b4d8-07fc-11ef-aaac-64d2c4ecd148.jpg", "bboxes": [0.1979124579124578, 0.0, 1.0, 0.9162289562289563], "class": 1}