{"image": "dcd2b4d8-07fc-11ef-aaac-64d2c4ecd148.jpg", "bboxes": [0.11925925925925895, 0.0, 0.9576430976430977, 0.8851178451178452], "class": 1}