{"image": "dcd2b4d8-07fc-11ef-aaac-64d2c4ecd148.jpg", "bboxes": [0.3748148148148145, 0.10599326599326597, 1.0, 1.0], "class": 1}