{"image": "dcd2b4d8-07fc-11ef-aaac-64d2c4ecd148.jpg", "bboxes": [0.23925925925925895, 0.5037710437710438, 1.0, 1.0], "class": 1}