{"image": "dcd2b4d8-07fc-11ef-aaac-64d2c4ecd148.jpg", "bboxes": [0.0, 0.0, 0.4940740740740744, 0.8962289562289563], "class": 1}