{"image": "dcd2b4d8-07fc-11ef-aaac-64d2c4ecd148.jpg", "bboxes": [0.0, 0.5037710437710438, 0.8340740740740744, 0.9977777777777778], "class": 1}