{"image": "dcd2b4d8-07fc-11ef-aaac-64d2c4ecd148.jpg", "bboxes": [0.25703703703703673, 0.1837710437710438, 1.0, 1.0], "class": 1}