{"image": "dcd2b4d8-07fc-11ef-aaac-64d2c4ecd148.jpg", "bboxes": [0.0, 0.23710437710437704, 0.4962962962962966, 1.0], "class": 1}