{"image": "dcd2b4d8-07fc-11ef-aaac-64d2c4ecd148.jpg", "bboxes": [0.8379124579124578, 0.0, 0.9977777777777778, 0.8628956228956229], "class": 1}