{"image": "dcd2b4d8-07fc-11ef-aaac-64d2c4ecd148.jpg", "bboxes": [0.0, 0.0022222222222222365, 0.3340740740740744, 0.8474747474747474], "class": 1}