{"image": "dcd2b4d8-07fc-11ef-aaac-64d2c4ecd148.jpg", "bboxes": [0.0, 0.12363636363636371, 0.6362962962962966, 1.0], "class": 1}