{"image": "dcd2b4d8-07fc-11ef-aaac-64d2c4ecd148.jpg", "bboxes": [0.21481481481481446, 0.4437710437710437, 1.0, 1.0], "class": 1}