{"image": "dcd2b4d8-07fc-11ef-aaac-64d2c4ecd148.jpg", "bboxes": [0.0, 0.20154882154882148, 0.46962962962962995, 1.0], "class": 1}