{"image": "dcd2b4d8-07fc-11ef-aaac-64d2c4ecd148.jpg", "bboxes": [0.63037037037037, 0.0, 1.0, 0.5451178451178451], "class": 1}