{"image": "dcd2b4d8-07fc-11ef-aaac-64d2c4ecd148.jpg", "bboxes": [0.1414814814814811, 0.0, 0.97986531986532, 0.8473400673400674], "class": 1}