{"image": "dcd2b4d8-07fc-11ef-aaac-64d2c4ecd148.jpg", "bboxes": [0.5748148148148144, 0.0, 1.0, 0.7028956228956229], "class": 1}