{"image": "dcd2b4d8-07fc-11ef-aaac-64d2c4ecd148.jpg", "bboxes": [0.0, 0.05474747474747482, 0.6762962962962966, 0.9806734006734007], "class": 1}