{"image": "dcd2b4d8-07fc-11ef-aaac-64d2c4ecd148.jpg", "bboxes": [0.3156902356902356, 0.30154882154882157, 1.0, 1.0], "class": 1}