{"image": "dcd2b4d8-07fc-11ef-aaac-64d2c4ecd148.jpg", "bboxes": [0.4570370370370367, 0.0, 0.9977777777777778, 0.6517845117845118], "class": 1}