{"image": "dcd2b4d8-07fc-11ef-aaac-64d2c4ecd148.jpg", "bboxes": [0.6925925925925922, 0.1125252525252526, 0.9977777777777778, 0.9977777777777778], "class": 1}