{"image": "dcd2b4d8-07fc-11ef-aaac-64d2c4ecd148.jpg", "bboxes": [0.9734680134680134, 0.42821548821548816, 0.9977777777777778, 0.9977777777777778], "class": 1}