{"image": "dcd2b4d8-07fc-11ef-aaac-64d2c4ecd148.jpg", "bboxes": [0.21346801346801333, 0.0, 1.0, 0.8473400673400674], "class": 1}