{"image": "dcd2b4d8-07fc-11ef-aaac-64d2c4ecd148.jpg", "bboxes": [0.49569023569023557, 0.43932659932659934, 0.9977777777777778, 0.9977777777777778], "class": 1}