{"image": "dcd2b4d8-07fc-11ef-aaac-64d2c4ecd148.jpg", "bboxes": [0.4379124579124578, 0.30154882154882157, 0.9977777777777778, 0.9977777777777778], "class": 1}