{"image": "dcd2b4d8-07fc-11ef-aaac-64d2c4ecd148.jpg", "bboxes": [0.9712457912457911, 0.0, 0.9977777777777778, 0.9184511784511785], "class": 1}