{"image": "dcd2b4d8-07fc-11ef-aaac-64d2c4ecd148.jpg", "bboxes": [0.2548148148148145, 0.2282154882154882, 0.9977777777777778, 0.9977777777777778], "class": 1}