{"image": "dcd2b4d8-07fc-11ef-aaac-64d2c4ecd148.jpg", "bboxes": [0.4125925925925923, 0.11919191919191927, 1.0, 1.0], "class": 1}