{"image": "dcd2b4d8-07fc-11ef-aaac-64d2c4ecd148.jpg", "bboxes": [0.17124579124579112, 0.0, 0.9977777777777778, 0.7495622895622895], "class": 1}