{"image": "dcd2b4d8-07fc-11ef-aaac-64d2c4ecd148.jpg", "bboxes": [0.43569023569023557, 0.0, 0.9977777777777778, 0.7162289562289562], "class": 1}