{"image": "eef2e69e-1aaf-11ef-8c64-bd5cfcf36af4.jpg", "bboxes": [0.2226477541371159, 0.15895981087470445, 0.5559810874704492, 0.6069503546099292], "class": 2}