{"image": "eef2e69e-1aaf-11ef-8c64-bd5cfcf36af4.jpg", "bboxes": [0.09153664302600484, 0.18562647754137107, 0.424869976359338, 0.6336170212765957], "class": 2}