{"image": "eef2e69e-1aaf-11ef-8c64-bd5cfcf36af4.jpg", "bboxes": [0.2973522458628842, 0.1811820330969267, 0.6306855791962174, 0.6291725768321512], "class": 2}