{"image": "eef2e69e-1aaf-11ef-8c64-bd5cfcf36af4.jpg", "bboxes": [0.3159810874704493, 0.3952718676122932, 0.6493144208037824, 0.8432624113475178], "class": 2}