{"image": "eef2e69e-1aaf-11ef-8c64-bd5cfcf36af4.jpg", "bboxes": [0.5173522458628842, 0.35082742316784876, 0.8506855791962175, 0.7988179669030734], "class": 2}