{"image": "eef2e69e-1aaf-11ef-8c64-bd5cfcf36af4.jpg", "bboxes": [0.5795744680851064, 0.39082742316784874, 0.9129078014184396, 0.8388179669030733], "class": 2}