{"image": "eef2e69e-1aaf-11ef-8c64-bd5cfcf36af4.jpg", "bboxes": [0.39290780141843973, 0.3574940898345154, 0.726241134751773, 0.80548463356974], "class": 2}