{"image": "eef2e69e-1aaf-11ef-8c64-bd5cfcf36af4.jpg", "bboxes": [0.546241134751773, 0.1434042553191489, 0.8795744680851063, 0.5913947990543735], "class": 2}