{"image": "eef2e69e-1aaf-11ef-8c64-bd5cfcf36af4.jpg", "bboxes": [0.004869976359338168, 0.4041607565011821, 0.3382033096926713, 0.8521513002364066], "class": 2}