{"image": "eef2e69e-1aaf-11ef-8c64-bd5cfcf36af4.jpg", "bboxes": [0.002647754137115932, 0.35971631205673765, 0.3359810874704491, 0.8077068557919622], "class": 2}