{"image": "eef2e69e-1aaf-11ef-8c64-bd5cfcf36af4.jpg", "bboxes": [0.5529078014184398, 0.3708274231678488, 0.8862411347517729, 0.8188179669030733], "class": 2}