{"image": "eef2e69e-1aaf-11ef-8c64-bd5cfcf36af4.jpg", "bboxes": [0.4240189125295509, 0.17673758865248224, 0.7573522458628841, 0.6247281323877067], "class": 2}