{"image": "eef2e69e-1aaf-11ef-8c64-bd5cfcf36af4.jpg", "bboxes": [0.1582033096926715, 0.3641607565011821, 0.49153664302600464, 0.8121513002364067], "class": 2}