{"image": "eef2e69e-1aaf-11ef-8c64-bd5cfcf36af4.jpg", "bboxes": [0.0022222222222222365, 0.3641607565011821, 0.324869976359338, 0.8121513002364067], "class": 2}