{"image": "eef2e69e-1aaf-11ef-8c64-bd5cfcf36af4.jpg", "bboxes": [0.6795744680851065, 0.1678486997635933, 1.0, 0.6158392434988179], "class": 2}