{"image": "eef2e69e-1aaf-11ef-8c64-bd5cfcf36af4.jpg", "bboxes": [0.5062411347517731, 0.15673758865248222, 0.8395744680851063, 0.6047281323877068], "class": 2}