{"image": "eef2e69e-1aaf-11ef-8c64-bd5cfcf36af4.jpg", "bboxes": [0.1959810874704493, 0.16340425531914893, 0.5293144208037825, 0.6113947990543734], "class": 2}