{"image": "eef2e69e-1aaf-11ef-8c64-bd5cfcf36af4.jpg", "bboxes": [0.6640189125295509, 0.40193853427895987, 0.9973522458628841, 0.8499290780141845], "class": 2}