{"image": "eef2e69e-1aaf-11ef-8c64-bd5cfcf36af4.jpg", "bboxes": [0.29290780141843975, 0.37971631205673767, 0.626241134751773, 0.8277068557919622], "class": 2}