{"image": "eef2e69e-1aaf-11ef-8c64-bd5cfcf36af4.jpg", "bboxes": [0.655130023640662, 0.3663829787234043, 0.9884633569739952, 0.8143735224586289], "class": 2}