{"image": "eef2e69e-1aaf-11ef-8c64-bd5cfcf36af4.jpg", "bboxes": [0.6729078014184398, 0.1367375886524822, 1.0, 0.5847281323877067], "class": 2}