{"image": "eef2e69e-1aaf-11ef-8c64-bd5cfcf36af4.jpg", "bboxes": [0.3537588652482271, 0.39971631205673763, 0.6870921985815602, 0.8477068557919623], "class": 2}