{"image": "eef2e69e-1aaf-11ef-8c64-bd5cfcf36af4.jpg", "bboxes": [0.10264775413711591, 0.17229314420803776, 0.43598108747044917, 0.6202836879432623], "class": 2}