{"image": "eef2e69e-1aaf-11ef-8c64-bd5cfcf36af4.jpg", "bboxes": [0.3493144208037826, 0.36860520094562654, 0.682647754137116, 0.8165957446808512], "class": 2}