{"image": "eef2e69e-1aaf-11ef-8c64-bd5cfcf36af4.jpg", "bboxes": [0.43290780141843976, 0.40193853427895987, 0.7662411347517729, 0.8499290780141845], "class": 2}