{"image": "eef2e69e-1aaf-11ef-8c64-bd5cfcf36af4.jpg", "bboxes": [0.0515366430260048, 0.1367375886524822, 0.38486997635933806, 0.5847281323877067], "class": 2}