{"image": "eef2e69e-1aaf-11ef-8c64-bd5cfcf36af4.jpg", "bboxes": [0.08486997635933813, 0.15451536643025998, 0.4182033096926714, 0.6025059101654846], "class": 2}