{"image": "eef2e69e-1aaf-11ef-8c64-bd5cfcf36af4.jpg", "bboxes": [0.31068557919621753, 0.19673758865248225, 0.6440189125295508, 0.6447281323877068], "class": 2}