{"image": "eef2e69e-1aaf-11ef-8c64-bd5cfcf36af4.jpg", "bboxes": [0.009314420803782641, 0.14118203309692667, 0.3426477541371158, 0.5891725768321512], "class": 2}