{"image": "eef2e69e-1aaf-11ef-8c64-bd5cfcf36af4.jpg", "bboxes": [0.41290780141843975, 0.3863829787234043, 0.746241134751773, 0.8343735224586288], "class": 2}