{"image": "eef2e69e-1aaf-11ef-8c64-bd5cfcf36af4.jpg", "bboxes": [0.0, 0.373049645390071, 0.30042553191489363, 0.8210401891252955], "class": 2}