{"image": "eef2e69e-1aaf-11ef-8c64-bd5cfcf36af4.jpg", "bboxes": [0.09820330969267144, 0.13451536643025996, 0.4315366430260047, 0.5825059101654846], "class": 2}