{"image": "eef2e69e-1aaf-11ef-8c64-bd5cfcf36af4.jpg", "bboxes": [0.2862411347517731, 0.39749408983451545, 0.6195744680851063, 0.84548463356974], "class": 2}