{"image": "eef2e69e-1aaf-11ef-8c64-bd5cfcf36af4.jpg", "bboxes": [0.23375886524822712, 0.15229314420803775, 0.5670921985815602, 0.6002836879432624], "class": 2}