{"image": "eef2e69e-1aaf-11ef-8c64-bd5cfcf36af4.jpg", "bboxes": [0.24931442080378263, 0.35527186761229324, 0.5826477541371158, 0.8032624113475177], "class": 2}