{"image": "eef2e69e-1aaf-11ef-8c64-bd5cfcf36af4.jpg", "bboxes": [0.46401891252955085, 0.413049645390071, 0.7973522458628841, 0.8610401891252956], "class": 2}