{"image": "eef2e69e-1aaf-11ef-8c64-bd5cfcf36af4.jpg", "bboxes": [0.21375886524822707, 0.20118203309692662, 0.5470921985815602, 0.6491725768321512], "class": 2}