{"image": "eef2e69e-1aaf-11ef-8c64-bd5cfcf36af4.jpg", "bboxes": [0.6195744680851064, 0.1367375886524822, 0.9529078014184397, 0.5847281323877067], "class": 2}