{"image": "eef2e69e-1aaf-11ef-8c64-bd5cfcf36af4.jpg", "bboxes": [0.06931442080378258, 0.17007092198581553, 0.40264775413711584, 0.6180614657210401], "class": 2}