{"image": "eef2e69e-1aaf-11ef-8c64-bd5cfcf36af4.jpg", "bboxes": [0.27598108747044925, 0.17229314420803776, 0.6093144208037824, 0.6202836879432622], "class": 2}