{"image": "eef2e69e-1aaf-11ef-8c64-bd5cfcf36af4.jpg", "bboxes": [0.14486997635933818, 0.1678486997635933, 0.47820330969267133, 0.6158392434988179], "class": 2}