{"image": "eef2e69e-1aaf-11ef-8c64-bd5cfcf36af4.jpg", "bboxes": [0.6795744680851065, 0.19451536643026002, 0.9977777777777778, 0.6425059101654846], "class": 2}