{"image": "eef2e69e-1aaf-11ef-8c64-bd5cfcf36af4.jpg", "bboxes": [0.049314420803782566, 0.1811820330969267, 0.3826477541371158, 0.6291725768321512], "class": 2}