{"image": "eef2e69e-1aaf-11ef-8c64-bd5cfcf36af4.jpg", "bboxes": [0.5862411347517731, 0.38193853427895985, 0.9195744680851063, 0.8299290780141845], "class": 2}