{"image": "eef2e69e-1aaf-11ef-8c64-bd5cfcf36af4.jpg", "bboxes": [0.33153664302600483, 0.19451536643026002, 0.664869976359338, 0.6425059101654846], "class": 2}