{"image": "eef2e69e-1aaf-11ef-8c64-bd5cfcf36af4.jpg", "bboxes": [0.22042553191489367, 0.37749408983451543, 0.5537588652482269, 0.82548463356974], "class": 2}