{"image": "eef2e69e-1aaf-11ef-8c64-bd5cfcf36af4.jpg", "bboxes": [0.5017966903073287, 0.3619385342789599, 0.8351300236406618, 0.8099290780141845], "class": 2}