{"image": "eef2e69e-1aaf-11ef-8c64-bd5cfcf36af4.jpg", "bboxes": [0.5862411347517731, 0.19007092198581554, 0.9195744680851063, 0.6380614657210402], "class": 2}