{"image": "eef2e69e-1aaf-11ef-8c64-bd5cfcf36af4.jpg", "bboxes": [0.2995744680851064, 0.1434042553191489, 0.6329078014184396, 0.5913947990543735], "class": 2}