{"image": "eef2e69e-1aaf-11ef-8c64-bd5cfcf36af4.jpg", "bboxes": [0.08042553191489366, 0.20118203309692662, 0.4137588652482269, 0.6491725768321512], "class": 2}