{"image": "eef2e69e-1aaf-11ef-8c64-bd5cfcf36af4.jpg", "bboxes": [0.4529078014184398, 0.1878486997635933, 0.7862411347517729, 0.6358392434988178], "class": 2}