{"image": "eef2e69e-1aaf-11ef-8c64-bd5cfcf36af4.jpg", "bboxes": [0.11153664302600486, 0.41527186761229323, 0.444869976359338, 0.8632624113475178], "class": 2}