{"image": "eef2e69e-1aaf-11ef-8c64-bd5cfcf36af4.jpg", "bboxes": [0.06931442080378258, 0.393049645390071, 0.40264775413711584, 0.8410401891252955], "class": 2}