{"image": "eef2e69e-1aaf-11ef-8c64-bd5cfcf36af4.jpg", "bboxes": [0.4173522458628842, 0.15451536643025995, 0.7506855791962174, 0.6025059101654846], "class": 2}