{"image": "eef2e69e-1aaf-11ef-8c64-bd5cfcf36af4.jpg", "bboxes": [0.30709219858156034, 0.393049645390071, 0.6404255319148936, 0.8410401891252955], "class": 2}