{"image": "eef2e69e-1aaf-11ef-8c64-bd5cfcf36af4.jpg", "bboxes": [0.029314420803782548, 0.19451536643026002, 0.3626477541371158, 0.6425059101654846], "class": 2}