{"image": "eef2e69e-1aaf-11ef-8c64-bd5cfcf36af4.jpg", "bboxes": [0.1270921985815604, 0.38193853427895985, 0.46042553191489355, 0.8299290780141845], "class": 2}