{"image": "eef2e69e-1aaf-11ef-8c64-bd5cfcf36af4.jpg", "bboxes": [0.4062411347517731, 0.38860520094562656, 0.7395744680851063, 0.8365957446808511], "class": 2}