{"image": "eef2e69e-1aaf-11ef-8c64-bd5cfcf36af4.jpg", "bboxes": [0.20042553191489365, 0.15673758865248222, 0.5337588652482269, 0.6047281323877067], "class": 2}