{"image": "eef2e69e-1aaf-11ef-8c64-bd5cfcf36af4.jpg", "bboxes": [0.40846335697399533, 0.1767375886524822, 0.7417966903073285, 0.6247281323877067], "class": 2}