{"image": "eef2e69e-1aaf-11ef-8c64-bd5cfcf36af4.jpg", "bboxes": [0.3070921985815603, 0.17229314420803776, 0.6404255319148936, 0.6202836879432622], "class": 2}