{"image": "ef45763c-1aaf-11ef-9337-bd5cfcf36af4.jpg", "bboxes": [0.3470921985815604, 0.34633569739952724, 0.7868085106382979, 0.8167848699763594], "class": 2}