{"image": "ef45763c-1aaf-11ef-9337-bd5cfcf36af4.jpg", "bboxes": [0.09820330969267144, 0.20099290780141843, 0.537919621749409, 0.6714420803782506], "class": 2}