{"image": "ef45763c-1aaf-11ef-9337-bd5cfcf36af4.jpg", "bboxes": [0.5309692671394799, 0.21432624113475174, 0.9706855791962175, 0.6847754137115839], "class": 2}