{"image": "ef45763c-1aaf-11ef-9337-bd5cfcf36af4.jpg", "bboxes": [0.17375886524822703, 0.1987706855791962, 0.6134751773049646, 0.6692198581560284], "class": 2}