{"image": "ef45763c-1aaf-11ef-9337-bd5cfcf36af4.jpg", "bboxes": [0.3693144208037827, 0.1609929078014184, 0.8090307328605201, 0.6314420803782507], "class": 2}