{"image": "ef45763c-1aaf-11ef-9337-bd5cfcf36af4.jpg", "bboxes": [0.3670921985815604, 0.17210401891252947, 0.8068085106382977, 0.6425531914893616], "class": 2}