{"image": "ef45763c-1aaf-11ef-9337-bd5cfcf36af4.jpg", "bboxes": [0.13985815602836876, 0.187659574468085, 0.5795744680851063, 0.6581087470449172], "class": 2}