{"image": "ef45763c-1aaf-11ef-9337-bd5cfcf36af4.jpg", "bboxes": [0.2731914893617021, 0.15654846335697392, 0.7129078014184397, 0.6269976359338061], "class": 2}