{"image": "ef45763c-1aaf-11ef-9337-bd5cfcf36af4.jpg", "bboxes": [0.4070921985815604, 0.324113475177305, 0.8468085106382979, 0.7945626477541372], "class": 2}