{"image": "ef45763c-1aaf-11ef-9337-bd5cfcf36af4.jpg", "bboxes": [0.14709219858156042, 0.3330023640661939, 0.5868085106382979, 0.803451536643026], "class": 2}