{"image": "ef45763c-1aaf-11ef-9337-bd5cfcf36af4.jpg", "bboxes": [0.4843026004728132, 0.19210401891252948, 0.9240189125295507, 0.6625531914893616], "class": 2}