{"image": "ef45763c-1aaf-11ef-9337-bd5cfcf36af4.jpg", "bboxes": [0.1715366430260048, 0.33966903073286053, 0.6112529550827424, 0.8101182033096928], "class": 2}