{"image": "ef45763c-1aaf-11ef-9337-bd5cfcf36af4.jpg", "bboxes": [0.06709219858156035, 0.15210401891252956, 0.5068085106382979, 0.6225531914893616], "class": 2}