{"image": "ef45763c-1aaf-11ef-9337-bd5cfcf36af4.jpg", "bboxes": [0.18652482269503542, 0.18543735224586286, 0.626241134751773, 0.655886524822695], "class": 2}