{"image": "ef45763c-1aaf-11ef-9337-bd5cfcf36af4.jpg", "bboxes": [0.38874704491725764, 0.3707801418439717, 0.8284633569739952, 0.8412293144208038], "class": 2}