{"image": "ef45763c-1aaf-11ef-9337-bd5cfcf36af4.jpg", "bboxes": [0.322080378250591, 0.324113475177305, 0.7617966903073286, 0.7945626477541372], "class": 2}