{"image": "ef45763c-1aaf-11ef-9337-bd5cfcf36af4.jpg", "bboxes": [0.5376359338061465, 0.3330023640661939, 0.977352245862884, 0.803451536643026], "class": 2}