{"image": "ef45763c-1aaf-11ef-9337-bd5cfcf36af4.jpg", "bboxes": [0.1443026004728132, 0.14988179669030732, 0.5840189125295507, 0.6203309692671395], "class": 2}