{"image": "ef45763c-1aaf-11ef-9337-bd5cfcf36af4.jpg", "bboxes": [0.2604255319148937, 0.34633569739952724, 0.7001418439716313, 0.8167848699763594], "class": 2}