{"image": "ef45763c-1aaf-11ef-9337-bd5cfcf36af4.jpg", "bboxes": [0.23541371158392432, 0.3530023640661939, 0.6751300236406619, 0.8234515366430261], "class": 2}