{"image": "ef45763c-1aaf-11ef-9337-bd5cfcf36af4.jpg", "bboxes": [0.11375886524822709, 0.20765957446808503, 0.5534751773049646, 0.6781087470449172], "class": 2}