{"image": "ef45763c-1aaf-11ef-9337-bd5cfcf36af4.jpg", "bboxes": [0.17541371158392433, 0.37966903073286057, 0.6151300236406618, 0.8501182033096927], "class": 2}