{"image": "ef45763c-1aaf-11ef-9337-bd5cfcf36af4.jpg", "bboxes": [0.2470921985815604, 0.33744680851063835, 0.686808510638298, 0.8078959810874705], "class": 2}