{"image": "ef45763c-1aaf-11ef-9337-bd5cfcf36af4.jpg", "bboxes": [0.1848699763593381, 0.35966903073286055, 0.6245862884160757, 0.8301182033096928], "class": 2}