{"image": "ef45763c-1aaf-11ef-9337-bd5cfcf36af4.jpg", "bboxes": [0.08709219858156038, 0.18543735224586286, 0.5268085106382979, 0.655886524822695], "class": 2}