{"image": "ef45763c-1aaf-11ef-9337-bd5cfcf36af4.jpg", "bboxes": [0.1470921985815604, 0.1987706855791962, 0.5868085106382979, 0.6692198581560284], "class": 2}