{"image": "ef45763c-1aaf-11ef-9337-bd5cfcf36af4.jpg", "bboxes": [0.2754137115839243, 0.35078014184397166, 0.7151300236406618, 0.8212293144208038], "class": 2}