{"image": "ef45763c-1aaf-11ef-9337-bd5cfcf36af4.jpg", "bboxes": [0.5065248226950354, 0.1743262411347517, 0.946241134751773, 0.6447754137115839], "class": 2}