{"image": "ef45763c-1aaf-11ef-9337-bd5cfcf36af4.jpg", "bboxes": [0.4376359338061465, 0.2121040189125295, 0.8773522458628841, 0.6825531914893617], "class": 2}