{"image": "ef45763c-1aaf-11ef-9337-bd5cfcf36af4.jpg", "bboxes": [0.2576359338061465, 0.17210401891252947, 0.697352245862884, 0.6425531914893616], "class": 2}