{"image": "ef45763c-1aaf-11ef-9337-bd5cfcf36af4.jpg", "bboxes": [0.41763593380614655, 0.1809929078014184, 0.857352245862884, 0.6514420803782506], "class": 2}