{"image": "ef45763c-1aaf-11ef-9337-bd5cfcf36af4.jpg", "bboxes": [0.5287470449172577, 0.15654846335697392, 0.9684633569739952, 0.6269976359338061], "class": 2}