{"image": "ef45763c-1aaf-11ef-9337-bd5cfcf36af4.jpg", "bboxes": [0.3843026004728132, 0.2121040189125295, 0.8240189125295507, 0.6825531914893618], "class": 2}