{"image": "ef45763c-1aaf-11ef-9337-bd5cfcf36af4.jpg", "bboxes": [0.162080378250591, 0.18543735224586286, 0.6017966903073285, 0.655886524822695], "class": 2}