{"image": "ef45763c-1aaf-11ef-9337-bd5cfcf36af4.jpg", "bboxes": [0.3354137115839243, 0.3707801418439717, 0.7751300236406619, 0.8412293144208038], "class": 2}