{"image": "ef45763c-1aaf-11ef-9337-bd5cfcf36af4.jpg", "bboxes": [0.3293144208037826, 0.364113475177305, 0.7690307328605201, 0.8345626477541371], "class": 2}