{"image": "ef45763c-1aaf-11ef-9337-bd5cfcf36af4.jpg", "bboxes": [0.3643026004728132, 0.3663356973995272, 0.8040189125295507, 0.8367848699763594], "class": 2}