{"image": "ef45763c-1aaf-11ef-9337-bd5cfcf36af4.jpg", "bboxes": [0.30874704491725763, 0.31966903073286057, 0.7484633569739951, 0.7901182033096927], "class": 2}