{"image": "ef45763c-1aaf-11ef-9337-bd5cfcf36af4.jpg", "bboxes": [0.24430260047281321, 0.34189125295508277, 0.6840189125295507, 0.812340425531915], "class": 2}