{"image": "ef45763c-1aaf-11ef-9337-bd5cfcf36af4.jpg", "bboxes": [0.3865248226950354, 0.3152245862884161, 0.826241134751773, 0.7856737588652483], "class": 2}