{"image": "ef45763c-1aaf-11ef-9337-bd5cfcf36af4.jpg", "bboxes": [0.4465248226950354, 0.19654846335697396, 0.8862411347517729, 0.6669976359338061], "class": 2}