{"image": "ef45763c-1aaf-11ef-9337-bd5cfcf36af4.jpg", "bboxes": [0.22042553191489367, 0.20765957446808503, 0.6601418439716312, 0.6781087470449172], "class": 2}