{"image": "ef45763c-1aaf-11ef-9337-bd5cfcf36af4.jpg", "bboxes": [0.10042553191489367, 0.3574468085106383, 0.5401418439716312, 0.8278959810874705], "class": 2}