{"image": "ef45763c-1aaf-11ef-9337-bd5cfcf36af4.jpg", "bboxes": [0.27763593380614654, 0.3574468085106383, 0.717352245862884, 0.8278959810874705], "class": 2}