{"image": "ef45763c-1aaf-11ef-9337-bd5cfcf36af4.jpg", "bboxes": [0.15153664302600478, 0.32855791962174946, 0.5912529550827423, 0.7990070921985816], "class": 2}