{"image": "ef45763c-1aaf-11ef-9337-bd5cfcf36af4.jpg", "bboxes": [0.3670921985815604, 0.20321513002364067, 0.8068085106382978, 0.6736643026004727], "class": 2}