{"image": "ef45763c-1aaf-11ef-9337-bd5cfcf36af4.jpg", "bboxes": [0.3843026004728132, 0.3352245862884161, 0.8240189125295507, 0.8056737588652483], "class": 2}