{"image": "ef45763c-1aaf-11ef-9337-bd5cfcf36af4.jpg", "bboxes": [0.24486997635933816, 0.31744680851063833, 0.6845862884160756, 0.7878959810874705], "class": 2}