{"image": "ef45763c-1aaf-11ef-9337-bd5cfcf36af4.jpg", "bboxes": [0.3643026004728132, 0.21432624113475174, 0.8040189125295507, 0.6847754137115839], "class": 2}