{"image": "ef45763c-1aaf-11ef-9337-bd5cfcf36af4.jpg", "bboxes": [0.40264775413711595, 0.1987706855791962, 0.8423640661938535, 0.6692198581560284], "class": 2}