{"image": "ef45763c-1aaf-11ef-9337-bd5cfcf36af4.jpg", "bboxes": [0.3559810874704492, 0.37966903073286057, 0.7956973995271868, 0.8501182033096927], "class": 2}