{"image": "ef45763c-1aaf-11ef-9337-bd5cfcf36af4.jpg", "bboxes": [0.13153664302600476, 0.33078014184397164, 0.5712529550827423, 0.8012293144208038], "class": 2}