{"image": "ef45763c-1aaf-11ef-9337-bd5cfcf36af4.jpg", "bboxes": [0.5087470449172576, 0.34189125295508277, 0.9484633569739952, 0.812340425531915], "class": 2}