{"image": "ef45763c-1aaf-11ef-9337-bd5cfcf36af4.jpg", "bboxes": [0.10931442080378262, 0.15432624113475168, 0.5490307328605202, 0.624775413711584], "class": 2}