{"image": "ef45763c-1aaf-11ef-9337-bd5cfcf36af4.jpg", "bboxes": [0.02264775413711595, 0.18543735224586289, 0.4623640661938535, 0.655886524822695], "class": 2}