{"image": "ef45763c-1aaf-11ef-9337-bd5cfcf36af4.jpg", "bboxes": [0.14931442080378254, 0.3130023640661939, 0.5890307328605201, 0.783451536643026], "class": 2}