{"image": "ef45763c-1aaf-11ef-9337-bd5cfcf36af4.jpg", "bboxes": [0.09375886524822707, 0.364113475177305, 0.5334751773049646, 0.8345626477541371], "class": 2}