{"image": "ef45763c-1aaf-11ef-9337-bd5cfcf36af4.jpg", "bboxes": [0.21153664302600483, 0.15432624113475168, 0.6512529550827424, 0.624775413711584], "class": 2}