{"image": "ef45763c-1aaf-11ef-9337-bd5cfcf36af4.jpg", "bboxes": [0.5398581560283687, 0.20321513002364067, 0.9795744680851063, 0.6736643026004727], "class": 2}