{"image": "ef45763c-1aaf-11ef-9337-bd5cfcf36af4.jpg", "bboxes": [0.35763593380614656, 0.3530023640661939, 0.7973522458628841, 0.8234515366430261], "class": 2}