{"image": "ef45763c-1aaf-11ef-9337-bd5cfcf36af4.jpg", "bboxes": [0.1243026004728132, 0.15877068557919616, 0.5640189125295507, 0.6292198581560283], "class": 2}