{"image": "ef45763c-1aaf-11ef-9337-bd5cfcf36af4.jpg", "bboxes": [0.2715366430260048, 0.20099290780141843, 0.7112529550827423, 0.6714420803782506], "class": 2}