{"image": "ef45763c-1aaf-11ef-9337-bd5cfcf36af4.jpg", "bboxes": [0.40931442080378255, 0.33966903073286053, 0.8490307328605201, 0.8101182033096928], "class": 2}