{"image": "ef45763c-1aaf-11ef-9337-bd5cfcf36af4.jpg", "bboxes": [0.39763593380614654, 0.3263356973995272, 0.837352245862884, 0.7967848699763593], "class": 2}