{"image": "ef45763c-1aaf-11ef-9337-bd5cfcf36af4.jpg", "bboxes": [0.21820330969267143, 0.364113475177305, 0.657919621749409, 0.8345626477541371], "class": 2}