{"image": "ef45763c-1aaf-11ef-9337-bd5cfcf36af4.jpg", "bboxes": [0.23763593380614653, 0.20099290780141843, 0.6773522458628841, 0.6714420803782506], "class": 2}