{"image": "ef45763c-1aaf-11ef-9337-bd5cfcf36af4.jpg", "bboxes": [0.3443026004728132, 0.20321513002364067, 0.7840189125295507, 0.6736643026004727], "class": 2}