{"image": "ef45763c-1aaf-11ef-9337-bd5cfcf36af4.jpg", "bboxes": [0.3982033096926715, 0.3707801418439717, 0.837919621749409, 0.8412293144208038], "class": 2}