{"image": "ef95aef4-1aaf-11ef-b256-bd5cfcf36af4.jpg", "bboxes": [0.3505910165484633, 0.4307328605200946, 0.6791962174940899, 0.81725768321513], "class": 2}