{"image": "ef95aef4-1aaf-11ef-b256-bd5cfcf36af4.jpg", "bboxes": [0.2994799054373522, 0.20052009456264774, 0.6280851063829788, 0.5870449172576833], "class": 2}