{"image": "ef95aef4-1aaf-11ef-b256-bd5cfcf36af4.jpg", "bboxes": [0.5728132387706856, 0.3862884160756501, 0.9014184397163121, 0.7728132387706855], "class": 2}