{"image": "ef95aef4-1aaf-11ef-b256-bd5cfcf36af4.jpg", "bboxes": [0.33947990543735224, 0.40184397163120567, 0.6680851063829788, 0.7883687943262411], "class": 2}