{"image": "ef95aef4-1aaf-11ef-b256-bd5cfcf36af4.jpg", "bboxes": [0.41635933806146563, 0.435177304964539, 0.7449645390070923, 0.8217021276595744], "class": 2}