{"image": "ef95aef4-1aaf-11ef-b256-bd5cfcf36af4.jpg", "bboxes": [0.27281323877068553, 0.4129550827423168, 0.6014184397163121, 0.7994799054373523], "class": 2}