{"image": "ef95aef4-1aaf-11ef-b256-bd5cfcf36af4.jpg", "bboxes": [0.25191489361702124, 0.21385342789598116, 0.5805200945626479, 0.6003782505910165], "class": 2}