{"image": "ef95aef4-1aaf-11ef-b256-bd5cfcf36af4.jpg", "bboxes": [0.2230260047281324, 0.4218439716312057, 0.5516312056737589, 0.8083687943262411], "class": 2}