{"image": "ef95aef4-1aaf-11ef-b256-bd5cfcf36af4.jpg", "bboxes": [0.3150354609929078, 0.4418439716312057, 0.6436406619385343, 0.8283687943262411], "class": 2}