{"image": "ef95aef4-1aaf-11ef-b256-bd5cfcf36af4.jpg", "bboxes": [0.23725768321513, 0.43739952718676123, 0.5658628841607566, 0.8239243498817966], "class": 2}