{"image": "ef95aef4-1aaf-11ef-b256-bd5cfcf36af4.jpg", "bboxes": [0.55725768321513, 0.2094089834515367, 0.8858628841607565, 0.5959338061465721], "class": 2}