{"image": "ef95aef4-1aaf-11ef-b256-bd5cfcf36af4.jpg", "bboxes": [0.12524822695035454, 0.21163120567375893, 0.45385342789598115, 0.5981560283687943], "class": 2}