{"image": "ef95aef4-1aaf-11ef-b256-bd5cfcf36af4.jpg", "bboxes": [0.4074704491725768, 0.20052009456264774, 0.7360756501182033, 0.5870449172576833], "class": 2}