{"image": "ef95aef4-1aaf-11ef-b256-bd5cfcf36af4.jpg", "bboxes": [0.1683687943262411, 0.43739952718676123, 0.49697399527186764, 0.8239243498817966], "class": 2}