{"image": "ef95aef4-1aaf-11ef-b256-bd5cfcf36af4.jpg", "bboxes": [0.24080378250591014, 0.3929550827423168, 0.5694089834515367, 0.7794799054373522], "class": 2}