{"image": "ef95aef4-1aaf-11ef-b256-bd5cfcf36af4.jpg", "bboxes": [0.2683687943262411, 0.16052009456264782, 0.5969739952718677, 0.5470449172576832], "class": 2}