{"image": "ef95aef4-1aaf-11ef-b256-bd5cfcf36af4.jpg", "bboxes": [0.4261465721040189, 0.19385342789598115, 0.7547517730496455, 0.5803782505910166], "class": 2}