{"image": "ef95aef4-1aaf-11ef-b256-bd5cfcf36af4.jpg", "bboxes": [0.17191489361702128, 0.21163120567375893, 0.5005200945626478, 0.5981560283687943], "class": 2}