{"image": "ef95aef4-1aaf-11ef-b256-bd5cfcf36af4.jpg", "bboxes": [0.149692671394799, 0.39739952718676125, 0.47829787234042553, 0.7839243498817967], "class": 2}