{"image": "ef95aef4-1aaf-11ef-b256-bd5cfcf36af4.jpg", "bboxes": [0.1674704491725768, 0.4129550827423168, 0.4960756501182033, 0.7994799054373523], "class": 2}