{"image": "ef95aef4-1aaf-11ef-b256-bd5cfcf36af4.jpg", "bboxes": [0.41191489361702127, 0.2094089834515367, 0.7405200945626478, 0.5959338061465721], "class": 2}