{"image": "ef95aef4-1aaf-11ef-b256-bd5cfcf36af4.jpg", "bboxes": [0.49191489361702123, 0.3929550827423168, 0.8205200945626477, 0.7794799054373522], "class": 2}