{"image": "ef95aef4-1aaf-11ef-b256-bd5cfcf36af4.jpg", "bboxes": [0.5074704491725768, 0.22052009456264776, 0.8360756501182034, 0.6070449172576833], "class": 2}