{"image": "ef95aef4-1aaf-11ef-b256-bd5cfcf36af4.jpg", "bboxes": [0.36170212765957444, 0.1849645390070922, 0.6903073286052009, 0.5714893617021278], "class": 2}