{"image": "ef95aef4-1aaf-11ef-b256-bd5cfcf36af4.jpg", "bboxes": [0.3061465721040189, 0.4262884160756501, 0.6347517730496455, 0.8128132387706856], "class": 2}