{"image": "ef95aef4-1aaf-11ef-b256-bd5cfcf36af4.jpg", "bboxes": [0.4208037825059101, 0.21829787234042553, 0.7494089834515367, 0.6048226950354609], "class": 2}