{"image": "ef95aef4-1aaf-11ef-b256-bd5cfcf36af4.jpg", "bboxes": [0.20302600472813237, 0.42851063829787234, 0.5316312056737589, 0.8150354609929078], "class": 2}