{"image": "ef95aef4-1aaf-11ef-b256-bd5cfcf36af4.jpg", "bboxes": [0.16170212765957445, 0.20496453900709222, 0.490307328605201, 0.5914893617021277], "class": 2}