{"image": "ef95aef4-1aaf-11ef-b256-bd5cfcf36af4.jpg", "bboxes": [0.1852482269503546, 0.19385342789598115, 0.5138534278959811, 0.5803782505910166], "class": 2}