{"image": "ef95aef4-1aaf-11ef-b256-bd5cfcf36af4.jpg", "bboxes": [0.34392434988179665, 0.22274231678487, 0.6725295508274232, 0.6092671394799054], "class": 2}