{"image": "ef95aef4-1aaf-11ef-b256-bd5cfcf36af4.jpg", "bboxes": [0.45413711583924343, 0.17385342789598113, 0.7827423167848699, 0.5603782505910165], "class": 2}