{"image": "ef95aef4-1aaf-11ef-b256-bd5cfcf36af4.jpg", "bboxes": [0.18392434988179668, 0.20496453900709222, 0.5125295508274232, 0.5914893617021277], "class": 2}