{"image": "ef95aef4-1aaf-11ef-b256-bd5cfcf36af4.jpg", "bboxes": [0.3417021276595744, 0.38851063829787236, 0.670307328605201, 0.7750354609929078], "class": 2}