{"image": "ef95aef4-1aaf-11ef-b256-bd5cfcf36af4.jpg", "bboxes": [0.43725768321513, 0.435177304964539, 0.7658628841607565, 0.8217021276595744], "class": 2}