{"image": "ef95aef4-1aaf-11ef-b256-bd5cfcf36af4.jpg", "bboxes": [0.3074704491725768, 0.4085106382978723, 0.6360756501182033, 0.7950354609929078], "class": 2}