{"image": "ef95aef4-1aaf-11ef-b256-bd5cfcf36af4.jpg", "bboxes": [0.1985815602836879, 0.4240661938534279, 0.5271867612293144, 0.8105910165484633], "class": 2}