{"image": "ef95aef4-1aaf-11ef-b256-bd5cfcf36af4.jpg", "bboxes": [0.4252482269503546, 0.4218439716312057, 0.7538534278959811, 0.8083687943262411], "class": 2}