{"image": "ef95aef4-1aaf-11ef-b256-bd5cfcf36af4.jpg", "bboxes": [0.16302600472813233, 0.4329550827423168, 0.49163120567375884, 0.8194799054373523], "class": 2}