{"image": "ef95aef4-1aaf-11ef-b256-bd5cfcf36af4.jpg", "bboxes": [0.20747044917257684, 0.16052009456264782, 0.5360756501182034, 0.5470449172576832], "class": 2}