{"image": "ef95aef4-1aaf-11ef-b256-bd5cfcf36af4.jpg", "bboxes": [0.36080378250591016, 0.4440661938534279, 0.6894089834515367, 0.8305910165484633], "class": 2}