{"image": "ef95aef4-1aaf-11ef-b256-bd5cfcf36af4.jpg", "bboxes": [0.5052482269503545, 0.4307328605200946, 0.8338534278959809, 0.81725768321513], "class": 2}