{"image": "ef95aef4-1aaf-11ef-b256-bd5cfcf36af4.jpg", "bboxes": [0.5208037825059102, 0.4529550827423168, 0.8494089834515367, 0.8394799054373522], "class": 2}