{"image": "ef95aef4-1aaf-11ef-b256-bd5cfcf36af4.jpg", "bboxes": [0.20080378250591013, 0.4240661938534279, 0.5294089834515366, 0.8105910165484633], "class": 2}