{"image": "ef95aef4-1aaf-11ef-b256-bd5cfcf36af4.jpg", "bboxes": [0.27503546099290777, 0.22496453900709223, 0.6036406619385343, 0.6114893617021276], "class": 2}