{"image": "ef95aef4-1aaf-11ef-b256-bd5cfcf36af4.jpg", "bboxes": [0.31725768321513, 0.4329550827423168, 0.6458628841607565, 0.8194799054373523], "class": 2}