{"image": "ef95aef4-1aaf-11ef-b256-bd5cfcf36af4.jpg", "bboxes": [0.12524822695035454, 0.41962174940898345, 0.45385342789598115, 0.8061465721040189], "class": 2}