{"image": "ef95aef4-1aaf-11ef-b256-bd5cfcf36af4.jpg", "bboxes": [0.24614657210401888, 0.40628841607565014, 0.5747517730496454, 0.7928132387706855], "class": 2}