{"image": "ef95aef4-1aaf-11ef-b256-bd5cfcf36af4.jpg", "bboxes": [0.349692671394799, 0.3996217494089835, 0.6782978723404256, 0.7861465721040188], "class": 2}