{"image": "ef95aef4-1aaf-11ef-b256-bd5cfcf36af4.jpg", "bboxes": [0.34392434988179665, 0.16940898345153665, 0.6725295508274232, 0.5559338061465722], "class": 2}