{"image": "ef95aef4-1aaf-11ef-b256-bd5cfcf36af4.jpg", "bboxes": [0.39413711583924355, 0.20052009456264774, 0.72274231678487, 0.5870449172576833], "class": 2}