{"image": "ef95aef4-1aaf-11ef-b256-bd5cfcf36af4.jpg", "bboxes": [0.3550354609929078, 0.20496453900709222, 0.6836406619385343, 0.5914893617021277], "class": 2}