{"image": "ef95aef4-1aaf-11ef-b256-bd5cfcf36af4.jpg", "bboxes": [0.10080378250591016, 0.18274231678486996, 0.42940898345153666, 0.5692671394799054], "class": 2}