{"image": "ef95aef4-1aaf-11ef-b256-bd5cfcf36af4.jpg", "bboxes": [0.3563593380614657, 0.17385342789598113, 0.6849645390070922, 0.5603782505910165], "class": 2}