{"image": "ef95aef4-1aaf-11ef-b256-bd5cfcf36af4.jpg", "bboxes": [0.19281323877068557, 0.18940898345153667, 0.5214184397163121, 0.5759338061465721], "class": 2}