{"image": "ef95aef4-1aaf-11ef-b256-bd5cfcf36af4.jpg", "bboxes": [0.39503546099290776, 0.4262884160756501, 0.7236406619385343, 0.8128132387706856], "class": 2}