{"image": "ef95aef4-1aaf-11ef-b256-bd5cfcf36af4.jpg", "bboxes": [0.4483687943262411, 0.21829787234042553, 0.7769739952718676, 0.6048226950354609], "class": 2}