{"image": "ef95aef4-1aaf-11ef-b256-bd5cfcf36af4.jpg", "bboxes": [0.269692671394799, 0.2160756501182033, 0.5982978723404255, 0.6026004728132388], "class": 2}