{"image": "ef95aef4-1aaf-11ef-b256-bd5cfcf36af4.jpg", "bboxes": [0.5039243498817967, 0.40628841607565014, 0.8325295508274232, 0.7928132387706855], "class": 2}