{"image": "ef95aef4-1aaf-11ef-b256-bd5cfcf36af4.jpg", "bboxes": [0.5505910165484633, 0.4240661938534279, 0.8791962174940898, 0.8105910165484633], "class": 2}