{"image": "ef95aef4-1aaf-11ef-b256-bd5cfcf36af4.jpg", "bboxes": [0.4652482269503546, 0.18274231678486996, 0.7938534278959811, 0.5692671394799055], "class": 2}