{"image": "ef95aef4-1aaf-11ef-b256-bd5cfcf36af4.jpg", "bboxes": [0.3839243498817967, 0.22496453900709223, 0.7125295508274232, 0.6114893617021276], "class": 2}