{"image": "f03667ba-1aaf-11ef-a6ec-bd5cfcf36af4.jpg", "bboxes": [0.4927186761229315, 0.21352245862884156, 0.6960283687943262, 0.5149408983451537], "class": 2}