{"image": "f03667ba-1aaf-11ef-a6ec-bd5cfcf36af4.jpg", "bboxes": [0.41508274231678494, 0.18018912529550823, 0.6183924349881796, 0.4816075650118203], "class": 2}