{"image": "f03667ba-1aaf-11ef-a6ec-bd5cfcf36af4.jpg", "bboxes": [0.38827423167848707, 0.20685579196217496, 0.5915839243498817, 0.508274231678487], "class": 2}