{"image": "f03667ba-1aaf-11ef-a6ec-bd5cfcf36af4.jpg", "bboxes": [0.2704964539007093, 0.2090780141843972, 0.47380614657210396, 0.5104964539007092], "class": 2}