{"image": "f03667ba-1aaf-11ef-a6ec-bd5cfcf36af4.jpg", "bboxes": [0.23730496453900715, 0.17574468085106387, 0.4406146572104018, 0.47716312056737586], "class": 2}