{"image": "f03667ba-1aaf-11ef-a6ec-bd5cfcf36af4.jpg", "bboxes": [0.27271867612293144, 0.4939479905437352, 0.4760283687943262, 0.7953664302600473], "class": 2}