{"image": "f03667ba-1aaf-11ef-a6ec-bd5cfcf36af4.jpg", "bboxes": [0.535082742316785, 0.2024113475177305, 0.7383924349881796, 0.5038297872340425], "class": 2}