{"image": "f03667ba-1aaf-11ef-a6ec-bd5cfcf36af4.jpg", "bboxes": [0.4817494089834516, 0.20685579196217496, 0.6850591016548463, 0.508274231678487], "class": 2}