{"image": "f03667ba-1aaf-11ef-a6ec-bd5cfcf36af4.jpg", "bboxes": [0.6549408983451537, 0.5250591016548464, 0.8582505910165483, 0.8264775413711584], "class": 2}