{"image": "f03667ba-1aaf-11ef-a6ec-bd5cfcf36af4.jpg", "bboxes": [0.35508274231678494, 0.18907801418439718, 0.5583924349881796, 0.4904964539007092], "class": 2}