{"image": "f03667ba-1aaf-11ef-a6ec-bd5cfcf36af4.jpg", "bboxes": [0.2839716312056738, 0.17574468085106387, 0.4872813238770685, 0.47716312056737586], "class": 2}