{"image": "f03667ba-1aaf-11ef-a6ec-bd5cfcf36af4.jpg", "bboxes": [0.44841607565011826, 0.4806146572104019, 0.651725768321513, 0.782033096926714], "class": 2}