{"image": "f03667ba-1aaf-11ef-a6ec-bd5cfcf36af4.jpg", "bboxes": [0.13508274231678494, 0.17352245862884164, 0.3383924349881796, 0.47494089834515363], "class": 2}