{"image": "f03667ba-1aaf-11ef-a6ec-bd5cfcf36af4.jpg", "bboxes": [0.48160756501182034, 0.5206146572104019, 0.684917257683215, 0.822033096926714], "class": 2}