{"image": "f03667ba-1aaf-11ef-a6ec-bd5cfcf36af4.jpg", "bboxes": [0.22841607565011826, 0.23574468085106381, 0.43172576832151294, 0.5371631205673759], "class": 2}