{"image": "f03667ba-1aaf-11ef-a6ec-bd5cfcf36af4.jpg", "bboxes": [0.33730496453900716, 0.5117257683215131, 0.5406146572104018, 0.8131442080378251], "class": 2}