{"image": "f03667ba-1aaf-11ef-a6ec-bd5cfcf36af4.jpg", "bboxes": [0.3016075650118204, 0.20685579196217496, 0.504917257683215, 0.508274231678487], "class": 2}