{"image": "f03667ba-1aaf-11ef-a6ec-bd5cfcf36af4.jpg", "bboxes": [0.3793853427895981, 0.2224113475177305, 0.5826950354609928, 0.5238297872340425], "class": 2}