{"image": "f03667ba-1aaf-11ef-a6ec-bd5cfcf36af4.jpg", "bboxes": [0.4128605200945627, 0.23796690307328605, 0.6161702127659574, 0.539385342789598], "class": 2}