{"image": "f03667ba-1aaf-11ef-a6ec-bd5cfcf36af4.jpg", "bboxes": [0.5149408983451538, 0.21130023640661943, 0.7182505910165484, 0.5127186761229314], "class": 2}