{"image": "f03667ba-1aaf-11ef-a6ec-bd5cfcf36af4.jpg", "bboxes": [0.15730496453900716, 0.2024113475177305, 0.36061465721040187, 0.5038297872340425], "class": 2}