{"image": "f03667ba-1aaf-11ef-a6ec-bd5cfcf36af4.jpg", "bboxes": [0.2528605200945627, 0.5206146572104019, 0.45617021276595743, 0.822033096926714], "class": 2}