{"image": "f03667ba-1aaf-11ef-a6ec-bd5cfcf36af4.jpg", "bboxes": [0.3728605200945627, 0.4895035460992908, 0.5761702127659574, 0.7909219858156028], "class": 2}