{"image": "f03667ba-1aaf-11ef-a6ec-bd5cfcf36af4.jpg", "bboxes": [0.41938534278959816, 0.5072813238770686, 0.6226950354609928, 0.8086997635933806], "class": 2}