{"image": "f03667ba-1aaf-11ef-a6ec-bd5cfcf36af4.jpg", "bboxes": [0.38619385342789603, 0.21130023640661943, 0.5895035460992908, 0.5127186761229314], "class": 2}