{"image": "f03667ba-1aaf-11ef-a6ec-bd5cfcf36af4.jpg", "bboxes": [0.5239716312056738, 0.2290780141843971, 0.7272813238770686, 0.5304964539007092], "class": 2}