{"image": "f03667ba-1aaf-11ef-a6ec-bd5cfcf36af4.jpg", "bboxes": [0.21286052009456272, 0.23574468085106381, 0.4161702127659574, 0.5371631205673759], "class": 2}