{"image": "f03667ba-1aaf-11ef-a6ec-bd5cfcf36af4.jpg", "bboxes": [0.6460520094562648, 0.47172576832151303, 0.8493617021276595, 0.773144208037825], "class": 2}