{"image": "f03667ba-1aaf-11ef-a6ec-bd5cfcf36af4.jpg", "bboxes": [0.25494089834515365, 0.2224113475177305, 0.4582505910165484, 0.5238297872340425], "class": 2}