{"image": "f03667ba-1aaf-11ef-a6ec-bd5cfcf36af4.jpg", "bboxes": [0.4106382978723405, 0.48505910165484634, 0.6139479905437352, 0.7864775413711584], "class": 2}