{"image": "f03667ba-1aaf-11ef-a6ec-bd5cfcf36af4.jpg", "bboxes": [0.26619385342789603, 0.47172576832151303, 0.46950354609929074, 0.773144208037825], "class": 2}