{"image": "f03667ba-1aaf-11ef-a6ec-bd5cfcf36af4.jpg", "bboxes": [0.4927186761229315, 0.5117257683215131, 0.6960283687943262, 0.8131442080378251], "class": 2}