{"image": "f03667ba-1aaf-11ef-a6ec-bd5cfcf36af4.jpg", "bboxes": [0.27286052009456274, 0.5050591016548464, 0.4761702127659574, 0.8064775413711583], "class": 2}