{"image": "f03667ba-1aaf-11ef-a6ec-bd5cfcf36af4.jpg", "bboxes": [0.29952718676122936, 0.23352245862884158, 0.5028368794326241, 0.5349408983451536], "class": 2}