{"image": "f03667ba-1aaf-11ef-a6ec-bd5cfcf36af4.jpg", "bboxes": [0.45716312056737596, 0.2157446808510638, 0.6604728132387706, 0.5171631205673759], "class": 2}