{"image": "f03667ba-1aaf-11ef-a6ec-bd5cfcf36af4.jpg", "bboxes": [0.2395271867612294, 0.2290780141843971, 0.44283687943262406, 0.5304964539007092], "class": 2}