{"image": "f03667ba-1aaf-11ef-a6ec-bd5cfcf36af4.jpg", "bboxes": [0.44397163120567384, 0.2224113475177305, 0.6472813238770685, 0.5238297872340425], "class": 2}