{"image": "f03667ba-1aaf-11ef-a6ec-bd5cfcf36af4.jpg", "bboxes": [0.3484160756501183, 0.46283687943262414, 0.551725768321513, 0.7642553191489362], "class": 2}