{"image": "f03667ba-1aaf-11ef-a6ec-bd5cfcf36af4.jpg", "bboxes": [0.5504964539007093, 0.23130023640661934, 0.753806146572104, 0.5327186761229314], "class": 2}