{"image": "f03667ba-1aaf-11ef-a6ec-bd5cfcf36af4.jpg", "bboxes": [0.577163120567376, 0.23352245862884158, 0.7804728132387706, 0.5349408983451536], "class": 2}