{"image": "f03667ba-1aaf-11ef-a6ec-bd5cfcf36af4.jpg", "bboxes": [0.28619385342789605, 0.48283687943262416, 0.48950354609929075, 0.7842553191489362], "class": 2}