{"image": "f03667ba-1aaf-11ef-a6ec-bd5cfcf36af4.jpg", "bboxes": [0.22619385342789605, 0.17352245862884164, 0.42950354609929076, 0.47494089834515363], "class": 2}