{"image": "f03667ba-1aaf-11ef-a6ec-bd5cfcf36af4.jpg", "bboxes": [0.38397163120567385, 0.21352245862884156, 0.5872813238770686, 0.5149408983451537], "class": 2}