{"image": "f03667ba-1aaf-11ef-a6ec-bd5cfcf36af4.jpg", "bboxes": [0.13730496453900717, 0.45839243498817966, 0.34061465721040185, 0.7598108747044917], "class": 2}