{"image": "f03667ba-1aaf-11ef-a6ec-bd5cfcf36af4.jpg", "bboxes": [0.4884160756501183, 0.47172576832151303, 0.691725768321513, 0.773144208037825], "class": 2}