{"image": "f03667ba-1aaf-11ef-a6ec-bd5cfcf36af4.jpg", "bboxes": [0.4973049645390072, 0.5072813238770686, 0.7006146572104018, 0.8086997635933806], "class": 2}