{"image": "f03667ba-1aaf-11ef-a6ec-bd5cfcf36af4.jpg", "bboxes": [0.24841607565011828, 0.21352245862884156, 0.45172576832151295, 0.5149408983451537], "class": 2}