{"image": "f03667ba-1aaf-11ef-a6ec-bd5cfcf36af4.jpg", "bboxes": [0.2838297872340426, 0.2024113475177305, 0.48713947990543727, 0.5038297872340425], "class": 2}