{"image": "f03667ba-1aaf-11ef-a6ec-bd5cfcf36af4.jpg", "bboxes": [0.6393853427895981, 0.5183924349881797, 0.8426950354609928, 0.8198108747044918], "class": 2}