{"image": "f03667ba-1aaf-11ef-a6ec-bd5cfcf36af4.jpg", "bboxes": [0.39938534278959814, 0.4806146572104019, 0.6026950354609928, 0.782033096926714], "class": 2}