{"image": "f03667ba-1aaf-11ef-a6ec-bd5cfcf36af4.jpg", "bboxes": [0.3727186761229315, 0.19352245862884165, 0.5760283687943262, 0.49494089834515365], "class": 2}