{"image": "f03667ba-1aaf-11ef-a6ec-bd5cfcf36af4.jpg", "bboxes": [0.4928605200945627, 0.2401891252955083, 0.6961702127659574, 0.5416075650118204], "class": 2}