{"image": "f03667ba-1aaf-11ef-a6ec-bd5cfcf36af4.jpg", "bboxes": [0.4349408983451537, 0.18907801418439718, 0.6382505910165484, 0.4904964539007092], "class": 2}