{"image": "f03667ba-1aaf-11ef-a6ec-bd5cfcf36af4.jpg", "bboxes": [0.3439716312056738, 0.48505910165484634, 0.5472813238770685, 0.7864775413711584], "class": 2}