{"image": "f03667ba-1aaf-11ef-a6ec-bd5cfcf36af4.jpg", "bboxes": [0.2682742316784871, 0.47617021276595745, 0.4715839243498817, 0.7775886524822695], "class": 2}