{"image": "f03667ba-1aaf-11ef-a6ec-bd5cfcf36af4.jpg", "bboxes": [0.5216075650118204, 0.19796690307328602, 0.724917257683215, 0.4993853427895981], "class": 2}