{"image": "f03667ba-1aaf-11ef-a6ec-bd5cfcf36af4.jpg", "bboxes": [0.32397163120567385, 0.2024113475177305, 0.5272813238770685, 0.5038297872340425], "class": 2}