{"image": "f03667ba-1aaf-11ef-a6ec-bd5cfcf36af4.jpg", "bboxes": [0.6238297872340426, 0.19796690307328602, 0.8271394799054372, 0.4993853427895981], "class": 2}