{"image": "f03667ba-1aaf-11ef-a6ec-bd5cfcf36af4.jpg", "bboxes": [0.4038297872340426, 0.18018912529550823, 0.6071394799054373, 0.4816075650118203], "class": 2}