{"image": "f03667ba-1aaf-11ef-a6ec-bd5cfcf36af4.jpg", "bboxes": [0.26619385342789603, 0.2290780141843971, 0.46950354609929074, 0.5304964539007092], "class": 2}