{"image": "f03667ba-1aaf-11ef-a6ec-bd5cfcf36af4.jpg", "bboxes": [0.41271867612293145, 0.4983924349881797, 0.6160283687943262, 0.7998108747044917], "class": 2}