{"image": "f03667ba-1aaf-11ef-a6ec-bd5cfcf36af4.jpg", "bboxes": [0.20841607565011827, 0.5250591016548464, 0.411725768321513, 0.8264775413711584], "class": 2}