{"image": "f03667ba-1aaf-11ef-a6ec-bd5cfcf36af4.jpg", "bboxes": [0.43049645390070923, 0.23796690307328605, 0.6338061465721039, 0.539385342789598], "class": 2}