{"image": "f03667ba-1aaf-11ef-a6ec-bd5cfcf36af4.jpg", "bboxes": [0.29938534278959816, 0.22018912529550827, 0.5026950354609928, 0.5216075650118204], "class": 2}