{"image": "f03667ba-1aaf-11ef-a6ec-bd5cfcf36af4.jpg", "bboxes": [0.5373049645390071, 0.4983924349881797, 0.7406146572104019, 0.7998108747044917], "class": 2}