{"image": "f03667ba-1aaf-11ef-a6ec-bd5cfcf36af4.jpg", "bboxes": [0.48827423167848705, 0.5095035460992908, 0.6915839243498818, 0.8109219858156028], "class": 2}