{"image": "f03667ba-1aaf-11ef-a6ec-bd5cfcf36af4.jpg", "bboxes": [0.5860520094562648, 0.5072813238770686, 0.7893617021276595, 0.8086997635933806], "class": 2}