{"image": "f03667ba-1aaf-11ef-a6ec-bd5cfcf36af4.jpg", "bboxes": [0.4104964539007092, 0.5028368794326241, 0.613806146572104, 0.8042553191489362], "class": 2}