{"image": "f03667ba-1aaf-11ef-a6ec-bd5cfcf36af4.jpg", "bboxes": [0.38827423167848707, 0.21796690307328603, 0.5915839243498817, 0.519385342789598], "class": 2}