{"image": "f17c8566-1aaf-11ef-b2c0-bd5cfcf36af4.jpg", "bboxes": [0.4033096926713948, 0.5114420803782506, 0.7189125295508274, 0.8317730496453901], "class": 2}