{"image": "f17c8566-1aaf-11ef-b2c0-bd5cfcf36af4.jpg", "bboxes": [0.29664302600472814, 0.48033096926713953, 0.6122458628841607, 0.800661938534279], "class": 2}