{"image": "f17c8566-1aaf-11ef-b2c0-bd5cfcf36af4.jpg", "bboxes": [0.28997635933806143, 0.21267139479905428, 0.6055791962174941, 0.5330023640661938], "class": 2}