{"image": "f17c8566-1aaf-11ef-b2c0-bd5cfcf36af4.jpg", "bboxes": [0.14997635933806147, 0.4825531914893617, 0.46557919621749405, 0.8028841607565013], "class": 2}