{"image": "f17c8566-1aaf-11ef-b2c0-bd5cfcf36af4.jpg", "bboxes": [0.4699763593380615, 0.4958865248226951, 0.7855791962174941, 0.8162174940898346], "class": 2}