{"image": "f17c8566-1aaf-11ef-b2c0-bd5cfcf36af4.jpg", "bboxes": [0.3144208037825059, 0.5114420803782506, 0.6300236406619385, 0.8317730496453901], "class": 2}