{"image": "f17c8566-1aaf-11ef-b2c0-bd5cfcf36af4.jpg", "bboxes": [0.5099763593380615, 0.19933806146572097, 0.8255791962174941, 0.5196690307328604], "class": 2}