{"image": "f17c8566-1aaf-11ef-b2c0-bd5cfcf36af4.jpg", "bboxes": [0.2121985815602837, 0.219338061465721, 0.5278014184397163, 0.5396690307328604], "class": 2}