{"image": "f17c8566-1aaf-11ef-b2c0-bd5cfcf36af4.jpg", "bboxes": [0.11442080378250592, 0.17711583924349872, 0.43002364066193854, 0.49744680851063827], "class": 2}