{"image": "f17c8566-1aaf-11ef-b2c0-bd5cfcf36af4.jpg", "bboxes": [0.36775413711583926, 0.16600472813238765, 0.6833569739952718, 0.4863356973995272], "class": 2}