{"image": "f17c8566-1aaf-11ef-b2c0-bd5cfcf36af4.jpg", "bboxes": [0.2233096926713948, 0.15933806146572094, 0.5389125295508274, 0.4796690307328605], "class": 2}