{"image": "f17c8566-1aaf-11ef-b2c0-bd5cfcf36af4.jpg", "bboxes": [0.34775413711583925, 0.18600472813238766, 0.6633569739952718, 0.5063356973995272], "class": 2}