{"image": "f17c8566-1aaf-11ef-b2c0-bd5cfcf36af4.jpg", "bboxes": [0.1855319148936171, 0.21711583924349875, 0.5011347517730496, 0.5374468085106383], "class": 2}