{"image": "f17c8566-1aaf-11ef-b2c0-bd5cfcf36af4.jpg", "bboxes": [0.3233096926713948, 0.20822695035460992, 0.6389125295508274, 0.5285579196217494], "class": 2}