{"image": "f17c8566-1aaf-11ef-b2c0-bd5cfcf36af4.jpg", "bboxes": [0.2766430260047281, 0.5136643026004728, 0.5922458628841607, 0.8339952718676124], "class": 2}