{"image": "f17c8566-1aaf-11ef-b2c0-bd5cfcf36af4.jpg", "bboxes": [0.5233096926713948, 0.17044917257683212, 0.8389125295508274, 0.49078014184397156], "class": 2}