{"image": "f17c8566-1aaf-11ef-b2c0-bd5cfcf36af4.jpg", "bboxes": [0.534420803782506, 0.5092198581560284, 0.8500236406619386, 0.8295508274231679], "class": 2}