{"image": "f17c8566-1aaf-11ef-b2c0-bd5cfcf36af4.jpg", "bboxes": [0.32775413711583923, 0.48477541371158395, 0.6433569739952718, 0.8051063829787235], "class": 2}