{"image": "f17c8566-1aaf-11ef-b2c0-bd5cfcf36af4.jpg", "bboxes": [0.32108747044917263, 0.4981087470449173, 0.6366903073286052, 0.8184397163120568], "class": 2}