{"image": "f17c8566-1aaf-11ef-b2c0-bd5cfcf36af4.jpg", "bboxes": [0.2944208037825059, 0.46255319148936175, 0.6100236406619385, 0.7828841607565012], "class": 2}