{"image": "f17c8566-1aaf-11ef-b2c0-bd5cfcf36af4.jpg", "bboxes": [0.35664302600472814, 0.5092198581560284, 0.6722458628841608, 0.8295508274231679], "class": 2}