{"image": "f17c8566-1aaf-11ef-b2c0-bd5cfcf36af4.jpg", "bboxes": [0.5010874704491726, 0.4869976359338062, 0.8166903073286051, 0.8073286052009456], "class": 2}