{"image": "f17c8566-1aaf-11ef-b2c0-bd5cfcf36af4.jpg", "bboxes": [0.12330969267139481, 0.515886524822695, 0.4389125295508274, 0.8362174940898346], "class": 2}