{"image": "f17c8566-1aaf-11ef-b2c0-bd5cfcf36af4.jpg", "bboxes": [0.505531914893617, 0.19711583924349874, 0.8211347517730496, 0.5174468085106383], "class": 2}