{"image": "f17c8566-1aaf-11ef-b2c0-bd5cfcf36af4.jpg", "bboxes": [0.4633096926713948, 0.22156028368794323, 0.7789125295508275, 0.5418912529550828], "class": 2}