{"image": "f17c8566-1aaf-11ef-b2c0-bd5cfcf36af4.jpg", "bboxes": [0.39219858156028375, 0.21044917257683204, 0.7078014184397163, 0.5307801418439716], "class": 2}