{"image": "f17c8566-1aaf-11ef-b2c0-bd5cfcf36af4.jpg", "bboxes": [0.4410874704491726, 0.47144208037825064, 0.7566903073286052, 0.7917730496453901], "class": 2}