{"image": "f17c8566-1aaf-11ef-b2c0-bd5cfcf36af4.jpg", "bboxes": [0.18108747044917262, 0.5003309692671395, 0.4966903073286052, 0.820661938534279], "class": 2}