{"image": "f17c8566-1aaf-11ef-b2c0-bd5cfcf36af4.jpg", "bboxes": [0.23219858156028372, 0.20822695035460992, 0.5478014184397163, 0.5285579196217494], "class": 2}