{"image": "f17c8566-1aaf-11ef-b2c0-bd5cfcf36af4.jpg", "bboxes": [0.13886524822695037, 0.19711583924349874, 0.454468085106383, 0.5174468085106383], "class": 2}