{"image": "f17c8566-1aaf-11ef-b2c0-bd5cfcf36af4.jpg", "bboxes": [0.3899763593380615, 0.5136643026004728, 0.7055791962174941, 0.8339952718676124], "class": 2}