{"image": "f17c8566-1aaf-11ef-b2c0-bd5cfcf36af4.jpg", "bboxes": [0.254420803782506, 0.219338061465721, 0.5700236406619386, 0.5396690307328604], "class": 2}