{"image": "f17c8566-1aaf-11ef-b2c0-bd5cfcf36af4.jpg", "bboxes": [0.3010874704491726, 0.4958865248226951, 0.6166903073286052, 0.8162174940898346], "class": 2}