{"image": "f17c8566-1aaf-11ef-b2c0-bd5cfcf36af4.jpg", "bboxes": [0.29219858156028367, 0.46477541371158393, 0.6078014184397162, 0.7851063829787235], "class": 2}