{"image": "f17c8566-1aaf-11ef-b2c0-bd5cfcf36af4.jpg", "bboxes": [0.42775413711583926, 0.17044917257683212, 0.7433569739952719, 0.49078014184397156], "class": 2}