{"image": "f17c8566-1aaf-11ef-b2c0-bd5cfcf36af4.jpg", "bboxes": [0.41442080378250595, 0.17933806146572095, 0.7300236406619385, 0.4996690307328605], "class": 2}