{"image": "f17c8566-1aaf-11ef-b2c0-bd5cfcf36af4.jpg", "bboxes": [0.36108747044917255, 0.19267139479905437, 0.6766903073286051, 0.5130023640661938], "class": 2}