{"image": "f17c8566-1aaf-11ef-b2c0-bd5cfcf36af4.jpg", "bboxes": [0.28330969267139483, 0.4869976359338062, 0.5989125295508274, 0.8073286052009456], "class": 2}