{"image": "f17c8566-1aaf-11ef-b2c0-bd5cfcf36af4.jpg", "bboxes": [0.3788652482269504, 0.219338061465721, 0.6944680851063829, 0.5396690307328604], "class": 2}