{"image": "f17c8566-1aaf-11ef-b2c0-bd5cfcf36af4.jpg", "bboxes": [0.3277541371158393, 0.17933806146572095, 0.6433569739952718, 0.4996690307328605], "class": 2}