{"image": "f17c8566-1aaf-11ef-b2c0-bd5cfcf36af4.jpg", "bboxes": [0.24997635933806148, 0.15933806146572094, 0.5655791962174941, 0.4796690307328605], "class": 2}