{"image": "f17c8566-1aaf-11ef-b2c0-bd5cfcf36af4.jpg", "bboxes": [0.10775413711583925, 0.5003309692671395, 0.42335697399527183, 0.820661938534279], "class": 2}