{"image": "f17c8566-1aaf-11ef-b2c0-bd5cfcf36af4.jpg", "bboxes": [0.4099763593380615, 0.515886524822695, 0.7255791962174941, 0.8362174940898346], "class": 2}