{"image": "f17c8566-1aaf-11ef-b2c0-bd5cfcf36af4.jpg", "bboxes": [0.25219858156028374, 0.22378250591016546, 0.5678014184397163, 0.5441134751773049], "class": 2}