{"image": "f17c8566-1aaf-11ef-b2c0-bd5cfcf36af4.jpg", "bboxes": [0.5255319148936171, 0.1748936170212766, 0.8411347517730496, 0.49522458628841604], "class": 2}