{"image": "f17c8566-1aaf-11ef-b2c0-bd5cfcf36af4.jpg", "bboxes": [0.4233096926713948, 0.5092198581560284, 0.7389125295508274, 0.8295508274231679], "class": 2}