{"image": "f17c8566-1aaf-11ef-b2c0-bd5cfcf36af4.jpg", "bboxes": [0.29664302600472814, 0.5114420803782506, 0.6122458628841607, 0.8317730496453901], "class": 2}