{"image": "f17c8566-1aaf-11ef-b2c0-bd5cfcf36af4.jpg", "bboxes": [0.2233096926713948, 0.1748936170212766, 0.5389125295508274, 0.49522458628841604], "class": 2}