{"image": "f17c8566-1aaf-11ef-b2c0-bd5cfcf36af4.jpg", "bboxes": [0.5544208037825059, 0.22600472813238767, 0.8700236406619385, 0.5463356973995271], "class": 2}