{"image": "f17c8566-1aaf-11ef-b2c0-bd5cfcf36af4.jpg", "bboxes": [0.2677541371158393, 0.22378250591016546, 0.5833569739952719, 0.5441134751773049], "class": 2}