{"image": "f17c8566-1aaf-11ef-b2c0-bd5cfcf36af4.jpg", "bboxes": [0.10330969267139481, 0.16822695035460988, 0.4189125295508274, 0.48855791962174944], "class": 2}