{"image": "f17c8566-1aaf-11ef-b2c0-bd5cfcf36af4.jpg", "bboxes": [0.19219858156028366, 0.17267139479905436, 0.5078014184397164, 0.4930023640661938], "class": 2}