{"image": "f17c8566-1aaf-11ef-b2c0-bd5cfcf36af4.jpg", "bboxes": [0.1521985815602837, 0.46477541371158393, 0.4678014184397163, 0.7851063829787235], "class": 2}