{"image": "f3f91414-1aaf-11ef-bdc8-bd5cfcf36af4.jpg", "bboxes": [0.19319148936170227, 0.21858156028368791, 0.5962647754137116, 0.6086524822695035], "class": 2}