{"image": "f3f91414-1aaf-11ef-bdc8-bd5cfcf36af4.jpg", "bboxes": [0.08874704491725782, 0.41801418439716315, 0.49182033096926714, 0.8080851063829788], "class": 2}