{"image": "f3f91414-1aaf-11ef-bdc8-bd5cfcf36af4.jpg", "bboxes": [0.39541371158392447, 0.19635933806146566, 0.798486997635934, 0.5864302600472813], "class": 2}