{"image": "f3f91414-1aaf-11ef-bdc8-bd5cfcf36af4.jpg", "bboxes": [0.29929078014184396, 0.406903073286052, 0.7023640661938533, 0.7969739952718676], "class": 2}