{"image": "f3f91414-1aaf-11ef-bdc8-bd5cfcf36af4.jpg", "bboxes": [0.30652482269503556, 0.43801418439716316, 0.7095981087470449, 0.8280851063829787], "class": 2}