{"image": "f3f91414-1aaf-11ef-bdc8-bd5cfcf36af4.jpg", "bboxes": [0.4770685579196217, 0.18080378250591012, 0.8801418439716311, 0.5708747044917257], "class": 2}