{"image": "f3f91414-1aaf-11ef-bdc8-bd5cfcf36af4.jpg", "bboxes": [0.4548463356973995, 0.40023640661938537, 0.8579196217494088, 0.790307328605201], "class": 2}