{"image": "f3f91414-1aaf-11ef-bdc8-bd5cfcf36af4.jpg", "bboxes": [0.16208037825059107, 0.38023640661938535, 0.5651536643026005, 0.770307328605201], "class": 2}