{"image": "f3f91414-1aaf-11ef-bdc8-bd5cfcf36af4.jpg", "bboxes": [0.19262411347517727, 0.17191489361702128, 0.5956973995271867, 0.5619858156028368], "class": 2}