{"image": "f3f91414-1aaf-11ef-bdc8-bd5cfcf36af4.jpg", "bboxes": [0.5570685579196217, 0.3913475177304965, 0.9601418439716312, 0.7814184397163121], "class": 2}