{"image": "f3f91414-1aaf-11ef-bdc8-bd5cfcf36af4.jpg", "bboxes": [0.16652482269503555, 0.4246808510638298, 0.569598108747045, 0.8147517730496454], "class": 2}