{"image": "f3f91414-1aaf-11ef-bdc8-bd5cfcf36af4.jpg", "bboxes": [0.22874704491725772, 0.4335697399527187, 0.6318203309692672, 0.8236406619385344], "class": 2}