{"image": "f3f91414-1aaf-11ef-bdc8-bd5cfcf36af4.jpg", "bboxes": [0.3437352245862884, 0.41801418439716315, 0.7468085106382978, 0.8080851063829788], "class": 2}