{"image": "f3f91414-1aaf-11ef-bdc8-bd5cfcf36af4.jpg", "bboxes": [0.41985815602836885, 0.22080378250591015, 0.8229314420803783, 0.6108747044917258], "class": 2}