{"image": "f3f91414-1aaf-11ef-bdc8-bd5cfcf36af4.jpg", "bboxes": [0.27985815602836894, 0.18302600472813235, 0.6829314420803783, 0.5730969267139481], "class": 2}