{"image": "f3f91414-1aaf-11ef-bdc8-bd5cfcf36af4.jpg", "bboxes": [0.044302600472813314, 0.20302600472813237, 0.44737588652482274, 0.593096926713948], "class": 2}