{"image": "f3f91414-1aaf-11ef-bdc8-bd5cfcf36af4.jpg", "bboxes": [0.29319148936170225, 0.16969267139479904, 0.6962647754137117, 0.5597635933806147], "class": 2}