{"image": "f3f91414-1aaf-11ef-bdc8-bd5cfcf36af4.jpg", "bboxes": [0.3015130023640662, 0.20969267139479897, 0.7045862884160755, 0.5997635933806147], "class": 2}