{"image": "f3f91414-1aaf-11ef-bdc8-bd5cfcf36af4.jpg", "bboxes": [0.4176359338061467, 0.38023640661938535, 0.820709219858156, 0.770307328605201], "class": 2}