{"image": "f3f91414-1aaf-11ef-bdc8-bd5cfcf36af4.jpg", "bboxes": [0.3037352245862884, 0.1741371158392434, 0.7068085106382977, 0.5642080378250591], "class": 2}