{"image": "f3f91414-1aaf-11ef-bdc8-bd5cfcf36af4.jpg", "bboxes": [0.04208037825059108, 0.43579196217494093, 0.4451536643026005, 0.8258628841607566], "class": 2}