{"image": "f3f91414-1aaf-11ef-bdc8-bd5cfcf36af4.jpg", "bboxes": [0.2843026004728133, 0.1674704491725768, 0.6873758865248227, 0.5575413711583924], "class": 2}