{"image": "f3f91414-1aaf-11ef-bdc8-bd5cfcf36af4.jpg", "bboxes": [0.030969267139480006, 0.3824586288416076, 0.43404255319148943, 0.7725295508274233], "class": 2}