{"image": "f3f91414-1aaf-11ef-bdc8-bd5cfcf36af4.jpg", "bboxes": [0.31096926713948, 0.4202364066193854, 0.7140425531914893, 0.8103073286052009], "class": 2}