{"image": "f3f91414-1aaf-11ef-bdc8-bd5cfcf36af4.jpg", "bboxes": [0.579290780141844, 0.16524822695035457, 0.9823640661938533, 0.5553191489361702], "class": 2}