{"image": "f3f91414-1aaf-11ef-bdc8-bd5cfcf36af4.jpg", "bboxes": [0.38151300236406616, 0.38912529550827424, 0.7845862884160756, 0.7791962174940898], "class": 2}