{"image": "f3f91414-1aaf-11ef-bdc8-bd5cfcf36af4.jpg", "bboxes": [0.17319148936170226, 0.4202364066193854, 0.5762647754137116, 0.8103073286052009], "class": 2}