{"image": "f3f91414-1aaf-11ef-bdc8-bd5cfcf36af4.jpg", "bboxes": [0.24817966903073285, 0.1919148936170212, 0.6512529550827422, 0.5819858156028368], "class": 2}