{"image": "f3f91414-1aaf-11ef-bdc8-bd5cfcf36af4.jpg", "bboxes": [0.5348463356973995, 0.1852482269503546, 0.9379196217494089, 0.5753191489361702], "class": 2}