{"image": "f3f91414-1aaf-11ef-bdc8-bd5cfcf36af4.jpg", "bboxes": [0.5437352245862884, 0.4024586288416076, 0.9468085106382977, 0.7925295508274232], "class": 2}