{"image": "f3f91414-1aaf-11ef-bdc8-bd5cfcf36af4.jpg", "bboxes": [0.03319148936170224, 0.18969267139479906, 0.43626477541371156, 0.5797635933806147], "class": 2}