{"image": "f3f91414-1aaf-11ef-bdc8-bd5cfcf36af4.jpg", "bboxes": [0.07319148936170228, 0.40468085106382984, 0.4762647754137116, 0.7947517730496454], "class": 2}