{"image": "f3f91414-1aaf-11ef-bdc8-bd5cfcf36af4.jpg", "bboxes": [0.5481796690307328, 0.3935697399527187, 0.9512529550827422, 0.7836406619385343], "class": 2}