{"image": "f3f91414-1aaf-11ef-bdc8-bd5cfcf36af4.jpg", "bboxes": [0.15319148936170224, 0.3935697399527187, 0.5562647754137116, 0.7836406619385343], "class": 2}