{"image": "f3f91414-1aaf-11ef-bdc8-bd5cfcf36af4.jpg", "bboxes": [0.3237352245862884, 0.44023640661938535, 0.7268085106382978, 0.830307328605201], "class": 2}