{"image": "f3f91414-1aaf-11ef-bdc8-bd5cfcf36af4.jpg", "bboxes": [0.28208037825059107, 0.39579196217494095, 0.6851536643026005, 0.7858628841607566], "class": 2}