{"image": "f3f91414-1aaf-11ef-bdc8-bd5cfcf36af4.jpg", "bboxes": [0.3331914893617022, 0.4335697399527187, 0.7362647754137116, 0.8236406619385344], "class": 2}