{"image": "f3f91414-1aaf-11ef-bdc8-bd5cfcf36af4.jpg", "bboxes": [0.5370685579196217, 0.19635933806146566, 0.9401418439716311, 0.5864302600472813], "class": 2}