{"image": "f3f91414-1aaf-11ef-bdc8-bd5cfcf36af4.jpg", "bboxes": [0.32874704491725787, 0.4157919621749409, 0.7318203309692672, 0.8058628841607566], "class": 2}