{"image": "f3f91414-1aaf-11ef-bdc8-bd5cfcf36af4.jpg", "bboxes": [0.4087470449172578, 0.17858156028368788, 0.8118203309692672, 0.5686524822695036], "class": 2}