{"image": "f3f91414-1aaf-11ef-bdc8-bd5cfcf36af4.jpg", "bboxes": [0.4815130023640662, 0.2252482269503545, 0.8845862884160756, 0.6153191489361702], "class": 2}