{"image": "f3f91414-1aaf-11ef-bdc8-bd5cfcf36af4.jpg", "bboxes": [0.32595744680851063, 0.229692671394799, 0.72903073286052, 0.6197635933806147], "class": 2}