{"image": "f3f91414-1aaf-11ef-bdc8-bd5cfcf36af4.jpg", "bboxes": [0.09763593380614666, 0.19635933806146566, 0.500709219858156, 0.5864302600472813], "class": 2}