{"image": "f3f91414-1aaf-11ef-bdc8-bd5cfcf36af4.jpg", "bboxes": [0.5037352245862884, 0.18302600472813235, 0.9068085106382978, 0.573096926713948], "class": 2}