{"image": "f3f91414-1aaf-11ef-bdc8-bd5cfcf36af4.jpg", "bboxes": [0.29985815602836885, 0.22747044917257675, 0.7029314420803783, 0.6175413711583924], "class": 2}