{"image": "f3f91414-1aaf-11ef-bdc8-bd5cfcf36af4.jpg", "bboxes": [0.05096926713948002, 0.21413711583924347, 0.45404255319148934, 0.604208037825059], "class": 2}