{"image": "f3f91414-1aaf-11ef-bdc8-bd5cfcf36af4.jpg", "bboxes": [0.32430260047281334, 0.1852482269503546, 0.7273758865248228, 0.5753191489361702], "class": 2}