{"image": "f3f91414-1aaf-11ef-bdc8-bd5cfcf36af4.jpg", "bboxes": [0.32874704491725787, 0.40023640661938537, 0.7318203309692672, 0.790307328605201], "class": 2}