{"image": "f3f91414-1aaf-11ef-bdc8-bd5cfcf36af4.jpg", "bboxes": [0.29040189125295507, 0.18080378250591012, 0.6934751773049644, 0.5708747044917257], "class": 2}