{"image": "f3f91414-1aaf-11ef-bdc8-bd5cfcf36af4.jpg", "bboxes": [0.3798581560283689, 0.2119148936170212, 0.7829314420803782, 0.6019858156028368], "class": 2}