{"image": "f3f91414-1aaf-11ef-bdc8-bd5cfcf36af4.jpg", "bboxes": [0.21319148936170218, 0.20969267139479897, 0.6162647754137116, 0.5997635933806147], "class": 2}