{"image": "f3f91414-1aaf-11ef-bdc8-bd5cfcf36af4.jpg", "bboxes": [0.539290780141844, 0.41356973995271873, 0.9423640661938534, 0.8036406619385343], "class": 2}