{"image": "f3f91414-1aaf-11ef-bdc8-bd5cfcf36af4.jpg", "bboxes": [0.4215130023640662, 0.406903073286052, 0.8245862884160755, 0.7969739952718676], "class": 2}