{"image": "f3f91414-1aaf-11ef-bdc8-bd5cfcf36af4.jpg", "bboxes": [0.35096926713947996, 0.2252482269503545, 0.7540425531914894, 0.6153191489361702], "class": 2}