{"image": "f3f91414-1aaf-11ef-bdc8-bd5cfcf36af4.jpg", "bboxes": [0.0998581560283689, 0.19635933806146566, 0.5029314420803783, 0.5864302600472813], "class": 2}