{"image": "f3f91414-1aaf-11ef-bdc8-bd5cfcf36af4.jpg", "bboxes": [0.3020803782505911, 0.18080378250591012, 0.7051536643026005, 0.5708747044917257], "class": 2}