{"image": "f3f91414-1aaf-11ef-bdc8-bd5cfcf36af4.jpg", "bboxes": [0.4126241134751773, 0.20080378250591013, 0.8156973995271867, 0.5908747044917257], "class": 2}