{"image": "f3f91414-1aaf-11ef-bdc8-bd5cfcf36af4.jpg", "bboxes": [0.013191489361702224, 0.4224586288416076, 0.41626477541371165, 0.8125295508274232], "class": 2}