{"image": "f3f91414-1aaf-11ef-bdc8-bd5cfcf36af4.jpg", "bboxes": [0.30652482269503556, 0.4335697399527187, 0.7095981087470449, 0.8236406619385344], "class": 2}