{"image": "f3f91414-1aaf-11ef-bdc8-bd5cfcf36af4.jpg", "bboxes": [0.3043026004728133, 0.19635933806146566, 0.7073758865248228, 0.5864302600472813], "class": 2}