{"image": "f3f91414-1aaf-11ef-bdc8-bd5cfcf36af4.jpg", "bboxes": [0.2504018912529551, 0.2119148936170212, 0.6534751773049644, 0.6019858156028368], "class": 2}