{"image": "f448e830-1aaf-11ef-8df9-bd5cfcf36af4.jpg", "bboxes": [0.21456264775413716, 0.4538534278959811, 0.5585342789598109, 0.8143735224586289], "class": 2}