{"image": "f448e830-1aaf-11ef-8df9-bd5cfcf36af4.jpg", "bboxes": [0.490354609929078, 0.17007092198581553, 0.8343262411347517, 0.5305910165484633], "class": 2}