{"image": "f448e830-1aaf-11ef-8df9-bd5cfcf36af4.jpg", "bboxes": [0.5947990543735224, 0.15451536643025995, 0.9387706855791962, 0.5150354609929078], "class": 2}