{"image": "f448e830-1aaf-11ef-8df9-bd5cfcf36af4.jpg", "bboxes": [0.26345153664302606, 0.1678486997635933, 0.6074231678486998, 0.5283687943262412], "class": 2}