{"image": "f448e830-1aaf-11ef-8df9-bd5cfcf36af4.jpg", "bboxes": [0.0, 0.4405200945626478, 0.3429787234042553, 0.8010401891252955], "class": 2}