{"image": "f448e830-1aaf-11ef-8df9-bd5cfcf36af4.jpg", "bboxes": [0.343451536643026, 0.44718676122931444, 0.6874231678486997, 0.8077068557919622], "class": 2}