{"image": "f448e830-1aaf-11ef-8df9-bd5cfcf36af4.jpg", "bboxes": [0.0, 0.18340425531914883, 0.33408983451536645, 0.5439243498817967], "class": 2}