{"image": "f448e830-1aaf-11ef-8df9-bd5cfcf36af4.jpg", "bboxes": [0.6170212765957447, 0.4738534278959811, 0.9609929078014184, 0.8343735224586288], "class": 2}