{"image": "f448e830-1aaf-11ef-8df9-bd5cfcf36af4.jpg", "bboxes": [0.1278959810874705, 0.46940898345153664, 0.4718676122931442, 0.8299290780141845], "class": 2}