{"image": "f448e830-1aaf-11ef-8df9-bd5cfcf36af4.jpg", "bboxes": [0.29924349881796697, 0.4649645390070922, 0.6432151300236406, 0.82548463356974], "class": 2}