{"image": "f448e830-1aaf-11ef-8df9-bd5cfcf36af4.jpg", "bboxes": [0.2790070921985816, 0.5005200945626478, 0.6229787234042553, 0.8610401891252956], "class": 2}