{"image": "f448e830-1aaf-11ef-8df9-bd5cfcf36af4.jpg", "bboxes": [0.22567375886524826, 0.5049645390070923, 0.569645390070922, 0.86548463356974], "class": 2}