{"image": "f448e830-1aaf-11ef-8df9-bd5cfcf36af4.jpg", "bboxes": [0.6947990543735225, 0.4960756501182033, 1.0, 0.8565957446808511], "class": 2}