{"image": "f448e830-1aaf-11ef-8df9-bd5cfcf36af4.jpg", "bboxes": [0.3636879432624114, 0.17895981087470447, 0.7076595744680851, 0.5394799054373522], "class": 2}