{"image": "f448e830-1aaf-11ef-8df9-bd5cfcf36af4.jpg", "bboxes": [0.00345153664302605, 0.46274231678487, 0.34742316784869975, 0.8232624113475178], "class": 2}