{"image": "f448e830-1aaf-11ef-8df9-bd5cfcf36af4.jpg", "bboxes": [0.550354609929078, 0.48940898345153666, 0.8943262411347517, 0.8499290780141845], "class": 2}