{"image": "f448e830-1aaf-11ef-8df9-bd5cfcf36af4.jpg", "bboxes": [0.11678486997635938, 0.16562647754137116, 0.4607565011820331, 0.5261465721040188], "class": 2}