{"image": "f448e830-1aaf-11ef-8df9-bd5cfcf36af4.jpg", "bboxes": [0.025673758865248274, 0.1434042553191489, 0.36964539007092195, 0.5039243498817967], "class": 2}