{"image": "f448e830-1aaf-11ef-8df9-bd5cfcf36af4.jpg", "bboxes": [0.490354609929078, 0.4449645390070922, 0.8343262411347517, 0.80548463356974], "class": 2}