{"image": "f448e830-1aaf-11ef-8df9-bd5cfcf36af4.jpg", "bboxes": [0.18122931442080384, 0.45163120567375886, 0.5252009456264776, 0.8121513002364067], "class": 2}