{"image": "f448e830-1aaf-11ef-8df9-bd5cfcf36af4.jpg", "bboxes": [0.4992434988179669, 0.1678486997635933, 0.8432151300236406, 0.5283687943262412], "class": 2}