{"image": "f448e830-1aaf-11ef-8df9-bd5cfcf36af4.jpg", "bboxes": [0.31702127659574464, 0.13451536643025996, 0.6609929078014184, 0.49503546099290774], "class": 2}