{"image": "f448e830-1aaf-11ef-8df9-bd5cfcf36af4.jpg", "bboxes": [0.1190070921985816, 0.4871867612293144, 0.46297872340425533, 0.8477068557919623], "class": 2}