{"image": "f448e830-1aaf-11ef-8df9-bd5cfcf36af4.jpg", "bboxes": [0.5814657210401891, 0.19895981087470446, 0.9254373522458629, 0.5594799054373523], "class": 2}