{"image": "f448e830-1aaf-11ef-8df9-bd5cfcf36af4.jpg", "bboxes": [0.5992434988179669, 0.48496453900709224, 0.9432151300236407, 0.84548463356974], "class": 2}