{"image": "f448e830-1aaf-11ef-8df9-bd5cfcf36af4.jpg", "bboxes": [0.10122931442080382, 0.44718676122931444, 0.44520094562647755, 0.8077068557919622], "class": 2}