{"image": "f448e830-1aaf-11ef-8df9-bd5cfcf36af4.jpg", "bboxes": [0.48813238770685585, 0.17229314420803776, 0.8321040189125295, 0.5328132387706855], "class": 2}