{"image": "f448e830-1aaf-11ef-8df9-bd5cfcf36af4.jpg", "bboxes": [0.343451536643026, 0.46718676122931446, 0.6874231678486997, 0.8277068557919622], "class": 2}