{"image": "f448e830-1aaf-11ef-8df9-bd5cfcf36af4.jpg", "bboxes": [0.43924349881796687, 0.17451536643026, 0.7832151300236406, 0.5350354609929078], "class": 2}