{"image": "f448e830-1aaf-11ef-8df9-bd5cfcf36af4.jpg", "bboxes": [0.04567375886524827, 0.1434042553191489, 0.38964539007092197, 0.5039243498817967], "class": 2}