{"image": "f448e830-1aaf-11ef-8df9-bd5cfcf36af4.jpg", "bboxes": [0.4525768321513003, 0.44718676122931444, 0.7965484633569739, 0.8077068557919622], "class": 2}