{"image": "f448e830-1aaf-11ef-8df9-bd5cfcf36af4.jpg", "bboxes": [0.343451536643026, 0.13451536643025996, 0.6874231678486997, 0.49503546099290774], "class": 2}