{"image": "f448e830-1aaf-11ef-8df9-bd5cfcf36af4.jpg", "bboxes": [0.4014657210401892, 0.48274231678487, 0.7454373522458628, 0.8432624113475178], "class": 2}