{"image": "f448e830-1aaf-11ef-8df9-bd5cfcf36af4.jpg", "bboxes": [0.45035460992907805, 0.20118203309692662, 0.7943262411347517, 0.5617021276595744], "class": 2}