{"image": "f448e830-1aaf-11ef-8df9-bd5cfcf36af4.jpg", "bboxes": [0.0990070921985816, 0.1367375886524822, 0.4429787234042553, 0.49725768321513], "class": 2}