{"image": "f448e830-1aaf-11ef-8df9-bd5cfcf36af4.jpg", "bboxes": [0.6570212765957447, 0.49829787234042555, 1.0, 0.8588179669030733], "class": 2}