{"image": "f448e830-1aaf-11ef-8df9-bd5cfcf36af4.jpg", "bboxes": [0.3256737588652483, 0.1811820330969267, 0.6696453900709219, 0.5417021276595744], "class": 2}