{"image": "f448e830-1aaf-11ef-8df9-bd5cfcf36af4.jpg", "bboxes": [0.5481323877068558, 0.15451536643025998, 0.8921040189125296, 0.5150354609929078], "class": 2}