{"image": "f448e830-1aaf-11ef-8df9-bd5cfcf36af4.jpg", "bboxes": [0.370354609929078, 0.14784869976359338, 0.7143262411347517, 0.5083687943262412], "class": 2}