{"image": "f448e830-1aaf-11ef-8df9-bd5cfcf36af4.jpg", "bboxes": [0.48146572104018914, 0.45829787234042557, 0.8254373522458628, 0.8188179669030733], "class": 2}