{"image": "f448e830-1aaf-11ef-8df9-bd5cfcf36af4.jpg", "bboxes": [0.4481323877068558, 0.48940898345153666, 0.7921040189125295, 0.8499290780141845], "class": 2}