{"image": "f448e830-1aaf-11ef-8df9-bd5cfcf36af4.jpg", "bboxes": [0.13234042553191494, 0.4738534278959811, 0.47631205673758864, 0.8343735224586288], "class": 2}