{"image": "f448e830-1aaf-11ef-8df9-bd5cfcf36af4.jpg", "bboxes": [0.07456264775413717, 0.4494089834515367, 0.4185342789598109, 0.8099290780141845], "class": 2}