{"image": "f448e830-1aaf-11ef-8df9-bd5cfcf36af4.jpg", "bboxes": [0.4281323877068558, 0.49829787234042555, 0.7721040189125296, 0.8588179669030733], "class": 2}